:020000041000EA
:10000000002008205B0100101B0100101D010010E2
:100010001101001011010010110100101101001058
:100020001901001019010010190100101F01001022
:10003000110100101901001021010010230100100E
:100040001101001011010010110100101101001028
:100050001101001011010010110100101101001018
:100060001101001011010010110100101101001008
:1000700011010010110100101101001011010010F8
:1000800011010010110100101101001011010010E8
:1000900011010010110100101101001011010010D8
:1000A00011010010110100101101001011010010C8
:1000B00011010010110100101101001011010010B8
:1000C00011010010110100101101001011010010A8
:1000D0001101001011010010110100101101001098
:1000E0001101001011010010110100101101001088
:1000F0001101001011010010110100101101001078
:100100001101001011010010110100101101001067
:10011000EFF30580103800BE00BE00BE00BE00BE7A
:1001200000BE00BEF2EB887108E6001028E6001061
:100130009C01001090A31AE7D3DEFFFF42012110BB
:10014000FF010000D0030100793512AB00201E49E9
:10015000086006C881F3088810474FF050400068D7
:1001600008B10020F3E70DA40ECC002902D000F066
:1001700012F8F9E71549164A002000E001C1914242
:10018000FCD114498847144988471449884700BE60
:10019000FDE701C901C29A42FBD3704728E600106F
:1001A00010010020F01F00200805011000000820A9
:1001B0000000082008050110001008200010082089
:1001C000000000007047000008ED00E0F01F002074
:1001D000282C0020ED3C0010E1010010E53C00104F
:1001E0002DE9F04FD9B003F0A1FE4FF4FA6001F011
:1001F000ABFCAB4803F0DEFE01200CF04BFE002808
:1002000062DBA84803F0D6FE0E2000F051FE4FF04E
:1002100001040E2344EC443044EC40300F2000F045
:1002200047FE0F2344EC44304FF0000545EC4030CE
:10023000082000F03DFE082445EC44400022012146
:10024000204600F021FE9849984806F06FF90321F6
:10025000042000F0FBFD0321052000F0F7FD002243
:100260000121042000F010FE00220121052000F0F1
:100270000BFE8E4915A800F087FD1BA815A900F0FC
:1002800085FD1BA800F0BEF938B9894803F092FE3D
:100290004FF47A7001F058FCFAE7864803F08AFEC2
:1002A0003AA91BA800F0E8F9B0B1834803F082FE38
:1002B0001BA800F0C9FBB8B9804803F07BFE4FF4DF
:1002C0007A7001F041FCFAE77D4803F073FE4FF4C9
:1002D0007A7001F039FCFAE77A4803F06BFE4FF4CC
:1002E0007A7001F031FCFAE7774803F063FE1BA84F
:1002F00000F0BAFB70B1754803F05CFE1BA800F07B
:10030000CBFB78B9724803F055FE4FF47A7001F0D8
:100310001BFCFAE76F4803F04DFE4FF47A7001F0D2
:1003200013FCFAE76C4803F045FE1BA800F064FCE0
:1003300038B96A4803F03EFE4FF47A7001F004FCCD
:10034000FAE7674803F036FE1BA800F06BFC38B9EB
:10035000644803F02FFE4FF47A7001F0F5FBFAE7E2
:10036000614803F027FE002321466048169303F0FE
:10037000A1FE00231D469A460DF1580B4FF0504246
:10038000526882F48074D205C4F300241AD4CBB925
:1003900095F0010540F0C180BAF1000F40F0F08007
:1003A000534803F007FE534926A800F037FD002804
:1003B00040F0EB80504803F0FDFD4FF0000A0F23A2
:1003C00045EC4030002D53D019A91BA800F030F99E
:1003D000002852D01A983AA900F020FA804689469F
:1003E00019983AA900F05CFA06460F461BA81EA908
:1003F00000F062FB002849D02CA91EA800F090FB59
:1004000017A91BA800F02CFC00287DD017A826A94E
:1004100000F03AFC42464B46DDE92A89CDE9006707
:10042000CDE91289DDE928893448CDE91089DDE973
:100430002689CDE90E89DDE93889CDE90C89DDE928
:100440003689CDE90A89DDE93489CDE90889DDE914
:100450003089CDE90689DDE92E89CDE90489DDE918
:100460002C89CDE9028903F025FEBAF1000F5FD196
:10047000322001F069FB234680E7214803F09AFD12
:100480004FF47A7001F060FB234677E71D4803F0D4
:1004900091FD4FF47A7001F057FB23466EE700BFE1
:1004A000F0D9001030DA0010801A0600581A002027
:1004B0004CDA001080DA0010D0DA0010F4DA001004
:1004C0000CDA0010A0DA001024DB001074DB00103E
:1004D00094DB001040DB0010B4DB0010C8DB001020
:1004E000FCDB00101CDC00103CDC001054DC0010B5
:1004F000F8DC0010B0DC001090DD0010F0DD001022
:10050000B4DD0010C8DD0010364803F053FD4FF491
:100510007A7001F019FB234630E75846324900F063
:1005200043FC8246002855D0304803F043FD46E79F
:1005300001F012FC4FF47A7200294FD000230DF025
:100540000FFA034639463046229301F06DFF23909F
:10055000DDE9300101F068FF40F20113ADF894309D
:100560000023249022A9DBF800008DF8963000F0DB
:1005700033FC00287FF47CAF1D4803F01BFD77E7B8
:10058000DBF8000000F040FC0AE71A4803F012FD17
:10059000002611E02E980DF0E7F902460B462D9843
:1005A000CDE902230DF0E0F92C9ACDE900013146A6
:1005B000114803F07FFD013626982CA900F018FCA5
:1005C0000028E7D131460D4803F074FD269800F06D
:1005D0001BFCF2E60A4803F0EDFCEEE6B0FBF2F39A
:1005E000B0E700BFDCDD0010B0DC00108CDC0010D8
:1005F00080DE001020DD001048DD001070DD0010EE
:10060000C0DC001030B50125002285B004687721D8
:100610000DF10F0300958DF80F20A04730B19DF824
:100620000F00A0F15000B0FA80F0400905B030BDD5
:1006300070B5062684B00C4605680422772102AB0B
:100640000096A847A8B19DF80A209DF80910120449
:1006500042EA01229DF808109DF80D300A439DF8EA
:100660000C101B0443EA01239DF80B1022600B437E
:10067000636004B070BD00BF2DE9F04F152691B046
:1006800005680C46312277210AAB0096A84705463B
:10069000002800F0A9809DF93230BDF83320BDF864
:1006A00035109DF93760049309929DF93830BDF9F2
:1006B000392008919DF93B10BDF828000596069356
:1006C0000392079101F0D0FE0022494B01F03AFE5F
:1006D000BDF82AB0C4E90001584601F0C5FE002269
:1006E000444B01F02FFE9DF92CA0C4E902015046B5
:1006F00001F0A8FE0022404B01F024FEBDF92D9030
:10070000C4E90401A9F5804001F09CFE00223B4BA6
:1007100001F018FEBDF92F80C4E90601A8F580405C
:1007200001F090FE0022364B01F00CFE9DF9317075
:10073000C4E90801384601F085FE0022314B01F082
:1007400001FEC4E90A01049801F07CFE00222E4B50
:1007500001F0F8FDC4E90C01099801F085FE0022C2
:100760002A4B01F0EFFD9DF93C60C4E90E010898A9
:1007700001F07AFE0022264B01F0E4FDC4E91001ED
:10078000059801F05FFE0022224B01F0DBFDC4E979
:100790001201069801F056FE00224FF07C5301F042
:1007A000D1FDC4E91401039801F04CFE0022124B64
:1007B00001F0C8FDC4E91601079801F043FE0022CC
:1007C0000D4B01F0BFFD02460B463046C4E918232D
:1007D00001F038FE0022104B01F0B4FD002200238E
:1007E000C4E91A01C4E91C23284611B0BDE8F08F02
:1007F000000070400000103E0000F03C0000B03EE1
:100800000000203E0000F03D0000A03D0000204020
:100810000000903F0000703F0000E03BD0B50C4668
:1008200001F022FED4E9002301F078FD02460B46D8
:1008300006460F4601F086FDD4E9042301F082FD4F
:1008400002460B463046394616461F46D4E9022377
:1008500001F078FD02460B463046394601F04AFD6C
:1008600000220D4B06460F4601F046FE68B90022F5
:1008700030463946094B01F07BFE08B10026074F90
:10088000C4E91C6730463946D0BD0026024F3046C9
:10089000C4E91C673946D0BD000044C00040554043
:1008A0002DE9D04FD1E91C6788B00C46804632460E
:1008B0003B463046394601F045FD82468B4652465E
:1008C0005B463046394601F03DFD02460B46404648
:1008D000CDE9022301F0C8FD02460B46CDE9002315
:1008E00001F030FDD4E90823CDE904013046394652
:1008F00001F028FDD4E9062301F0FCFCD4E90A2329
:10090000804689465046594601F01CFD02460B467A
:100910004046494601F0EEFCD4E90C238046894666
:10092000DDE9020101F00EFD02460B464046494654
:1009300001F0E0FCDDE9002301F004FDD4E910231F
:10094000CDE906013046394601F0FCFCD4E90E231E
:1009500001F0D0FCD4E9122380468946504659461E
:1009600001F0F0FC02460B464046494601F0C2FC4D
:10097000D4E9142380468946DDE9020101F0E2FC56
:1009800002460B464046494601F0B4FC02460B467F
:10099000DDE9060101F0AEFC02460B463046394661
:1009A00016461F46D4E9182301F0CCFCD4E91623DF
:1009B00001F0A0FCDDE904AB52465B4601F0C2FC4D
:1009C000524680468946DDE900015B4601F0BAFCEB
:1009D000D4E91A2301F0B6FC02460B4640464946CC
:1009E00001F088FC02460B463046394601F082FC95
:1009F00011A3D3E9002306460F4601F07DFD60B93F
:100A00000FA3D3E900233046394601F0B1FD50B9B8
:100A10003046394608B0BDE8D08F07A1D1E90001C2
:100A200008B0BDE8D08F06A1D1E9000108B0BDE84B
:100A3000D08F00BFAFF3008000000000004CDD400D
:100A4000000000008084FE4030B501254FF0330CDB
:100A500085B044681B2277210DF10F0300958DF8B6
:100A60000FC0A04705B030BD30B501254FF0000CD8
:100A700085B00468752268210DF10F0300958DF88B
:100A80000FC0A04730B19DF80F00A0F17200B0FA7E
:100A900080F0400905B030BD30B501254FF0000CA5
:100AA00085B044686B2268210DF10F0300958DF825
:100AB0000FC0A04705B030BD70B50E2686B00C46FD
:100AC00005683B22682102AB0096A84728B30023A3
:100AD000BDF81010BDF8085049BA21811946BDF87B
:100AE0000CC0BDF80AE0BDF80E206DBA9CFA9CFC63
:100AF0009EFA9EFE65F30F0352BA6EF31F436CF32A
:100B00000F0162F31F412360BDF81220BDF81430BD
:100B100052BA5BBA61606281A38106B070BD00BF4A
:100B200038B50546B0F900000C4601F08BFC0022F8
:100B30002F4B01F007FC02460B46B5F90200C4E951
:100B4000002301F07FFC0022294B01F0FBFB024651
:100B50000B46B5F90400C4E9022301F073FC00223E
:100B6000234B01F0EFFB02460B46B5F90600C4E942
:100B7000042301F067FC00221E4B01F007FC18A3C0
:100B8000D3E9002301F0B6FB02460B46B5F9080095
:100B9000C4E9062301F056FC13A3D3E9002301F0B6
:100BA000F5FB02460B46B5F90A00C4E9082301F03B
:100BB00049FC0DA3D3E9002301F0E8FB02460B46F4
:100BC000B5F90C00C4E90A2301F03CFC06A3D3E903
:100BD000002301F0DBFBC4E90C0138BDAFF300805A
:100BE000A4703D0AD743424000000000006060400E
:100BF0000000103F0040754030B50125002285B04F
:100C0000046853210DF10F0300958DF80F20A047C4
:100C100030B19DF80F00A0F1E500B0FA80F0400976
:100C200005B030BD70B501254FF00B0C84B00095B8
:100C30003122532146680DF10E0304468DF80EC093
:100C4000B04758B14FF0080C66682D22532120465A
:100C500000950DF10F038DF80FC0B04704B070BDC3
:100C600070B5062684B00C4605683222532102ABCB
:100C70000096A84720B1029ABDF80C302260A380EC
:100C800004B070BD0000000038B50546B0F90000A2
:100C90000C4601F0D7FB12A3D3E9002301F052FB6D
:100CA00002460B46B5F90200C4E9002301F0CAFB75
:100CB0000BA3D3E9002301F045FB02460B46B5F92F
:100CC0000400C4E9022301F0BDFB05A3D3E900231E
:100CD00001F038FBC4E9040138BD00BFAFF3008068
:100CE0004A0C022B8716A93F2DE9F04383B002AFCF
:100CF0003C6A0D4604F1080C2CF0070CADEB0C0D12
:100D0000D0F80890661C8DF808200DF108082CB169
:100D1000194622460DF109000CF042FE0024D9F8D4
:100D20000000334642462946009405F025FC301A5F
:100D3000B0FA80F004374009BD46BDE8F08300BF3B
:100D4000F0B501251446876885B038681E460DF158
:100D50000F022B4600958DF80F400C4605F00CFC59
:100D6000A84202D0002005B0F0BD002538680A9BDB
:100D700032462146009505F007FC0A9B181AB0FA86
:100D800080F0400905B0F0BD0160704710B4044C1C
:100D9000044A8160C0E900425DF8044B704700BF1F
:100DA000410D0010E90C00100A4638B54FF481716E
:100DB000054610460CF07EF8041E0BDB042001F003
:100DC000E7FB034618B101201C602B6038BD2046AC
:100DD0000CF08AF8002038BD102208B500680CF02D
:100DE0008DF8A0F11000B0FA80F0400908BD00BFF6
:100DF000102208B500680CF083F8A0F11000B0FADA
:100E000080F0400908BD00BF10B5044600680CF032
:100E10006BF82046BDE8104001F0CCBB0A4638B55F
:100E20000121054610460CF045F8041E0BDB04209A
:100E300001F0AEFB034618B101201C602B6038BDE9
:100E400020460CF051F8002038BD00BF10B44FF41C
:100E500080740C4B53F8202003EB8003C00082F019
:100E6000400200F1804003F5805C02F0C00200F512
:100E7000203003F54053CCF8002041601C605DF841
:100E8000044B70470480034010B4084CC90041EA89
:100E9000820154F8202004EB8003514003F5805375
:100EA00001F00C015DF8044B1960704704800340A9
:100EB00030B44FF0000343EC440043EC4000052500
:100EC0004FF480740B4BC20053F8201003EB8000EA
:100ED00081F0400102F1804303F5203301F0C002AC
:100EE00000F5805100F540500A605D60046030BC40
:100EF000704700BF048003400FB400B583B0049C6A
:100F0000074803F057F83CB105A92046019102F0CB
:100F1000B7FE044803F04EF8012002F0C9FE00BFFE
:100F200094DE00107CDE001070B58646EFF310856D
:100F300072B6124CD4E8CF6F0120002EFAD1C4E86B
:100F4000460F002EF6D1BFF35F8F4FF0010CC8089B
:100F500001F007030CFA03F31EF800C01CEA0306B5
:100F600008D14CEA030C0EF800C0C4E88F6F85F37B
:100F7000108870BD1046FFF7BFFF00BF132500208B
:100F8000F8B5EFF3108772B61C4ED6E8CF5F012498
:100F9000002DFAD1C6E8454F002DF6D1BFF35F8F83
:100FA0009A421BD8012502E00132934222D3D40891
:100FB00010F804E002F0070C05FA0CFC1EEA0C0F16
:100FC000F2D14EEA0C0E00F804E010460023C6E809
:100FD0008F3F87F31088984207DBF8BD0023C6E8EF
:100FE0008F3F87F310884FF0FF300029F5D0069827
:100FF000FFF782FF4FF0FF30E8E700BF1325002026
:10100000044A1078431CDBB2182B28BF102313703E
:10101000704700BF9019002010B5054C82B0014602
:101020001F23182200940348FFF7AAFF02B010BD47
:10103000A4DE0010582700204FF0E022936843F010
:1010400000539360704700BF0021044B03F120025E
:10105000C3E88F1F01339342FAD17047082500205F
:101060004FF0E0234FF08032C3F80024C3F804248B
:10107000C3F80824C3F80C24C3F81024C3F81424BC
:10108000C3F81824C3F81C24C3F82024C3F824246C
:10109000C3F82824C3F82C24C3F8302462B6704760
:1010A000012300F01F029340400941B1800000F18C
:1010B000604000F56140C0F8803103607047024A2B
:1010C000203042F82030704700E100E00123064A5A
:1010D000410952F8212000F01F0003FA00F01040EF
:1010E000003818BF0120704700E100E001224309E9
:1010F000034900F01F008240403341F8232070472D
:1011000000E100E0054A10309268054B52F82000DB
:10111000C01A47288CBF00200120704700ED00E076
:101120009419002010B5EFF3108C72B6114BD3E870
:10113000CF4F0122002CFAD1C3E8442F002CF6D166
:10114000BFF35F8F0C4A103092680C4C52F820208D
:10115000A24201D091420BD1074A926842F8201076
:10116000BFF35F8F0022C3E88F2F8CF3108810BD70
:1011700000F08CFF1125002000ED00E011010010AF
:101180002DE9F04F0B4683B0EFF3108A72B6DFF80B
:10119000A891D9E8CF4F0121002CFAD1C9E8441F0A
:1011A000002CF6D1BFF35F8F5D4991F90080B8F153
:1011B000000FC0F2B3805B4C08EB480704EB8705D7
:1011C000AE7910300E7058494FEA4806896800968B
:1011D00051F82010BF000E1B472E34D821F0010E0D
:1011E0009EF80760964209D871E00CEB4C0604EBC0
:1011F000860696F807B093454ED9B6469EF906C0C6
:10120000BCF1000FF1DA4BF601560EF1040B043D70
:10121000A5EB0B05C5F34A056FEAC545009F6FEACC
:10122000D5454744BB468EF80680DFF8088104EBBD
:101230008707AEF8045044F82B80BE8087F806C0BC
:10124000FA71BB601AE0394EB14267D1AB60384BDE
:10125000EA71BA1C2244043B9B1AC3F34A036FEAA7
:10126000C3434FF421426FEAD343E2536B80FF2222
:101270004BF60153AA71AB8045F001012A4B9B68E4
:1012800043F82010BFF35F8F0023C9E88F3F8AF334
:10129000108803B0BDE8F08FF3463BF8046F760585
:1012A0000FD4761502360BEB460601966FF0070653
:1012B000F61B019F361B3E44C6F34A0646F46046C1
:1012C000A5E706F5FF1606F5FF561F36E9E7AB6002
:1012D0006FF00703EA714FF42142DB1B1B1B7344C1
:1012E000C3F34A06124BE25302372744043BDB1B8D
:1012F000A2F54142C3F34A0313433243AA800D4A85
:101300006B804AF6AA2173461B1B5B415943090DAA
:10131000A971CEF8002045F00101AFE700F0B6FE5C
:10132000212C00209419002000ED00E01101001094
:10133000DC1900200148804711250020F0B5EFF3AB
:101340000585EDB2EFF3108C72B62C49D1E8CF2FA2
:101350000123002AFAD1C1E8423F002AF6D1BFF3A7
:101360005F8F274E40F0010EB4684AF6AA2354F866
:101370002570244A0446A41A644163431B0D774533
:101380005BB223D092F906409C4224D092F91240DD
:101390009C422BD092F91E409C4229D092F92A40BF
:1013A0009C4227D092F936409C4225D092F9424087
:1013B0009C4208BF05240FD0134A002415781370EF
:1013C0008571C1E88F4F8CF31088F0BDB2680F4C67
:1013D00042F82540F0E7002404EB440402EB8402C9
:1013E000FF2494714BF601549480E5E70124F3E760
:1013F0000224F1E70324EFE70424EDE711250020A0
:1014000000ED00E094190020212C002011010010B3
:1014100010B5074C82B00146052300220094054810
:10142000FFF7AEFD0028A8BFC0F1330002B010BD29
:10143000C0DE0010262C0020014B0B4403607047D7
:101440000825002070B5104C104DAC420ED2FF267E
:10145000236863B1FFF7D4FD01462046FFF7ECFF98
:10146000A680BFF35F8F0834AC42F1D370BDFFF7A5
:10147000C7FD01462046FFF7DFFF2671BFF35F8FF0
:101480000834AC42E4D370BDE81F0020F01F0020F8
:1014900010B50446FFF7B4FD01462046FFF7CCFF28
:1014A000FF232371BFF35F8F10BD00BF10B504464B
:1014B0000120FFF7B1FD034B03442360BFF35F8FAF
:1014C00010BD00BF08250020024B0B440360BFF392
:1014D0005F8F70470825002010490B68EFF31080DC
:1014E00072B6D3E8CFCF0122BCF1000FF9D1C3E827
:1014F0004C2FBCF1000FF4D1BFF35F8F084A4FF0BF
:10150000000C137809680133DBB21370C1E88FCF88
:1015100080F3108840BF002000217047002C00207D
:10152000232C0020000000002DE9F04F2DED028B50
:1015300085B0EFF30583DBB2103B9A0818BF012298
:101540004FF0010103F0030B18BFAF4DAF4B08BFC5
:10155000AF4D0BEB820253F8226001FA0BF205F556
:1015600041539FEDA78B01925A602FE0B3881C0472
:1015700040F19380B379002B40F0DD80B6F908206C
:10158000002AC0F21E81736902EB420203EBC20320
:10159000D3E90247B7F1FF3F08BFB4F1FF3F0ED0D8
:1015A00005EB8B01AB6A0A69D21AE31A934205D3A1
:1015B00001232A6A03FA0BF3134200D10C61284677
:1015C00000F0C2FBA042B941C0F2FB80B6F908307E
:1015D000019A002B0093EA63C8DBD6F8148003EB72
:1015E0004309284608EBC907D7E9024A00F0ACFBDB
:1015F000A04271EB0A01B9DBBAF1000FC0F2C3805F
:10160000D7E90431834A934200F0ED807A88B6F935
:10161000080092B242EA0040984702460B4652EA5E
:10162000030100F0B080002B80F2D180B4EB020EF9
:101630006AEB030A38F93930C7E902EA002B95DB77
:10164000716903EB430201EBC202D2E90270BE45AD
:101650007AEB000C4FEA430288DBB4462CF8083FD3
:1016600006E003EB430001EBC0005A00D0E9027032
:10167000BE451A447AEB000001EBC20404DB31F9E9
:101680003230A446002BECDA28F83930009BACF855
:101690000030B3881C043FF56DAF3369EFF310825F
:1016A00072B6D3E8CF0F01210028FAD1C3E8401F5A
:1016B0000028F6D1BFF35F8F4FF6FF74B088002388
:1016C000316900B2B480C1E88F3F82F3108898423C
:1016D000FFF650AF0746A946746906F1080807EB04
:1016E000470E04EBCE03D3E90250B6F90830C446E6
:1016F000002B13DBB246009704E034F936309446F1
:10170000002B09DB03EB430604EBC602D2E90271AE
:10171000BD4270EB0101F0DA5646009FACF8007054
:1017200034F93E7024F83E30002FD8DAB3794D46B4
:10173000002B3FF423AF0023B371B6F9083006F154
:101740000808581C3DD01A46776903E08046591CAA
:101750003FF416AF03EB430107EBC100B0F802C042
:101760001C461CF4004F9E4637F93130EED09442AF
:1017700080ED028B05D0A8F80030328927F831209F
:1017800034817246E3E738F8393033813369EFF357
:10179000108272B6D3E8CF0F01210028FAD1C3E836
:1017A000401F0028F6D1BFF35F8F7388316928F896
:1017B0003930009B73800023C1E88F3F82F310888B
:1017C000D4E640BF05B0BDEC028BBDE8F08F2846E3
:1017D000CDE9022300F0B8FA029A039B10EB020E47
:1017E00043EB010A26E708460B6902919847002857
:1017F000C9D00299D1E9002311E700BFAFF30080FF
:10180000FFFFFFFFFFFFFFFF00800B40D42B0020F6
:1018100000000B40291500102DE9F84F364C2569C2
:101820002DB1BDE8F84F0A213448FFF705BEDFF8B7
:10183000E4800321404600F075FA0326C4F80C80CA
:10184000FFF7DEFB4FF0504C2D4B26700344236115
:10185000DCF800300F216370636961801D834FF0F5
:101860000405A3F878504FF00505A3F890504FF009
:101870000605A3F8A8504FF007050E214FF6FF729A
:1018800008274FF00A0EA3F8C0504FF001094FF09F
:101890000C0C4FF0020B4FF0090A0D204FF00B0516
:1018A000A3F868111749A280A3F808E1A160A3F882
:1018B00048B0A3F8F0A0A3F82051A3F838C1A3F8CA
:1018C0005001A3F83090A3F86060A3F8D8701A8094
:1018D0000D4B3046C8F820700C49DC60FFF722FC45
:1018E00049463046FFF7DCFB094B0A211F640348D9
:1018F000BDE8F84FFFF7A0BD001A0020002C002023
:1019000008250020FFFF1000D42B0020291500100F
:1019100000200B4000000B4000487047001A0020D8
:10192000F8B59DF82050044617461E4635B900F01C
:1019300013FA874266EB010100295CDB2169EFF3B2
:10194000108372B6D1E8CF0F01220028FAD1C1E886
:10195000402F0028F6D1BFF35F8FB4F902206569EC
:1019600002EB4201002A4FEAC10C206905EBC101DC
:1019700039DB35F80CE0A4F802E04FF0000EC0E8C7
:101980008FEF83F310884888069B0130C0F30E0068
:10199000012838BF01200B61079B48804B61C1E9DA
:1019A000027640EA02402369EFF3108172B6D3E871
:1019B000CF7F0126002FFAD1C3E8476F002FF6D161
:1019C000BFF35F8FA38825F80C30A2802369C3E89A
:1019D0008FEF81F310880122E368217803F501532A
:1019E0008A405A60F8BD0022C0E88F2F83F3108828
:1019F0004FF0FF30F8BD2846F8BD00BF0146F0B5F6
:101A00000069EFF3108772B6D0E8CF5F0124002D94
:101A1000FAD1C0E8454F002DF6D1BFF35F8FB1F981
:101A200002E04C690EEB4E0CBEF1000F4FEACC0504
:101A3000086904EBCC0C3CDB665B4E800026C0E8FA
:101A40008F6F87F31088BCF80200CCE902230130C5
:101A5000C0F30E00012838BF0120059BACF802003E
:101A6000CCF81030069B40EA0E40CCF814300B69DD
:101A7000EFF3108272B6D3E8CFCF0127BCF1000F8D
:101A8000F9D1C3E84C7FBCF1000FF4D1BFF35F8FF5
:101A90008B886353A1F804E00B69C3E88F6F82F36E
:101AA00010880122CB68097803F501538A405A60F7
:101AB000F0BD0023C0E88F3F87F310884FF0FF3060
:101AC000F0BD00BF03464089B0EB214F37DD5869B8
:101AD0000A1402EB420210B500EBC2001C69EFF3DE
:101AE000108C72B6D4E8CFEF0122BEF1000FF9D10D
:101AF000C4E84E2FBEF1000FF4D1BFF35F8F4288D0
:101B000089B292B28A4207D000221B69C3E88F2FA4
:101B10008CF31088002010BD42F400424280012165
:101B2000002218699971C0E88F2F8CF310881C78F7
:101B3000DA68084602F50153A140596010BD002043
:101B4000704700BF407870472DE9F04383B00646E8
:101B500000F002F94FF47A7304464FF0FF306FF053
:101B60000042E6FB0341A04272EB01033ABF044688
:101B700015460D46A61F45F1FF37B44275EB070326
:101B80003CBF0026374600F0E7F8301A67EB01014A
:101B9000012871F1000106DA2046294603B0BDE8AC
:101BA000F04300F0E3B800F0D7F8864267EB01019C
:101BB00000290ADB00211C4B324600931B483B46A0
:101BC0000191FFF71BFF0130E6D04FF0000E184ADD
:101BD000DFF864C01749536A9F4204D8906AB04244
:101BE000DAD29F42D8D1DCF80030EFF3108872B619
:101BF000D3E8CF9F0120B9F1000FF9D1C3E8490F15
:101C0000B9F1000FF4D1BFF35F8F0B78DCF800005F
:101C1000DBB2C0E88FEF88F310880878834200D1E8
:101C200020BF20BFD7E700BFD9140010001A002042
:101C300000000B40232C0020002C00202DE9F04751
:101C400005460C4682B0EFF30587FFB2002F38D16E
:101C5000304ED6E900238B4208BF824239D0DFF8EC
:101C6000C080D8F80CA098F80090504600F06CF8AE
:101C700009F104095AF829301B1A281A64EB0101EA
:101C8000984271F1000124DA00F066F8854264EBB5
:101C9000010100292DDB204B404600932A462346B4
:101CA0000197FFF7ABFE011E23DD1C4BC6E9005474
:101CB0005A6AA2422CD39B6AAB4227D31848FFF73B
:101CC00001FF164B5A6AA24208D2002002B0BDE8BA
:101CD000F08720BF114B5A6AA242F6D314BF0120ED
:101CE00000209B6AAB4228BF40F0010002B0BDE873
:101CF000F0870A4B586AA042E7D3001B18BF0120A7
:101D00009B6AAB4228BF40F00100EFE7A242D5D169
:101D100020BFD3E7F8190020D914001000000B40B1
:101D2000001A002010B4054B054C064AA04214BF0F
:101D30001846581C5DF8044BFFF7F6B85C270020E6
:101D400000800B40DCDE00100346416A0A46986AB8
:101D5000596A8A42FAD17047034B596A0A46986A0F
:101D6000596A9142FAD1704700000B40074A536A02
:101D70009942FCD8994207D1044B02E05A6A914239
:101D800002D19A6A9042F9D8704700BF00000B4018
:101D900000EB400C4FEA8C0C0CF1804C0CF5803CB5
:101DA000F0B51646DCF80420051FB2F5803F38BFB9
:101DB0004FF48032EDB238BFCCF80420012D2AD97F
:101DC0004FF40067254C0CF54052176054F8202062
:101DD000B2B9DCF80020012D82EA461202F0E002DE
:101DE0000CF5805632602AD94FF4006144F8203057
:101DF0004FF480330CF500521160CCF80430F0BD84
:101E00006769B7FBF2FE0EF1010E0EEB4E0EBEF14E
:101E1000030EFCD2DDE70129D2D103240CF5405298
:101E20001460DCF80820D207FBD5DCF800200B4C4E
:101E300082EA461202F0E0020CF58056326001227E
:101E4000DCF800504D4005F00305356002FA01F161
:101E5000DCF808200A42FBD0C6E700BF602700205C
:101E6000014B53F8200070476027002070B4039D99
:101E700004682D0345EA03451B4B002CB3FBF1F32B
:101E8000B2FBF3F61FDB194A194B904214BF4FF413
:101E900080424FF40042174C1A6003F580531A60D9
:101EA000A36832EA0303FBD1212200F54053043337
:101EB000016086601A600268002AFCDA0822C560A8
:101EC0001A6070BC7047036803F03F038B42DAD19D
:101ED0008368C3F30B03B342D5D1C36803F4EE2385
:101EE000AB42D0D1EDE700BF001BB700008005403A
:101EF000002002400000024030B44FF080441C4BF0
:101F00001C60E0B11B4CA3F54053DC611A4C40F05F
:101F1000010044401C62596298624FF080454FF0C6
:101F2000E061134B1548164C1D60846019604AB976
:101F300030BC4FF00042A3F580531A607047114B3C
:101F4000D861EAE74FF47A7303FB02F2B2F1807FC3
:101F50002ABF6FF07F4313461A464FF080410A4C68
:101F600008482360094B426030BC1960704700BFCD
:101F700000B00D40D3C007B02D3FF84F00A0014086
:101F8000F3FFFF0100800D40C42B002000A00D4096
:101F9000012300EB4000800000F1804000F5841038
:101FA00041600360704700BF002370B5DB8A0446C0
:101FB0000D461646002242E800F2520254BF10219C
:101FC000042144F252209847864633462A4620464A
:101FD000F446BDE870400A21604700BF0023DB8A59
:101FE000002242E800F2520201D4102118470421D5
:101FF000184700BF08B51346021E0DDB4BB941F070
:1020000020010023DB7C022B09D04FF48170FFF705
:10201000CBFF41F03001F4E78B06F6D5F1E74FF442
:102020009170FFF7C1FF00BF034AD2F82838002B98
:10203000FBD0BFF35F8F704700000E400021044BC0
:10204000044ABFF35F8F43F8041B9342F9D17047F2
:102050000C080E402C080E4010B44FF48D704FF455
:102060002A64064A064B07491460D0601960536819
:10207000002BFCDA5DF8044B704700BF0080044081
:1020800000A0044000B0FA00704700BF08B5014846
:10209000FEF732FF00DF001038B5054C054DAC42AD
:1020A00004D254F8043B9847AC42FAD338BD00BF81
:1020B000A8D90010E8D9001010B40748074C084B05
:1020C000084A094904601A608B6832EA0303FBD1AD
:1020D0005DF8044B704700BF002002407F3BEFEFEC
:1020E00000300240F6FFF30300000240044BDB6CBB
:1020F000B3F5004F03D14FF48022024BDA647047EE
:1021000000001150002011504FF0E022044BD2F893
:10211000881D0B43C2F8883D10EE3004704700BFA5
:10212000030330006FF06041044B054A1960936867
:10213000DB4333F06043FAD1704700BF0030024008
:102140000000024010B545F25320FFF747FFBDE8FD
:10215000104003460420184710B545F25320FFF7FE
:102160003DFFBDE81040034601201847FEF76CBF55
:1021700038B51349134C144D641AA408442C224654
:1021800028BF4422284692000BF00AFC432C14D8A6
:102190000E4AC4F144000ED005EB8403410803EB62
:1021A000C101C3E9002208338B42FAD1C30704D529
:1021B00020F00100044445F82420054B9D6038BD03
:1021C000000000101001001000000020110100109C
:1021D00000ED00E0002370B52B4C82B0C4F88430D1
:1021E000FFF73AFF0122294BDA63636C012BFCD124
:1021F0000321264A244B11639C6B012CFCD102263F
:10220000052521460523224A22480096FFF72EFE87
:1022100021462B46204A21480095FFF727FE002241
:10222000042031461E4BFFF7B3FD2146284600220D
:102230001C4BFFF7ADFD0022082011461A4BFFF79B
:10224000A7FD002209201146174BFFF7A1FD002230
:1022500006201146134BFFF79BFD0022114B072070
:102260001146FFF795FD0420FFF7FAFD00240F4B00
:10227000A3FB0035AD0CE0B229460134FFF788FE20
:10228000062CF8D102B070BD0000014000300140C2
:10229000002F685900000540008C864700800540EB
:1022A000001BB70080D1F008006CDC0283DE1B430A
:1022B00086B003B451FC0804CDE9020151FC0904C5
:1022C000CDE9040151EC0A04CDE9060103BCF04755
:1022D000BDE800504EEC00C4BDE800504EEC01C417
:1022E000BDE800504EEC02C400BD000000B5FFF791
:1022F000DFFF02E010FE30F4F8D441EC100443ECB0
:10230000112400EE010410EE010480EE200451ECD3
:102310001004704700B5FFF7CBFF02E010FE30F469
:10232000F8D441EC100443EC112400EE010410EE4B
:10233000210480EE200451EC3004704700B5FFF713
:10234000B7FF02E010FE30F4F8D410B541EC1004F1
:1023500043EC112451EC040453EC0524A0FB024C83
:102360005FF0000EE0FB03CEE1FB02CE4CEC20441C
:102370000024E1FB03E444EC30E480EE200451EC63
:10238000500410BD00B5FFF793FF02E010FE30F4DB
:10239000F8D441EC100443EC112451EC2104A0FBCF
:1023A00001126FEA820252FB100052FB12F252FB42
:1023B0001000A0EBD07C53EC04245CFB13F153EC35
:1023C0001524A1FB022001FB030053EC4424A2EBE3
:1023D000000050FB1CF24FEA111312EB017043EBAB
:1023E000E27140EA515020EA915020F0070053EC8E
:1023F0007524A0FB023C53EC752400FB03CC01FBCD
:1024000002CC53EC0424ACEB824C40EA5C70A0F1AB
:10241000010041EC400480EE200451EC7004704750
:1024200000B5FFF745FF02E010FE30F4F8D441ECB0
:10243000100480EE220410EEB204704700B5FFF7DE
:1024400037FF02E010FE30F4F8D440EC700400EEE8
:10245000010410EE210480EE200451EC300470479A
:1024600000B5FFF725FF02E010FE30F4F8D440EC91
:10247000600400EE010410EE210480EE200451EC13
:102480003004704700B5FFF713FF02E010FE30F490
:10249000F8D441EC800400EE010410EE010480EE5B
:1024A000400410EE1304704700B5FFF701FF02E08F
:1024B00010FE30F4F8D441EC800400EE010410EE7C
:1024C000010480EE400410EE3304704700B5FFF7BE
:1024D000EFFE02E010FE30F4F8D441EC100443ECBF
:1024E000112400EE010410EE3004C0F300707047B8
:1024F00000B5FFF7DDFE02E010FE30F4F8D443EC47
:10250000102441EC110400EE010410EE30F48CBFF5
:1025100001200020704700BF00B5FFF7C9FE02E0B0
:1025200010FE30F4F8D443EC102441EC110400EE1A
:10253000010410EE30F42CBF01200020704700BFD2
:1025400000B5FFF7B5FE02E010FE30F4F8D441EC20
:10255000100443EC112400EE010410EE30F42CBF03
:1025600001200020704700BF00B5FFF7A1FE02E088
:1025700010FE30F4F8D441EC100443EC112400EECA
:10258000010410EE30F48CBF01200020704700BF22
:1025900010B504460BF09CF928B10346034A2344C6
:1025A000934200D810BD0248FEF7A6FC00000820A8
:1025B0000CDF00100BF094B9704700BF2DE9F04F0D
:1025C00083B09946DDE90DAB0F9B884611469A070B
:1025D000074616D1DA453AD20C460D46ABEB0A0651
:1025E0000E4422464B46414620200134B847B442AF
:1025F000F7D12946BAF1000F08D1204603B0BDE853
:10260000F08F0C46BAF1000F10D00E4655460C9BC9
:102610002E449A440191721B4B46013D41461AF8E3
:10262000010D3446B847002DF5D101990F9B9B074A
:10263000E3D5651AAB45E0D922464B4641462020FA
:102640000135B8475D4504F10104F5D3D5E70C46E3
:10265000BAF1000FD9D1D0E72DE9F04F0F9FDDF887
:10266000248017F0020F0A9C9DF82CA00E9DDDE936
:102670000C9644D1F5BBB44241D207F0010B04F1F2
:10268000FF3C4FF0300EC44404E00134A6420CF885
:1026900001EF01D9202CF8D1BBF1000F00F08880A8
:1026A000A5422CD904F1FF3C4FF0300EC44404E0A5
:1026B0000134AC420CF801EF21D0202CF8D117F0F6
:1026C000100F0ED017F4806F54D1A64263D0A542EC
:1026D00061D0B9F1100F50D0B9F1020F56D0202CB3
:1026E00029D12024CDE90B57CDE90984BDE8F04F6D
:1026F000FFF764BF17F0010B34D1B442BFD317F01A
:10270000100F1ED017F4806FE3D1002CDDD1B9F18A
:10271000100F63D0B9F1020F77D0302488F8004051
:102720000124BAF1000F11D17E0748D52B2608F8F5
:1027300004600134D6E7264601344FF0300C08F827
:1027400006C0202CCDD0BAF1000FEDD02D2608F810
:1027500004600134CDE90B57CDE90984BDE8F04FA1
:10276000FFF72CBFBAF1000F30D0B44205F1FF35AE
:1027700085D395E7B9F1100FB3D1BE063BD5202C18
:10278000AFD0582608F804600134A8E7202CA8D060
:102790002646013407E0661EB9D0B9F1100F36D0D5
:1027A000B9F1020FC9D14FF0620C08F806C096E7E4
:1027B00017F0100FC5D017F4806F86D089E73E0759
:1027C00090D5202608F8046001348BE717F00C0F31
:1027D00000D0013DB442FFF452AF61E7BC0612D411
:1027E000782488F80040302488F801400224BAF1A7
:1027F000000F99D0AAE7202C3FF473AF782608F891
:10280000046001346BE75824EBE76224E9E717F032
:10281000200FA4F1020C04D04FF0580E08F80CE081
:102820008BE74FF0780E08F80CE086E700B97047A8
:1028300001F07EBB10B1D1E900311847704700BFED
:102840002DE9F04F97B09DED207BDDE9225B074637
:10285000884651EC170B249C99460C920B46024675
:102860008DED047B0794FFF735FE002840F0F481DE
:10287000DDE904014FF0FF326FF48013FFF73CFEF7
:10288000002840F01B81DDE904014FF0FF32AC4B22
:10289000FFF76EFE002840F0EE80DDE90401A4A3FE
:1028A000D3E90023FFF764FE002840F0D380DDE980
:1028B0000401A1A3D3E90023FFF71EFE002840F086
:1028C000C980DDE9040100220023FFF715FE00287E
:1028D00040F0E88023460D9013F4806F08BF062572
:1028E00030212B460EAAA5F1200605E0013BB3429C
:1028F00002F8011B00F09381092BF7D81E46ED1A50
:10290000DDE90401FFF7C2FD8E4B044603EBC6036D
:1029100093ED007B8DED087BFFF794FD02460B469F
:10292000DDE90401FFF7FAFCDDE90823FFF70AFD02
:1029300002460B46CDE90A23FFF7BAFD8246FFF7B0
:1029400093FD02460B46DDE90A01FFF7E7FC02466C
:102950000B46CDE90A2300227B4BFFF709FE002836
:1029600000F0FE800AF1010A5046FFF77DFD0246A5
:102970000B46DDE90801FFF7D3FD10B14FF0000A67
:102980000134002E00F0FD80681E0EABDFF8CCC1D4
:1029900018440FE0ACFB0A21C90801EB8102AAEB45
:1029A00042023032BAF1090F00F8012F40F21C81C7
:1029B0008A461D46202D05F1010306F1FF36E9D1B7
:1029C0002025691E0EAB6148194410E080FB0462AB
:1029D000C3EBA20303EB8302A4EB420404F1300235
:1029E00001351C4601F8012F002B00F0EB80202D53
:1029F0004FEAE473EAD1079B03F00303012B18D1DC
:102A0000BBF1000F15D00D9B002B00F00A810BF1DC
:102A1000FF3BBBF1200F0CD96B1E0EA930220B44DB
:102A200005E001355D4503F8012F80F0D180202DB0
:102A3000F7D1079B0EACCDE902B341464B46384671
:102A40000C9A01950094FFF7B9FD8246504617B0E5
:102A5000BDE8F08F079B9DED047BCDE923B3414694
:102A60004B4638460C9A8DED207B229517B0BDE879
:102A7000F04F00F045B9610723464CBF0423032300
:102A80004146219338464B46079A48BF304CCDE922
:102A900022B258BF2F4C0C9A209417B0BDE8F04FCB
:102AA000FFF78CBDDDE9042300200021FFF736FC91
:102AB0000123CDE904010D9323460DE723469C072E
:102AC00040F0AA80BBF1040F40F2A6800C9B1D468B
:102AD0001C1F04EB0B0A2A464B46414620200135B9
:102AE000B847AA45F7D155461B4C261F14F8010DCF
:102AF0002A464B464146B847B44205F10105F5D197
:102B0000079B0AF1040A9807A0D50C9CAAEB0403C2
:102B10009B459BD952464B46414620200AF1010A6B
:102B2000B847AAEB04035B45F4D38FE7AFF300800B
:102B30000000000065CDCD410000000065CDCDC195
:102B4000FFFFEF7FC0E300100000E03F67666666AE
:102B500058DF001060DF00106CDF0010CDCCCCCC53
:102B60000022DDE90A01634BFFF7C6FC00287FF471
:102B700008AFBAF1000F6AD10AF1010A002E7FF402
:102B800003AF2046FFF75EFC02460B46DDE9040179
:102B9000FFF7C4FB02460B46CDE904230022554B48
:102BA000FFF7AAFC00287FF40CAFDDE90401002246
:102BB000504BFFF7DDFC00287FF403AF013424F015
:102BC0000104FEE6079B03F00303012B00F0828063
:102BD000202D3FF42EAF0D9B7BB32D220DEB050373
:102BE00083F83820013524E7202B3FF4E9AE0EAA04
:102BF00015441E44302204E0202B05F8012F3FF439
:102C0000DFAE9E4203F10103F6D12E220DEB060347
:102C100083F83820751CD4E6DDF830A063E7202562
:102C20006EE6079B13F00C0F50D00BF1FF3BAB454A
:102C30003FF6F2AE202D3FF4FCAE079B5A0701D5BC
:102C40002B22CBE71B077FF5F4AE2022C6E71AF054
:102C5000010F3FF496AE8FE7A60734D1BBF1030F07
:102C600031D90C9B1D46DC1E04EB0B0A2A464B4651
:102C7000414620200135B8475545F7D155461E4CF1
:102C8000E61E14F8010D2A464B464146B847A642B7
:102C900005F10105F5D1079B0AF1030A9D077FF5B0
:102CA000D5AE0C9CAAEB04039B457FF6CFAE5246F3
:102CB0004B46414620200AF1010AB847AAEB04031B
:102CC0009B45F4D8C2E6DDF830A0D7E7AB453FF628
:102CD000A3AEAEE6BBF1000F3FF47AAF0D9B002B25
:102CE0009FD00BF1FF3B5D45FFF496AE202D7FF4A6
:102CF00074AF9EE60000E03F67DF001000000000B8
:102D00002DE9F04F9FB02A9EDDE9284507469346FE
:102D10000891099322462B46204629460E96DDE966
:102D20002BA6FFF7D7FB002840F0BE80204629469F
:102D30004FF0FF32784BFFF71BFC002840F0B480C7
:102D4000204629464FF0FF326FF48013FFF7D4FB83
:102D5000002840F0A9802046294600220023FFF7E2
:102D6000CBFB002840F0D581CDE90A45DDE90A23F7
:102D70009046994606F4006216F480630F9213930E
:102D800040F0A18058EA090340F0CA80002A40F0D0
:102D9000E38106230E9316F00202109240F0D481D4
:102DA0005346042B38BF04230C920422043B129296
:102DB0000F932046294600220023FFF79DFB0028A1
:102DC00040F0F3819DED0A7B0F9B5A4603930E9BC7
:102DD0008DED007B029326F4006304933846099B33
:102DE0000899FFF72DFD024616F0200F099B089960
:102DF0000CBF6520452002F10108B8470C9A129BD0
:102E000016AC5D1E82EAE273A3EBE273D10F0026DB
:102E100022469946DFF804C101E0202E10D0CE46AC
:102E2000ACFB0930C00800EB8003A9EB430330334F
:102E3000BEF1090F814606F1010602F8013BECD80C
:102E40000523002006930A2305950094099D089CFC
:102E50004246CDE90330CDE901612B462146384693
:102E6000FFF7FAFB109A8046D2B1A0EB0B06B245F1
:102E700016D90BEB06022B46214620200136B84717
:102E8000B245F6D80BF1FF335344CBF10102A3EB6B
:102E900008034244924538BF002308F101089844D2
:102EA00040461FB0BDE8F08F5A463846CDE9284568
:102EB000CDE92BA60E9C099B08992A941FB0BDE86A
:102EC000F04FFFF7BDBC58EA09032BD1002A3FF4AD
:102ED00062AF00230C930E9B0C9A934200F3B981CE
:102EE0004FF000082046294600220023FFF704FB8C
:102EF000002840F013819DED0A7B26F4006646F41D
:102F000080668DED287B5A463846CDE92A8A099B92
:102F100008992C96D2E700BFFFFFEF7FCDCCCCCC39
:102F200006230E93C9F30A50A0F2FF30FFF78AFA86
:102F3000C1A3D3E90023FFF705FAC1A3D3E9002316
:102F4000FFF7D8F9C9F31309CDE90C0149F07F5116
:102F500040460022B24B41F44011FFF7DFF9A4A331
:102F6000D3E90023FFF7EEF902460B46DDE90C0139
:102F7000FFF7C0F9FFF78AFA0C90FFF763FA9EA3F8
:102F8000D3E9002380468946FFF7DCF90022A54BF0
:102F9000FFF7B0F9FFF77AFA034649464046129325
:102FA00097A3D3E90023FFF7CDF98046129889460D
:102FB000FFF748FA94A3D3E90023FFF7C3F90246C9
:102FC0000B4640464946FFF7A9F902460B468046A4
:102FD0008946FFF7B7F942464B46CDE91001404616
:102FE0004946FFF787F90022CDE91401DDE9100118
:102FF0008D4BFFF7CBF900228C4BFFF77BF9024694
:103000000B46DDE91001FFF7C1F90022884BFFF7FD
:1030100071F902460B46DDE91001FFF7B7F94246A8
:103020004B468046894600204FF08041FFF776F9F5
:1030300002460B4640464946FFF75CF902460B46FE
:10304000DDE91401FFF7A2F900227A4BFFF752F9EC
:10305000129B002203F2FF3C4FEA0C53FFF772F978
:1030600080468946DDE90A0142464B46FFF744FAAD
:1030700050B10C9B4046013B49460C9300226B4BE0
:10308000FFF784F9804689460C9A43466332C62A84
:1030900006F00202109249460F9A2CD8002A5ED000
:1030A000042212920B433FF416AFDDE90A0158A344
:1030B000D3E90023FFF748FA48B1DDE90A0156A336
:1030C000D3E90023FFF718FA00287FF404AF0E9B22
:1030D000002B50D0139A002A7DD0013B0E93129BF7
:1030E0009A4505D9109B002B00F0AE800223109367
:1030F00000230F9344E022BBBAF1050F4FD906F02D
:103100000203002B49D105231293AAF105030F9363
:103110003AE005F100430A940B9327E626F4006693
:1031200046F4806638462C96DDE90A67344607F196
:1031300000455A46CDE92A8ACDE92845099B0899D8
:10314000BCE605221292ADE700230222CDE90F3240
:1031500004220C9312922CE64FF00508C2E6BAF155
:10316000040F1FD9109B002B78D104231293AAF1CE
:1031700004030F9304E0129B9A4531D80E9B0F93E2
:103180000C9B002B3FF415AEDDE90A0142464B468D
:10319000FFF7FCF8CDE90A010BE6022310930523A3
:1031A0001293F1E704231293EAE7DDE90A45A0460A
:1031B0000F9B05F1004903930E9B5A46029326F498
:1031C000006304933846CDE90089099B0899FFF70D
:1031D00037FB024608E6129B9A4544D80F92CFE788
:1031E000109B8BB30E9B0F9302231093C8E700BF75
:1031F00061436F63A787D23F71A379094F930A4058
:103200001655B5BBB16B0240EF39FAFE422EE63FD0
:103210002D431CEBE2361A3F0000000080842E4153
:103220000000F83F0000E03F00002C400000244078
:10323000000018400000F03FFB799F501344D33F3B
:10324000B3C8608B288AC63F129BAAEB03030F9377
:1032500096E7A3EB020808F1FF3843E60423129334
:10326000022310938CE7109B002BEDD002230F92CA
:10327000109385E72DE9F04F9BB0249C954D0A945F
:10328000954CB1F1000A18BF834625601878934C1D
:10329000914608BFA3460993002800F093824FF09F
:1032A00000080AE042464B46514608F10108D8475B
:1032B000099B1878002800F0CE80099B252803F18F
:1032C00001030993EED11C460023224612F8010B9C
:1032D000A0F1200110290AD8DFE801F04009093CDB
:1032E0000909090909090938093409093000A0F157
:1032F00030010929099440F28A802A2800F0F080E0
:1033000000252E2800F096800026A0F168011229E1
:103310002DD8DFE811F049012C0043012C003801C1
:103320002C002C002C002C002C002C002C00270042
:103330002C002C002C002C002C002700144643F0FD
:103340000103C2E7144643F00203BEE7144643F00C
:103350000403BAE7144643F01003B6E7144643F0FB
:103360000803B2E70999487843F48073013267286B
:1033700009927ED8242840F2C180A0F12502422A79
:1033800000F2BC80DFE812F05001BA00BA00BA00C7
:10339000BA00BA00BA00BA00BA00BA00BA00BA005D
:1033A000BA00BA00BA00BA00BA00BA00BA00BA004D
:1033B000BA00BA00BA00BA00BA00BA00BA00BA003D
:1033C000BA00BA00BA00BA00190137011901BA00EF
:1033D000BA00BA00BA00BA00BA00BA00BA00BA001D
:1033E000BA00BA00BA00BA00BA00BA00BA00BC010A
:1033F000BA00BA00BA00BA00BA00BA00BA00BA00FD
:10340000BA00BC015801BC0119013701190100259E
:1034100000E0013205EB850500EB45051078303DF5
:10342000A0F130010929F4D92E28099202F10102F4
:103430007FF46AAF099943F4806348781146A0F19C
:103440003006092E40F221812A2800F02F810992AE
:103450000026013259E74446C14501D809F1FF3839
:103460004B46424651460020D84720461BB0BDE897
:10347000F08FA0F16902D2B20F2A3FD8012149F2A0
:1034800041079140394040F0F3800A2A3DD0072A95
:1034900034D10A9D55F8042B002A00F0138143F023
:1034A000210012AB1F460B9303E0202900F014818A
:1034B0001A4602F00F042346092C94BF30333733E9
:1034C0000F2A07F8013B01F101014FEA1213ECD872
:1034D00002E100BF75320010C02B0020B92500109A
:1034E0000A99099851F8045B4078002DCDE909212B
:1034F000BCBF43F002036D42013202E742464B4635
:10350000514608F10108D847D2E60A99002E51F831
:10351000047B18BF3246387808BF4FF0FF320028CE
:1035200000F07B83BC18A4463A4604E012F8014F31
:10353000002C00F03F819445F8D16446E41B5A0505
:1035400040F12281B44228BF344613F0020300F058
:1035500088820223CDE90A5142461D46464408E0CE
:103560004B465146D84717F8010F08F1010810B132
:1035700042464645F4D12B460B990A9D002B40F05C
:1035800041810A9194E6099948786C287FF4ECAE61
:103590000A46887843F440730332E8E6099943F415
:1035A000007348780132E2E609994878682800F00B
:1035B000038143F080030132D9E6672800F0D98007
:1035C000472800F0DC80452800F0DB80CDE903537C
:1035D0000A9B0296073323F007031C464246F4E891
:1035E00002674B4651465846CDE900670A94FFF7FB
:1035F00087FB80465CE6462808BF43F02003CDE900
:1036000003530A9B0296073323F007031C464246E6
:10361000F4E802674B4651465846CDE900670A94E4
:10362000FFF70EF9804643E642464B4651462520B9
:1036300008F10108D8473BE60A9A990702F1040409
:1036400008F1010640F1C68010784B4642465146CB
:10365000D847012D88BFA84440F2BD8132464B4671
:10366000514620200136D8474645F7D10A941FE637
:103670006F2800F0818040F24882782800F0908125
:103680000A2723F01003BC4641E0002606EB86061D
:1036900000EB4600A0F1300611F8010FA0F1300256
:1036A000092AF3D90A46099101322EE6DDE90921FA
:1036B00051F8046B9078023209920A91013226EA9D
:1036C000E67622E623F0100013F4806240F0210039
:1036D0003FF4E7AE12AB0B930B9B069000930823CD
:1036E0001020059300234246CDE9023001914B465C
:1036F000514658460496FEF7AFFF0A958046D7E537
:10370000582862D0622840F08F800227BC4613F40C
:10371000806000F0DD8023F00D0313F4007240F0B0
:1037200081810A990F1D13F4807140F037825C0685
:103730000A9A40F13B811278002A40F04E8123F032
:103740001003002800F04981114612AA0B92CDE91E
:103750000553CDE903C601910B9B4246009300231C
:103760005146029358464B46FEF776FF0A9780462D
:103770009EE543F4006329E70827BC46C7E743F406
:10378000006343F0200321E713F0020300F08E8171
:1037900002230A951E460D4642464B465146D847DF
:1037A00017F8010F08F101080028F5D12946334622
:1037B0000A9DE3E6D41BC2E60A46887843F0C003BC
:1037C0000332D4E50446804646E6102743F0200342
:1037D000BC469CE7012D40F2F880464608F1FF37D1
:1037E0002F4432464B46514620200136D847BE4230
:1037F000F7D10A9B3246187851464B46D847A84421
:103800000A9455E54646A5427FF6BBAEA844A8EB10
:1038100004080C4632464B46514620200136D84714
:103820004645F7D12146ACE613F4806200F0BB8038
:103830004FF4806223F0110C1CF400770A9B4AD1EC
:103840001CF4807003F1040440F034811CF0400F3C
:1038500040F0A3801CF0800F00F0D381B3F900107A
:1038600081EAE177A7EBE177BFB2CB0F002900F047
:1038700056813A4612A90F46DFF8D8E30B910A9316
:103880000C9501E020280FD01546AEFB0213DB0893
:1038900003EB8301A2EB41013031092D1A4600F1FF
:1038A000010007F8011BEDD80A9B0C9DCDE9055CD2
:1038B000CDE9010304960B9B424600930A2351462F
:1038C000039358464B46FEF7C7FE0A948046EFE442
:1038D00023F00C0321E7073323F0070319460846BA
:1038E0005B6850F8081BDF0F0A9051EA030062D1B1
:1038F000002A40F09F811346114612AACDE90C75AB
:1039000000201546CDE90E68DFF848E30B9201E090
:1039100020282DD05A1842F10002AEFB027828F080
:10392000030707EB9807D21B1E469B1A61F100079D
:103930000C464FF0CC3101FB03F10EFB0711A3FB4A
:103940000E731944052307F00108A8FB03389B18E0
:103950000A2E03F130034FEA570774F1000405F80B
:10396000013B00F1010047EAC1734FEA5101CFD298
:10397000DDE90C75DDE90E680B9B424600930A23D6
:10398000CDE9055CCDE90107049603934B4651460A
:103990005846FEF761FE80468AE419780F4664E7D0
:1039A0001027BC46B3E623F0100C45E71C064CBFBD
:1039B00012881268C0E60A46191E01DB13469CE70E
:1039C0005242134661EB410197E71346514618787E
:1039D00042464B46D847B04648E613F0200F14BF86
:1039E0004120612012ACA6460B940A93A0F10A0470
:1039F0000C9502E0202912D02A46B2FBFCF50CFB04
:103A00001520C3B2092803F130008ABF1B19C3B2C5
:103A1000DBB262450EF8013B01F10101EAD20A9BDB
:103A20000C9D94E60A9A073222F00702516852F878
:103A3000084B8E460A9254EA010276D123F0100315
:103A4000002872D00022114612AA0B92CDE905532C
:103A50000B9B424600930023CDE903C601910293DC
:103A600094E7A54298BF01347FF674AD4FF48063AC
:103A7000CDE90A7505EB08021F460D46141B4246A8
:103A80004B465146202008F10108D847A045F6D101
:103A90003B460A9F294638780B9D6C1C00283FF452
:103AA00070AD002B3FF475AE002353E5A542DFD87F
:103AB00001346EE61968CB0F002900F0A88081EA76
:103AC000E172A2EBE17212A90846DFF888E10B91DE
:103AD0000A930C9501E0202F0FD01546AEFB021380
:103AE000DB0803EB8301A2EB41013031092D1A46BB
:103AF00007F1010700F8011BEDD80A9B0C9DCDE9E9
:103B0000055CCDE901730496D5E6692823F0100C15
:103B100040F08C8013F480623FF48EAE88E6002A79
:103B20003FF4A8AE12AA0B92C0E613F0200F14BF08
:103B300041226122002012A90A3ACDE90E68CDE99E
:103B40000C35CDF844B006468846754693460B9131
:103B5000CDF840C003E0202E17D004460D4629467C
:103B60003A460023204609F0FBFED2B2092A02F1B0
:103B7000300388BF02EB0B03BC42DBB275F10005DA
:103B800008F8013B06F10106E5D23146DDE90C35C6
:103B9000DDE910CBDDF83C800E9E57E70A990968F5
:103BA00051B923F0100338B112A90B91CDE9055397
:103BB000CDE903C60192CFE513F0200F14BF4120D9
:103BC000612012ACA6460B940A93A0F10A040C954E
:103BD00002E0202A12D02946B1FBFCF50CFB15109F
:103BE000C3B2092803F130008ABF1B19C3B2DBB28C
:103BF00061450EF8013B02F10102EAD20A9B0C9DDD
:103C0000D4E7196881EAE177A7EBE1772DE6002A8E
:103C10003FF459AF12AA0B9271E713F480640DD0F0
:103C200013F0020412D004464646ECE50A27634628
:103C3000BC466CE512AB00200B939DE613F002032B
:103C40007FF4E0AD002D7FF413AF9AE4002D7FF4F4
:103C50000DAF96E4CDCCCCCC70B594461E4605464F
:103C60000C4684B04FF0FF32634602A90096034829
:103C7000CDE90254FFF7FEFA04B070BD35280010FC
:103C800010B5094B84B01C684CB1034600914FF04D
:103C9000FF3203A90548A047012004B010BD00F081
:103CA00089F9204604B010BDC02B00202D2800103B
:103CB00000BEFDE7704700BF074A0346106838B1F1
:103CC000064903448B428CBF4FF0FF3013607047AE
:103CD000034908461160F3E7BC27002000000820D4
:103CE000282C002008B5FFF7E3FF00BF38B5064CCD
:103CF000064DFEF7D1F9AC4204D254F8043B984784
:103D0000AC42FAD338BD00BFE8D90010ECD900109E
:103D100003680846114618472DE9F0411546427DD3
:103D200007468846002A46D0002D1DDD0B780A2B59
:103D300023D0012D4FF0000C18D04646012416F870
:103D4000012F21460A2A04F1010422D0A542F6D10E
:103D500065450BDC08EB050313F8013CA3F10D03EB
:103D6000B3FA83F35B093B75BDE8F0813B68A5EBD3
:103D70000C0108EB0C009847ECE7037D002BD8D131
:103D8000036802210F489847012DE3D04FF0010C42
:103D9000D3E716F8013C0D2BD8D08C4508EB0C006E
:103DA000A1EB0C0101DA3B689847022105483B680A
:103DB0009847A446CAE7294640463B68BDE8F0411B
:103DC000184700BF10E40010F8B50B685A1C802A91
:103DD0000B440A60187100D0F8BD0D4B0D461C68ED
:103DE0009CB10C4E0F1D01E0246974B12368002BB7
:103DF000FAD033680BB1A342F6D1204639462A687F
:103E0000FFF78AFF2469002CF0D100232B60F8BD56
:103E1000B0270020B82700202DE9F04782B00D46DA
:103E200091461C460646FDF797FF4FF0FF3C6FF0AA
:103E300000472E4A821841F10003944577EB0301B5
:103E40003CBF62463B462A4809F07EFD6B1C80461B
:103E500040D00CB3274F284B1C68B4B1B9F1000F08
:103E60001CD1DFF89C9001E0246974B12368002B19
:103E7000FAD0D9F800300BB19C42F5D120462A4641
:103E80003146B8472469002CF0D1B8F1000F26D193
:103E9000284602B0BDE8F087184FDCE74FF00A0A69
:103EA000DFF85C9002E02469002CEED02368002B40
:103EB000F9D0D9F800300BB1A342F4D12A463146EB
:103EC0002046B847012220460DF107018DF807A0D2
:103ED000B847E8E7304609F0B5F80546B9E70448C1
:103EE00009F056FD284602B0BDE8F08740420F00B9
:103EF000E81F0020193D0010B0270020113D0010E0
:103F0000B8270020084A136823B90AE003F1100219
:103F10001B6933B18342F9D129B91869106019615D
:103F2000704701B110607047B027002000F06CBAF4
:103F3000F0B583B006468DF80700FDF70DFF4FF092
:103F4000FF356FF00044174A821841F10003954293
:103F500074EB03013CBF23462A46134809F0F4FCE6
:103F6000124B07461C689CB1114D01E024697CB1DD
:103F70002368002BFAD02B680BB19C42F6D1204667
:103F800001220DF10701FFF7C7FE2469002CEFD1D4
:103F900017B9304603B0F0BD034809F0F9FC3046CC
:103FA00003B0F0BD40420F00E81F0020B027002002
:103FB000B827002038B5044609F044F80123054627
:103FC0001A4620462946FFF727FF084B1C682CB1EC
:103FD00063682BB198472469002CF9D1284638BD75
:103FE0002469002CF4D1284638BD00BFB02700203A
:103FF0002DE9F041A2B004460D46FDF7ADFE4FF0AD
:10400000FF376FF00046264ADFF8A480821841F19E
:104010000003974276EB03013CBF3A463346214802
:1040200009F092FC00272B462246064601A91E48AD
:104030000197FFF711FE019B0546D8F80040C3B178
:10404000002C2BD0194F01E0246974B12368002B98
:10405000FAD03B680BB1A342F6D12046019A02A9DF
:10406000FFF75AFE2469002CF0D10023D8F8004055
:1040700001932CB1636843B198472469002CF9D1AE
:104080002EB9284622B0BDE8F0812469F1E7054841
:1040900009F07EFC284622B0BDE8F0810194EFE7EC
:1040A00040420F00E81F0020C93D0010B827002043
:1040B000B02700200FB400B583B004A951F8040B59
:1040C0000191FFF795FF03B05DF804EB04B0704772
:1040D000024A034B10601960704700BF5027002050
:1040E00054270020184B70B51A68002A28D0EFF327
:1040F000108172B6D2E8CF4F0120002CFAD1C2E86D
:10410000440F002CF6D1BFF35F8F00220F4C1868CC
:1041100059602270C0E88F2F81F310880024002599
:104120000B4E3078FCF7D2FF20B900240025204642
:10413000294670BD3078FCF7D9FF2046294670BD6E
:104140004FF47A740025EBE7CC2B0020252C0020BF
:10415000242C0020014B1878FCF7C8BF242C002029
:1041600038B5044600200D4601F05EFBA8B30020E0
:1041700001F070FB88B3FDF7EFFD4FF0FF3E6FF0ED
:10418000004C174A821841F1000396457CEB03016D
:104190003CBF72466346134809F0D6FBE8B10020E5
:1041A00001F042FB58B900214FF0FF3000F076FDDE
:1041B0006FF002040B4809F0EBFB204638BD0020ED
:1041C00001F048FB0028EED021462A46002001F0ED
:1041D0004BFB04460028EDD1EAE76FF00204ECE760
:1041E00040420F00042C002008B5FDF7B5FD4FF04C
:1041F000FF3E6FF0004C0F4A821841F100039645D4
:104200007CEB03013CBF724663460B4809F09CFB04
:1042100070B14FF0FF30002100F040FD002001F0B0
:104220006BFB0028F5D1BDE80840034809F0B0BB9E
:1042300008BD00BF40420F00042C00202DE9F843C8
:1042400080460F46FDF788FD4FF0FF356FF00044C4
:10425000334A821841F10003954274EB03013CBFDD
:104260002A4623462F4809F06FFB08B9BDE8F883BA
:10427000002001F0D9FA002847D0002F40DD0025AA
:10428000DFF8A890284E13E02246002001F07AFBC8
:10429000002104464FF0FF3000F000FD002001F047
:1042A0002BFBFDF759FDC9E900012544AF4227DD8D
:1042B000002001F087FB7C1B8442A8BF044608EB6A
:1042C0000501002CE0D121464FF0FF3000F0E6FC64
:1042D000204601F011FB204601F0A6FA80B12046ED
:1042E00001F070FB0028E1D1FDF736FDD9F8003070
:1042F000D9F804209B1942F1000283428A41D5D2A9
:104300000848BDE8F84309F043BB00200021074BF3
:10431000C3E90001BDE8F843024809F039BB00BF1A
:1043200040420F00042C002020A107007021002033
:1043300030B5002185B02E4809F02EFBF0B92D4B89
:104340001A68CAB1EFF3108172B6D2E8CF5F0124C8
:10435000002DFAD1C2E8454F002DF6D1BFF35F8F93
:10436000254C1D6822785960D3B201222270C5E81D
:104370008F0F81F31088CBB105B030BD00214FF015
:10438000FF3000F08BFC002001F064FA044618486E
:1043900009F0FEFA002CEFD0184B1B68002BEBD075
:1043A000174A106805B0BDE830401847FDF7B4FA69
:1043B0000446FDF7D1FC4FF0FF3C6FF0004510F5CF
:1043C0007A7241F10003944575EB030138BF2B4627
:1043D0004FF000014FF0010520460A4C38BF6246FD
:1043E000CDE901150094FDF79BFA05B030BD00BF83
:1043F000042C0020CC2B0020252C0020502700204E
:1044000054270020E54000104FF0504330B585B0F0
:104410001C68FDF781FAFDF795FBA04202D0002051
:1044200005B030BD00212A4B08461B7801F086FC00
:1044300028480368002B47D00120FCF7E9FF03461A
:10444000254C2649C0B22370FCF76CFE2078012170
:10445000FCF726FE0E20FCF755FE40BB204B012545
:10446000C3E90000FDF758FA0446FDF775FC4FF06C
:10447000FF3E6FF0004C10F57A7241F10003964553
:104480007CEB03014FF000012046164C3CBF724606
:104490006346CDE901150094FDF742FA0028BEDB22
:1044A00001211148FFF72EFD012005B030BD01208C
:1044B000FCF7B2FD01460A48FDF706F800220E207F
:1044C0000A49FCF75DFEEBE7FCF7E2FFB4E700BF4B
:1044D00024E60010042C0020242C0020314300107E
:1044E000CC2B0020E5400010181A00205541001088
:1044F000004870478CE400100048704738E4001012
:1045000038B5184B04461A780AB344B940F2094248
:104510004FF44173144D6A8013482B8038BD052C2D
:104520001DD8124B104D53F8241028460023013992
:1045300003E0132B20F8022F0ED011F8012F0133C6
:10454000DBB2002AF5D15B0043F44073E4E71121AC
:10455000184600F025F8D8E74FF44A73DCE700204E
:1045600038BD00BF0C2C00208827002020E400105C
:1045700000B545F247308BB0FDF730FD0122034610
:10458000092101A89847DDE90332044912BA1BBA90
:10459000C1E900230BB05DF804FB00BFF82B00203D
:1045A000012901F1FF3300F0B3805D490A784FEA39
:1045B000121C9F2A8CBF0CF1370C0CF1300C012B14
:1045C00080F800C000F0A78002F00F02092A8CBF1B
:1045D00037323032022B427000F09D804A784FEA29
:1045E000121C9F2A8CBF0CF1370C0CF1300C032BE2
:1045F00080F802C000F08F8002F00F02092A8CBF01
:1046000037323032042BC27000F085808A784FEA4E
:10461000121C9F2A8CBF0CF1370C0CF1300C052BAF
:1046200080F804C077D002F00F02092A8CBF37321D
:104630003032062B42716ED0CA784FEA121C9F2A84
:104640008CBF0CF1370C0CF1300C072B80F806C036
:1046500061D002F00F02092A8CBF37323032082BAA
:10466000C27158D00A794FEA121C9F2A8CBF0CF1F4
:10467000370C0CF1300C092B80F808C04BD002F03D
:104680000F02092A8CBF373230320A2B427242D0D5
:104690004A794FEA121C9F2A8CBF0CF1370C0CF19F
:1046A000300C0B2B80F80AC035D002F00F02092A1B
:1046B0008CBF373230320C2BC2722CD08A794FEA41
:1046C000121C9F2A8CBF0CF1370C0CF1300C0D2BF7
:1046D00080F80CC01FD002F00F02092A8CBF3732BD
:1046E00030320E2B427316D0CA7911099F2A8CBF23
:1046F000373130310F2B81730DD002F00F02092AB0
:1047000094BF30323732102BC27318BF103002D032
:10471000002303707047184400230370704700BFE4
:10472000F82B0020704700BF0022014B1A70704721
:10473000222C00204B79FF2B0BD1887948B9CB79FB
:10474000012B07D1082A05D9034B8A7809201A7052
:1047500070470020704700BF222C002001207047C6
:10476000012901D00120704708B5104B91881B78B2
:10477000994201D0002008BD5378012B08D0022BAC
:10478000F8D1002164220846FDF7B6FB012008BDE0
:10479000518811F480721ABFC1F3C012480A4FF059
:1047A000FF3001F00301FDF725FC00BF222C0020A3
:1047B0000048704748E50010012907D15378012BC4
:1047C00002D19388072B03D0002070470120704747
:1047D0001146A623014A00F0F7BE00BFA0E4001076
:1047E0000346012201481A70704700BF6CE50010B3
:1047F00008B50B68B3F5966F00D008BD00224FF0E6
:10480000FF301146FDF7F6FB70B500F027F90C23D9
:104810004026194CFF22A3670E201849FCF7B0FC74
:1048200032460021164809F097F80125002380211F
:104830001348144A418445700683068782604360AA
:10484000136042F8043C80F8213080F83B3043622A
:104850000D4B4FF00056C360C362803B836209F08A
:104860006BF84FF480320949094B25642846E66409
:10487000C4F89010DA6470BD0000115031060020B9
:10488000C0270020840010500001105010D00100FB
:104890000020115001210E20FCF702BC002202482A
:1048A000114600F0FBB800BFE0270020044B197050
:1048B00021B14FF40032034BC3F89020704700BF82
:1048C0001E2C0020002011500B785B0602D14B7883
:1048D000052B00D070474B88014ADBB2136070474C
:1048E00000001150CB782DE9F04103F0030EBEF12A
:1048F000010FC3F3010057D0002791F802C0314CDB
:104900000CF07F025600898806EBDC1304EB43139E
:104910004FEADC15D876C1F30A0185F0010083F86F
:1049200002C019835870DF70D3006DBB2648043372
:1049300004EB821C03EB0008CCF808801F5062B324
:10494000224BD2001344CCF80430214A3F31136883
:1049500021F03F01BEF1020F08BF49001D48194474
:104960002E4404EB461481421160E36027D883F0A3
:10497000A04383F48013626843EA8E6343F00043EC
:1049800013600120BDE8F0810F4804EB821C034452
:10499000CCF8283040F832704AB900230E4A04EBB4
:1049A0004514E2606360ECE70020BDE8F081D200CE
:1049B00002F1A04202F58012CCF82420C5E7FDF7F1
:1049C00065FB00BFC027002080001050040010507D
:1049D000C82B0020FF0F10500001105008F0ACBF92
:1049E0008C4608B5114607481A460CF07F034FEA7B
:1049F000DC1C0CEB430C00EB4C1000F04FF80120DA
:104A000008BD00BFC027002011F07F0205D100299A
:104A10000CBF02200120064B9866C909054B01EB2B
:104A2000420003EB40104FF40062002108F0ACBFDD
:104A300000201150C027002011F07F0300D17047E3
:104A4000002205485B0003EBD11300EB43106FF429
:104A50000061C27008F098BFC02700204FF080525C
:104A600009480A4908B50A4B02600A609968C943B7
:104A700011F08051FAD14FF48052064808F06CFFD3
:104A80000922054B5A6708BD002002400030024051
:104A900000000240000010500000115000234FF0B1
:104AA000010C10B580F81AC08282C38201610446ED
:104AB00008F046FF20B14FF40032074BC3F89020B6
:104AC000204608F031FF10B10123237710BD2046A6
:104AD000BDE8104008F03CBF002011502DE9F04126
:104AE0004FF000081C4D044642462B781B4F1C4ECD
:104AF0000DE0336813EB421324D0DB68204698475F
:104B000008F101082B785FFA88F2934206D39342AA
:104B1000A2EB0303EDD807EB4313EEE75422002189
:104B2000104808F019FF4FF0FF330E482022041DF3
:104B30004360C4E90133E360FF21BDE8F041143074
:104B400008F00ABF4FF0E023D3F8F03DDB0700D5B3
:104B500000BEBDE8F08100BF1D2C00208CE50010D8
:104B60006423002034250020704700BF704700BF39
:104B70000020704700207047704700BF704700BF9B
:104B8000704700BF704700BF024B5878003818BF0D
:104B90000120704734250020024B1878C0F38000B4
:104BA000704700BF342500202DE9F047DFF8E4907E
:104BB00099F80030FF2B55D10D4600293DD000213A
:104BC00054220646294808F0C7FE0022284C294BEB
:104BD00020461A70FCF75CFC274B28481C60284CC8
:104BE000FCF764FC204601F08FFB264A264B14603C
:104BF00023B12648FFF7F4FD254B18604FF0000A5B
:104C0000224C53462278DFF89080214F0DE03A681D
:104C100012EB431311D05B687BB198470AF1010A8C
:104C200022785FFA8AF3934211D89342EFD39B1A0A
:104C300008EB43135B68002BEFD14FF0E023D3F870
:104C4000F03DDB0700D500BE0020BDE8F087294617
:104C5000304689F80060FFF7D7FD0028EDD03046D8
:104C6000FFF718FE0120BDE8F08700BF34250020C3
:104C70002C2500201F2C002088250020441A00200D
:104C8000301A00208C250020E14700101D2C002048
:104C9000642300204C1A00208CE500102DE9F04F11
:104CA000DFF8B0928BB099F80030FF2B00F0ED8068
:104CB000A24CA34DDFF898A2DFF89CB22668736976
:104CC000EFF3108272B6D3E8CF0F01210028FAD19A
:104CD000C3E8401F0028F6D1BFF35F8FB2613046B2
:104CE00007A901F05BF900237269C2E88F3FB3693D
:104CF00083F31088002800F0C8809DF81D30013B28
:104D0000072B00F26B83DFE803F0A5AF939B8C3594
:104D10000A04089B002BD1D009989847CEE79DF84C
:104D2000201001F07F0605EB460000EBD11090F853
:104D3000343023F0010380F8343090F8343023F01D
:104D4000040380F83430002E00F0A280027D9AF82F
:104D500000309A4280F091807A4B1B6813EB42132B
:104D600000F08C809E699DF82120099B9DF81C0015
:104D7000B047A3E79BF80030002B7FD09BF80030B2
:104D8000013BDBB28BF800309BF8003003F0FF00F2
:104D9000002B93D16A4F9DF81C803B7843F00103B0
:104DA0003B7097F8343060F3000387F8343097F89D
:104DB000343060F3820387F8343097F8353060F38D
:104DC000000387F8353097F8353060F3820387F8B1
:104DD000353000F05BFC9DF8203003F06002602A63
:104DE00066D0402A76D003F01F03012B00F0B68076
:104DF000022B7BD0002B5BD1202A00F0DB81002A24
:104E000056D19DF82130092B52D8DFE813F0A201CA
:104E100094015100B301510087015D01510052011D
:104E2000E5002B78D9077FF549AFFFF7ABFE45E7E3
:104E3000EB78DA077FF542AF0898FFF797FE3DE77A
:104E40002B78D8077FF53AAF2878C0F3C000FFF77A
:104E500097FE33E79DF81C00FFF740FE00F00CFCC6
:104E60009DF82030AB7029E79DF81C00FFF736FE57
:104E700000F002FCFFF782FE20E711D04FF0E023A4
:104E8000D3F8F03DDC0700D500BE0BB0BDE8F08FD5
:104E9000099B9DF821209DF81C0000F00BFC0DE7FC
:104EA000294B5FE7FFF728FB0246002840F0798195
:104EB0004FF0E023D3F8F03DDE0700D500BE9DF8AB
:104EC0001C000021FFF7A0FD80219DF81C00FFF7CA
:104ED0009BFDF3E61D4800F0D9FB0121404608AADE
:104EE000FFF76AFC00287FF4E9AEE8E79DF824109C
:104EF00011F0700FDCD101F07F0607EB4600144B78
:104F000000EBD1101B78007D7600019698424FEAA5
:104F1000D11600964FD340F05F810B4E002A00F06F
:104F20005F81706900F0B2FB01214046736908AAF5
:104F3000984700287FF4C2AEC1E700BF8C2500204F
:104F400034250020642300208CE50010B9470010B0
:104F50001D2C00204C1A00201F2C00209DF824300E
:104F60000F2BACD8AA4A3B441B79127893422DD31D
:104F7000A5D1A84E706900F089FB012140467369F4
:104F800008AA984700287FF499AE9DF8203013F0C6
:104F9000600694D19DF821300A3B012B8FD800F098
:104FA00075FB9DF821300A2B00F0F181404608A9DD
:104FB00000F0F0FA82E6984B1B6803EB4016002ADB
:104FC00000F00E81002E3FF47AAFAAE7924A1668ED
:104FD00016EB4316CED172E77B789DF822609E4295
:104FE00000F04C817B78002B40F0BD817E70002E5C
:104FF00000F04281701EC0B2FFF77EFA034600281F
:1050000000F05E814278022A40F05A81C17903F1B2
:105010000906C1F340121201C1F3801142EA4112A4
:105020003146387820F0300002433A705A88CDF883
:1050300008809A180092009B8B4240F2A3814B7823
:105040000B2B00F0AE814FF0010C042B40F03881A7
:105050000023009A1E46521A92B201926C4ACDF871
:105060000CC012781DE06C4A126812EB461800F072
:105070002781019A05930298D8F810300491984737
:10508000059B08280246049903F1010303D90198FE
:10509000904280F0F8805E4ADEB21278B242C0F0F0
:1050A0000F81B242A6EB0202DDD85A4800EB42184B
:1050B000DFE77B7840468DF81A300DF11A020123A4
:1050C00008A900F081FAF9E5BDF82200030A013BC6
:1050D000020AC0B20E2B3FF6F2AE01A151F823F046
:1050E000F1520010915100102D530010BF4E0010CE
:1050F000BF4E00100F53001091510010BF4E001012
:10510000BF4E0010BF4E0010BF4E0010BF4E00102B
:10511000BF4E0010BF4E0010E352001008A800F070
:10512000BBFA40469DF82210FFF7B8FB3B7843F0EE
:1051300002033B70C2E5BDF82230012B7FF4BFAE05
:105140003B78404623F0080308A93B7000F022FAA0
:10515000B4E540463B789A0802F00202C3F34013DC
:105160001343ADF81A300DF11A02022308A900F01A
:105170002BFAA3E5BDF82230012B7FF4A0AE3B78DB
:10518000404643F0080308A93B7000F003FA95E598
:10519000022A3FF487AEFFF7EDFC024600283FF4F9
:1051A0008EAE4046538808A900F00EFA00287FF41E
:1051B00085AD84E69DF824300F2B3FF680AE144A6F
:1051C0003B441B79127893421DD2134A166816EBA2
:1051D00043167FF4A6AE72E6002A7FF470AE002676
:1051E0009DF8212002F0FD03012B17D0002A7FF447
:1051F0005FAE019B009A3B44134493F83430404621
:10520000C3F34003ADE77FF45AAE024E89E600BF18
:105210001D2C00208CE5001064230020BDF82230F6
:10522000B3B9012A99F8000000F08880FFF7ECFB81
:10523000019B009A3B44134493F8342042F002024D
:1052400083F8342093F8342042F0010283F83420AC
:10525000002E3FF433AD706900F018FA7369012134
:1052600008AA40469847002000F010FA97F8353019
:10527000DF073FF523AD99E6FFF780FC404608A91C
:1052800000F088F91AE5DDF80CC0BCF1010F00F060
:105290009D80BCF1000F00F08A80002391F802800D
:1052A00004E00671D8B2844540F2818008EB030027
:1052B00057FA80F090F804E00133BEF1FF0FF0D010
:1052C0004FF0E023D3F8F03DDA0700D500BE4FF0F1
:1052D000E023D3F8F03DDB0700D500BE00237B7050
:1052E000EDE5FFF765FA024600287FF45AAFE6E5E0
:1052F000FFF7FEF8024600283FF4DAAD40461223DD
:1053000008A900F061F900287FF4D8ACD7E5FFF7D1
:105310002FFC024600283FF4D2AD4046137808A97E
:1053200000F052F900287FF4C9ACC8E5BDF824109C
:10533000FFF7E6F802460028EFD1C0E50293FFF739
:105340007BFB019A009B3A441A4492F83410029B6A
:1053500063F3410182F8341092F8341063F30001D2
:1053600082F8341074E700214046FFF79FFA404668
:10537000FFF734FBBB7840460093FFF7AFFB009B81
:10538000BB7033E6DDF80880FFF7F6FB76E74046B2
:10539000012308A90DF11A028DF81A6000F014F922
:1053A0008CE40B7891F803C019444B784DE63346F2
:1053B0000F480392019100F069FD0E4B01991B7893
:1053C000039AB3421144BFF436AE79E7D8F810001F
:1053D000094B984208BF4FF0020C5EE74FF0E02304
:1053E000D3F8F03DDB077FF569AC00BE66E400BF93
:1053F000482500201D2C0020C55A00102DE9F84F2B
:105400000A9F002A40D00C461E4615464FF0000A5F
:10541000DFF87C90DFF87C8018E0204698F80210D6
:1054200099F800B000F002FDE0B121465846FFF7C0
:1054300059FAF0B1A2780AF1010AD10916BF0B9B03
:105440003A701A702278AA4514441DD06278052A51
:105450000FD1E17801F00301B1420AD1A27812F034
:10546000700FDAD04FF0E023D3F8F03DDA0700D523
:1054700000BE4FF0E023D3F8F03DDB0702D400205C
:10548000BDE8F88F00BEFAE70120BDE8F88F00BF45
:105490004C1A00203425002038B58B7813F0700F9B
:1054A00008D04FF0E023D3F8F03DDB0700D500BE75
:1054B000002038BD074A084B0C46084691781D78F5
:1054C00000F0B4FC0028ECD021462846BDE8384066
:1054D000FFF708BA342500204C1A00200B46064A74
:1054E00006481168DA09343203F07F0302EB430304
:1054F000184400F055BC00BF88250020342500204A
:105500000B46064A06481168DA09343203F07F0375
:1055100002EB4303184400F06DBC00BF8825002057
:105520003425002010B5194801F07F0C00EB4C0029
:1055300000EBD11090F834C01CF0010F08D04FF0F0
:10554000E023D3F8F03DDA0700D500BE002010BDFF
:1055500000F1300494F804C00D484CF0010C0078C0
:1055600084F804C0FFF73CFA0028F0D14FF0E021A6
:10557000227960F300022271227960F382022271A3
:10558000D1F8F03DDB07E1D500BEDFE73425002090
:105590004C1A002030B50B4C8C46A64605460868D0
:1055A00049680023AEE803009CF800102846C94370
:1055B000C4E90233BDE830401A4601F08001FFF72C
:1055C000B1BF00BFF42400202DE9F041284F4FF077
:1055D0000008BE468C46064608684968BA60AEE8D0
:1055E0000300A7F80E801546BCF80620934228BF9A
:1055F0001346BB819AB11C4633B3DDB197F9003035
:10560000402C28BF4024002B29DB4146234630464E
:10561000184AFFF787FF68B10120BDE8F0819CF8C8
:1056200000101346C943304601F08001FFF77AFFAE
:105630000028F1D14FF0E023D3F8F03DDB0700D58F
:1056400000BE0020BDE8F0811A46397801F08001E3
:1056500023463046FFF766FF0028DDD1EAE7224601
:105660002946044808F09CF98021024AF0E700BF6F
:10567000F4240020B42400200022034BC3E90022BC
:10568000C3E902221A617047F4240020014B18611B
:10569000704700BFF424002030B40246044C0025BB
:1056A000234600685168C4E9025530BC03C3704703
:1056B000F424002070B53D4CC90922780646B1EBB0
:1056C000D21F1D4682B017D053B14FF0E023D3F85C
:1056D000F03DDB0702D4002002B070BD00BEFAE747
:1056E0002146FFF7F1F823691BB12246032130461A
:1056F0009847012002B070BD94F90030002B06DB02
:10570000A0680028E7D02A46294908F049F9E0892D
:10571000A168E388284480B229448342E081A160E3
:1057200016D03F2D14D9A28994F90040131A9BB2C8
:10573000402B28BF4023002C27DB90424FF0000174
:1057400031D01B4A3046FFF7EDFE0028D1D1BCE72F
:10575000236923B102213046144A984760B1217869
:105760000023C94330461A4601F08001FFF7DAFEF4
:105770000028AAD00120BDE701463046FFF744F9D2
:1057800080213046FFF740F9B3E7904208D01A462F
:105790000748019308F004F98021054A019BD1E7ED
:1057A00080210022CEE70A46CCE700BFF424002087
:1057B000B42400202DE9F0410446FFF7E5F908B9CB
:1057C000BDE8F081FFF7E8F905460028F8D1C823C5
:1057D00004FB03F3124EF718F9780029F0D01033C8
:1057E0001E44304600F0C8FB3F28E9D92846F97826
:1057F000FFF774FE0028E3D0304600F0BDFB3F28E1
:10580000F97808D9074A284602EBC4124023BDE8BC
:10581000F041FFF787BE2846BDE8F041FFF770BEB4
:10582000EC2300206823002010B50446FFF7ACF9F4
:1058300008B9002010BDFFF7AFF90028F9D1C82240
:10584000034B02FB0433187900F0010010BD00BFC8
:10585000EC230020C82208B5024B02FB003000F008
:1058600071FB08BDFC2300202DE9F8434FF6FF73C0
:10587000C8249A4228BF1A4600FB04F4DFF874805B
:1058800004F110054544064692B2284600F0D0FBCC
:105890000746FFF779F910B93846BDE8F883FFF7F6
:1058A0007BF981460028F7D1A04498F80330002BFB
:1058B000F2D0284600F060FB3F28EDD9484698F822
:1058C0000310FFF70BFE0028E6D0284600F054FB3B
:1058D0003F2898F8031007D9054A4846402302EBB1
:1058E000C612FFF71FFED7E74846FFF709FED3E7CA
:1058F00068230020EC2300202DE9F0410446FFF747
:1059000043F910B90020BDE8F081FFF745F90546DD
:105910000028F7D1C82604FB06F6DFF8648006F1FC
:1059200024074744384600F00DFB0028EAD0B04475
:10593000284698F80210FFF7D1FD0028E2D00F4E5C
:10594000384606EBC4163146402200F071FB98F849
:105950000210044668B1034632462846FFF7E2FDCE
:1059600050B94FF0E023D3F8F03DDB07CAD500BEB5
:10597000C8E7FFF7C5FDC5E72046C4E7A823002018
:10598000EC23002038B54FF6FF75C823AA4228BF84
:105990002A460B4C92B203FB00440546204600F019
:1059A00005FC034620461C4600F0CCFA3F2801D8EF
:1059B000204638BD2846FFF79FFF204638BD00BF70
:1059C00010240020C82208B5024B02FB003000F072
:1059D000D3FA08BD10240020F0B5002483B0C822FB
:1059E0000021174807F0B8FFFF234FF4E1310822E8
:1059F0001448047012480094074643718160827312
:105A000000F1380101234022103000F06BFA01232D
:105A1000402207F17801009307F1B80607F124004E
:105A200000F060FA07F1C0053046FBF731FD28466B
:105A3000FBF72EFDC7E90746C7E90C5403B0F0BDDC
:105A4000EC230020E82300200A4A116B136A61B19D
:105A50003BB10023C2E90C33D36100231362012060
:105A600070470120C2E90C337047002BF7D0D16199
:105A7000F3E700BFEC230020002210B50E4C0F48C6
:105A8000237802600271DA0707D59B070BD5BDE8C2
:105A9000104001210A4800F053BC103000F034FCE3
:105AA00023789B07F3D4064800F02EFCBDE8104095
:105AB0000121034800F044BCE8230020EC2300202F
:105AC00010240020F0B54B7983B0022B02D18B79E2
:105AD000022B03D00025284603B0F0BD274FBB782A
:105AE0003BB14FF0E023D3F8F03DDB07F2D500BE29
:105AF000F0E78B7806463B700B78CC186178242948
:105B000008BF092507D036E023781C4461782B4470
:105B100024299DB207D1AA42F6D20020FFF74AFEFF
:105B2000284603B0F0BD0B46052916D0042BF4D14E
:105B300063790A2BF1D1124B27780193013300933B
:105B4000022330461A46E119FFF758FC0028C8D056
:105B50000E3517FA85F5ADB2DFE721463046FFF77F
:105B60009BFC0028BDD0A3787B7023785A191C4475
:105B7000637895B2DAE70B460925D5E7EC230020D8
:105B8000EE230020137803F06003202B08D170B5BA
:105B9000264C938894F800C09C4503D0002070BD2B
:105BA000002070475378203B032BF7D8DFE803F041
:105BB00027230D0201292ED003291ED11C4BE3B14E
:105BC00000205188AFF3008017E0012923D003297A
:105BD00013D15588174805F0010686F0010125719B
:105BE00000F0AEFB144B43B131460020C5F3400238
:105BF000AFF3008001E0012911D0012070BD01291F
:105C00000DD00329F9D10D4B002BF6D000200C4903
:105C1000FEF7EEFDF1E71146FFF7BCFCEDE711469C
:105C20000723074AFFF7D0FCE7E700BFEC2300207B
:105C3000000000001024002000000000F1470010C8
:105C4000F42300202DE9F843354E0C46F278074640
:105C50008A421D463DD0B3788B4212D04FF0E023EC
:105C6000D3F8F03DDB0732D40020BDE8F8832D4B9C
:105C700023B12D4800F076F900284DD00020FFF721
:105C800099FDB378A34201D00120EEE7274B13B171
:105C90000020AFF300800020FFF72EFE0028F3D194
:105CA000234800F04FF90028EED1002DECD015F07C
:105CB0003F05E9D13846B178FFF710FC0028E3D062
:105CC0002B462A463846B178FFF72CFCDCE700BEAD
:105CD000CAE79AB2174906F1100000F067FA164BAE
:105CE000002BC4D07379FF2BC1D0002DBFD0DFF8BB
:105CF000448008EB050902E0C845B8D0737918F86C
:105D0000012B9A42F8D1084800F02CF90028F3D171
:105D10007179AFF30080EFE7AFF30080AEE700BF2B
:105D2000EC23002000000000FC2300200000000005
:105D300010240020682300200000000010B582B06D
:105D4000C9B101280CD80B7853B1144C012B235442
:105D500002D0012002B010BDFEF726FF0028F8D1C6
:105D60004FF0E023D3F8F03DDB0702D4002002B06F
:105D700010BD00BEFAE70124084601A9ADF80440B1
:105D8000FEF712FF38B94FF0E023D3F8F03DDA0701
:105D9000EDD500BEEBE7014B1C70E8E7282500209D
:105DA000F8B5037813F001041AD1037805465A07B1
:105DB000C3F3800701D52046F8BD0E464FF0FF31F2
:105DC000304607F0B5FD2B7813F001040BD12B788A
:105DD0005B0709D42B78012443F004032B7003E004
:105DE00000242046F8BD3C46304607F0D1FD204651
:105DF000F8BD00BF70B50C4605464FF0FF31204698
:105E000007F096FD2B78C3F380065B0708D52B7847
:105E100013F0010311BF00262A7863F382022A706F
:105E2000204607F0B5FD304670BD00BFC3788288BC
:105E300003F003000228C2F30A0215D003280AD097
:105E400001281CD1022940F2FF3308BF4FF48063C0
:105E500093420DD37047022914BF40234FF480634F
:105E6000934205D30120704702290AD0402AF9D96C
:105E70004FF0E023D3F8F03DDB0700D500BE002053
:105E80007047B2F5007FEDD0F2E700BF0A449142BF
:105E900026D291F801C0BCF1050F05D091F800C0E1
:105EA00061448A42F5D8704700B591F802C00CF001
:105EB0007F0E00EB4E0E4FEADC1C0EF80C3091F812
:105EC00000C061448A4209D991F801C0BCF1050FB4
:105ED000EBD091F800C061448A42F5D85DF804FB2C
:105EE000704700BF2DE9F041B2F5004F9DF81880D2
:105EF00024D80446C06817460E461D4618B14FF018
:105F0000FF3107F015FD206918B14FF0FF3107F0A0
:105F10000FFD0022C5F30E03E06843EAC833628137
:105F20002660A780E380228108B107F031FD206957
:105F300008B107F02DFD0120BDE8F0810020BDE88B
:105F4000F08100BF038942899BB292B2808893425C
:105F500036BFC2EB40029B1A9B189BB2984228BFE7
:105F6000184670470289438990B29BB2C01AB0FAB2
:105F700080F04009704700BF038942899BB2808846
:105F800092B2934236BFC2EB40029B1A9B189BB25F
:105F9000984286BFC01A80B20020704738B50446C8
:105FA00000690D4618B14FF0FF3107F0C1FC21899F
:105FB000638989B29BB2A288994236BFC3EB420083
:105FC000C81A401880B250B3824209D291422CBF05
:105FD000891A89188BB29A42638103D89B1A9BB2A3
:105FE0009A42FBD9E2882168C2F30E0202FB031138
:105FF000284607F0D5FC6189012589B24B1C9BB26C
:106000009942A2880ED9002302FA05F15B1A9BB2CD
:106010002069638108B107F0BBFC284638BD0546FE
:1060200063899BB2B3EB420F4FEA4201F0DBEDE72D
:106030002DE9F047064600698846914618B14FF0B1
:10604000FF3107F075FC338974899BB2A4B2B5881F
:10605000A34236BFC4EB45071F1BFF18BFB2002F7A
:106060004AD0BD4240D3B94528BFB946A5421FFA20
:1060700089F703D8641BA4B2A542FBD9B6F806A0E1
:106080002B1B31689BB2CAF30E029F42924602FB61
:10609000041123D913FB02F31FFA83F94A46404641
:1060A0007D1B07F07DFC621912FB0AF2316808EBD8
:1060B000090092B207F074FC7289B58892B2D319C4
:1060C0009BB29A421AD96A009B1A9BB230697381BB
:1060D00008B107F05DFC3846BDE8F087404607FB95
:1060E00002F207F05DFCE7E7AB422CBF5B1B5B19DC
:1060F0009CB22F467481B6E773899BB2B3EB450F10
:106100004FEA4502E2DBDFE7F8B50446C0680E4619
:1061100018B14FF0FF3107F00BFC25892389618905
:106120009BB289B2A2888B4236BFC1EB42015B1A97
:106130005B189BB29A42ADB208D8E779FF0905D146
:10614000E06808B107F024FC3846F8BD954228BF46
:106150002B4618D39B1A9BB29342FBD2E28820684D
:10616000C2F30E0202FB0300314607F019FC6B1C60
:106170009BB29D42A28812D9002351005B1A9BB2A8
:1061800001272381DCE7E2882068C2F30E0205FBC9
:106190000200314607F004FC0135A288ABB2B3EB34
:1061A000420F4FEA4201EBDBE8E700BF2DE9F04F79
:1061B000174683B0002A75D00646C068894618B1D4
:1061C0004FF0FF3107F0B4FBF379B6F8088072891D
:1061D000DB09B5881FFA88F892B23CD1904536BFEA
:1061E000C2EB4502A8EB0202424492B2AA425ED23E
:1061F000AA1A92B2BA4228BF3A46B6F806B097B287
:106200007B1B08EB070ACBF30E0B9BB21FFA8AFA33
:10621000A845444603D3641BA4B2AC42FBD22D1B59
:106220003068ADB2BD420BFB040057D349460BFBAF
:1062300007F207F0B5FBB288D0454FEA420302D817
:10624000BAEB420F03DBAAEB03031FFA83FA3D46C6
:10625000A6F808A02CE0B6F806B0AF42CBF30E0BC0
:106260002FD2904536BFC2EB4501A8EB0201414455
:1062700089B2680039447B1B81429BB20DDB02EB83
:10628000050A1FFA8AFAAAEB07081FFA88F842459E
:1062900037D9A8EB00001FFA80F807EB080A1FFAAD
:1062A0008AFAB5E71546284603B0BDE8F08F002509
:1062B000F0680028F7D007F06BFB284603B0BDE874
:1062C000F08F002DF4D07F1B02EB050A0BFB079922
:1062D00090462F4600231FFA8AFA99E715FB0BF523
:1062E000ADB22A464946019307F05AFB019B30683C
:1062F000E21812FB0BF209EB050192B207F050FB1A
:1063000099E7404584DCC4E710B50446C06818B17D
:106310004FF0FF3107F00CFB206918B14FF0FF314F
:1063200007F006FB0023E0686381238108B107F0D2
:106330002FFB206908B107F02BFB012010BD00BF27
:1063400038B50446C0680D4618B14FF0FF3107F06C
:10635000EFFA206918B14FF0FF3107F0E9FAE3795D
:10636000E06865F3C713E37108B107F011FB20691A
:1063700008B107F00DFB012038BD00BF70B5002546
:1063800001260468002BE5668446616028469DF876
:1063900010E0E66616DD5D1E616F1029FCD000B3CB
:1063A0000021A84204BF8EF0010641EA462141F4D3
:1063B00080712161D4F88010616B490605D54FF0DA
:1063C000FF30636D8CF804E070BDA16F0029F1D03F
:1063D00021690130834202F8011BF3D0DCF8004050
:1063E000DAE79CF804108902DBE700BF2DE9F041F1
:1063F00000270124944602680546D7665160D4669A
:106400001C1E38469DF818601EDD297986F00107AC
:1064100089027F0204F1FF3E70450CBFB8464FF081
:1064200000081CF8013B0B4343EA08031361536B5C
:10643000D906FCD5D2F8801049B970451CD001307E
:1064400084424FF00001E7D12E71BDE8F0814FF09A
:106450000108536D536B9B05FCD5136EB8F1000F0B
:10646000EDD069B1CB070BD411F0080F08BF4FF086
:10647000FF302E71BDE8F081002EE0D1B046E9E793
:106480004FF0FF30E0E700BFF8B5044605200F46A7
:10649000FBF7E6FC00EB570CBCFBF7FC204D0CEBCC
:1064A0004C02A5FB02651F49AE088F4200EB40037A
:1064B000ACEB95052ED801F1D64101F5A10101F60D
:1064C0002C01A1FB03139B0D013300214F2A98BF20
:1064D00001222468B0FBFCF0E166216804F58057D6
:1064E00081F0040101F00601396088BF0C49E561C3
:1064F00084BFA1FB021292092662C4F8A0202246A2
:10650000012152F87C5F6B409BB202F58052136010
:10651000E166F8BD0449A1FB0313DB0D0133D4E7A9
:10652000CDCCCCCC3F420F00893BE6550E4A30B46F
:10653000904214BF102220220C4D0D4B0D4C2A60AE
:106540001A60A36832EA0303FBD140F26515032405
:1065500002680371D3661560D3639363C2F8884001
:1065600030BCFFF791BF00BF501A0020002002404E
:10657000003002400000024010B49DF80440019435
:106580005DF8044BFFF732BF10B49DF8044001944E
:106590005DF8044BFFF7F2BECB0002684CBF174B0F
:1065A000174B10B482EA01041C4217D042F30903CE
:1065B000013313D0134B114C134043F09F430C4055
:1065C00043F4E0039C4209D00B0D03F4E064B4F5FE
:1065D000806F07D000205DF8044B704701205DF804
:1065E000044B7047C2F38924C1F389218C42F1D353
:1065F0005BB202EB83220260ECE700BF00FCFF7F8E
:1066000000FC0F7000FC0F00034641F30902B2F1D9
:10661000FF3F08BF01311A68C1F309010432114478
:1066200000201960704700BF2DE9F04F83B00D9F27
:10663000002F64D00546894616461C46DFF8F4B0A4
:106640002B689E423FD0DDF834804246DBF868C0BC
:106650004A45DCF81000DCF804A0B4FBF0F300FBC2
:10666000134311D383B982420ED3B8FBF0F300FB7E
:1066700003F3214630460C9AA8EB03070193D04759
:1066800080B303B0BDE8F08F421E4A442244B2FBFF
:10669000F0F200FB02F2DCF81800E11A1B1B824248
:1066A00094BF9B181B18DCF824C03046634528BFF4
:1066B0006346C5E90061EA68AB60D0470028E0D1D5
:1066C0002B689E42BFD1D5E901130B449C42BAD23C
:1066D0008C4218D20D9BA1EB0408984528BF984620
:1066E0001A46B3E70D9BA7EB080213440D930C9ACF
:1066F000019B1A440C921C440D9B002BA0D100203E
:1067000003B0BDE8F08FA3EB040A0D9B611A9A4514
:1067100028BF9A46EB68524619440C9807F040F996
:106720000C9B544453440C930D9BA3EB0A030D9311
:10673000E2E700BF782100202DE9F0413D4CC66A18
:10674000D0F824800546A066002E43D03746E66088
:106750002B6B002B4CD0E3614FF0FF364246FF21FC
:10676000384607F0F9F8A36EFF215A6AE0692660FF
:1067700007F0F2F8A56E26616B6B002B47D06366BD
:10678000AA6B4FF0FF30002A08BFFF224FF0FF3105
:106790000023E266C4E90801E96B40F2FE37994242
:1067A00008BF6FF000412167296C1846994208BF65
:1067B0003946214AC4E90B33C2E90133C2E9043343
:1067C000A36242F8083C42F8043CE363A3646167B7
:1067D000BDE8F0814046FBF7DBFE0746E06000289D
:1067E000B6D1E068FBF7E6FEA36E1B6B5BB907E072
:1067F0004046FBF7CDFEE0610028ADD1002EF0D081
:10680000E069FBF7D7FEA36E5B6B83B90CE0A86A67
:10681000FBF7BEFE60660028B2D1EB6A002BE0D029
:10682000A36E1B6B002BEBD0606EFBF7C3FE6FF00B
:106830000B00CDE778210020B42100202DE9F04F96
:106840001E46974D83B0D5F868C00C9CDCF81C3010
:106850000E9FB34240F22181DCF818309046E219D5
:106860009A4200F21A81002F00F0B68082460D464F
:10687000002859D00E97DAF800309E4278D02B6865
:10688000DDF838909E4200F08480854B0E9A986E19
:1068900042450369D0F804B0B4FBF3F103FB1141A6
:1068A00046D3002944D19A4242D3B9FBF3F202FB0A
:1068B00003F3214630460D9AA9EB03070193D8470D
:1068C00000287BD003B0BDE8F08FD5E90123134445
:1068D000A3426BD8BA46724BB8459B6E1869D3F881
:1068E0000490B4FBF0F100FB114102D809B9B842A1
:1068F00076D9421E42442244B2FBF0F200FB02F27F
:10690000D3F818C0586A0B1B624594BF9B186344A8
:10691000834228BF0346611A3046EA682E606960E8
:10692000AB60C8470028CDD12B689E42D2D1CCE7BE
:106930005A1E42442244B2FBF3F203FB02F2D0F8A7
:1069400018E00B1B724594BF9B187344D0F824C009
:10695000611A634528BF63463046EA682E60696065
:10696000AB60D8470028ADD1DAF800309E4286D11E
:10697000DAE9012313449C4281D2944261D20E9BF6
:10698000A2EB0409994528BF99462B689E427FF4E3
:106990007CAFD5E901130B449C42BFF476AF8C4227
:1069A0003BD2091B894528BF89466EE7A2425FD9C1
:1069B000A2EB040ABA4528BFBA468CE70E9BA7EBA8
:1069C000090213440E930D9A019B1A440D921C4424
:1069D0000E9B002B7FF44FAF002003B0BDE8F08F7B
:1069E000BAFBF0F300FB03F3214630460D9AAAEB05
:1069F000030B0193C84700287FF464AF0D9A019BF5
:106A0000ABEB0A0B1A445F440D921C44002FE3D0F9
:106A10002B689E427FF45EAF57E71B1B994528BF4A
:106A20009946EB68611A19444A460D9806F0B8FF7A
:106A30000D9B4C444B440D930E9BA3EB09030E930B
:106A4000C6E7A3EB040B0E9BDAF80C109B4528BF9E
:106A50009B46A21A11440D985A4606F0A1FF0D9BC1
:106A60005C445B440D930E9BA3EB0B030E93AFE7CB
:106A7000A3EB0409B94528BFB946E968A21A114435
:106A80000D984A4606F08CFF0D9BA7EB09074B4477
:106A90000D934C44002FBBD19EE76FF0010011E72E
:106AA0007821002030B5082513460F4987B08A6E3B
:106AB000044604A89269019002955D6801F11000F6
:106AC00000951B68FFF7BAFE60B9049B22689A42E2
:106AD00008D0059D61688D4204D08B4202D0501BC6
:106AE00018BF012007B030BD782100204368C1F3F2
:106AF00009018B422DE9F04FD2E9009A1E4628BFCA
:106B00000E46D0F800B087B07EB30024CDE9021065
:106B10001E4F0DF1100801E0A64223D9BA6E311BB9
:106B2000D06908290D4628BF082581450AEB0403D2
:106B300026D29269E818904222D84A463846CDE9D2
:106B40000085FFF771FD0BEB040140B92A46404672
:106B500006F00EFF00282C44DED009DB022007B02F
:106B6000BDE8F08FDDE902156B68994204D0F5D9D4
:106B7000012007B0BDE8F08F002007B0BDE8F08F1E
:106B80006FF0010007B0BDE8F08F00BF7821002052
:106B90002DE9F047DFF890801E46D8F8684088B0AD
:106BA000A569541E083D1A68AC4202F101092ED3B2
:106BB0000746B4FBF5F00138059106F0E1FE02301E
:106BC000A4EB80029542B2FBF5F4C6F8009020D801
:106BD0004FF0000A059B0DF1180906E03368E5B98E
:106BE0000233023C3360079B13D004F00105C5F16A
:106BF0000202920041463846CDE90192CDF800A04C
:106C0000FFF71CFE0028E9D008B0BDE8F087C3F804
:106C10000090002008B0BDE8F0870133013C3360EC
:106C2000069BE2D1F5E700BF782100202DE9F04F67
:106C300085B003914AB94FF0FF3300200E990B60E5
:106C40000F9B1A6005B0BDE8F08FDFF8D0801C46BE
:106C5000D8F86810551E8B690746A3F108094D4501
:106C600053D3B5FBF9F00138029106F089FE0230EA
:106C7000A5EB8005A145B5FBF9F5029949D8B4FB10
:106C8000F9F00138029106F07BFE861CA4EB860623
:106C9000B6FBF9F6304606F073FEA4EB800009FB64
:106CA00016040299B5422DD94FF0040B4FF0010A9A
:106CB0000DF10C09029401E0D8F8681095FAA5F3DB
:106CC000AC1BB4FA84F4B3FA83F3C4F11F049C42FE
:106CD00028BF1C46C869039AA300824203F1040C32
:106CE00019D289698C4516D804213846CDE9009B14
:106CF000FFF79AFC0AFA04F42D1B0028A2D1B54232
:106D0000DAD8029C2246039B97E7A145FAD80025D2
:106D1000B5E70026C6E76FF0010093E77821002071
:106D20002DE9F04F0746006887B0C31C56D8DFF83E
:106D3000B8800C46D8F86810BA684B698D685E1E3A
:106D40001644B6FBF3F603FB06F6FA683346796899
:106D5000A84798BBD7F80CC0B4B34FF0FF33C8F8BE
:106D60000030D7E900AB7EB30397044667460DF1C8
:106D7000100902E02C44A64223D9D8F86820311B20
:106D8000D06908290D4628BF082582450BEB04036E
:106D900012D29269E81890420ED852464046CDE988
:106DA0000095FFF741FC00281CD12A4648463919B6
:106DB00006F0DEFD0028DDD06FF0010007B0BDE871
:106DC000F08F039FD7F80CC0D8F86830FF215A6ABB
:106DD000604606F0C1FD4FF0FF333B60002007B076
:106DE000BDE8F08FE8DAE9E7782100202DE9F047E7
:106DF000DDF82090B9F1000F38D0164698460446C9
:106E00000D460023214F026808E04A692560B6FB61
:106E1000F2F002FB00F02A46A3606060AA42B96E5D
:106E2000F3D16068B042F0D84A6A0244B242ECD969
:106E3000A2EB060ACA4528BFCA46E268301A414694
:106E40001044524606F0ACFD6268A1685644B21A7E
:106E50008A4238BF0A46B96E0023496AA9EB0A097B
:106E60008A42A26005D0B9F1000F0BD10020BDE825
:106E7000F08701212046FFF753FF00230028F2D0BE
:106E8000BDE8F0872268D044C8E700BF7821002021
:106E90002DE9F047DDF820A0BAF1000F37D0234CE0
:106EA0001746984681460E460023226908E04A6943
:106EB0002661B7FBF2F502FB05F53246A361656179
:106EC000B242A16EF3D16069B842F0D84A6A024476
:106ED000BA42ECD9D51B554528BF5546E269381A48
:106EE000414610442A4606F05BFD6269A1692F44C1
:106EF000BA1A8A4238BF0A46A16E0023496AAAEB31
:106F0000050A8A42A26105D0BAF1000F0BD1002018
:106F1000BDE8F08749460648FFF702FF0023002836
:106F2000F2D0BDE8F0872269A844C9E778210020A3
:106F300088210020F0B5426843690E4602F1100135
:106F4000994285B000F23F810546042483689F4F33
:106F500029687B401BBA0393002003AB0094FFF722
:106F600097FF0346002840F02B81E9689DF80C301C
:106F7000974C83EA010202F00F0254F8222082EAC1
:106F8000111282EA131303F00F0354F823109DF833
:106F90000D3081EA12110C22009283EA010202F004
:106FA0000F0254F8222082EA111282EA131303F02E
:106FB0000F0354F8233083EA121C9DF80E209DF82D
:106FC0000F3082EA0C0101F00F0154F8211081EA20
:106FD0001C1C8CEA121202F00F0254F8221081EAF3
:106FE0001C1183EA010202F00F0254F8222082EA07
:106FF000111282EA131303F00F0354F823302968A7
:1070000083EA12136A68EB60043233466A60FFF762
:107010003FFF0346002840F0D380D5F80CC03178FC
:10702000727881EA0C0000F00F0054F8200080EA2A
:107030001C1C8CEA111101F00F0154F8210080EAA8
:107040001C1082EA000101F00F0154F8211081EABE
:10705000101181EA121202F00F0254F8222082EA83
:10706000111CB178F27881EA0C0000F00F0054F89E
:10707000200080EA1C1C8CEA111101F00F0154F869
:10708000210080EA1C1082EA000101F00F0154F88F
:10709000211081EA101181EA121202F00F0254F855
:1070A000222082EA111C3179727981EA0C0000F009
:1070B0000F0054F8200080EA1C1C8CEA111101F02A
:1070C0000F0154F8210080EA1C1082EA000101F04F
:1070D0000F0154F8211081EA101181EA121202F016
:1070E0000F0254F8222082EA111CB179F27981EA68
:1070F0000C0000F00F0054F8200080EA1C1C8CEA01
:10710000111101F00F0154F8210080EA1C1082EAED
:10711000000101F00F0154F8211081EA101181EAF9
:10712000121202F00F0254F8222082EA111C317A66
:10713000727A81EA0C0000F00F0054F8200080EA17
:107140001C1C8CEA111101F00F0154F8210080EA97
:107150001C1082EA000101F00F0154F8211081EAAD
:10716000101181EA121202F00F0254F82200B27AD2
:1071700080EA111082EA000101F00F0154F8211099
:1071800081EA101181EA121202F00F0254F8220073
:10719000F27A80EA111082EA000101F00F0154F83E
:1071A0002110AF6081EA101181EA121202F00F0281
:1071B00054F822006A6880EA11110C32E9606A60B2
:1071C000184605B0F0BD6FF00A03F9E70CFCFF7F2D
:1071D000ACE5001041F309032DE9F04FB3F1FF3F97
:1071E00014BF884601F10108174642680D46131D79
:1071F0004169C8F3090843448B4287B000F2E1803B
:10720000042304460093836825F000414B401BBAD9
:10721000039105930020216805ABFFF739FE02902A
:10722000002840F09980E1689DF81430664E83EAAA
:10723000010202F00F0256F82220002D82EA1112FC
:1072400082EA131303F00F0356F8233083EA121C6B
:107250009DF815209DF8163082EA0C0101F00F010F
:1072600056F8211081EA1C1C8CEA121202F00F025F
:1072700056F8221081EA1C1183EA010202F00F0283
:1072800056F8222082EA111282EA131303F00F0348
:1072900056F8233083EA121C9DF81730626883EA9F
:1072A0000C0101F00F0156F8211002F1040281EAED
:1072B0001C1181EA131303F00F0356F823306260A8
:1072C00083EA1113E3604BDAB8F1000F6ED04FF090
:1072D000010B029DDFF8F4900DF1130A19E0E1684B
:1072E0009DF81330454583EA010202F00F0256F87B
:1072F000222082EA111282EA131303F00F0361685D
:1073000056F8233001F1010183EA1213E360616052
:107310004CD0D7E90023D9F868002B44C169A8EB09
:10732000050E8A4203F1010C48D28069844545D894
:1073300071464846CDE900ABFFF776F9034650B9F0
:107340006268CDF800B053462168FFF7A1FD013512
:1073500003460028C3D00293029807B0BDE8F08F1F
:10736000CDF800803B462168FFF792FD20BBE36823
:10737000B8F1000F16D0013F07EB080017F8012FF6
:1073800082EA030101F00F0156F82110B84281EAA8
:10739000131383EA121202F00F0256F8222082EA37
:1073A0001313EBD1E360636843446360039B02986B
:1073B000A36007B0BDE8F08F0290CDE76FF0010346
:1073C000C9E76FF00A03C6E7ACE50010782100209A
:1073D0000068FFF7FFBE00BF2DE9F04FDFF8D0A235
:1073E0004668DAF86830054659698BB0CA1D02EB69
:1073F0000608B8FBF1F801FB08F8464580F050811B
:1074000000221946A84CDFF8A4920492039215E0DA
:107410004FF0FF32079907F00047C1F30906043621
:107420001E444F40E9680433B045C5E90167049143
:107430000393EA6040F2A880DAF8681040F2FE3266
:107440000436A8EB0600904294BF06EB000B06EB57
:10745000020BC34504D2A8F10802934528BF934606
:107460004FF0FF372A68C8690797824280F005818C
:1074700089690BF10400884200F2FF80042107A80B
:1074800000905B4650460191FFF7CEF810B1821C88
:1074900040F0F080079F2A683FBAFF43F80F00F5DD
:1074A000A0600005ABEB0603A9680343D5F80CC048
:1074B000234383EA010630BA8CEA166606F00F060B
:1074C000114659F82620079382EA1C1282EA101608
:1074D00006F00F0659F82660C0F3072386EA121655
:1074E00083EA060202F00F0259F82220089082EA8D
:1074F000161282EA131303F00F0359F82360C0F346
:10750000074386EA121C082683EA0C0202F00F02E7
:1075100059F82220009682EA1C1282EA131303F023
:107520000F0359F8233083EA121C8CEA106303F02E
:107530000F0359F8232008AB82EA1C1282EA10706C
:1075400000F00F0059F82060002086EA1216EE6065
:107550006A680996FFF79CFC002840F08B80039A2C
:107560006B68002A3FF454AF4FF0FF32079907F0E1
:107570000047C1F3090604361E444F404645C5E99D
:107580000167EA60FFF458AF4FF0FF34DAF81000FB
:10759000CAF80040C31C1CD8DAF86810DAF81830B2
:1075A0004A6923441344B3FBF2F38E6802FB03F3EE
:1075B000DAF81410DAF81C20B04700285AD1DAF8AB
:1075C0006830FF215A6ADAF81C0006F0C5F9CAF8DB
:1075D00010402B6943454CD2039AAB469146334F3A
:1075E000CDF81480039A02F10408984549D94FF068
:1075F000FF3400E033464B4503F10106A8EB0301DD
:1076000002D1049A94423CD1DAF86800DBF80020F9
:10761000C569AA4235D28069864232D801200190DC
:1076200008A800902248FEF7FFFF18BB9DF8203005
:10763000B04583EA040202F00F0257F8221081EAF3
:10764000141181EA131303F00F0357F823304FEAA4
:10765000111283EA1114CDD89A4212D140F2FE33AE
:107660000598039A811A994294BF5218D2188242FF
:107670000CD300200BB0BDE8F08F4FF0A0400027E6
:1076800010E76FF001000BB0BDE8F08FA0F1080328
:10769000934228BF13461A1D98420392A2D8E8E7E6
:1076A0000023CDE903336FE700FC0F00ACE50010C9
:1076B000782100202DE9F04FDFF890A20C46DAF88F
:1076C00068500968EF6997B0B942CDE90823209E58
:1076D00080F0D7816268974240F2D38100238346CD
:1076E000A869CDE9103303280DD90A46042110A852
:1076F000009001915046FEF797FF0346054600288B
:1077000040F0CA816268DAF86830D9698A4280F04C
:10771000C1819B69032B40F2BD81042111AB009311
:107720008A4800230191FEF77FFF034605460028A3
:1077300040F0AE81DDE910239B1A002BD4BF00235B
:107740000123002054F8232083F0010E0DEB830366
:107750001B6CCBF8002054F82E10CBE902304FF010
:10776000FF334FF002089C46DFF8E891CBF8041095
:10777000CDF834E0CDF82C8020969BF808E09BF8FB
:1077800009406FEA0E0707F00F0759F827709BF8BA
:107790000A0087F07047FF4387EA1E1E0EF00F0EA7
:1077A00059F82EE09BF80B108EEA171E84EA0E079C
:1077B00007F00F0759F82770DAF8683087EA1E17C4
:1077C00087EA141404F00F0459F8244012AE84EA36
:1077D000171780EA070404F00F0459F82440D3E98E
:1077E000063584EA171484EA101000F00F0059F8E7
:1077F0002000954280EA141481EA040000F00F0092
:1078000059F8200080EA141080EA111101F00F01EC
:1078100059F821404E4984EA101403C986E8030050
:1078200040F2B98200214FF0FF370C9107914FF0E1
:1078300004081946CDF828C00397CDF818C008F100
:107840000405A942C0F0FB8004270FAB00933F481A
:1078500043460197FEF7E8FE002840F04B829DF872
:107860003C209DF83D3082EA040101F00F0159F8F7
:107870002110DDF83CC081EA141484EA121202F0EF
:107880000F0259F822109CFA8CFC81EA141183EA49
:10789000010202F00F0259F8222082EA111282EA54
:1078A000131303F00F0359F823109DF83F3081EABA
:1078B00012119DF83E2082EA010404F00F0459F8E9
:1078C000244084EA111484EA121202F00F0259F8DB
:1078D000221081EA141183EA010202F00F0259F822
:1078E000222082EA111282EA131303F00F0359F8DF
:1078F0002340039B84EA12148CEA0306002EB4464C
:107900000F96C0F2E08146F30902B2F1FF3F14BFC7
:107910003346731CDAF86820C3F30903916903F155
:10792000040E049308EB0E038B4200F2C581300D68
:1079300000F4E063B3F5A06F00F0E980BEF1040F3E
:1079400000F0A881039605950AE000BF7821002089
:10795000F8E50010ACE500103D46DAF868209169C2
:10796000D069DBF800206F1C824280F05E818F427C
:1079700000F25B810126019614AE2B46BD480096AD
:10798000FEF752FE002840F0B1809DF850200F997C
:1079900082EA040000F00F0059F820008C4680EACB
:1079A000141E41F30904B4F1FF3F14BF0846481CFC
:1079B0008EEA121202F00F0259F82240C0F30900B9
:1079C000C8F101022A440430904284EA1E14C3D84C
:1079D000080D039E059DDBF8002000F4E063002BFA
:1079E0005ED10798C1F38923984201D801330793E8
:1079F000099B83EA0107089B1F4015D1CDE9142597
:107A00002298219B14AA98470028C0F278810F9BE6
:107A10006AD00699984A59400A40002A62D0022842
:107A200000F03C81DBF800200396049B2B44984631
:107A3000DAF86830D3E906108242FFF400AF002381
:107A4000DDF828C0DBF80C208BF81630002A40F057
:107A50005F81DBE900020D9BCBE900200DEB830386
:107A60001B6CCBF808300B9B012B40F0FF80834C44
:107A70001346CDE9000440F2E73281498148FCF722
:107A800019FB6FF001031D46284617B0BDE8F08FC3
:107A90000233F9D1002354E602333FF433AEF3E767
:107AA000B3F5806F00F0C480B3F5C06FA0D100F0D3
:107AB00001030C93DAF86830D3E906109042BED97E
:107AC00008F10C084145BAD312AB0093082369486A
:107AD00001932B46FEF7A8FD0230B0D00F99DBF8DA
:107AE000002085E74FF0FF3306939BE7831C039E3E
:107AF000059D40F00281DBF80020DDF83CC06146C6
:107B00000023080D8BF8163000F4E06367E7D369B3
:107B1000DBF80020934292D908F1080399428ED3F2
:107B200014AB009353482B460197FEF77DFD0028C8
:107B300040F0E080149BA34281D1DAF82C10E3B22C
:107B400083EA010202F00F0259F8222082EA1112A0
:107B500082EA131303F00F0359F82310C4F3072329
:107B600081EA12110F9A42F30907B7F1FF3F14BFE0
:107B70001046501C120D86EAC2773A4647F30906B2
:107B8000B6F1FF3F08BF013283EA010606F00F0697
:107B900059F82660C2F3090286EA111686EA131321
:107BA00003F00F0359F82310049281EA1611C4F36D
:107BB0000742C0F3090382EA010000F00F0059F800
:107BC0002000043380EA111080EA121202F00F0242
:107BD00059F82210434481EA101181EA146202F03C
:107BE0000F0259F82220039782EA111282EA1471D7
:107BF00001F00F0159F821104FF0FF3481EA121201
:107C0000CAF82C20CBE90337079BDBF80020ABF840
:107C100014300C9B8BF81730139BCBF81C30129B45
:107C2000CBF81830069B0A93FFE6039E059D66E796
:107C3000079B40B203449BB2069F0793124B3B4005
:107C400043F09F4343F4E0038B423B461ED05F1C4E
:107C50003FF4CEAEC3F38923C1F38927BB42FFF4BF
:107C6000C7AE069B03EB80230693C1E601230B936B
:107C700083E500BF7821002000FCFF7F7CDE001040
:107C80000CE0001040E0001000FC0F0047F0004343
:107C90000693ADE63146DBF80020A0E6069AC3F372
:107CA0008921C2F389228A42FFF4BCAE43F000432B
:107CB000DBF800200693B7E6DDF828C0DBF80C20DF
:107CC0008BF81600C2E61B0D03F4E063B3F5A06F5A
:107CD000DBF80C2009D1DAF868305B69B2FBF3F00D
:107CE00003FB1020B0FA80F04009DDF828C08BF8C3
:107CF0001600ABE6821C3FF4A2AE0546C4E6861C25
:107D0000FBD1DDF828C0DBF80C208BF816709DE65F
:107D1000DAF83C206546130D13F4E06F209E0FD077
:107D2000DAF84040DBF800108C4220D0DAF844301A
:107D3000DBF8040083421AD0844218D0994216D04E
:107D40003EB1BBF81420C5F38923934228BF1346E4
:107D50003380002DBFF698AEC5F38923BBF81420FD
:107D60009A4294BF00236FF002031D468CE60A9BE3
:107D7000C2F38922C3F38921914240F2FF304FEAD6
:107D8000932316D00A9B5C1C09D0914284BFA3F5B3
:107D900080631D46D4E700238BF8163059E62EB1D8
:107DA000BBF81430834228BF0346338040F2FF33D0
:107DB000D4E7C3F30903002ED0D0BBF814209A42B5
:107DC00028BF1A463280C9E72DE9F04FD0E903B445
:107DD0008BB082463B4DDFF8F490039105941FE091
:107DE000AB6EDAF80020D9698A4263D29B69984564
:107DF00060D8042105AE5B462846CDE90061FEF758
:107E000013FC314B634000283CD1059A13EA090F5B
:107E100012BA82EA040222F00042059217D01446F8
:107E200044F30907B7F1FF3F14BF2346631CC3F3B4
:107E30000903ABF1040203F108018B45A2EB030B2C
:107E40000BF10408CCD200200BB0BDE8F08F013755
:107E5000F9D0AB6EDAF80020C4F30905D9690C2D0E
:107E600028BF0C258A4225D29B6905EB080199425F
:107E700020D806AE43462946124801950096FEF7E3
:107E8000D3FB78B100281ADB039C069AD4E90010D2
:107E90005140A368079A2160089942404B40C4E9C9
:107EA0000123D0E70146C5F10C02701905F054FD1D
:107EB0002046E7E76FF001000BB0BDE8F08FC31C70
:107EC000C1D0C1E7782100200C00F07F0000F07FD6
:107ED0002DE9F04FD0E90354DFF8648187B0D8F87A
:107EE0003C608A46370D17F4E067814611469B4691
:107EF00005940FD0D8F840300268934200F0838098
:107F0000D8F84470406887427DD083427BD0BA4223
:107F100079D00027CDE9021B04E063401940002915
:107F200050D0144644F30906B6F1FF3F14BF234670
:107F3000631CC3F309032A1F03F108018D42A2EB5E
:107F4000030505F1040067D3D8F86830D9F800209C
:107F5000D9698A4265D29B69984262D8042105A8F2
:107F60002B46009001913648FEF75EFB35494FEAFB
:107F7000145EAAEB0703002842D1059A0EF4E060D4
:107F800012BA624022F00042B0F5806F0592C4D16F
:107F90004FFA8EF0DFF8B4E0C4F3892C03EA0E0E3A
:107FA000C3F3892B4EF0804EDC454EF4801EB4D8CE
:107FB000A64507EB80272FD0AAEB070363401940A3
:107FC0000029AED10136DDE9021B25D0D8F86800C2
:107FD000109E0B1DD9F80020C1692B44C4F309057C
:107FE000B54228BF35468A421BD28169E8188842CB
:107FF00017D82946CDE900B51148FEF715FBA8B101
:1080000007B0BDE8F08FC6F38926CAF389239E42E4
:108010003FF67FAF0C4F7DE76FF0020007B0BDE881
:10802000F08F6FF0010007B0BDE8F08F109B0146A4
:108030005A1B0BEB050005F08FFCE019E0E700BFD1
:108040007821002000FCF7FF00FCFFFF00FC0F0080
:108050002DE9F04FD0E90354DFF8649189B0D9F8E5
:108060003C6082464FEA165818F4E0688B46CDE92A
:10807000042307942FD0D9F840300268934200F0CF
:108080008280D9F84400DAF8041088427BD08B4211
:1080900079D0824277D04FF000081CE0DFF828E169
:1080A0004FFA8CF0039003EA0E0EC3F3892CC4F34D
:1080B00089204EF0804E60454EF4801E06D803980D
:1080C000A64508EB802867D0ABEB08036340194056
:1080D000002939D0144644F30906B6F1FF3F14BF16
:1080E0002346631CC3F309032A1F03F108018D42D1
:1080F000A2EB030505F104074ED3D9F86830DAF88E
:108100000020D9698A424CD29B699F4249D80421F8
:1081100007AB009301912B462948FEF785FA2949C0
:108120004FEA145C60BB079A0CF4E06012BA62403C
:1081300022F00042B0F5806F0792ABEB0803ADD0A0
:10814000634019400029C5D1013625D0D9F86830DF
:108150000598C4F30905DAF80020D969854228BFDB
:1081600005468A421DD29B69E919994219D804999A
:108170003B460091124829460195FEF755FAA8B1F1
:1081800009B0BDE8F08FC6F38926CBF389239E4260
:1081900081D8DFF838809EE76FF0020009B0BDE8B3
:1081A000F08F6FF0010009B0BDE8F08F0146059B2C
:1081B00004985A1B284405F0CFFB04EB0800DFE7C6
:1081C0007821002000FCFF7F00FC0F0000FCFFFF77
:1081D0002DE9F04FD0E90354DFF85C9187B0D9F86E
:1081E0003C6082464FEA165818F4E0688B46CDE9A9
:1081F0000223059429D0D9F84030026893427AD0FE
:10820000D9F84400DAF80410884274D08B4272D056
:10821000824270D04FF0000817E04548C3F3892C24
:108220001840C4F3892E40F08040E64549B240F43E
:10823000801005D8A04208EB812865D0ABEB08037D
:108240003C4963400B4237D0144644F30906B6F16B
:10825000FF3F14BF2346631CC3F309032A1F03F126
:1082600008018D42A2EB030505F104074CD3D9F8B0
:108270006830DAF80020D9698A424AD29B699F4265
:1082800047D8042105AB009301912B462A48FEF7FD
:10829000CBF9210DABEB080350BB059A01F4E0606C
:1082A00012BA624022F00042B0F5806F0592B4D05D
:1082B000204963400B42C7D1013625D0D9F8683038
:1082C0000398C4F30905DAF80020D969854228BF6C
:1082D00005468A421DD29B69E919994219D802992B
:1082E0003B460091144829460195FEF79DF9A8B137
:1082F00007B0BDE8F08FC6F38926CBF389239E42F1
:1083000088D8DFF83880A0E76FF0020007B0BDE83A
:10831000F08F6FF0010007B0BDE8F08F0146039BBE
:1083200002985A1B284405F017FB04EB0800DFE70E
:1083300000FC0F0000FC0F707821002000FCFFFF04
:1083400000232DE9F04F01269B4605469A461F461D
:108350008FB0CDE90633CDE90833CDE90A33DFF834
:108360002C810C93731C47D0D8F86820D269B7EBE6
:10837000520F80F0878000224FF0FF33296806A853
:1083800002312960CDE9012200920CA91A46ADF80C
:108390002CB0CDF830A00D96FFF78CF9DDE90CA6D6
:1083A000BDF82CB00137002855D1BBF1000F20D00B
:1083B00053460446AA461D464FEA8B2944F0005115
:1083C000082304AA06A841F00801CDE90C56ADF82F
:1083D0002CB0FFF7FDFE002844DB40F20223B3EB94
:1083E000105F44D004F58064A145E7D12B46554683
:1083F0009A46BAF1FF3FB5D1D8F828403CB92DE0F4
:1084000003F49013B3F5003F1AD0246834B3A37972
:10841000012BFAD1236B03F48812B2F5803FEFD120
:10842000E26A04F14000002AEAD02B46A16AFEF776
:10843000AFFB80B9236B03F49013B3F5003FE4D195
:10844000626B04F14000002ADFD02B46A16BFEF7DF
:108450009FFB0028D9D00FB0BDE8F08F00200FB0EF
:10846000BDE8F08FC21CBDD00FB0BDE8F08F059AFB
:10847000002AB7D0534600200499FEF789FB002854
:10848000B0D0E8E76FF00100E5E700BF78210020F9
:108490002DE9F04F0B688BB081469246079104930B
:1084A00012B140F2FF331380504B09F11804D3E9A5
:1084B0000823C9E906234E4A0694049C4D492046E8
:1084C000059204F087FD04EB000805464949404643
:1084D00004F09AFD01280446059A6ED0022803D1C3
:1084E000049B5B5D2E2B70D008EB04031E46012716
:1084F00015460493059401E0013726183D4930469E
:1085000004F068FD341883463A49204604F07CFDA7
:1085100070B10228F0D116F80B202E2AECD1627827
:108520002E2AE9D1013FE8D1A31C2A460493C4E7CF
:1085300098F800302A46059C002B3AD0079BC3F8D8
:108540000080C5F30A53022B4CD140F2FF33C5F330
:1085500089229A4209D02849082341EA82214846C3
:10856000069AFFF735FE021E23DB4646069F0DF1F5
:10857000200B03E02ED199F817306BB32F21304632
:1085800004F0C0FC00280CBFD4464FF0000C1B4D7B
:108590004FF0F042234639464846CDF808B00195E1
:1085A000CDF800C0CDE90864FFF784F80028E1DACF
:1085B000024610460BB0BDE8F08F049B5B5D2E2B8E
:1085C00092D108EB0403049377E798F801302E2B3F
:1085D0008AD1F6E7024670E76FF0020210460BB050
:1085E000BDE8F08F6FF00402E3E700BF78210020C0
:1085F00000FC2F0078E0001008000020ED6A001059
:108600002DE9F04F4FF0010B8046C74C97B0A36D9A
:10861000E26DD4E9185008E0013DC4E9176550F84F
:108620002770394200F04C81324602F01F0193421C
:1086300002F101064FEA52170BFA01F1ECD1666D17
:10864000002D00F0AD82A26E3344D169926AB3FB73
:10865000F1F701FB17336365D3000026AB4228BF57
:108660002B463146E665A365374605F075F9B246F7
:108670000122B6463546CDE90E66CDE91066CDE954
:1086800012661496D4F868C0DCF81C10B5EB510FD4
:1086900080F09282636D0135CB1AD819B0FBF1F6E8
:1086A00001FB1600A66DB04210D20123616E46098F
:1086B00000F01F0003FA00F051F82630034341F8A0
:1086C0002630DCF81C10636DA66DCB1A1344B3FB87
:1086D000F1F001FB1033B3420AD20126616E580952
:1086E00003F01F039E4051F82030334341F82030FF
:1086F000CDE914724FF0FF3300220EA8CDE901221C
:10870000009214A91A46ADF84CE0FEF7D3FFDDE95C
:1087100014728446BDF84CE0002840F0FB80BEF1A6
:10872000000F33D0CDE90472814677464FEA8E239D
:10873000CDE90635CDF82080049B49F00051149313
:10874000059B0AAA15930EA8082341F00801ADF86D
:108750004C70FFF73DFDB0F1000CC0F2D78040F245
:108760000222B2EB1C5F4FEA1C5300F0DF80B3F52E
:10877000007F00F05281069B09F580699945DBD1A5
:10878000BE46079D059A049FDDF82080791C02D023
:10879000531C7FF477AFA76A002F3FF438AF012551
:1087A000C24609E003F49013B3F5003F00F06D8179
:1087B0003F68002F00F0EC81BB79012BF8D13B6BB7
:1087C00003F48812B2F5803FECD1FE6A002EE9D0A6
:1087D000D4F86890013ED9F81830A3F1080846454E
:1087E000C0F0DA81B6FBF8F0013805F0C9F8831C57
:1087F000A6EB8306B6FBF8F6D9F81C10D4E9159C55
:108800006046BB6A07F14008059703EB010CACEB2F
:10881000090CBCFBF1FE01FB1ECC06F00102049228
:108820008445C2F102024FEA82020CD2606E4FEA26
:108830005C1E50F82E100CF01F0C05FA0CFC41EADF
:108840000C0140F82E10002E00F09A814FF0000C21
:108850000CAF2146CDE900C740460292FDF7EEFF7E
:10886000D4F868C00346DCF81C10002840F086816C
:10887000D4E91590049FA1EB0902D7B90C9B1344CE
:10888000B3FBF1F201FB123303F01F0283424FEA04
:10889000531E05FA02F280F0F680616E51F82E3018
:1088A000134341F82E300123D4F85490DCF81C1007
:1088B000A06D049A0DEB8303023E1B6B1644A4E7E4
:1088C000636D1A44A36EDB69B2FBF3F103FB112263
:1088D000C8F80020D4E91663B34213D00127216EF3
:1088E00003E0B342C4E917310CD05A0950F82250C2
:1088F00003F01F0207FA02F22A4203F1010301F119
:10890000FF31EED1002017B0BDE8F08F1CF1030F4E
:108910003FF431AF6046A36ED9690022002321667F
:10892000C4E91623EFE700BF782100200B9D002D3E
:108930003FF421AFA36E013D9A69A2F10806B5424A
:10894000C0F02C81B5FBF6F00138099305F018F85A
:10895000821CA5EB8205B5FBF6F6099BCDF82490A9
:108960000125D4E91580B946D9690A9B03EB010CAE
:10897000ACEB080CBCFBF1FE01FB1ECC06F00107C2
:10898000C7F1020284454FEA82020CD2606E4FEAC0
:108990005C1E50F82E100CF01F0C05FA0CFC41EA7E
:1089A0000C0140F82E10002E69D00CA9CDE900A1D1
:1089B000002083490292FDF741FFD4F868E0844625
:1089C000DEF81C100028A5D1D4E91580A1EB08021F
:1089D000CFB90C9B1344B3FBF1F201FB12335A09DC
:1089E000834203F01F0305FA03F313D24FF0010C87
:1089F000606E50F82210194340F82210D4F85480C9
:108A0000DEF81C10A06D0DEB8C0C023EDCF8303053
:108A10003E44ABE74FF0010CF5E7A56E636DE969E5
:108A20000A9ACB1A1A44B2FBF1F001FB1022A06D96
:108A300082420FD20123616E500902F01F0203FA35
:108A400002F251F82030134341F82030E969636D98
:108A5000A06DCB1A0B9A1344B3FBF1F201FB123356
:108A60008342BFF488AE0120626E590903F01F03F0
:108A7000984052F82130034342F821307BE64F46BC
:108A8000DDF8249077E6012313E77E6B002E3FF498
:108A90008FAED4F86890013ED9F81830A3F10808D9
:108AA000464577D3B6FBF8F0013804F069FF831C24
:108AB000A6EB8306B6FBF8F6D9F81C10D4E9159C92
:108AC0006046BB6B07F14008059703EB010CACEB6C
:108AD000090CBCFBF1FE01FB1ECC06F00102049266
:108AE0008445C2F102024FEA82020CD2606E4FEA64
:108AF0005C1E50F82E100CF01F0C05FA0CFC41EA1D
:108B00000C0140F82E10002E3DD04FF0000C0CAFA1
:108B10002146CDE900C740460292FDF78FFED4F80A
:108B200068C00346DCF81C1040BBD4E91590049FD4
:108B3000A1EB0902CFB90C9B1344B3FBF1F201FB8B
:108B4000123303F01F0283424FEA531E05FA02F26A
:108B500012D2616E51F82E30134341F82E300123AA
:108B6000D4F85490DCF81C10A06D049A0DEB83032C
:108B7000023E1B6B1644A8E70123F6E71846CCE635
:108B8000059F3B6B0EE6059F3F68002F7FF414AEF8
:108B9000D0463CE500268FE700262DE60026DDE6E0
:108BA000084840F202220090074908483344FBF786
:108BB00081FA6FF00A00A6E66FF00100ADE600BF93
:108BC000782100207CDE00100CE0001080E0001016
:108BD00070B5044682B00430FFF712FD054680BB35
:108BE0002046FFF70DFD054658BB23461A4E53F8A5
:108BF000082BB16EA060C86982422BD28869032815
:108C000028D90421009330462B460191FDF70CFD35
:108C1000A368C8B9B16E0A6A002A09DD013242F0C0
:108C20000102013B1344B3FBF2F302FB03F3A36025
:108C30004FF0FF3304210022C4E90313C4E90523E4
:108C4000E361284602B070BD821CE3D00546284689
:108C500002B070BD2B46DEE7782100202DE9F04FF1
:108C60008DB083460BA8FFF7CBFCDFF8E0A10446EC
:108C7000D8B9DAF868300B98DB6898470446C0B179
:108C8000811C12D16D4C40F6FF120B9B6C49009475
:108C90006C48FBF70FFA4FF0FF330BA8CAF81030FF
:108CA000FFF7AEFC04460028E3D020460DB0BDE837
:108CB000F08FDBF83C70002F73D00BF1400308936A
:108CC00005940994DBF83030059EDA02A7EB06071D
:108CD00040F19580DAF868300BF108019A69BBF829
:108CE0000480731C04915849934241EA882800F299
:108CF0009B8001236FF001040DF12B09CDF81C902E
:108D00000693DBF84020DBF84C30023206D1DBE979
:108D100011120A44964201D28E4222D2DAF8680039
:108D200041460269D0F824E0551E3D443544B5FB68
:108D3000F2F502FB05F5B6FBF2FC754528BF75465A
:108D400002FB0CF2CBF84040CBE9112504980095CA
:108D5000FFF7BEF80028D4DA044620460DB0BDE87F
:108D6000F08F951B069A711A954228BF1546194433
:108D70002A46079804F014FE069A531B069357D10F
:108D800001204B46059A0B990090FEF781F80028C8
:108D900045D1059BDBF83C7001339F42059391D888
:108DA000099CDAF86830DAF81C105A6ADBF84C00D3
:108DB00004F0F6FDDAF81430DAF81820CBF8443075
:108DC000DAF86830CBF84820DAF81020FF21CBF829
:108DD00040205A6ADAF81C0004F0BEFD4FF0FF3262
:108DE0002046DBF830300B9943F40033CBF83810D1
:108DF000CAF81020CBF830300DB0BDE8F08F012458
:108E00000DF12B09DBF838303A465146CDE90069BF
:108E100008980294FDF712FD0028B1D09CE7831C4E
:108E20003FF430AF044698E76FF00100044694E742
:108E3000079B2E442B44079363E700BF7CDE0010A2
:108E40000CE00010A8E000100000102078210020A5
:108E50002DE9F04F036B88468FB0590316460490F6
:108E600000F1378104991A054C6B76D4DFF898B37A
:108E70003219DBF870108A4200F2C28113F4003715
:108E800016D10499CA6AA24212D289464A630DAD2C
:108E90000122294648468DF83470FFF7D9FF002893
:108EA00049DBD9F83430A342F2D31C46049B1B6B38
:108EB000DF0258D4002E39D0C146B246B046049DD8
:108EC00005F140079E0339D5DBF86800EA6B81693C
:108ED0008A4200F00881AE6B891A514528BF51467D
:108EE0000C4631460AE0831C40F0EB802846FFF731
:108EF000B5FE002840F0E580D5E90E124B46384615
:108F00000094FDF773FF0028EDD1DBF86830BAEB71
:108F1000040ADA696B6BA14423446B63EB6B234453
:108F2000EB632B6BCBF86020CCD146463046049ADD
:108F300023F4002313630FB0BDE8F08FD9023DD5B1
:108F4000DBF8682091696FF001066A6BAE63EA6333
:108F5000891A43F400332B63BFE7CA6AA24284BF75
:108F600014464A6382E7049ADBF86800D26A35192E
:108F7000416C954238BF1546476A002940F0B180E0
:108F80008269D10840F2FE32BA4228BF3A468A428C
:108F900028BF0A46AA428DD2049AC369D4631046F8
:108FA0001446CBF86030FFF759FE236B002840F0E1
:108FB0001781049A23F4801313637BE7696B0029FC
:108FC00040F09680DBF86800C369CDE90515CBF861
:108FD0006030CDE90A98AB6BCDF824A007930397D6
:108FE0000CA8FFF70DFB002840F0EC800C9EDBF88E
:108FF00068303046DB689847002851D1059ADBF885
:109000006830002A00F0F1809F69541EA7F108091A
:109010004C45C0F09480B4FBF9F00138089304F09B
:10902000AFFC0230A4EB8004B4FBF9F4204604F05A
:10903000A7FC059BA3EB800204FB1929B945089BFB
:1090400000F08180B9F1000F6CD000244FF0010ACC
:10905000DDF81C800DAF04E04D45DBF8683061D0D1
:109060002C46DA69651C9045A9EB040180F0AE80BE
:109070009B699D4200F2AA8023464246CDE9007AD0
:109080006148FDF7D1FA002840F09C803B4622461B
:1090900031460398CDF800A0FDF7A8FE0028DBD0EC
:1090A000821C40F08F80594A33460092584940F65E
:1090B000DB025848FAF7FEFF4FF0FF33069A1364BD
:1090C0008EE7049A136B43F4002313630FB0BDE8DB
:1090D000F08F00F0A1F800287FF42DAF049B1B6BEC
:1090E000C0E6C9084EE7DC023FF52DAF696B6BE7C0
:1090F00005F13C02019205F1380200924B1E384600
:10910000D5E90A12FDF792FD0028DAD1DBF86830C4
:10911000FF215A6AE86C04F01FFC4FF0FF33696BC3
:109120002B644FE74A46DDE90A98069DDDF824A046
:10913000C5E90E629969039F2B6B891A09E797426B
:109140004AD0914681E7631C93FAA3F9B9FA89F9E9
:1091500009F1010A00240427079B0DAD0D934FEA86
:10916000840831462B46424603980097FDF73EFEA1
:1091700008F10401002893D14C4511D0DBF8683088
:109180000D98DA69904221D29B698B421ED3024628
:1091900043460421CDE900571B48FDF745FA88B93D
:1091A00001345445DBD1069DA200C5E90E62DDE91C
:1091B0000A98DBF86830DDF824A09969039F2B6BCF
:1091C000891AC6E6069B1A4604937BE7069B6FF056
:1091D00001001A46049375E781464FF0010AB9E78A
:1091E000049A43F400231363A5E6069DDDF824A04A
:1091F000C5E90E62DDE90A989969039F2B6BA8E621
:109200006FF0080097E600BF782100207CDE001098
:109210000CE00010A8E000102DE9F041036B0446BB
:1092200058039AB008D5D90258BF4FF0FF3223F443
:10923000802358BF226423639A0303D400201AB00A
:10924000BDE8F08113F48011656BD4F82C804AD10D
:10925000542204A804F080FB4FF0FF3701222A4E6D
:10926000A36A0DF1500C4545CDE90E3810921195C9
:1092700096E80F0037608CE80F0018D201220DF13C
:109280000F0104A800F048F80028D8DB012220468E
:109290000DF10F01FFF7DCFD0028D0DB3368626BB6
:1092A0000133E36A2DD09A4214973760E6D3174F03
:1092B00004F140060EE0831CC1D1A36B40F64E22A0
:1092C000134914480097FAF7F5FE2046FFF7C6FC4D
:1092D0000028B4D101213046FDF722FD0028EAD153
:1092E000D4E90C3203E0A845424638BF2A46A16BB8
:1092F00023F4003343F48033C4E90A12C4E90C3583
:109300009CE79A42BAD3D2E7782100207CDE001095
:109310000CE00010A8E000102DE9F04F036B8BB0BB
:10932000049199030546144600F13F81D5F834A015
:10933000EB6A9A4580F04481A3EB0A03A34228BF5D
:1093400023461F46002B00F0A5805746A24C0793EA
:1093500003932E6BA16E72034DD5D5F83CC0D1F8A6
:109360001890CC4547D0039BA9EB0C08984528BF23
:109370009846F30268D56746B5F804A0974A07EB0C
:1093800008034B4505F1080B42EA8A2A00F21C81CA
:10939000B8F1000F00F00681049BCDE905832A6C2B
:1093A000EB6C023206D1D5E911120A44974201D280
:1093B0008F4273D2A06E6FF001010269D0F824E0F1
:1093C000561E4E443E44B6FBF2F602FB06F6B7FBD1
:1093D000F2FC764528BF764602FB0CF22964C5E90B
:1093E0001126514658460096FEF772FD0028D6DA3F
:1093F0000BB0BDE8F08F16F480190FD0D1F818909B
:10940000039BA9EB0708984528BF98466FF0010316
:1094100046F48026C5E90E372E63ADE7AA6AD5F873
:109420002CC00992BCF1000F4CD14FF0FF33C5F8AE
:109430003CC0AB63D1F81890039B46F480264B45A3
:1094400028BF4B4698462E63CB69AA6B05F14000B6
:109450009A4280F0B9800CEB08034B4500F2B480CF
:10946000049E63464946CDF804800096FDF7DCF87B
:109470000028BDD1EB6B6F6B4344EB63049B474407
:1094800043440493039B6F63B3EB080303937FF49C
:1094900060AF079F38460BB0BDE8F08FD61B059A2A
:1094A000791A964228BF164619443246069804F0A7
:1094B00077FA059A931B0593DCD0069B3744334417
:1094C00006936CE78B690CF1FF38A3F1080AD045CD
:1094D00064D3B8FBFAF00138CDE9052104F050FA65
:1094E000DDE90521831CA8EB8308BA45B8FBFAF82F
:1094F00052D8B7FBFAF00138CDE9052104F040FA63
:1095000000F10209A7EB8909B9FBFAF9484604F012
:1095100037FADDE90521A7EB800C0AFB19CCC84519
:1095200032D94FF0040A4FF0010BCDE905C505F122
:10953000400609AF98FAA8F3A8EB0905B5FA85F536
:10954000B3FA83F3C5F11F059D4228BF1D46C869C4
:10955000AB00904203F1040C36D989698C4533D8AD
:1095600004213046CDE9007AFDF75EF80BFA05F5E7
:10957000A8EB050800287FF43BAFC845099AA16E07
:10958000D8D8DDE905C52E6BC5E90E2C46F480263A
:10959000D1F818902E63E6E6BC46C0E7BA4518D865
:1095A000C846A6E7EF636F6BD3E6FFF735FE0028EA
:1095B0007FF41EAFD5F834A0EB6A9A45FFF4BCAE39
:1095C00000200BB0BDE8F08F6FF001000BB0BDE8DC
:1095D000F08FBC46D8E700BF7821002000001020A3
:1095E0009C46C368042B01D8002070472DE9F04F3A
:1095F0004FF0FF3A04460F4696464FF0040B55468F
:109600008FB0CDE9032CDFF894920DF12008D9F842
:1096100068302268D9698A4280F0FF809B690BF12B
:1096200004069E4200F2F98004215B464846CDE9DB
:109630000081FCF7F9FF00283DD1089B22681BBA86
:109640006B4043F0004545F30903B3F1FF3F14BFFE
:10965000AB4605F1010B85F00053CBF3090B13F07A
:10966000C04EE0680B9608950A92B34420D1584545
:1096700024D82946C1F38926BE424FEA912317D345
:10968000039A964214D2C1F30A528AB140F2011CE5
:10969000624500F0C580B2F5817F00F0D380049B65
:1096A000199801EB83210AAA189B984718B9E0681A
:1096B0005845ACD800200FB0BDE8F08F5B46AA46F5
:1096C000CDF814E0D9F86810C869904240F2A5803E
:1096D00089691E1D8E4200F2A0800421019109A912
:1096E00000916E480421FCF79FFF002840F0908015
:1096F000099B22681BBA6B4043F000450C92C5F3EE
:109700000A520D960995280D9AB340F2011C624544
:109710006FD0B2F5817F3ED0DA00DDF820C04CBFBB
:10972000DFF880E1DFF884E185EA0C0212EA0E0F2F
:109730005AD04CF30902013256D0594ADFF864E19D
:109740000CEA020242F09F4242F4E00203EA0E0EEB
:10975000724549D000F4E061B1F5806F09D1C5F3DD
:109760008923CCF38922934203D840B20CEB8020AA
:10977000089045F30902B2F1FF3F14BF2B466B1C62
:10978000E068C3F309033344834230D35546DDF820
:1097900014E008996EE7C3F30903002BE9D0DDF864
:1097A00020E003EB43030CA9C5F3892C01EB8302F2
:1097B0004EF30900CDE906563A4B154606464FEAE8
:1097C0008C2C03E0701C0FD0A94264D008788A6802
:1097D00000F540704CEA020242EA005282EA0E02B0
:1097E0001A4201F10C01EDD15546E06860E72268AC
:1097F00068E7C3F309012C4BCDF804800093C5F34F
:1098000089235B1A4A1C0CA8FFF7EAFE0028B0D097
:1098100000285546FFF64FAF49E76FF001004AE7D1
:10982000049AC1F30901731A1344199A1BB20192E5
:10983000189A0AA800924A1CFFF7D2FE00283FF4AB
:1098400036AF38E7C1F3090100293FF431AF059481
:109850001A467446DDF810A00AAE00E0920A30788D
:10986000B16800F54070C2F3090241EA0051524468
:1098700041EA822119987268189B984701340C3686
:1098800000287FF418AF089AC2F309018C42E5D38F
:10989000059CE0680CE7DDE906566AE778210020C0
:1098A00000FC0F0000FCFF7F9965001000FC0F70AA
:1098B0002DE9F04F93B0BDF8704000250A944FF0A9
:1098C000FF340746A1460495BDF97450CDE9052142
:1098D000DFF8ECB2DFF8ECA2C2680B95099349F30C
:1098E0000903B3F1FF3F14BF4C4609F10104049B87
:1098F000C4F3090404331C449442C0F0F380059B74
:10990000002B40F318810699013B05930B68D1F8B1
:1099100004E008310C93069113F08043DFD1DDE9B8
:1099200005654C46CDE907E3DDF81080CDF80C90D5
:1099300033E0002E40F3A0802B686868013E0D9351
:109940000835C3F30A524FEA135C2AB340F2011EF2
:1099500072457DD0B2F5817F53D0DA0048BF5046C2
:109960000C9A58BF934882EA030E1EEA000F6BD090
:1099700042F30900013067D08F4803EA0A0E104015
:1099800040F09F4040F4E00086455DD00CF4E0617B
:10999000B1F5806F00F09980FA6844F30903B3F1E0
:1099A000FF3F14BFA14604F1010908F10403C9F304
:1099B000090999449145BCD2DBF868303A68D96905
:1099C0008A4280F0B3809B6909F10408984500F24F
:1099D000AD8004210DAB009358464B460191FCF736
:1099E00023FE002842D10D9BCDF844801BBA634072
:1099F00043F000443B68C84610930D94234610A8DA
:109A00009FE7C3F30902002AC6D0DDF830E0C3F3B4
:109A1000892302EB42029B024EF3090900EB820C00
:109A200004E0B9F1FF3F0FD06045B5D001788268FE
:109A300001F540711A4342EA015282EA0E0212EA2B
:109A40000A0F00F10C00ECD1DDF80C90FA6846E743
:109A50005A4AC3F309010092C3F389230CAA019265
:109A60005B1A4A1CFFF7BCFD002895D00028DDF8E2
:109A70000C9027DBFA6832E70C99099DC1F3892421
:109A8000AC42DDF80C904FEA9120DDE907E3FFF4EA
:109A900026AF0A9DAC42BFF422AFC1F30A55002D98
:109AA0003FF41DAF40F20116B54248D0B5F5817FB5
:109AB00056D00B9B724601EB8321DDE91E3098479F
:109AC0000028D7D013B0BDE8F08FC3F38923C2F3C9
:109AD00089218B423FF660AF4FFA8CFC02EB8C225F
:109AE0000C9259E7DBF868303A68D9698A421DD28E
:109AF0009B69251D9D4219D804210CAB0093584643
:109B000023460191FCF790FD0028DBD10C9B3A68BD
:109B10001BBA89EA030343F000430E929946FA68A0
:109B20000F9504940C930DF1380EF5E66FF00100DB
:109B300013B0BDE8F08F002013B0BDE8F08F0B9A92
:109B4000C1F30901631A13441F9A704601921E9AC9
:109B50001BB200924A1CFFF743FD00288AD0B1E7F0
:109B6000C1F3090100293FF4BAAEDDE91E6803978D
:109B700074461F4602460B9D05E00C9AC2F309018C
:109B80008F4213D2920A2078A16800F54070C2F388
:109B9000090241EA00512A4441EA822140466268B2
:109BA000B04701370C340028E7D08BE7039FFA68F1
:109BB00095E600BF00FC0F7000FC0F0099650010D7
:109BC0007821002000FCFF7F2DE9F04FDFF844A44E
:109BD0000546DAF828400E4607689FB054B935E0CC
:109BE000E1686A6891420CD093420AD0B94208D029
:109BF00024685CB304F108039D42F9D0A368BB421A
:109C0000EED1A379012BF3D1236BDB02F0D5DAF887
:109C10006830E16A5A6A9142EAD9626BDB69204690
:109C2000E263CAF86030FFF719F8002840F0C880F6
:109C3000236B204623F480132363FFF7EDFA0028FB
:109C400040F0BE8024682F68002CD3D1AC4640F28F
:109C5000014933686A680EACC3F30A584FEA135BD4
:109C60000592BCE80F000FC49CE80F00C845DE4613
:109C700084E80F0000F0B18140F2FF43984500F006
:109C8000A4800BF4E06EBEF5C06F40F0A580736851
:109C90000BF0010B1A68AA615B6885F817B0EB61DD
:109CA000AB7D002B00F09C804FF0FF33DAF868208A
:109CB00019932B68D5F80C902C691693536CCDF83A
:109CC0005C90CDF86890189403B993694FF0010B3C
:109CD000083B1B9316ABB046CDE9067649465E4677
:109CE00008931DE0002E00F041810026D8F80010F6
:109CF000D8F80420099108F10808C1F30A5373B198
:109D000040F20110834200F0C080B3F5817F00F083
:109D1000F3800898FDF75EFA002840F0C780E968F4
:109D200044F30902B2F1FF3F14BF2346631C09F15B
:109D30000402C3F3090303EB020B8B45D2D2DAF81A
:109D400068102A68C869824280F04B8189690BF1EA
:109D500004078F4200F24581042109A800905B4668
:109D6000AC480191FCF760FC002840F09F80099905
:109D70002B6809BA614041F00041D9460C460B9767
:109D800009910A930AAAB8E704F1200804F1080629
:109D9000A288A38B9A42A2EB0301C0F0E180E37F8B
:109DA000002B00F0DD804FF0FF33A18030464146AC
:109DB0001A46CDE901550095FDF77CFC0028E7D057
:109DC000844660461FB0BDE8F08FAB8A013B9BB272
:109DD000AB82002B00F02481AB7D002B7FF464AFBD
:109DE000AB8AFE2B3FF660AF0193002300934FF048
:109DF000FF330122CAF8103031462B46284600F0C6
:109E00004DFE844600285CD1DAF82840002C00F092
:109E1000AA80A346A84606945D4640F2FF4AB34690
:109E2000059C0AE0EA6894420ED09C420CD0BA42EB
:109E30000AD02D68002D00F0838005F1080CE04564
:109E4000F7D0AB68BB42EDD1C646DBF80060BEE898
:109E50000F00ACE80F00C6F30A59D1459EE80F0089
:109E60008CE80F0038D040F201439945E1D1AB882E
:109E7000C6F389269E42DCD80133AB80AB79022B36
:109E8000D7D1AB6A0133AB62D3E7634B1046009383
:109E9000C1F30902C1F3892308A99B1A0191114654
:109EA0000132FFF79DFB00283FF439AF8446069F3F
:109EB000079E1CF10B0F00F096801CF1020F00F0C2
:109EC00092800EAC0FCC0FC594E80F0085E80F0010
:109ED00060461FB0BDE8F08FAB88C6F389269E426E
:109EE00000F08380A5D2013BAB80AB79022BA0D1DF
:109EF000AB6A013BAB629CE7C1F30903002B3FF463
:109F00000EAF17464FF0000B0B4605E0099BC3F35D
:109F100009029345BFF403AF3A78B96802F540727D
:109F200041EA0251C3F389237A68089841EA832100
:109F3000FDF750F90BF1010B0C370028E6D0B5E71F
:109F4000DDE90594A368BB423FF41EAFE26891458A
:109F50003FF41AAF99453FF417AFBA423FF414AF3C
:109F60002468002CEED14FF0000C2AE7DAF84430D8
:109F7000DAF83810DAF83C205940DAF83030DAF8FC
:109F800034005A40DAF84030DDE906764340DAF82A
:109F900048004240DAF84C006FF309024340DAF817
:109FA00050000B9341400B4313430A920C9121D173
:109FB00016A8FDF711FA844600287FF47AAF189AA4
:109FC000164B2A61179AEA60C3E90400CAF84800F0
:109FD00013E9070083E8070016E7AB8A0133AB8279
:109FE000FAE6DDE90676AB8AFEE64FF0FF33C5E917
:109FF00002331EE728460AA9FDF7E6FE844600283C
:10A000007FF45FAF0AA916A8FCF794FF84460028E6
:10A01000CED04EE778210020D1730010B42100206B
:10A0200001221C461C931D921D9A511C3FF4D4AE74
:10A03000DAF86810C969B4EB510F43D22968994224
:10A040001AD06868904217D0984215D0914213D028
:10A050004FF0000C4FF0FF33CDE900CC1A461CA99D
:10A0600016A8CDF808C0FDF725FB013420BB1C9BCA
:10A07000581C3FF4B1AED7E79DF86F30002B3FF48A
:10A08000ABAE28461149FDF79FFE844600287FF4B9
:10A0900018AFEA7D0E4B02F5C06243EA02530A9301
:10A0A0000AA905F1180316A80B93FFF78DFD844646
:10A0B00000283FF491AE04E710F1030F84467FF4CB
:10A0C00000AF89E66FF0010CFBE600BFC021002065
:10A0D00008FC0F00F0B5624DA1B02B6BC3F3090370
:10A0E000002B3CD000240123CDE90944CDE90B44E9
:10A0F0000D9408948DF837300F930E944FF0FF3382
:10A100000EA91A46CDE90144009410A8FDF7D2FA31
:10A11000014628BB9DF837302BB30DF1200C0DF113
:10A12000400EBEE80F00ACE80F009EE80F008CE880
:10A130000F000E9B013302D00F9B0133DED12A6B3F
:10A14000C2F309035B4242FA83F3C3F30902003A04
:10A1500018BF012223F0004343EAC2732B6300219E
:10A16000084621B0F0BD01221F46A96EC969B7EBB0
:10A17000510F07F101073FD20F991E93079100215C
:10A18000384B06AE01930E9B1F920693364A374B0F
:10A19000009102961EA918A8FDF78CFA1E9B014695
:10A1A0001F9A08B1C81C2AD1581C01D0511CDCD1FF
:10A1B0002F4B40F6757201930F9B2E4900932E484A
:10A1C0000E9BF9F777FF2D4910A8FDF7FDFD01461D
:10A1D0000028C5D19DF85720294B02F5C06243EAFB
:10A1E00002533146069308A816AB0793FFF7ECFC21
:10A1F000014600289DD0B3E76FF00101B0E70029C8
:10A20000AEDBC1F3090318A804AAFDF721FF011E64
:10A21000A6DBDDE90E31049A9A4219D08A421BD09E
:10A22000CDE90012124A13490392059A1548029289
:10A2300040F68A72F9F73EFF04AB0793124B3146A2
:10A2400008A80693FFF7C0FC0146002888D170E7F4
:10A2500005988842E4D160E705988342E0D15CE745
:10A2600078210020A56A0010FF03F07F080000207D
:10A270007CDE00100CE00010CCE00010C0210020BB
:10A2800008FC0F00FCE0001008FC0F602DE9F04F07
:10A29000DFF844B69FB0DBF8284005460E46076855
:10A2A000049254B935E0E1686A688A420CD093425E
:10A2B0000AD0B94208D024685CB304F108039D4277
:10A2C000F9D0A368BB42EED1A379012BF3D1236B64
:10A2D000DB02F0D5DBF86830E16A5A6A9142EAD9CC
:10A2E000626BDB692046E263CBF86030FEF7B6FCB8
:10A2F000002840F0E381236B204623F4801323637E
:10A30000FEF78AFF002840F0D98124682F68002CCE
:10A31000D3D1AC466B680EAC0593BCE80F000FC4FC
:10A320009CE80F0084E80F00049B002B00F0908055
:10A3300040F201413368C3F30A528A424FEA135094
:10A3400000F09C8240F2FF418A4200F0DB8200F480
:10A35000E063B3F5C06F07D1736800F001001A68BD
:10A36000AA615B68E875EB61049B012B70D0002249
:10A3700040F20140B368C3F30A5181424FEA1354DB
:10A3800000F0948240F2FF40814200F0578304F4D1
:10A39000E063B3F5C06F00F0ED82049B022B52D056
:10A3A00040F201403369C3F30A5181424FEA13542A
:10A3B00000F02A8340F2FF40814200F04C8304F415
:10A3C000E063B3F5C06F00F0EC82049B032B3AD03E
:10A3D00040F20140B369C3F30A5181424FEA13547A
:10A3E00000F0358340F2FF40814200F0D18204F456
:10A3F000E063B3F5C06F07D1F36904F00104196895
:10A40000A9615B68EC75EB61049B052B1BD140F2E5
:10A410000140336AC3F30A5181424FEA135400F0FA
:10A42000288340F2FF40814200F0278304F4E06378
:10A43000B3F5C06F07D1736A04F001041968A9610C
:10A440005B68EC75EB611AB1AB8A002B00F063829C
:10A45000AB7D002B40F08680AB8AFE2B00F2828021
:10A460000193002300934FF0FF333146CBF81030B7
:10A4700028462B46049A00F011FB8446002840F041
:10A48000F880DBF82880B8F1000F00F0888144469E
:10A49000AB46CDF8188040F2FF4940F2014ADDF8A2
:10A4A0001480049D0AE0E26890450ED098450CD0D7
:10A4B000BA420AD02468002C00F05C8104F1080C38
:10A4C000E345F7D0A368BB42EDD1DE46BEE80F00FE
:10A4D000ACE80F009EE80F008CE80F00002DE9D0DB
:10A4E0003368C3F30A524A4500F01081524500F028
:10A4F0003181012DDED0B368C3F30A524A4500F022
:10A500001781524500F09881022DD3D03369C3F3EF
:10A510000A524A4500F04681524500F0B381032DAE
:10A52000C8D0B369C3F30A524A4500F09581524539
:10A5300000F0D881052DBDD1336AC3F30A524A45D4
:10A5400000F0B8815245B5D1A288C3F389239A425D
:10A55000B0D3A3790132022BA280ABD1A36A01331D
:10A56000A362A7E74FF0FF33DBF8682019932B684D
:10A57000D5F80CA02C691693536CCDF85CA0CDF8DF
:10A5800068A01894002B00F0BF80083B1B9316AB0B
:10A590005146B046CDE90676DDF8109008931CE0F0
:10A5A000B9F1000F40F31081D8F80010D8F804205A
:10A5B00009F1FF39099108F10808C1F30A535BB1A9
:10A5C00040F20110834239D0B3F5817F7BD00898E7
:10A5D000FCF700FE002841D1E96844F30902B2F11A
:10A5E000FF3F14BF2346631C0AF10402C3F30903AF
:10A5F0009E188E42D4D2DBF868102A68C86982425D
:10A6000080F050818969371D8F4200F24B8104230D
:10A6100009A90193009133460421AF48FCF704F8DF
:10A62000E0B909992B6809BA614041F00041B2468E
:10A630000C460B9709910A930AAABEE7A74B10464E
:10A640000093C1F30902C1F3892308A99B1A019160
:10A6500011460132FEF7C4FF0028BDD08446069F94
:10A66000079E1CF10B0F00F01F811CF1020F00F080
:10A670001B810EAC0FCC0FC594E80F0085E80F00CE
:10A6800060461FB0BDE8F08F05F1200805F108060F
:10A69000AA88AB8B9A42A2EB03017DD3EB7F002B00
:10A6A0007AD04FF0FF33A980304641461A46CDE9B3
:10A6B00001440094FCF7FEFF0028E9D08446604680
:10A6C0001FB0BDE8F08FC1F30903002B84D01746FB
:10A6D00000260B4605E0099BC3F309029642BFF42E
:10A6E0007BAF3A78B96802F5407241EA0251C3F390
:10A6F00089237A68089841EA8321FCF76BFD0136CB
:10A700000C370028E7D0A9E793693EE7A288C3F396
:10A7100089239A4200F073817FF6EBAEA379013A68
:10A72000022BA2807FF4E5AEA36A013BA362E0E6C0
:10A73000A288C3F38923934200F07B81BFF4E4AE87
:10A74000A379013A022BA2807FF4DEAEA36A013B1B
:10A75000A362D9E6A288C3F389239A42FFF4C9AE63
:10A76000A3790132022BA2807FF4C3AEA36A013326
:10A77000A362BEE6DDF81880DDF814904546AB68AC
:10A78000BB4281D0EA6891453FF47EAF99453FF4E2
:10A790007BAFBA423FF478AF2D68002DEFD14FF078
:10A7A000000C8CE7A288C3F38923934200F05C81FC
:10A7B000BFF4B5AEA379013A022BA2807FF4AFAE0D
:10A7C000A36A013BA362AAE6DBF84430DBF8381049
:10A7D000DBF83C205940DBF83030DBF834005A40DD
:10A7E000DBF84030DDE906764340DBF848004240C4
:10A7F000DBF84C006FF309024340DBF850000B9389
:10A8000041400B4313430A920C9140F0018116A87A
:10A81000FCF7E2FD844600287FF423AF189A304B02
:10A820002A61179AEA60C3E90400CBF8480013E9EB
:10A83000070083E8070024E6A288C3F38923934234
:10A840003FF662AEA3790132022BA2807FF45CAEA8
:10A85000A36A0133A36257E6A288C3F38923934214
:10A8600000F09180BFF466AEA379013A022BA2807A
:10A870007FF460AEA36A013BA3625BE6AB8A01335F
:10A88000AB8271E5A288C3F3892393423FF647AEBA
:10A89000A3790132022BA2807FF441AEA36A013377
:10A8A000A3623CE6DDE90676AB8AD9E5AB8A0133E3
:10A8B000AB8272E5A288C3F389239A427AD07FF6ED
:10A8C000F9ADA379013A022BA2807FF4F3ADA36A1C
:10A8D000013BA362EEE500BF78210020D173001098
:10A8E000B4210020A288C3F3892393423FF622AE0D
:10A8F000A3790132022BA2807FF41CAEA36A01333C
:10A90000A36217E6AB8A013BAB82049B012B3FF4A9
:10A910009BAD01222CE501221C461C931D921D9A21
:10A92000511C3FF495ADDBF86810C969B4EB510FC9
:10A9300080F0AD802968994241D0686890423ED04D
:10A9400098423CD091423AD04FF0000C4FF0FF3388
:10A95000CDE900CC1A461CA916A8CDF808C0FCF712
:10A96000A9FE0134002840F08C801C9B581C3FF449
:10A970006FADD4E7F36804F001041968A9615B685E
:10A98000EC75EB6109E54FF0FF33C4E90233D1E523
:10A99000AB8A013BAB82049B052B7FF455AD0122B2
:10A9A00035E5736904F001041968A9615B68EC7509
:10A9B000EB610AE54FF0FF33C4E902337AE59DF815
:10A9C0006F30002B3FF444AD28463249FDF7FCF9C7
:10A9D000844600287FF44DAEEA7D2F4B02F5C0621D
:10A9E00043EA02530A930AA905F1180316A80B9328
:10A9F000FFF7EAF8844600283FF42AAD39E64FF025
:10AA0000FF33C4E9023374E5AB8A0133AB82DCE483
:10AA100028460AA9FDF7D8F9844600287FF429AE14
:10AA20000AA916A8FCF786FA844600283FF4EFAE80
:10AA300017E64FF0FF33C4E9023365E5AB8A013B0B
:10AA4000AB82049B022B3FF4FFAC0122A8E4AB8A4B
:10AA50000133AB82D8E4AB8A013BAB82049B032B6E
:10AA60003FF4F2AC0122B3E44FF0FF33C4E9023308
:10AA700055E5AB8A0133AB82E5E4AB8A013BAB829F
:10AA8000E2E410F1030F84467FF4F3ADE0E46FF0ED
:10AA9000010CEEE5C021002008FC0F002DE9F04F6D
:10AAA000BFB0BDF82041BDF8245106930368A5EB63
:10AAB000040B1B934368BBF1010F0646CDE9161248
:10AAC0000D9411951C9341F33F80AF4BDFF8C49276
:10AAD00007930D9BCDF854B05B421BB219931A90AB
:10AAE000179B00220A93169B26920B934FF0FF337D
:10AAF0000893069B0992DB68089941F30902B2F1B9
:10AB0000FF3F08BF0131099AC1F30905043215441A
:10AB10009D42C0F076810A9A002A40F384820B9904
:10AB2000013A48680A920A68083127920C900B9102
:10AB30005400E1D4DDE90AB6DDE90872B046DDF87B
:10AB400018A03E46174638E0BBF1000F40F32481C1
:10AB5000D8F80030D8F804200BF1FF3B2893059279
:10AB600008F10808C3F30A52180D22B340F2011489
:10AB7000A2427BD0B2F5817F53D0DC0048BF4C4667
:10AB8000279A58BF814C82EA030525426BD042F3D5
:10AB90000904013467D07E4C03EA0905144044F0EF
:10ABA0009F4444F4E004A5425DD000F4E061B1F5B7
:10ABB000806F00F01A81DAF80C3046F30902B2F126
:10ABC000FF3F14BF3446741C3A1DC4F309041444F7
:10ABD0009C42B9D2079BDAF800209B6ED9698A4261
:10ABE00080F07F829B69251D9D4200F27A820421BC
:10ABF00028AB0093644823460191FBF715FD00281C
:10AC000040F00982289B2EAA1BBA734043F00046ED
:10AC1000DAF8003027462E932F9533462896059272
:10AC2000A0E7C3F30904002CC5D00599279DC3F301
:10AC3000892304EB44049B0245F3090C01EB8404D3
:10AC400004E0BCF1FF3F0ED0A142B4D008788A687E
:10AC500000F540701A4342EA00526A4012EA090FB6
:10AC600001F10C01EDD1069BDB6845E7059AD2683E
:10AC7000042AA0D94FF0040E4FF0FF357446C3F3F9
:10AC8000090CC3F38923A3EB0C0312939BB2139318
:10AC90000CF10103CDE90E681093DDF81480CDF8B6
:10ACA00014C0079BD8F800209B6ED9698A4280F0B7
:10ACB00018829B69261D9E4200F213820421019195
:10ACC00029A90091234604212F48FBF7ADFC002859
:10ACD00040F0A181299B1BBA6B4043F0004545F32E
:10ACE0000903B3F1FF3F14BF2C466C1C2995D8F81B
:10ACF00000C085F00053C4F3090413F0C04FCDE940
:10AD000030C6D8F80C20344439D19442C0F0A18028
:10AD10002B460598C3F38921884230D81098884281
:10AD20002DD9C3F30A5050B340F20116B04200F0DF
:10AD3000FB80B0F5817F00F034831299279803EBF4
:10AD40008123DE004CBF4946104983EA00060E42CB
:10AD500089D040F30901013185D00D4903EA090684
:10AD6000014041F09F4141F4E0018E423FF47BAF4E
:10AD7000190D01F4E066B6F5806F00F04D83A24234
:10AD80008FD8DDE90E6816E77821002000FC0F70EF
:10AD900000FC0F0000FCFF7F279A0D99C2F3892069
:10ADA00081423FF6A9AE11998842BFF4A5AEC2F325
:10ADB0000A5100293FF4A0AE40F20114A14200F074
:10ADC000A381B1F5817F00F01682199902EB8121F0
:10ADD00042F30902B2F1FF3F08BF0131269A101D6C
:10ADE000C1F309020244269286E6C3F38923C2F323
:10ADF00089218B423FF6DFAE40B202EB80222792E0
:10AE0000D9E6079B069E9B6E3268D9698A4280F01C
:10AE100068819B692C1D9C4200F26381042127AB51
:10AE20000093B5482B460191FBF7FEFB002840F04C
:10AE3000F580279B2CA91ABA089B2D94534043F008
:10AE40000042336809952C932792F36808920C917D
:10AE50006EE6624623462E461497CDF860C00799E9
:10AE6000896EC869904240F23C8189691F1D8F42FA
:10AE700000F237810421019132A900919E480421FA
:10AE8000FBF7D2FB002840F0EB81329B1BBA7340EA
:10AE900043F000463296D8F80020310DCDE9362730
:10AEA000C6F30A5262B340F2011C624500F0C7814A
:10AEB000B2F5817F00F0E880DA0048BF4A46DDF84D
:10AEC000A4C058BF8D4A86EA0C0E1EEA020F00F09D
:10AED00004814CF30902013200F0FF80884A03EA42
:10AEE00009030CEA020242F09F4242F4E0029A4255
:10AEF00000F0F38001F4E060B0F5806F00F045826F
:10AF000046F30902B2F1FF3F14BF3346731CD8F871
:10AF10000C20C3F309033B449342C0F0E880149F24
:10AF2000DDF860C0299BF4E63398042818907FF67A
:10AF300026AFC3F309028B1A1399CDE91D7B0B448D
:10AF400004214746AB464FF0FF36654688462092BF
:10AF5000013221929AB21BB2239222931F94079B33
:10AF60009B6EDA69954280F0BC809B6908F104040D
:10AF70009C4200F2B680042201922AAA0092434623
:10AF80002A4604215C48FBF74FFB002843D12A9B4B
:10AF9000CDE932541BBA734043F0004646F3090230
:10AFA000B2F1FF3F14BF3346731C86F00052C3F367
:10AFB000090312F0C04F2A9603EB040840F0A88260
:10AFC000189B434500F23482209BC6F389218B42B3
:10AFD00000F2A282219B8B4240F29E823346C3F351
:10AFE0000A52002A00F0948240F20110824241F09D
:10AFF000AD80C3F309028B1A239932A80B4441494F
:10B000001BB2009127A9019111460132FEF7E8FA1F
:10B01000002800F07D820028BFF625AE824650460B
:10B020003FB0BDE8F08F079B9A6E159BFE2B14DC9A
:10B030009569516CA5F1240000295BD04D08546935
:10B040002699631E2B44B3FBF4F304FB03F3834202
:10B0500028BF0346994240F20E83D369079D36A864
:10B060002B66FDF7B5FD002800F0018110F10B0FF4
:10B0700082461A9ED3D1079B26999A6E9369243BE8
:10B080008B42CCD3119C2DE1C3F30903002B3FF479
:10B0900037AFDDF8A4E0C6F3892C03EB430336A9F0
:10B0A0004EF309021D964FEA8C2C164601EB8303E2
:10B0B00004E0701C11D0994200F09F8108788A68E2
:10B0C00000F540704CEA020242EA005282EA0E02A7
:10B0D00012EA090F01F10C01EBD1149FD8F80C20F2
:10B0E0004DE66FF0010A50463FB0BDE8F08FD8F84A
:10B0F0000020B4E66D08A2E77821002000FC0F7064
:10B1000000FC0F00996500100C99C96804297FF6AE
:10B11000F3AC4FF0040E4FF0FF35F046C2F30902D6
:10B120000D99831A5B1A1E9201322E461F920C9DB6
:10B130009AB21BB21D921293079B2A689B6ED96923
:10B140008A42CED29B6908F104079F42C9D80421E4
:10B15000019128A9009143460421A948FBF764FA0C
:10B1600000287FF45BAF289B2F971BBA734043F0F6
:10B17000004646F30902B2F1FF3F14BF3346731C89
:10B1800028962A68C3F3090313922E9286F0005280
:10B1900012F0C04F03EB0708EA6827D19045C0F0D2
:10B1A000C38133461E98C3F3892188421ED81F9855
:10B1B00088421BD9C3F30A50C0B140F20117B8420C
:10B1C00001F05E80B0F5817F00F0F487129943F3BF
:10B1D000090003EB8121B0F1FF3F14BF0B464B1C6C
:10B1E0002699C3F3090304310B4426934245A3D89F
:10B1F000069BDB6880E4C2F30902002A3FF47CACC2
:10B2000019990C9C084402EB4202269D800204EB33
:10B2100082012278A66802F54072064346EA02528D
:10B2200046F30906B6F1FF3F08BF01320C34C2F302
:10B23000090204328C421544EBD126955CE4C3F339
:10B24000090229AB01936F4B11460093C6F3892382
:10B250009B1A36A80132FEF7C3F900283FF450AE1E
:10B260000028149FFFF6DAAED8F80C2087E50D9B76
:10B27000159A1A9F03EB6204119BA4B2CDE9004317
:10B28000DDE91612FB7D36A88DF8EF30FB693D93A2
:10B29000BB693C93069BFFF701FC00287FF4E6AEF8
:10B2A0000123369AFB75379BBA61FB613868296ABE
:10B2B0002E4688420FD07D68766AB5420BD0B042E8
:10B2C00009D0A94207D00D9BE31A012B159340F337
:10B2D0003684119404E4002CF5D107991A9EC1E933
:10B2E00008238A6EB568136A0135002BB56009DD45
:10B2F000013343F00103B5FBF3F103FB1155002DBE
:10B3000000F079810027706800254FF0FF31536C01
:10B310003690CDE9381137953A9503B99369083BD2
:10B320003B93D36898478246002800F0B1811AF118
:10B33000020F7FF474AE4FF0FF33079A3249136166
:10B34000324B40F28A62009373683148F8F7B2FEDC
:10B3500000273368002B01F05A807268012A41F2FD
:10B360005680012B01F05380301DFDF749F98246CC
:10B37000002801F0468010F10B0F7FF450AE002F33
:10B3800040F0AC836FF00A0A49E6C6F38923CCF398
:10B39000892293423FF6B4AD49B20CEB8121299149
:10B3A000AEE5C3F30903002B3FF4E9AC1298279EE6
:10B3B000014403EB43034FEA812C30A901EB830ED8
:10B3C00046F30903149306E0149B01333FF44BAC9E
:10B3D00071453FF4D4AC08788B6800F540704CEAB6
:10B3E000030343EA00530B487340034201F10C018D
:10B3F000EAD1069BDB68FFF77FBB1D9E80E500BF9F
:10B4000078210020996500100CE000107CDE00100F
:10B41000A8E0001000FCFF7FC3F38923C0F3892656
:10B42000B3423FF6ACAC4BB200EB83202790A6E4CE
:10B43000434634461497079A926ED1698D42BFF401
:10B4400050AE92691F1D97423FF64BAE0422019207
:10B450002BAA009204212A468948FBF7E5F8002828
:10B4600041F0B3802B9BCDE936571BBA634043F0C4
:10B470000044C4F30A522B94200DA2B340F20111F0
:10B480008A4201F09180B2F5817F00F02B83D900D0
:10B490002A9A4CBF7B497C4984EA020E1EEA010FBE
:10B4A00000F04A8342F30901013100F045837749F6
:10B4B000DFF8D0E1114041F09F4141F4E00103EA9F
:10B4C0000E0E8E4500F0388300F4E06CBCF5806F02
:10B4D00009D1C4F38923C2F389218B4203D840B236
:10B4E00002EB80222A9244F30902B2F1FF3F14BF1B
:10B4F0002346631C189AC3F309033B4493429AD32F
:10B500002A9B209AC3F389218A42149F40F2C08467
:10B51000189B43453FF623ADB8465D46DDE91EB4B2
:10B520001D9FD8F80C202AE43146059643462E4646
:10B530000D46139ACDF830800799896EC8699042FC
:10B540007FF6CFAD89691F1D8F423FF6CAAD04213A
:10B55000019129A900914A480421FBF765F80028C8
:10B5600040F0F882299B1BBA6B4043F000452995B7
:10B57000D6F80080C5F30A52CDE93087280D3AB3DA
:10B5800040F201118A4200F0EF82B2F5817F43D090
:10B59000D900289A4CBF3B493B4985EA020C1CEA7A
:10B5A000010F5FD042F3090101315BD03749DFF869
:10B5B000D4C0114041F09F4141F4E00103EA0C0C7A
:10B5C0008C454FD000F4E064B4F5806F00F00C8738
:10B5D00045F30902B2F1FF3F14BF2B466B1CF26822
:10B5E000C3F309033B44934247D33546DDF830802B
:10B5F000059E289BD6E53368002B00F021827268F7
:10B60000012A40F21D82012B00F01A824FF0FF3315
:10B61000079A012713619CE6C3F30903002BD7D0D7
:10B62000DDF8A0C003EB4303C5F3892030A9DFF8A0
:10B6300054E0800201EB83034CF3090A04E0BAF101
:10B64000FF3F0FD09942C3D00C788A6804F540744C
:10B65000024342EA045282EA0C0212EA0E0F01F19E
:10B660000C01ECD13546DDF83080EA68059E424594
:10B670007FF6BEAD60E51A9E04E532685CE700BF68
:10B680007821002000FCFF7F00FC0F7000FC0F0001
:10B690004FF00408DDE9361206F10803CDF800800A
:10B6A000FBF7F6FB824600287FF441AE0094337A24
:10B6B0003999CF4D83EA010202F00F0255F822209A
:10B6C0000DF1D80982EA111282EA131303F00F0375
:10B6D00055F82310B37A81EA1211727ACDF8C0902E
:10B6E00082EA010000F00F0055F8200080EA1110F6
:10B6F00080EA121202F00F0255F8221081EA1011AE
:10B7000083EA010202F00F0255F82220069882EA2D
:10B71000111282EA131303F00F0355F82310F37A82
:10B7200081EA1211379A4244379283EA010202F009
:10B730000F0255F8222082EA111282EA131303F055
:10B740000F0355F8233083EA121339930D9AA94B4E
:10B75000029353421BB2019330AB03931346DDE9CE
:10B760001612FEF7A5F8824600287FF4E0ADB36913
:10B77000013300F03187F369013300F02D87F37D49
:10B780009D4903F5C06341EA0353379A05933B9BF8
:10B7900002F10C0199423FF6F5AD0599389B0DF188
:10B7A000C80B4B401BBA329336995B46CDF80080EC
:10B7B000FBF76EFB824600287FF4B9AD0822399969
:10B7C0009DF8C830009283EA010202F00F0255F89A
:10B7D000222082EA111282EA131303F00F0355F8B4
:10B7E00023109DF8CA3081EA12119DF8C92082EA1F
:10B7F000010C0CF00F0C55F82CC08CEA111C8CEAD3
:10B80000121202F00F0255F8221081EA1C1183EA8D
:10B81000010202F00F0255F8222082EA111282EA98
:10B82000131303F00F0355F8233083EA121C9DF81D
:10B83000CB30379A83EA0C0101F00F0155F8211043
:10B84000043281EA1C1181EA131303F00F0355F847
:10B850002330379283EA11133993369906F118038E
:10B86000FBF716FB824600287FF461ADDDF8E4C0EB
:10B870000599327E389182EA0C0101F00F0155F8EA
:10B880002100737E80EA1C1080EA121202F00F027F
:10B8900055F8221081EA101183EA010202F00F022A
:10B8A00055F8222082EA111282EA131303F00F03E3
:10B8B00055F82310F37E81EA1211B27E82EA01006C
:10B8C00000F00F0055F8200080EA111080EA1212F3
:10B8D00002F00F0255F8221081EA101183EA0102EA
:10B8E00002F00F0255F8222082EA111282EA1313A5
:10B8F00003F00F0355F82310737F81EA1211327F92
:10B9000082EA010000F00F0055F8200080EA1110D3
:10B9100080EA121202F00F0255F8221081EA10118B
:10B9200083EA010202F00F0255F8222082EA111286
:10B9300082EA131303F00F0355F82310F37F81EA13
:10B940001211B27F82EA010000F00F0055F82000CA
:10B9500080EA111080EA121202F00F0255F822104C
:10B9600081EA101183EA010202F00F0255F8222049
:10B9700082EA111282EA131303F00F0355F8233001
:10B9800083EA12133993379B08333793002332939A
:10B99000CBE9013367B90798016BC36B426C4B402D
:10B9A0003293416B036C4B403393836B534034931E
:10B9B0000798329B826CC16C53406FF3090332933A
:10B9C000DDE933234A403392026D594653403046F5
:10B9D0003493FCF7F9F9824600287FF420ABDDE9C7
:10B9E00032321343349A134340F0EC8206E000BF36
:10B9F000ACE50010D173001008FC0F004846FBF7BF
:10BA0000EBFC824600287FF492ACD6E9001238980D
:10BA10000D9B30613798E31AB382F060AB4B079807
:10BA2000C6E90021C3E901AAC0F848A0002F40F0F0
:10BA30007F82A3F1180207CA03E90700FFF7EFBAF4
:10BA400000230DF1D80948463693FCF779FC82466D
:10BA500008B9DDF8D8A0BAF1000FFFF6E0AA079BFD
:10BA60009A6ED369BAEB530FBFF44CAC984B40F2CB
:10BA700005620093B36897499748F8F71BFB079F47
:10BA800037A8BB6EDB693B66FCF7BAFD824600BB9C
:10BA90004846FCF7B5FD8246D8B9BB6E369AD969DF
:10BAA00038908A4280F0FA819B69032B40F2F6813C
:10BAB0000421034638A8009001918848FAF7B4FDA4
:10BAC000389D8246002800F0E98110F1020F00F055
:10BAD000E5811AF10B0F7FF4A2AA0027079B70687B
:10BAE0009A6E11E4C3F30903002B3FF4FCACDDF8BC
:10BAF000A8E003EB430336A9C4F3892001EB8303D9
:10BB00004EF30902CDE92423800206E0249B013391
:10BB100012D0259B99423FF4E6AC91F800C08A68A8
:10BB20000CF5407C02436E4B42EA0C5282EA0E0254
:10BB30001A4201F10C01E9D1149FFFF710BA079BDB
:10BB40001A9E9A6EFFF7CEBB644B2C469A6E0793F3
:10BB5000FFF7C8BB3546DDF83080059E0028FFF6AC
:10BB60005DAAEA68FFF742BB339A042A10927FF677
:10BB70002FAD0E964FF0040A46464FF0FF34B846FC
:10BB80002F46C3F3090BC5F38923A3EB0B031893CB
:10BB90009BB220930BF101031493079B9B6EDA6910
:10BBA0009642BFF49EAA9B690AF104059D423FF6A6
:10BBB00098AA042201922AAA0092534632460421EE
:10BBC0004648FAF731FD002840F0A1802A9BCDE9D4
:10BBD00032651BBA634043F0004444F30903B3F1F8
:10BBE000FF3F14BFA24604F1010A84F00053CAF3D8
:10BBF000090A13F0C04F2A94AA4436D1109B53452A
:10BC000000F28A80C4F389218B4531D8149B8B4282
:10BC10002ED92346C3F30A523AB340F201108242AE
:10BC200064D0B2F5817F27D0189A03EB8223D80025
:10BC3000289A4CBF2A492B4983EA020008423ED089
:10BC400042F3090101313AD027492548114041F01A
:10BC50009F4141F4E0011840884230D0190D01F4B1
:10BC6000E060B0F5806F00F0D380109B534594D80E
:10BC70003D460E9E4746ABE4C3F30903002BF4D0C8
:10BC8000189ADDF8A0C08A180C2132A801FB030322
:10BC900092024CF3090E04E0BEF1FF3F0FD0834245
:10BCA000E3D00578816805F54075114341EA0551F7
:10BCB0000B4D81EA0C01294200F10C00ECD10E9DE4
:10BCC000059EDDF83080EA68FFF790BAC0210020B9
:10BCD0007CDE00100CE0001040E100107821002014
:10BCE00000FCFF7F00FC0F7000FC0F00C3F3090293
:10BCF0008B1A209932A80B4428A90191A9491BB29B
:10BD0000009111460132FDF76BFC0028ADD00E9D6D
:10BD1000059EDDF8308021E7534625460F97079AA8
:10BD2000926ED1698E42BFF4DCA992691F1D9742C1
:10BD30003FF6D7A9042201922BAA00920421324691
:10BD40009948FAF771FC00285BD12B9BCDE9366747
:10BD50001BBA6B4043F00045C5F30A522B95280DE2
:10BD600032B340F201118A423BD0B2F5817F66D0F6
:10BD7000DA002A9A4CBF8D498D4985EA020E1EEAE7
:10BD8000010F00F0838042F3090101317ED089491F
:10BD9000DFF818E2114041F09F4141F4E00103EA6D
:10BDA0000E0E8E4572D000F4E06CBCF5806F3BD077
:10BDB00045F30902B2F1FF3F14BF2B466B1C109AEA
:10BDC000C3F309033B449A42A9D82A9B0F9FC3F3AC
:10BDD00089218B453FF649AF149A8A423FF61AAF44
:10BDE00043E7C3F309022AAB01936E4B114600935C
:10BDF000C5F389239B1A36A80132FDF7F1FB002811
:10BE0000D6D000280F9FBFF6C8AE8246FFF707B90D
:10BE1000C3F38923C2F3892083423FF626AF49B298
:10BE200002EB8122289220E7C5F38923C2F38921FE
:10BE30008B42BDD840B202EB80222A92B8E7C3F30E
:10BE40000903002BB4D00C2236A902FB0313DDF842
:10BE5000A8E0C5F389204EF30902CDE92123800231
:10BE600005E0219B013311D0229B8B42A0D091F899
:10BE700000C08A680CF5407C02434C4B42EA0C52ED
:10BE800082EA0E021A4201F10C01EAD10F9F84E608
:10BE9000219A8A423FF6A3A8FFF73ABB079B9B6E05
:10BEA0001B6A002B09DD013343F001035A1E2A44AB
:10BEB000B2FBF3F202FB03F338930D9B04220093D1
:10BEC0000023ADF8EC308DF8EE304FF0FF330194E5
:10BED0003A93F37D39928DF8EF30F3694846DDE906
:10BEE00016123D93B3693C93069BFEF7D7FD82463D
:10BEF00000287FF4EEAD0123369AF375379B079C3B
:10BF0000B261F3613568216A70688D4200F0688320
:10BF1000646A844200F06483A54200F06183814238
:10BF200000F05E83079B57460D9C9A6EFFF7ECB9B5
:10BF30001B9D1C9C204FCDE901212B464FF4D46260
:10BF40001E491F4800940397F8F7B4F8079A136A3C
:10BF50009D4200F04F83526A944200F04B83954219
:10BF600000F048839C4200F04583079B9B6A002BAE
:10BF700041D0DDE91B210CE0DC68A1420CD0A242DB
:10BF80000AD0814208D09879022825D01B68002B5E
:10BF900031D098688242EFD1306898607068D8607C
:10BFA000F1E700BF996500107821002000FCFF7FB9
:10BFB00000FC0F7000FC0F007CDE00100CE0001095
:10BFC00070E1001059464846FAF7B4FF824600284F
:10BFD0003FF414ADFFF7ABB9D86A824206D01C6BB0
:10BFE000A14203D0A24201D08142CFD13068D862B1
:10BFF00070681863CAE700240123CDE93C43DDF8EB
:10C000001C80D8F86830DB69B4EB530F4ED21B9B11
:10C01000484632931C9B904A3393002300938F4BE6
:10C02000CDF808B001933CA98D4BFBF743FB0134DD
:10C0300010B1C51C40F0E4823C9B013302D03D9B13
:10C040000133DED100240123CDE93C431C9DDDF802
:10C050001C803C9B581C3EF4E2AF3D9A511C3EF4C0
:10C06000DEAFD8F86810C969B4EB510F04F10104D0
:10C070004BD21B9999421ED095421CD09D421AD09A
:10C08000914218D000224FF0FF33CDE901220092F7
:10C0900048461A463CA9FBF70DFB03460028D8D0BA
:10C0A000C21C3EF4BCAF9A46FEF7B9BF6FF0010563
:10C0B000AA46FEF7B4BF079B1C6B230D13F4E06F79
:10C0C0000CD0079A369B506B984223D0926B3799CD
:10C0D0008A421FD088421DD093421BD000230025E6
:10C0E0009DF8EF4032935F4B04F5C06443EA04537C
:10C0F000022259464846CDE933533596FEF7C6F835
:10C10000A84218BF8246FEF78ABF6FF001039A4625
:10C11000FEF785BF379AC4F389240092524940F64E
:10C120001372524802970194F7F7C4FF002340F2BC
:10C13000FF35079AAC42C2E90D33136B6FF39E23B0
:10C140001363CBD04A4B43EA8423C8E7B2F5817F1F
:10C1500059D0229A03EB8223DA00279A4CBF454933
:10C16000454983EA020008423EF47DAD42F30901ED
:10C1700001313EF478AD41493E48114041F09F41C4
:10C1800041F4E001184088423EF46DAD190D01F410
:10C19000E060B0F5806F7FF4BBA9C3F38923C2F3DD
:10C1A000892083423FF6B4A949B202EB812227924B
:10C1B000FFF7AEB9C3F30903002B3FF417A8129899
:10C1C00003EB430301442EAFDDF898C0890207EB6F
:10C1D00083033878D7F808E000F5407041EA0E0E86
:10C1E0004EEA00504EF3090EBEF1FF3F08BF01308A
:10C1F0000C37C0F3090004309F428444E9D1CDF8E4
:10C2000098C0FEF7F3BFC3F30903002B3FF480A9E6
:10C21000229ADDF89CC08A1803EB430332A89202ED
:10C2200000EB83034CF3090E06E0BEF1FF3F3EF442
:10C230001AAD83423FF46CA90478816804F5407418
:10C24000114341EA04510B4C81EA0C01214200F1F7
:10C250000C00EAD1FEF707BDFF03F07FA56A0010CE
:10C260000800002008FC0F000CE00010ACE10010FA
:10C270000000F04F00FCFF7F00FC0F7000FC0F007F
:10C28000319804280C907EF6B1AFC3F3090E0E95D9
:10C290004FF0040B35464FF0FF3A76461D9BA1EB5D
:10C2A0000E010B440EF101021092139F9AB21BB2C1
:10C2B00018921493CDF83C80079B9B6EDA699742E5
:10C2C000BEF40FAF9B690BF104049C423EF609AF2C
:10C2D000042201922BAA00925B463A460421A94807
:10C2E000FAF7A2F900287EF499AE2B9BCDE93274BF
:10C2F0001BBA83EA0A0343F0004A4AF30903B3F185
:10C30000FF3F14BFD3460AF1010B8AF00053CBF371
:10C31000090B13F0C04FCDF8ACA0A34423D10C9B64
:10C320005B457FD8CAF38921B1421FD3109B994244
:10C330001CD25346C3F30A52AAB140F20110824202
:10C340003ED0B2F5817F17D0149A03EB822243F3DB
:10C350000903B3F1FF3F08BF0132269B191DC2F349
:10C3600009030B4426930C9B5B45A5D82E46DDE9BB
:10C370000E58EA68FEF73ABFC3F30903002BF2D068
:10C38000149A32A88A180C2101FB0303269C9202FE
:10C390000178D0F808C001F5407142EA0C0C4CEA73
:10C3A00001514CF3090CBCF1FF3F08BF01310C30C7
:10C3B000C1F30901043183420C44E9D12694D2E748
:10C3C000C3F309028B1A189932A80B446E491BB2A9
:10C3D000009126A9019111460132FDF701F90028CB
:10C3E000C1D08246FEF71BBEC5F38923C2F3892163
:10C3F0008B423FF6EDA840B202EB80222892FFF775
:10C40000E7B8079B012770689A6EFEF77DBF5F4C07
:10C41000736840F28F625E4900945E48F7F74AFE07
:10C42000FEF7B0BF5B4654460595079A926ED169F8
:10C430008F42BEF456AE92691D1D95423EF651AE36
:10C440000422019230AA009204213A464D48FAF79C
:10C45000EBF800285AD1309BCDE936751BBA634002
:10C4600043F00044C4F30A523094200D2AB340F242
:10C4700001118A423AD0B2F5817F59D0DA002B9A65
:10C480004CBF4549454984EA020E1EEA010F76D0A9
:10C4900042F30901013172D04149DFF8FCE011405B
:10C4A00041F09F4141F4E00103EA0E0E8E4566D053
:10C4B00000F4E06CBCF5806F2FD044F30902B2F1B8
:10C4C000FF3F14BF2346631C0C9AC3F309032B449C
:10C4D0009342AAD32B9B059DC3F389218E423FF63D
:10C4E00042AF109A8A423FF625AF3CE7C3F30902F8
:10C4F0002BAB01932B4B11460093C4F389239B1A5A
:10C5000036A80132FDF76CF80028D6D00028059D2A
:10C51000BFF6D2AE8246FEF782BDC4F38923C2F3D2
:10C5200089218B42C9D840B202EB80222B92C4E70A
:10C53000C3F30903002BC0D00C2236A902FB03135E
:10C54000DDF8ACE0C4F389204EF3090280021392B7
:10C55000209305E0139B013311D0209B8B42ACD07C
:10C5600091F800C08A680CF5407C02430A4B42EA0D
:10C570000C5282EA0E021A4201F10C01EAD1059D29
:10C580009AE600BF78210020096600107CDE0010CA
:10C590000CE00010F0E1001000FCFF7F00FC0F70C9
:10C5A00000FC0F0099650010C3F309022AAB019348
:10C5B000464B11460093C4F389239B1A36A80132D7
:10C5C000FDF70EF800283EF48EAF0028149FBEF64B
:10C5D000C6AC8246FEF723BD0DF1C80BFFF7D6B9F6
:10C5E0000D9F3C46002F49D107990A624B628A6E23
:10C5F000FEF78ABE3368079A136273685362B4E425
:10C6000000280546FFF654AD07990B6B0133C3F3C1
:10C610000902003A18BF012223F0004444EAC27420
:10C62000230D13F4E06F0C630BD0486B369B9842DC
:10C6300029D08A6B37998A4225D0884223D09342E9
:10C6400021D00023329300230222594648463393D7
:10C65000CDE93456FDF71AFE034600287FF423ADDA
:10C6600007990B6B013BC3F30902003A18BF012283
:10C6700023F0004343EAC2730B63E3E4079B002704
:10C680009A6EFEF741BE379AC4F389240092CDE931
:10C69000014740F6ED620E490E48F7F70BFD002307
:10C6A000079A40F2FF38C2E90D33136B6FF39E23F4
:10C6B0001363C5F389239C4205D2A5F58065064B1B
:10C6C00043EA8423BEE74445F9D1BAE799650010EF
:10C6D0000CE00010ACE100100000F04F2DE9F04735
:10C6E000960790B01546044698469F4F05910AD587
:10C6F000FB6B1A0D12F4E06F40F08780FDF7EAFC47
:10C70000064600287DD14FF00009C4F8508004F19E
:10C71000080840462563221D05A9C4F83490C4F8D2
:10C720003C90C4F84C90FBF7B3FE061EBB6A54DB8A
:10C7300023600123AA05A371BC6200F1D380360DEA
:10C74000012E40F0C380A1886B054FEA812140F1A2
:10C75000F880236B41F0005943F4803349F4801989
:10C760002363216D8B68002B00F0C3800025226BB2
:10C7700014E0930705EB450005F101050AD54B6868
:10C7800003EB800398687B6F984200F2D78042F4F5
:10C79000803222638B68AB4240F2AB80D607E8D58B
:10C7A0004B6805EB450113F8210003EB8102A188DA
:10C7B000D2E9012300F5407043EA812141EA0051AA
:10C7C000C3F309034046FBF743FC061E226B216DB1
:10C7D000CFDAF01CCDD0BB6A03E0F01C49D0226B4D
:10C7E000216D42F40022226333B1604A9C4276D02C
:10C7F0001A461B68002BF9D10B6813B9E06CF5F7EA
:10C80000D9FE304610B0BDE8F087C3F38923019309
:10C810007B6C574A00933B6C56490292564840F64F
:10C820004372F7F747FC00224FF0FF33CDE90122B6
:10C83000009208A81A4607F14001FAF73BFF0646A6
:10C840000028DED1FB6B08A8C3F389223B6B06A945
:10C850006FF39E233B63494BC7E90D6643EA82238E
:10C8600007960693FDF7B0F9064600283FF446AF59
:10C87000C7E740F2FF32B4F804A09245AFD023607E
:10C880000123E905A371BC6246D5059D284600F049
:10C89000D9FBFB6E834244D340EA8A2343F48013DE
:10C8A000CDE90993364B0B95364D43EA8A2308931D
:10C8B000032245EA8A23404608A9CDF834900C9318
:10C8C000FDF7E4FC002835D1A9464AE76FF00406DD
:10C8D000226B216D42F4002223462263234A1B6807
:10C8E000136089E7226B6FF00306216D42F400228A
:10C8F000F2E7BB6E08685A6A00286DD0E064FF2139
:10C9000001F02AF840F201234FF0FF32B3EB195F38
:10C91000226439D0002674E7226B216D42F4002294
:10C92000DAE7226B234642F400226FF00D06216DF8
:10C9300022635AE76FF00D06BB6A50E76FF00A06F4
:10C9400049E7082341F000514046194304F1280209
:10C95000FBF73EFCB0F10009BFF603AF4E46216D78
:10C96000226BBB6A3DE700BF78210020A021002098
:10C970007CDE00100CE0001028E200100000F04FF8
:10C9800000001040000010206FF001020021A262A0
:10C99000C4E91021226BC9F3090342F48012226317
:10C9A000BA6EE362526AA264002BB3D040F2FE3347
:10C9B000934228BF1346A188404643EA8121E26C96
:10C9C000C3F3090341F00051FBF702FC061EA1DA94
:10C9D000226BBB6A216D04E710460492F5F7D8FD7F
:10C9E000049AE06400288AD16FF00B06226BBB6AC0
:10C9F000216DF6E60000000030B59BB0F9F79CFE13
:10CA0000002876D13E4C05460146D4E919039A6ABE
:10CA100000F0A2FFA26E12A8936AD269DB009342D3
:10CA200028BF1346C4E917526565A365FCF7D0F823
:10CA3000054660B1A36EDA6A002A46D01A6B002A56
:10CA40004AD05B6B002B4ED028461BB030BD4FF454
:10CA500000312C4AA36E0E922B4A0D900F92069134
:10CA60002A4AD3E90601E36E1092CDE90813D4E90E
:10CA70001C1306AACDE90A13254B11920790032235
:10CA800012A80CA90C93FDF701FC05460028D1D192
:10CA9000024601468DF85E0012A8FDF7F7FB054639
:10CAA0000028C7D14FF0FF339FED137B1A46CDE925
:10CAB0000155009512A804A98DED047BFAF7FAFD43
:10CAC000A36E0546DA6A002AB8D1E068F5F772FD70
:10CAD000A36E1A6B002AB4D1E069F5F76BFDA36E63
:10CAE0005B6B002BB0D1606EF5F764FD28461BB080
:10CAF00030BD6FF00B05A7E700000000010000004B
:10CB0000782100200800F00F5CE2001018001020CF
:10CB1000000010402DE9F04F95B0F9F70DFE002808
:10CB200040F0CA8004464FF0000A4FF0000B8146E7
:10CB3000012780460CAE0C90C6E90100C6E903004F
:10CB4000C6E905006D4D7B1C56D0AB6EDA69B8EBBB
:10CB5000520F80F0AE8004AB08220293684B05921E
:10CB600001930023674A009304923046664B674A5C
:10CB700012A9CDE90CABCDF848901397FAF79AFDBE
:10CB8000DDE91297DDE90CAB002808F10108C0F2DD
:10CB90008E8028D040F30900013024D0182330467D
:10CBA0005B490DEB0302C5E908ABFBF751FA00281E
:10CBB0007DDB069A130C022B91B242D1002940D1A1
:10CBC000099B1BB1E96E8B4279D8EB660A9B23B1B6
:10CBD000296F8B4200F287802B670B9B1BB1696F1B
:10CBE0008B4276D86B6730464A49FBF7EDF8002850
:10CBF0005DD1B9F1FF3FA6D12B6A01332BD06B6A0F
:10CC0000013328D0D5E90C30A96B43EA00020A436E
:10CC100041D1A96E02EBD272C9692A63EA6A296618
:10CC2000B2FBF1F001FB102200213B4BC5E91521BD
:10CC3000E96513E9070083E80700204615B0BDE861
:10CC4000F08F364891B2CDE9001040F6D952344900
:10CC50003448F7F72FFA6FF00904AB6EDA6A5AB16D
:10CC60001A6B82B15B6B002BE7D1686EF5F7A2FC03
:10CC7000204615B0BDE8F08FE868F5F79BFCAB6E79
:10CC80001A6B002AEED1E869F5F794FCAB6E5B6B8A
:10CC9000002BD2D1E9E70191204940F611620090C2
:10CCA000029121481E49F7F705FA2A6BB1E70446BD
:10CCB000D3E76FF00104D1E76FF00B04BDE717482D
:10CCC00040F6E252CDE9001015491848F7F7F2F99D
:10CCD000C1E7124840F6F852CDE900101049144857
:10CCE000F7F7E8F9B7E70D4840F6ED52CDE9001047
:10CCF0000B491048F7F7DEF9ADE700BF78210020B7
:10CD0000ED6A00105CE200100800F00F00FCFF7FED
:10CD100018001020A8210020B42100207CDE001083
:10CD20000CE0001068E2001030E3001094E2001004
:10CD3000FCE20010C8E20010014BFFF7CFBC00BFBF
:10CD4000ECE5001030B5036B0446190387B013D52A
:10CD500000252A4A936A43B1283202E01A461B682A
:10CD60001BB19C42FAD123681360236D1B68002B12
:10CD700039D0284607B030BDFCF74EFA236B054684
:10CD800068BBDA03E4D5A2680132E1D0E26801327F
:10CD9000DED0DB022DD408236D4604F1280103C93F
:10CDA000CDE900011649A2880B43216D43EA822395
:10CDB000CDE90235D1E9010343EA822343F08153EF
:10CDC000CDE90430022202A904F10800FDF75EFA61
:10CDD000236B054618B923F480332363B8E743F483
:10CDE00000232363B5E7E06CF5F7E4FB284607B0C2
:10CDF00030BDE56CE36A0349D5E700BF7821002028
:10CE00000000202000001020FCF786BAFCF720B8B4
:10CE1000084A094B91691B6810B501FB0030EFF31C
:10CE2000108472B6916900F0A7FD84F31088002089
:10CE300010BD00BF641A0020601A002038B5094CEC
:10CE4000A569094C24680C4405FB004011461A46AC
:10CE5000EFF3108472B600F063FD84F310880020B5
:10CE600038BD00BF641A0020601A002038B5074D95
:10CE700001F1A051AD69064C05FB00112468104674
:10CE800021441A4600F08CFD002038BD641A0020B1
:10CE9000601A002010B90648FFF73CBE08B50448E8
:10CEA000FFF7AAFDBDE808400148FFF733BE00BF09
:10CEB000641A002070B5044654200E46F5F768FB4E
:10CEC00070B1214632460546FFF736FF044610B9D9
:10CED0002C46204670BD2846F5F76CFB204670BDF9
:10CEE0006FF00B04F5E700BF38B50546FFF72AFFE2
:10CEF00004462846F5F75EFB204638BDFFF786BF9F
:10CF0000FFF782BF11F0FF01034600F0030239D0A2
:10CF10008ABB10B501EB012E02680EEB0E4EA2F19A
:10CF200001338EEA020423EA0203A4F1013222EA69
:10CF30000402134313F0803F0FD150F8044F84EAEA
:10CF40000E0CA4F10133ACF1013223EA040322EA0E
:10CF50000C02134313F0803FEFD0037823B936E07F
:10CF600010F8013F002B32D09942F9D110BD8A420E
:10CF700028D09A0729D01A7818460133002AF6D10A
:10CF800010467047CAB90268A2F1013323EA0203CE
:10CF900013F0803F08D150F8042FA2F1013323EAA7
:10CFA000020313F0803FF6D003785BB110F8013F25
:10CFB000002BFBD17047990705D0184613F8012BB9
:10CFC000002AF8D170471846DDE71846A1E7184651
:10CFD00010BD00BF30B40478A4B10D7885B184468B
:10CFE0000A462B4602E012F8013F2BB19C42FAD1CF
:10CFF0001CF8014F002CF3D1ACEB000030BC7047A3
:10D000002846FBE72046F9E730B40478C4B10D7830
:10D01000844685B10A462B4602E012F8013F2BB147
:10D020009C42FAD1ACEB000030BC70471CF8014FB9
:10D03000002CEFD1F6E71CF8014F002CFBD1F1E7F3
:10D040002046F1E720F0030110F00300C0F10000DA
:10D0500051F8043B00F1040C4FEACC0C6FF00002D5
:10D060001CBF22FA0CF213434FF0010C4CEA0C2CBB
:10D070004CEA0C4CA3EB0C0222EA030212EACC129B
:10D0800004BF51F8043B0430F4D0C2F1000102EABD
:10D090000102B2FA82F2C2F11F0200EBD200704725
:10D0A00001F10B03162B2DE9F04F074683B023D86F
:10D0B000102900F2AF8000F01BFC1025182302207D
:10D0C000C54E33445C68A3F10802944200F05E81CF
:10D0D0006368384623F00303D4E902122344CA608C
:10D0E00091605A68083442F001025A6000F002FC74
:10D0F000204603B0BDE8F08F002B23F00705C0F2F7
:10D100008980A94200F2868000F0F2FBB5F5FC7F31
:10D11000C0F078826B0A00F08480042B00F26281F8
:10D12000AB0903F1390003F1380EC300AA4E3344B2
:10D13000A3F1080C5C68A44507D10DE0002AE16862
:10D1400080F21E818C450C4606D0636823F00303F1
:10D150005A1B0F2AF2DD7046DFF88082346944459D
:10D1600000F0FA80636823F0030CACEB05030F2B8F
:10D1700000F37481002BC6E9048880F26381BCF55A
:10D18000007FD6F804E080F007814FEADC0301223B
:10D190004FEA5C1C013302FA0CF256F833104EEAE7
:10D1A000020E06EBC302083AC6F804E0C4E9021214
:10D1B00046F83340CC6083104FF0010C0CFA03FCAE
:10D1C000F44534D81CEA0E0F07D120F003004FEAD3
:10D1D0004C0C04301CEA0E0FF9D006EBC00A814655
:10D1E000D646DEF80C300BE05A681C46DB6822F0AD
:10D1F0000302511B0F2900F30181002980F21581E0
:10D200009E45F1D109F101090EF1080E19F0030F45
:10D21000E7D158E10C233B600024204603B0BDE871
:10D22000F08F4FF4007340204FF03F0E7EE7B4685C
:10D23000636823F00309A945A9EB050302D30F2B6B
:10D2400000F38D80DFF898B104EB09030820DBF8C8
:10D2500000200093103202EB050800F04DFBD6F8D9
:10D2600008140246013105D008F1FF3841428044DC
:10D2700001EA080841463846009200F0C7F9B0F1CB
:10D28000FF3F8246009A00F0048104EB09038342C9
:10D2900000F2FD80DBF8041002F1FF3C4144CBF8C2
:10D2A000041000F05E81D6F80804013000F06581BA
:10D2B00004EB0903AAEB03031944CBF804101AF09A
:10D2C0000703009300F02281C3F1080138468A4425
:10D2D0000A44D04408EA0C01521A02EA0C010191F6
:10D2E00000F094F9421C00F06481A0EB0A0001995F
:10D2F00000EB0108DBF8042048F00100B442C6F856
:10D3000008A01144CAF80400CBF8041016D0B9F1F3
:10D310000F0F40F235816268A9F10C00052320F05F
:10D32000070002F0010202430F28626004EB0002D2
:10D33000C2E9013300F24581DAF80400DBF82C2061
:10D3400054468A42DBF8302038BFCBF82C108A4292
:10D3500038BFCBF830109EE0D6F804E02BE7621916
:10D3600045F0010543F00103083444F8045C3846F5
:10D37000B260536000F0BEFA204603B0BDE8F08F03
:10D38000A26823443846D1608A60AAE6DC68A342DA
:10D390007FF49EAE0230DFE6BCF5206F4FEA5C22E0
:10D3A0006ED3142A00F2C28002F15C035B32DB0010
:10D3B000F118F3580839994203D19DE09B689942CE
:10D3C00004D05A6822F003026245F7D8D968C4E94C
:10D3D00002318C60DC60EEE6B01A0020B81A002042
:10D3E000F0210020142B63D9542B00F2A8802B0BC2
:10D3F00003F16F0003F16E0EC30097E6D4F808C086
:10D400003846671945F001056560CCF80C30C3F863
:10D4100008C041F00103C6E90477C7E902887B60D0
:10D42000A150083400F066FAF7E622443846516805
:10D4300041F00101516054F8082FD3609A6000F068
:10D4400059FAEAE6A44438460834DCF8043043F0DC
:10D450000103CCF8043000F04DFADEE6621943F027
:10D46000010145F0010538466560C6E90422C2E9BC
:10D470000288516044F80C30083400F03BFACCE6E6
:10D480004FEA9C1202F139033832DB0090E7B442D4
:10D490005FD0B468606820F00308A845A8EB0503D6
:10D4A00002D30F2B3FF75BAF384600F023FAB3E609
:10D4B00003F15C0003F15B0EC30037E65AF808394C
:10D4C000534540F09D8010F0030F00F1FF30F5D17F
:10D4D000736823EA0C0373604FEA4C0C0CF1FF32C3
:10D4E0009A4204D3A3E64FEA4C0C09F104091CEA62
:10D4F000030FF8D0484670E692104FF0010C0CFA7A
:10D5000002F24EEA020EC6F804E060E70AEB0801F8
:10D51000384601EA0C01521A02EA0C01019100F0AE
:10D5200075F8431C7FF4E1AE0099E3E6542A2BD84A
:10D530004FEA1C3202F16F036E32DB0038E7B3F5BD
:10D54000AA7F2BD8EB0B03F1780003F1770EC30011
:10D55000ECE5DBF8041002F1FF3C4144CBF8041089
:10D56000A1E610EA0C0F7FF49EAEC844D6F808A0DE
:10D5700048F00100CAF80400E0E6C6F808A49EE6F8
:10D580000123CAF804308FE7B2F5AA7F23D84FEA07
:10D59000DC3202F178037732DB0009E740F25452C3
:10D5A000934223D8AB0C03F17D0003F17C0EC30042
:10D5B000BCE5009B0021A3F108029044A8EB0A08F7
:10D5C00098E604F10801384600F08EF8DBF8041004
:10D5D000D6F808A0B0E640F254539A420CD84FEA6D
:10D5E0009C4202F17D037C32DB00E1E64FF47E7366
:10D5F0007F204FF07E0E99E54FF47E737E22D7E6B2
:10D60000736869E7E80805F1080359E538B50022B1
:10D61000064D044608462A60F6F74EFB431C00D030
:10D6200038BD2B68002BFBD0236038BD242200209E
:10D630002DE9F8430646DFF8AC800820894600F063
:10D640005BF90546304600F053F9D8F808305F68BA
:10D6500027F00307A7F11104A4EB09042C44B4FB41
:10D66000F5F4013C05FB04F4A54208DC002130463A
:10D67000FFF7CCFFD8F808303B44984205D030463D
:10D6800000F038F90020BDE8F88361423046FFF72A
:10D69000BDFF01300FD03F1B104AD8F8083030468C
:10D6A00047F001075F6013681B1B136000F022F94D
:10D6B0000120BDE8F88300213046FFF7A7FFD8F826
:10D6C0000820831A0F2BDADD43F00103034953606E
:10D6D000034B1B68C01A0860D1E700BFF42100208B
:10D6E000B81E0020B01A002000295AD0F8B50C4608
:10D6F000074600F0FDF8734D54F804CCA4F108027D
:10D70000A8682CF001030CF0010ED1184E68884275
:10D7100026F003067CD088194E60406800F00100B6
:10D72000BEF1000F2ED154F8084C05F1080C121B65
:10D7300023449468644560D0D2F80CE0C4F80CE04F
:10D74000CEF8084000287DD043F0010050600B6007
:10D75000B3F5007F2ED25809D908012383406868A9
:10D760000131034355F831006B6005EBC103083B01
:10D77000C2E9020345F83120C2603846BDE8F840EE
:10D7800000F0B8B870B9334405F1080C886843F06C
:10D79000010460456ED0C968C16088605460D35090
:10D7A000D6E770474CF00101B3F5007F44F8041C44
:10D7B000D350D0D3B3F5206F4FEA532144D2990907
:10D7C00001F1390001F13804C100681869580838BE
:10D7D000884203D155E08968884204D04C6824F01F
:10D7E00003049C42F7D8C868C2E902108260384638
:10D7F000CA60BDE8F84000F07DB880BB1E44D1E9A6
:10D800000213CB60996046F0010353609651B4E770
:10D810001E44BEF1000F07D154F8083CD21A1E4432
:10D82000D2E90213CB60996046F001035360264BA6
:10D83000AA601B68B342A0D8244B38461968FFF78A
:10D84000F7FE9AE73344A1E714290DD954291FD8CC
:10D85000190B01F16F0001F16E04C100B5E743F04F
:10D86000010050600B6088E701F15C0001F15B048E
:10D87000C100AAE7C5E90422C2E902CC5460D35032
:10D880007BE7A4100123A3406C6823436B60ABE7E4
:10D89000B1F5AA7F06D8D90B01F1780001F1770420
:10D8A000C10092E740F25450814206D8990C01F130
:10D8B0007D0001F17C04C10087E74FF47E717E2476
:10D8C00083E700BFB01A0020BC1E0020F02100201A
:10D8D000024B01461868FFF7E3BB00BFC01E0020E3
:10D8E000024B01461868FFF7FFBE00BFC01E0020B4
:10D8F000704700BF704700BF082802D14FF4805026
:10D90000704708B500F006F8162203464FF0FF30C6
:10D910001A6008BD014B1868704700BFC01E002088
:10D920005FF800F0650400205FF800F0290D00208A
:10D930005FF800F02D0200205FF800F03D050020A8
:10D940005FF800F0010D00205FF800F0F501002005
:10D950005FF800F0A10D00205FF800F0C118002072
:10D960005FF800F0D11300205FF800F021130020D1
:10D970005FF800F0651800205FF800F0B9030020A0
:10D980005FF800F0011400205FF800F05D0D00204A
:10D990005FF800F0650200205FF800F01101002040
:10D9A0005FF800F07917002045210010B920001021
:10D9B000ED200010D5210010252100103D20001081
:10D9C0006D21001029200010451400107121001055
:10D9D0001918001089200010592100100921001089
:0CD9E0003910001061100010714500109B
:10D9F000506572696765652073656E736F72206428
:10DA00007269766572207465737400004641494CF2
:10DA10003A20636F756C64206E6F74206D6F756E45
:10DA2000742066696C6573797374656D000000001D
:10DA3000504153533A2066696C6573797374656D10
:10DA4000206D6F756E746564000000004641494C9E
:10DA50003A20424D50333838206368697020494479
:10DA600020636865636B206661696C6564202D20A6
:10DA7000636865636B20776972696E6700000000F8
:10DA8000504153533A20424D50333838206368692F
:10DA90007020494420636F6E6669726D6564000092
:10DAA0004641494C3A20636F756C64206E6F742058
:10DAB0007265616420424D503338382063616C696F
:10DAC00062726174696F6E206461746100000000AD
:10DAD000504153533A20424D503338382063616CE3
:10DAE0006962726174696F6E20646174612072652D
:10DAF000616400004641494C3A20636F756C6420B4
:10DB00006E6F7420656E61626C6520424D503338D3
:10DB100038206E6F726D616C20706F776572206D4A
:10DB20006F646500504153533A20424D50333838AA
:10DB30002073656E736F7220656E61626C65640040
:10DB40004641494C3A204D505536303530206368B7
:10DB5000697020494420636865636B206661696C65
:10DB60006564202D20636865636B20776972696E38
:10DB700067000000504153533A204D505536303520
:10DB800030206368697020494420636F6E66697253
:10DB90006D6564004641494C3A20636F756C6420A2
:10DBA0006E6F742077616B65204D5055363035307F
:10DBB00000000000504153533A204D505536303547
:10DBC00030206177616B65004641494C3A20414401
:10DBD000584C3337352063686970204944206368A6
:10DBE00065636B206661696C6564202D20636865E0
:10DBF000636B20776972696E670000005041535370
:10DC00003A204144584C33373520636869702049C5
:10DC10004420636F6E6669726D6564004641494CCD
:10DC20003A20636F756C64206E6F7420656E61625C
:10DC30006C65204144584C333735000050415353F4
:10DC40003A204144584C33373520656E61626C652B
:10DC500064000000507265737320746865206172FF
:10DC60006D20627574746F6E20746F2073746172AE
:10DC7000742F73746F70206C6F6767696E672028EC
:10DC800047502564292E2E2E0A00000041524D4592
:10DC900044202D206C6F6767696E67207374617212
:10DCA0007465642C2077726974696E6720746F20C4
:10DCB000666C696768745F746573742E62696E0060
:10DCC00041524D4544202D206C6F6767696E672077
:10DCD000737461727465642C20627574204C4F47B4
:10DCE0002046494C45204641494C454420544F204C
:10DCF0004F50454E0000000053544F5050454420B3
:10DD00002D206C6F6767696E67207061757365643D
:10DD10002C2066696C6520636C6F7365640000007D
:10DD20002D2D2D2072656164696E67206261636BC1
:10DD300020666C696768745F746573742E62696EBF
:10DD4000202D2D2D0000000020205B25645D207417
:10DD50003D2575202070726573733D252E32662037
:10DD600020616363656C5F7A3D252E33660A00008F
:10DD70002D2D2D202564207265636F7264732072CF
:10DD8000656164206261636B202D2D2D0A00000007
:10DD9000636F756C64206E6F742072656F70656E52
:10DDA0002066696C6520666F722072656164696EB9
:10DDB00067000000424D503338382072656164209E
:10DDC0006661696C656400004D5055363035302011
:10DDD00072656164206661696C6564004144584CF9
:10DDE0003337352072656164206661696C65640053
:10DDF000424D50333838202D2074656D703A2025FF
:10DE00002E32662043202070726573737572653AF6
:10DE100020252E32662050612020207C2020204D9D
:10DE2000505536303530202D20616363656C3A20C3
:10DE3000252E326620252E326620252E326620675A
:10DE400020206779726F3A20252E316620252E31E9
:10DE50006620252E3166206470732020207C2020CF
:10DE6000204144584C333735202D20252E32662052
:10DE7000252E326620252E326620670A000000001B
:10DE80004C4F47205752495445204641494C454440
:10DE9000000000000A2A2A2A2050414E4943202A25
:10DEA0002A2A0A004E6F207370696E6C6F636B7361
:10DEB0002061726520617661696C61626C65000049
:10DEC0004E6F2075736572204952517320617265DF
:10DED00020617661696C61626C6500004861726402
:10DEE0007761726520616C61726D20256420616CC0
:10DEF000726561647920636C61696D65640000001E
:10DF00004861726420617373657274004F75742088
:10DF10006F66206D656D6F727900000052656C65EB
:10DF200061736500626F6F74325F773235713038BC
:10DF300030000000322E332E300000007069636F15
:10DF4000325F7700706572696765650041756720AB
:10DF50002032203230323600666E692B000000001D
:10DF6000666E69006E616E00666E692D00000000CD
:10DF700055534220737464696E202F207374646F4C
:10DF80007574000052617370626572727920506915
:10DF9000000000005069636F00000000426F617272
:10DFA0006420434443000000526573657400000020
:10DFB000556E68616E646C656420495251203078FA
:10DFC00025780A006570202530325820776173204B
:10DFD000616C726561647920617661696C61626C03
:10DFE0006500000043616E277420636F6E74696E74
:10DFF00075652078666572206F6E20696E61637446
:10E000006976652065702025303258002F686F6D65
:10E01000652F6C6B696E672F70726F6A65637473BE
:10E020002F706572696765652F6C69622F6C697402
:10E03000746C6566732D6C69622F6C66732E630059
:10E0400025733A25643A6572726F723A20436F7293
:10E0500072757074656420646972207061697220E1
:10E060006174207B3078256C782C203078256C7892
:10E070007D25730A000000002F0000002E2E0000F6
:10E0800025733A25643A6572726F723A204E6F209A
:10E090006D6F7265206672656520737061636520BF
:10E0A000256C7525730A000025733A25643A64656A
:10E0B0006275673A2042616420626C6F636B206115
:10E0C00074203078256C7825730A000025733A2572
:10E0D000643A64656275673A20466978696E6720BC
:10E0E0006F727068616E207B3078256C782C2030E0
:10E0F00078256C787D25730A0000000025733A2589
:10E10000643A64656275673A20466978696E67208B
:10E1100068616C662D6F727068616E207B30782547
:10E120006C782C203078256C787D202D3E207B303B
:10E1300078256C782C203078256C787D25730A0042
:10E1400025733A25643A64656275673A20457870AC
:10E15000616E64696E67207375706572626C6F635F
:10E160006B2061742072657620256C7525730A001A
:10E1700025733A25643A64656275673A2052656C86
:10E180006F636174696E67207B3078256C782C2012
:10E190003078256C787D202D3E207B3078256C787A
:10E1A0002C203078256C787D25730A0025733A255C
:10E1B000643A64656275673A20466978696E6720DB
:10E1C0006D6F7665207768696C652072656C6F632A
:10E1D0006174696E67207B3078256C782C203078EC
:10E1E000256C787D2030782568780A25730A000030
:10E1F00025733A25643A7761726E3A2053757065DB
:10E2000072626C6F636B203078256C782068617364
:10E21000206265636F6D6520756E777269746162E7
:10E220006C6525730A00000025733A25643A64651D
:10E230006275673A20466978696E67206D6F76650A
:10E24000207B3078256C782C203078256C787D20E8
:10E25000307825687825730A000000006C697474B2
:10E260006C6566730000000025733A25643A657298
:10E27000726F723A20496E76616C696420766572BD
:10E2800073696F6E20762568752E25687525730A6B
:10E290000000000025733A25643A6572726F723A85
:10E2A00020556E737570706F72746564206E616D49
:10E2B000655F6D61782028256C75203E20256C7582
:10E2C0002925730A0000000025733A25643A657217
:10E2D000726F723A20556E737570706F72746564E8
:10E2E0002066696C655F6D61782028256C75203E1D
:10E2F00020256C752925730A0000000025733A2536
:10E30000643A6572726F723A20556E737570706FF1
:10E310007274656420617474725F6D617820282561
:10E320006C75203E20256C752925730A00000000BD
:10E3300025733A25643A64656275673A20466F75BD
:10E340006E642070656E64696E67206773746174B3
:10E35000652030782530386C782530386C78253059
:10E36000386C7825730A000006005250D3F07542CD
:10E370001CDF001006005250E182887F24DF00106D
:10E3800006005250ABB3605334DF00100600525009
:10E39000BBFF3CB63CDF001006005250861C030257
:10E3A00044DF0010060052505422A29D4CDF0010A2
:10E3B00005005250DE65F4681C05011000000000E5
:10E3C000000000000000F03F0000000000002440BA
:10E3D00000000000000059400000000000408F4095
:10E3E000000000000088C34000000000006AF84000
:10E3F0000000000080842E4100000000D012634124
:10E400000000000084D797410000000065CDCD4199
:10E410000D0A00000600525053B4F4A170DF001042
:10E420000000000084DF001094DF00100C2C00209E
:10E430009CDF0010A8DF00100902540003010080D7
:10E440007D080B0002020200000904000001020224
:10E450000004052400200105240100010424020613
:10E4600005240600010705810308001009040100C6
:10E47000020A0000000705020240000007058202B0
:10E480004000000904020000FF0001051201100213
:10E49000EF0201408A2E0900000101020301000081
:10E4A0000A00000000000306A600080002000200A7
:10E4B0009C001400030057494E55534200000000D1
:10E4C000000000000000800004000100280044005B
:10E4D0006500760069006300650049006E00740005
:10E4E000650072006600610063006500470055002A
:10E4F0004900440000004E007B00620063003700CA
:10E50000330039003800630031002D00370033003C
:10E51000630064002D0034006300620037002D00AA
:10E5200039003800620038002D0039003100330016
:10E530006100380066006300610037006200660019
:10E5400036007D0000000000050F2100011C1005B1
:10E5500000DF60DDD88945C74C9CD2659D9E648AEA
:10E560009F00000306A6000100000000000000005C
:10E570002547001000000000294700103547001013
:10E58000614700105D47001000000000000000001F
:10E59000D9590010495A0010795A0010C55A001074
:10E5A000855B0010455C00100000000000000000CA
:10E5B0006410B71DC8206E3BAC30D9269041DC7684
:10E5C000F4516B6B5861B24D3C7105502083B8ED2E
:10E5D00044930FF0E8A3D6D68CB361CBB0C2649B52
:10E5E000D4D2D38678E20AA01CF2BDBD00000000A0
:10E5F0000000000000000000FFFFFFFFFFFFFFFF23
:08E60000282EFF0F01000000AD
:10E6080068E3001074E3001080E300108CE300104E
:10E6180098E30010A4E30010B0E3001014E4001025
:10E62800034600B50268EFF3108C72B6D2E8CFEF5C
:10E638000120BEF1000FF9D1C2E84E0FBEF1000F64
:10E64800F4D1BFF35F8F93F90420002A0ADB01B1EC
:10E658000A60002000221B68C3E88F2F8CF3108803
:10E668005DF804FB4FF05042126801201A71F1E77F
:10E678004FF050412DE9F8430027044616461D4641
:10E68800DFF87C90D1F800802168EFF3108372B630
:10E69800D1E8CF0F01220028FAD1C1E8402F002885
:10E6A800F6D1BFF35F8F94F90410226800291CDBB0
:10E6B80099F800C05FFA8CFCC2E88F7F83F310885A
:10E6C80099F80030634508D03046294601F0DCFB54
:10E6D8000028D9D00020BDE8F88320BF304629465D
:10E6E80001F0D2FB0028CFD0F4E7002184F80480A1
:10E6F800C2E88F1F83F310880120BDE8F88300BFAC
:10E70800232C002070B582B001A9064615461C4688
:10E71800FFF786FF38B94FF050439DF9042093F96D
:10E7280000309A4201D102B070BD2A4623463046D5
:10E7380002B0BDE87040FFF79BBF00BF70B505464B
:10E748000C4601F0A5FB02460B464FF47A704FF0D9
:10E75800FF3E6FF0004CE4FB002396457CEB030181
:10E7680038BF72462846BDE8704038BF6346FFF799
:10E778007FBF00BF0368EFF3108172B6D3E8CFCF35
:10E788000122BCF1000FF9D1C3E84C2FBCF1000FF6
:10E79800F4D1BFF35F8F4FF0FF0C074A80F804C035
:10E7A80013780133DBB2137000230268C2E88F3F8D
:10E7B80081F3108840BF7047232C002010B40A4C06
:10E7C80023786BB9094BC3F1804103F5807001F5DB
:10E7D8006021CA5843F8042F8342FAD101232370D9
:10E7E8005DF8044B704700BF202C00204C26002009
:10E7F800004B184751260020034B1A6A02609A6A98
:10E8080042605B6A8360704700000D4008B50023D2
:10E818004021DB8A44F246409847006808BD00BFA3
:10E8280010B5044600F00AF9084B20465A68E26021
:10E838009A682261DA6862611A69A2615A69E261BA
:10E848009B692362BDE81040FFF7D6BF0000044073
:10E8580010B50446FFF7DAFF1CB10088C0F3033097
:10E8680010BD0A2010BD00BF0C4B1B6803B1184730
:10E8780010B504460120FFF7EBFF38B92268084BB2
:10E888001A6262689A62A2685A6210BD4FF4805197
:10E898004AF20202024BD9621A6310BDF42B00201F
:10E8A80000000D40C168074A5160016991604169E3
:10E8B800D16081691161C1695161036A9361FFF790
:10E8C800D3BF00BF000004402DE9F0434318B3F55F
:10E8D800800F8BB04BD8002304460D46DA8A0023FC
:10E8E80043E800F35E0254BF1021042144F249605A
:10E8F800904700238146DA8A002343E800F3580250
:10E9080054BF1021042145F6450090470023804656
:10E91800DA8A002343E800F3590254BF1021042186
:10E9280044F25250904700230746DA8A002343E80E
:10E9380000F35B0254BF1021042144F24630904793
:10E948000646FFF73BFF01A8FFF76AFFC847C04725
:10E95800D8234FF4803229462046B847B047FFF7FE
:10E9680047FF01A8FFF79EFF0BB0BDE8F08301F059
:10E9780093FA00BF2DE9F0478318B3F5800F8AB0EA
:10E988004AD80023154604460E46DA8A002343E88F
:10E9980000F35F0254BF1021042144F249609047FC
:10E9A80000238246DA8A002343E800F3580254BF62
:10E9B8001021042145F64500904700238146DA8A54
:10E9C800002343E800F3590254BF1021042145F203
:10E9D8005200904700238046DA8A002343E800F378
:10E9E8005B0254BF1021042144F246309047074689
:10E9F800FFF7E4FE01A8FFF713FFD047C8472A46F0
:10EA080031462046C047B847FFF7F2FE01A8FFF796
:10EA180049FF0AB0BDE8F08701F03EFA0144884298
:10EA280006D2002302F1C052135408308142FBD8A9
:10EA3800BFF34F8FBFF36F8F704700BF01224FF4B2
:10EA480080410148FFF7EABF00C0FF03002108B575
:10EA5800134B4FF4707299601248D960196159616B
:10EA68009961D961196259629962D96219635963C6
:10EA78009963D963196459649964D96419655965A6
:10EA88009965D965196659669966D9661967596786
:10EA98009967D96701F09CF9034B044A1A6008BDCD
:10EAA8000000105000280020C82B002080011050C2
:10EAB8002DE9F04F1F4B85B0D3F858A0BAF1000FDD
:10EAC80022D0002401254FF4E069DFF870801A4F46
:10EAD80001E0202C18D00AEA0502611C2346AB4647
:10EAE800CCB26D00002AF4D004F0010203F0FE0657
:10EAF800164407EB46163046C8F858B000F00AFC32
:10EB080028B93AEA0B0AE4D105B0BDE8F08F002332
:10EB18008DF80930B37801A88DF80830F38A0121FF
:10EB2800ADF80490039300F013FC304600F098FB16
:10EB3800E7E700BF00001150C02700200030115047
:10EB4800F0B5BB4B85B0D3F8985015F4003674D0A7
:10EB5800B84BB94C996A94F83B30B84A022B11600B
:10EB680000F0D480002694F87B30022B00F03B8123
:10EB780094F8BB30022B00F07D8194F8FB30022B17
:10EB880000F06C8194F83B31022B00F0448194F83A
:10EB98007B31022B00F0338194F8BB31022B00F05B
:10EBA800B68194F8FB31022B00F0A68194F83B3231
:10EBB800022B00F0968194F87B32022B00F08681BC
:10EBC80094F8BB32022B00F0768194F8FB32022BCA
:10EBD80000F0668194F83B33022B00F0568194F8DC
:10EBE8007B33022B00F0A48094F8BB33022B00F097
:10EBF800998194F8FB33022B00F0B4803EB9904B16
:10EC08001B7823B94FF400328E4BC3F890204FF491
:10EC18004072874B01219B6C01A8C3F30A03ADF82E
:10EC28000420029300F094FBEA064FF40036864C69
:10EC380007D5FFF73DFF264603E0EA064FF010042C
:10EC4800F7D4EB0322D57C4C46F48036A37E002B08
:10EC580040F09980012394F83A20E370002A40F0AC
:10EC6800AD8001234FF4C061784A84F82330ADF8B1
:10EC7800041092E8030004AA02E90300194601A857
:10EC880000F066FB4FF400326E4B1A65E90408D4B5
:10EC98006A041DD42B042AD4AE4240F0C58105B0C5
:10ECA800F0BD0024624B46F480561C60FFF7CEFE90
:10ECB8004FF48073012101A8ADF804308DF80840A5
:10ECC80000F046FB4FF400225E4B1A656A04E1D55A
:10ECD8004FF48063012101A8ADF8043000F038FB3F
:10ECE8001022584B46F480461A652B04D4D54FF4AD
:10ECF800A063012101A8ADF8043000F029FB4FF40E
:10ED08000062504B46F400461A65C5E794F83A602D
:10ED1800002E3FF428AF94F83C30002B3FF423AF8B
:10ED2800002304F1200084F83C3000F0C1FA1AE70F
:10ED380094F87A73002F3FF457AF94F87C33002B84
:10ED480040F0648194F8BB33022B40F0F48094F8CF
:10ED5800BA33002B40F0EB8094F8FB33022B7FF49E
:10ED680056AF3E4694F8FA33002B3FF447AF94F879
:10ED7800FC33002B3FF44BAF0023354884F8FC33B9
:10ED880000F096FA43E70221324B294A1966536E7E
:10ED98009F07FCD54FF440520021274800F066FA3F
:10EDA800254800F05DFA0222264B5A661A660123AE
:10EDB80094F83A20E370002A3FF453AF254A1366CB
:10EDC800A2F50052536ED807FCD54FF440520021EB
:10EDD800214800F04BFA204800F042FA0122194B72
:10EDE8005A661A663DE794F87A70002F3FF4C0AE71
:10EDF80094F87C30002B40F001813E46B8E694F848
:10EE08007A71002F3FF4C8AE94F87C31002B40F0A3
:10EE1800ED803E46C0E694F83A71002F3FF4B7AE55
:10EE280094F83C31002B40F0D9803E46AFE600BF55
:10EE38000000115000000B40C0270020B42700201C
:10EE48001E2C00200030115010000200000010504D
:10EE5800A02B002000201150E027002094F8FA7021
:10EE6800002F3FF48FAE94F8FC30002B40F08E80DA
:10EE78003E4687E694F8BA70002F3FF47EAE94F8C9
:10EE8800BC30002B7AD13E4677E694F83A73002FCF
:10EE98003FF4A5AE94F83C33002B57D13E469EE68E
:10EEA80094F8FA72002F3FF495AE94F8FC32002BD8
:10EEB8005CD13E468EE694F8BA72002F3FF485AED8
:10EEC80094F8BC32002B49D13E467EE694F87A721B
:10EED800002F3FF475AE94F87C32002B76D13E4675
:10EEE8006EE694F83A72002F3FF465AE94F83C321F
:10EEF800002B63D13E465EE694F8FA71002F3FF48A
:10EF080055AE94F8FC31002B50D13E464EE694F8AD
:10EF1800BA71002F3FF445AE94F8BC31002B3DD1B7
:10EF28003E463EE694F8BA33002B3FF462AE94F8BE
:10EF3800BC33002B71D194F8FB33022B7FF467AEFE
:10EF480094F8FA33002B3FF462AE10E700233948F7
:10EF580084F83C333E4600F0ABF940E600233648DF
:10EF680084F8BC323E4600F0A3F92EE6002333486D
:10EF780084F8FC323E4600F09BF92BE6002330482B
:10EF880084F8BC303E4600F093F9F6E500232D489E
:10EF980084F8FC303E4600F08BF9F3E500232A485C
:10EFA80084F8BC313E4600F083F9FAE5002327488F
:10EFB80084F8FC313E4600F07BF9F7E5002324484D
:10EFC80084F83C323E4600F073F9F4E5002321480A
:10EFD80084F87C323E4600F06BF9F1E500231E48C8
:10EFE80084F83C313E4600F063F9D0E500231B4825
:10EFF80084F87C313E4600F05BF9CDE500231848E3
:10F0080084F87C303E4600F053F9B1E500231548FA
:10F0180084F87C3300F04CF994E60023124884F815
:10F02800BC3300F045F986E7104886EA050100F090
:10F0380023FF00BFE02A0020602A0020A02A002029
:10F0480060280020A028002060290020A029002096
:10F05800E0290020202A0020E02800202029002084
:10F0680020280020202B0020602B0020B0DF00107B
:10F078002DE9F047848A058BC278A54228BF25462A
:10F08800171E18BF0127641B467882F00102A4B23C
:10F098000346C270848245F4806040EA4730A6BBCC
:10F0A800D3E903266F1E02EB811E55B3052F98BFC7
:10F0B800721C31D902EB811C721CACEB0204022CCD
:10F0C8002AD932464FEA95094FEA890A06EB890898
:10F0D80052F8044B42454CF8044BF9D15545A7EB7F
:10F0E8000A070EEB0A040AD016F829600EF8296000
:10F0F8002FB15678012F667001D09278A2701E69E0
:10F108009C8A2E441E6140F400400CB940F48040B3
:10F1180001B10004BDE8F0870EF1FF3E2E4400E087
:10F12800013212F8014CB2420EF8014FF8D1E6E76D
:10F1380083680246186801B1000C5378C0F30900CF
:10F14800002B3CD02DE9F041D2E90334461E03EBF5
:10F15800811E40B3052E3BD989014D1C1D44651BFA
:10F16800022D35D97346214600F47F774FEA90087F
:10F17800FD1853F804CBAB4241F804CBF9D1B8429F
:10F18800A6EB070604EB07030EEB07010AD01EF8EF
:10F19800285004F828502EB14C78012E5C7001D00C
:10F1A800897899701469D38A04440344D382138BF1
:10F1B8001461834284BF00239382BDE8F081D38A1F
:10F1C8000344D382138B834284BF00239382704706
:10F1D800013C0EEB00011EF8013B714504F8013FAC
:10F1E800F9D1DFE710B50446836800211B68FFF7F3
:10F1F8009FFF63681B685B0002D5238B834200D0A6
:10F2080010BD2046BDE810400121FFF791BF00BFA7
:10F21800084B1B6C13F0020302D18278D20901D18A
:10F2280000207047C07EA0F10200B0FA80F04009CB
:10F23800704700BF0000115008B5FFF7E9FF50B153
:10F24800054A064B906A1B68A0F54870C01AC62884
:10F258008CBF0020012008BD00000B40B42700200F
:10F268000023C0E904338376704700BF10B5836874
:10F2780009B11C68214082B1114352050DD51A68A5
:10F2880054050CD4084A21F480641C60126C92075F
:10F2980003D40C23033BFDD28368196010BD817829
:10F2A800024800F0E9FD00BF00001150C4DF001063
:10F2B80030B54368002183B004461D68FFF7D8FEC7
:10F2C800134B40F48052196CA37889070ED55B065E
:10F2D8000ED025F0A04545F0005500212046636872
:10F2E8001D6003B0BDE83040FFF7C0BFDB09F0D0B8
:10F2F800A38A002BEDD0012120460192FFF7B8FE2A
:10F30800019A25F00055024345F0A045E5E700BF06
:10F318000000115038B5857E044695B1FFF762FFAD
:10F32800A38A0BB9284638BD2046FFF785FF20B1D0
:10F33800012323770025284638BD2046FFF7B8FF6C
:10F34800F8E78178014800F097FD00BFE4DF00107E
:10F358002DE9F04343780446023B0D4685B0042B63
:10F3680013D8DFE803F00348677042000021784BA8
:10F378001A7822F001021A701A7822F002021A7022
:10F3880059701A7861F382021A70724B1E68736999
:10F39800EFF3108272B6D3E8CF0F01210028FAD11B
:10F3A800C3E8401F0028F6D1BFF35F8FB261214642
:10F3B800304600F05DFD00237269C2E88F3FB369F3
:10F3C80083F3108848B94FF0E023D3F8F03DDB070A
:10F3D80008D500BE05B0BDE8F0832A4661782078DC
:10F3E80000F04EFD05B0BDE8F0835B4A13780133A9
:10F3F800DBB21370C9E74FF00009584E4B4631781D
:10F40800DFF86081564F0FE03A6812EB431305D0DE
:10F41800DB691BB1616820789847317809F10109E7
:10F428005FFA89F38B4217D89942EDD85B1A08EB3B
:10F438004313EDE7464B1A78D707D3D51A7842F02D
:10F4480004021A70A1E7424B1A78D607CAD51A786F
:10F4580022F004021A7098E73D4E3378580737D4E3
:10F46800F378DA07BED5032300273A4A21781668CD
:10F4780062688DF804108DF805307369CDF8067050
:10F48800CDF80A70ADF80E700292EFF3108272B6E2
:10F49800D3E8CF0F01210028FAD1C3E8401F002884
:10F4A800F6D1BFF35F8F3046B26101A900F0E0FCEE
:10F4B8007369C3E88F7FB36983F31088002882D00B
:10F4C8002A469DF805109DF8040000F0D9FC89E74C
:10F4D80033784FF0000823F00403337005231D4AE6
:10F4E8008DF8053017682278ADF80E808DF8042065
:10F4F8007B69CDF80680CDF80A80EFF3108272B6EA
:10F50800D3E8CF0F01210028FAD1C3E8401F002813
:10F51800F6D1BFF35F8F3846BA6101A900F0A8FCA5
:10F528007B69C3E88F8FBB6983F3108838B94FF0C4
:10F53800E023D3F8F03DD90792D500BE90E72A46DC
:10F548009DF805109DF8040000F09AFC88E700BFBC
:10F55800342500208C2500201F2C00201D2C002085
:10F56800642300208CE5001081F0004102E000BF18
:10F5780083F0004330B54FEA41044FEA430594EA6B
:10F58800050F08BF90EA020F1FBF54EA000C55EAA6
:10F59800020C7FEA645C7FEA655C00F0E2804FEA77
:10F5A8005454D4EB5555B8BF6D420CDD2C4480EA59
:10F5B800020281EA030382EA000083EA010180EA89
:10F5C800020281EA0303362D88BF30BD11F0004FD7
:10F5D8004FEA01314FF4801C4CEA113102D040420D
:10F5E80061EB410113F0004F4FEA03334CEA133348
:10F5F80002D0524263EB430394EA050F00F0A78060
:10F60800A4F10104D5F1200E0DDB02FA0EFC22FA5A
:10F6180005F2801841F1000103FA0EF2801843FA4E
:10F6280005F359410EE0A5F120050EF1200E012A3F
:10F6380003FA0EFC28BF4CF0020C43FA05F3C0187D
:10F6480051EBE37101F0004507D54FF0000EDCF1F6
:10F65800000C7EEB00006EEB0101B1F5801F1BD39F
:10F66800B1F5001F0CD349085FEA30004FEA3C0CA3
:10F6780004F101044FEA445212F5800F80F09A8099
:10F68800BCF1004F08BF5FEA500C50F1000041EB9D
:10F69800045141EA050130BD5FEA4C0C404141EBA1
:10F6A8000101013C28BFB1F5801FE9D291F0000F9C
:10F6B80004BF01460020B1FA81F308BF2033A3F14B
:10F6C8000B03B3F120020CDA0C3208DD02F1140C42
:10F6D800C2F10C0201FA0CF021FA02F10CE002F17D
:10F6E8001402D8BFC2F1200C01FA02F120FA0CFC76
:10F6F800DCBF41EA0C019040E41AA2BF01EB0451BF
:10F70800294330BD6FEA04041F3C1CDA0C340EDCBC
:10F7180004F11404C4F1200220FA04F001FA02F3FF
:10F7280040EA030021FA04F345EA030130BDC4F1BD
:10F738000C04C4F1200220FA02F001FA04F340EAB2
:10F748000300294630BD21FA04F0294630BD94F063
:10F75800000F83F4801306BF81F480110134013D4A
:10F768004EE77FEA645C18BF7FEA655C29D094EABB
:10F77800050F08BF90EA020F05D054EA000C04BF39
:10F788001946104630BD91EA030F1EBF0021002024
:10F7980030BD5FEA545C05D14000494128BF41F0C3
:10F7A800004130BD14F580043CBF01F5801130BD27
:10F7B80001F0004545F0FE4141F470014FF00000B2
:10F7C80030BD7FEA645C1ABF194610467FEA655C63
:10F7D8001CBF0B46024650EA013406BF52EA033505
:10F7E80091EA030F41F4002130BD00BF90F0000FF3
:10F7F80004BF0021704730B54FF4806404F132042F
:10F808004FF000054FF0000150E700BF90F0000FE7
:10F8180004BF0021704730B54FF4806404F132040E
:10F8280010F0004548BF40424FF000013EE700BFDE
:10F8380042004FEAE2014FEA31014FEA02701FBF6E
:10F8480012F07F4393F07F4F81F06051704732F0A0
:10F858007F4208BF704793F07F4F04BF41F40021F7
:10F86800704730B54FF4607401F0004521F0004155
:10F878001CE700BF50EA010208BF704730B54FF0DF
:10F8880000050AE050EA010208BF704730B511F0E0
:10F89800004502D5404261EB41014FF4806404F118
:10F8A80032045FEA915C3FF4D8AE4FF003025FEA9E
:10F8B800DC0C18BF03325FEADC0C18BF033202EB22
:10F8C800DC02C2F1200300FA03FC20FA02F001FA7C
:10F8D80003FE40EA0E0021FA02F11444BDE600BF1F
:10F8E80053B94AB9002908BF00281CBF4FF0FF319F
:10F8F8004FF0FF3000F0C6B9ADF1080C6DE904CE49
:10F9080000F01AF8DDF804E0DDE9022304B07047DE
:10F91800430803F05533C01A830800F0333003F06E
:10F928003333184400EB101000F00F3000EB0020C8
:10F9380000EB0040000E70472DE9F04F8C46099E01
:10F9480004460F46002B48D18A4215465ED9B2FAC2
:10F9580082F33BB1C3F120029F409D409C4020FAB6
:10F9680002F217434FEA154E1FFA85FC220CB7FB2B
:10F97800FEF10EFB117701FB0CF042EA07429042C0
:10F9880007D9AA1801F1FF3702D2904200F2588134
:10F998003946121AA4B2B2FBFEF00EFB102200FB8D
:10F9A8000CFC44EA0244A4450BD92C1900F1FF329F
:10F9B8002CBF01270027A44502D9002F00F043815E
:10F9C800104640EA0140A4EB0C0400211EB1DC40C3
:10F9D8000023C6E90043BDE8F08F8B4206D90EB17B
:10F9E800C6E9000100210846BDE8F08FB3FA83F1AB
:10F9F800002951D16345C0F01681824240F213813B
:10FA08000846002EE7D0C6E90047E4E7002A00F0E0
:10FA1800AF80B2FA82F3002B40F0C2808A1A4FEA14
:10FA2800154EAFB20121200CB2FBFEFC0EFB1C22CE
:10FA380040EA024207FB0CF090420ED9AA180CF1DA
:10FA4800FF382CBF4FF001094FF00009904203D94D
:10FA5800B9F1000F00F0F080C446121AA4B2B2FB4C
:10FA6800FEF00EFB102200FB07F744EA0244A7420F
:10FA78000ED92C1900F1FF322CBF4FF0010E4FF0B8
:10FA8800000EA74203D9BEF1000F00F0D280104645
:10FA9800E41B40EA0C4099E7C1F120058B400CFAC1
:10FAA80001F400FA01F922FA05F72CFA05FC8A405C
:10FAB8001F4320FA05F3380C23431FFA87FE1C0C5A
:10FAC800BCFBF0F800FB18CC44EA0C4408FB0EFC25
:10FAD800A4450ED93C1908F1FF3A2CBF4FF0010B91
:10FAE8004FF0000BA44503D9BBF1000F00F0B8801C
:10FAF800D046A4EB0C041FFA83FCB4FBF0F300FB24
:10FB0800134403FB0EFE4CEA0444A6450ED93C19E7
:10FB180003F1FF302CBF4FF0010C4FF0000CA6454D
:10FB280003D9BCF1000F00F09F80034643EA084068
:10FB3800A4EB0E04A0FB02EC64457346E04602D336
:10FB480007D1F14505D2BEEB02036CEB070C013877
:10FB5800E0465EB1B9EB030264EB080404FA05F56C
:10FB680022FA01F3CC401D43C6E90054002132E7D4
:10FB780042082F464B08AC4642EAC172AE46C4075B
:10FB8800110C92B241EA034142EA0142B1FBF5F19C
:10FB9800B3FBF5F01F23A2EB0C0241EA004142E758
:10FBA8009D40C3F1200299409C402CFA02FC4FEA88
:10FBB800154E20FA02F2AFB2BCFBFEF80A430EFB68
:10FBC80018CC110C41EA0C4108FB07FC8C4550D9B4
:10FBD800691808F1FF302CBF4FF001094FF00009F8
:10FBE8008C4502D9B9F1000F30D0A1EB0C01B1FB63
:10FBF800FEF808FB07FC0EFB181192B242EA01421C
:10FC0800624534D2AA1808F1FF312CBF4FF0010920
:10FC18004FF000096245BED2B9F1000FBBD1A8F17F
:10FC280002012A44B7E7841A6CEB03020120174645
:10FC3800E7E62C4402382BE7ACF1020C2A440CE727
:10FC480002392A44A5E62C440238BAE6A5EB0C0C86
:10FC5800A8F102006144B1FBFEF808FB07FCCAE703
:10FC6800A8F102083C4444E7023B3C445EE74146B5
:10FC780091E7A1EB0C014046B1FBFEF808FB07FC3D
:10FC8800B9E700BF704700BF844641EA000313F09C
:10FC9800030349D1403A23D30B6803604B684360A0
:10FCA8008B688360CB68C3600B6903614B694361F0
:10FCB8008B698361CB69C3610B6A03624B6A4362D8
:10FCC8008B6A8362CB6AC3620B6B03634B6B4363C0
:10FCD8008B6B8363CB6BC36340304031403ADBD2DC
:10FCE80030320BD30B6803604B6843608B688360CA
:10FCF800CB68C36010301031103AF3D20C3205D300
:10FD080051F8043B40F8043B043AF9D2043208D0D5
:10FD1800D2071CBF11F8013B00F8013B01D30B8847
:10FD280003806046704700BF082A13D38B07B1D001
:10FD380010F00303AED0C3F10403D21ADB071CBFD3
:10FD480011F8013B00F8013BA4D331F8023B20F83D
:10FD5800023B9FE7043AD9D3013A11F8013B00F876
:10FD6800013BF9D20B7803704B7843708B78837022
:10FD780060467047032A30B412D941EA0004844629
:10FD88000B46A40721D11946604653F8044B5CF88A
:10FD9800045BA54219D1043A032AF4D860461946EF
:10FDA800541E7AB1431E0139021901E09A4209D062
:10FDB80013F8010F11F801CF6045F7D0A0EB0C0044
:10FDC80030BC7047002030BC7047541EEAE700BFC3
:10FDD800830730B546D08418844604E003F8011B35
:10FDE8009D0704D09C46A4456346F7D130BD013A2F
:10FDF8000244A2EB0C02032A29D9CCB20F2A04EB45
:10FE0800042404EB04442FD9A2F1100C03F11005CB
:10FE18002CF00F0CAC44C3E90044C3E9024410338E
:10FE28006345F8D112F00C0F02F00F0E18D02EF027
:10FE3800030CAEF104051A469C4442F8044B624593
:10FE4800FBD125F0030404330EF003022344002AF7
:10FE5800CCD0C9B21A4403F8011B9342FBD130BD80
:10FE68007246F4E70346C6E79646E0E7000000005E
:10FE78005FF800F0096100105FF800F0F90E00105B
:10FE88005FF800F0694B00105FF800F03D1C0010AF
:10FE98005FF800F0591D00105FF800F08D20001089
:10FEA8001000000000000000000001000000000039
:10FEB8000000000000000200000000000000000038
:10FEC8000000030000000000000000000000040023
:10FED8000000000000000000000005000000000015
:10FEE800000000000000FF000000000001B54868A5
:10FEF80001318E460047704609380149884701BDDF
:10FF08003D13001000000000FFFFFFFFFFFFFF7F11
:10FF180000000000000000000000000000000000D9
:10FF280000000000F01F00203D420010E9410010D1
:10FF380061410010D14000100000000000010000E5
:10FF48009025002010000C000000000000000000B8
:10FF5800000000000000000000000000FF0000009A
:10FF68000080094000000000000009400000000077
:10FF780000003C00000000006DCE00103DCE0010D7
:10FF880011CE001001000000000100000010000068
:10FF980040000000F4010000000400002000000000
:10FFA8000000000000000000000000000000000049
:10FFB8000000000000000000000000000000000039
:10FFC8000000000000000000B01A0020B01A002055
:10FFD800B81A0020B81A0020C01A0020C01A002041
:10FFE800C81A0020C81A0020D01A0020D01A0020F1
:08FFF800D81A0020D81A0020DD
:020000041001E9
:10000000E01A0020E01A0020E81A0020E81A002078
:10001000F01A0020F01A0020F81A0020F81A002028
:10002000001B0020001B0020081B0020081B0020D4
:10003000101B0020101B0020181B0020181B002084
:10004000201B0020201B0020281B0020281B002034
:10005000301B0020301B0020381B0020381B0020E4
:10006000401B0020401B0020481B0020481B002094
:10007000501B0020501B0020581B0020581B002044
:10008000601B0020601B0020681B0020681B0020F4
:10009000701B0020701B0020781B0020781B0020A4
:1000A000801B0020801B0020881B0020881B002054
:1000B000901B0020901B0020981B0020981B002004
:1000C000A01B0020A01B0020A81B0020A81B0020B4
:1000D000B01B0020B01B0020B81B0020B81B002064
:1000E000C01B0020C01B0020C81B0020C81B002014
:1000F000D01B0020D01B0020D81B0020D81B0020C4
:10010000E01B0020E01B0020E81B0020E81B002073
:10011000F01B0020F01B0020F81B0020F81B002023
:10012000001C0020001C0020081C0020081C0020CF
:10013000101C0020101C0020181C0020181C00207F
:10014000201C0020201C0020281C0020281C00202F
:10015000301C0020301C0020381C0020381C0020DF
:10016000401C0020401C0020481C0020481C00208F
:10017000501C0020501C0020581C0020581C00203F
:10018000601C0020601C0020681C0020681C0020EF
:10019000701C0020701C0020781C0020781C00209F
:1001A000801C0020801C0020881C0020881C00204F
:1001B000901C0020901C0020981C0020981C0020FF
:1001C000A01C0020A01C0020A81C0020A81C0020AF
:1001D000B01C0020B01C0020B81C0020B81C00205F
:1001E000C01C0020C01C0020C81C0020C81C00200F
:1001F000D01C0020D01C0020D81C0020D81C0020BF
:10020000E01C0020E01C0020E81C0020E81C00206E
:10021000F01C0020F01C0020F81C0020F81C00201E
:10022000001D0020001D0020081D0020081D0020CA
:10023000101D0020101D0020181D0020181D00207A
:10024000201D0020201D0020281D0020281D00202A
:10025000301D0020301D0020381D0020381D0020DA
:10026000401D0020401D0020481D0020481D00208A
:10027000501D0020501D0020581D0020581D00203A
:10028000601D0020601D0020681D0020681D0020EA
:10029000701D0020701D0020781D0020781D00209A
:1002A000801D0020801D0020881D0020881D00204A
:1002B000901D0020901D0020981D0020981D0020FA
:1002C000A01D0020A01D0020A81D0020A81D0020AA
:1002D000B01D0020B01D0020B81D0020B81D00205A
:1002E000C01D0020C01D0020C81D0020C81D00200A
:1002F000D01D0020D01D0020D81D0020D81D0020BA
:10030000E01D0020E01D0020E81D0020E81D002069
:10031000F01D0020F01D0020F81D0020F81D002019
:10032000001E0020001E0020081E0020081E0020C5
:10033000101E0020101E0020181E0020181E002075
:10034000201E0020201E0020281E0020281E002025
:10035000301E0020301E0020381E0020381E0020D5
:10036000401E0020401E0020481E0020481E002085
:10037000501E0020501E0020581E0020581E002035
:10038000601E0020601E0020681E0020681E0020E5
:10039000701E0020701E0020781E0020781E002095
:1003A000801E0020801E0020881E0020881E002045
:1003B000901E0020901E0020981E0020981E0020F5
:1003C000A01E0020A01E0020A81E0020A81E0020A5
:1003D000FFFFFFFF00000200C81E00200000000019
:1003E000000000002822002090220020F822002097
:1003F00000000000000000000000000000000000FD
:1004000000000000000000000000000000000000EC
:1004100000000000000000000000000000000000DC
:1004200000000000000000000000000000000000CC
:1004300000000000000000000000000000000000BC
:1004400000000000000000000000000000000000AC
:10045000000000000000000000000000000000009C
:10046000000000000000000000000000000000008C
:10047000000000000000000001000000000000007B
:100480000E33CDAB34126DE6ECDE05000B00000040
:10049000000000000000000000000000000000005C
:1004A000000000000000000000000000000000004C
:1004B000000000000000000000000000000000003C
:1004C000000000000000000000000000000000002C
:1004D000000000000000000000000000000000001C
:1004E000000000000000000000000000000000000C
:1004F00000000000000000000000000000000000FC
:080500000000000000000000F3
:10050800D3DEFFFFFE010000FF01000030FCFEFF0C
:04051800793512AB74
:040000051000014D99
:00000001FF
