
/home/lking/projects/perigee/build/perigee.elf:     file format elf32-littlearm

Sections:
Idx Name          Size      VMA       LMA       File off  Algn
  0 .text         0000ce54  10000000  10000000  00001000  2**3
                  CONTENTS, ALLOC, LOAD, READONLY, CODE
  1 .rodata       00000984  1000ce58  1000ce58  0000de58  2**3
                  CONTENTS, ALLOC, LOAD, READONLY, DATA
  2 .ARM.exidx    00000008  1000d7dc  1000d7dc  0000e7dc  2**2
                  CONTENTS, ALLOC, LOAD, READONLY, DATA
  3 .binary_info  00000020  1000d7e4  1000d7e4  0000e7e4  2**2
                  CONTENTS, ALLOC, LOAD, READONLY, DATA
  4 .psram_load   00000000  11000000  11000000  00011380  2**0
                  CONTENTS
  5 .psram_noload 00000000  11000000  11000000  00011380  2**0
                  CONTENTS
  6 .xip_ram      00000000  13ffc000  13ffc000  00011380  2**0
                  CONTENTS
  7 .ram_vector_table 00000110  20000000  20000000  00012000  2**2
                  ALLOC
  8 .uninitialized_data 00000000  20000110  20000110  00011380  2**0
                  CONTENTS
  9 .data         00001b68  20000110  1000d804  0000f110  2**3
                  CONTENTS, ALLOC, LOAD, READONLY, CODE
 10 .tdata        00000000  20001c78  20001c78  00011380  2**0
                  CONTENTS, ALLOC, LOAD, DATA, THREAD_LOCAL
 11 .tbss         00000000  20001c78  20001c78  00000000  2**0
                  ALLOC, THREAD_LOCAL
 12 .tbss_space   00000000  20001c78  20001c78  00011380  2**0
                  CONTENTS
 13 .bss          00000c38  20001c78  1000f36c  00011c78  2**3
                  ALLOC
 14 .tls0         00000000  200028b0  200028b0  00011380  2**0
                  CONTENTS
 15 .tls1         00000000  200028b0  200028b0  00011380  2**0
                  CONTENTS
 16 .persistent_data 00000000  200028b0  200028b0  00011380  2**0
                  CONTENTS
 17 .dummy_pre_heap 00000000  200028b0  200028b0  00011380  2**0
                  CONTENTS
 18 .heap         00000800  200028b0  200028b0  000118b0  2**2
                  ALLOC, READONLY
 19 .scratch_x    00000000  20080000  20080000  00011380  2**0
                  CONTENTS
 20 .scratch_y    00000000  20081000  20081000  00011380  2**0
                  CONTENTS
 21 .stack_dummy  00000800  20081000  20081000  00012000  2**5
                  ALLOC, READONLY
 22 .flash_end    00000014  1000f36c  1000f36c  0001136c  2**2
                  CONTENTS, ALLOC, LOAD, READONLY, DATA
 23 .debug_info   00055e5d  00000000  00000000  00011380  2**0
                  CONTENTS, READONLY, DEBUGGING, OCTETS
 24 .debug_abbrev 0000c029  00000000  00000000  000671dd  2**0
                  CONTENTS, READONLY, DEBUGGING, OCTETS
 25 .debug_loclists 000307f4  00000000  00000000  00073206  2**0
                  CONTENTS, READONLY, DEBUGGING, OCTETS
 26 .debug_aranges 00001a60  00000000  00000000  000a3a00  2**3
                  CONTENTS, READONLY, DEBUGGING, OCTETS
 27 .debug_rnglists 00008dfb  00000000  00000000  000a5460  2**0
                  CONTENTS, READONLY, DEBUGGING, OCTETS
 28 .debug_line   0003479b  00000000  00000000  000ae25b  2**0
                  CONTENTS, READONLY, DEBUGGING, OCTETS
 29 .debug_str    0000ca0d  00000000  00000000  000e29f6  2**0
                  CONTENTS, READONLY, DEBUGGING, OCTETS
 30 .comment      00000026  00000000  00000000  000ef403  2**0
                  CONTENTS, READONLY
 31 .ARM.attributes 00000036  00000000  00000000  000ef429  2**0
                  CONTENTS, READONLY
 32 .debug_frame  000048c8  00000000  00000000  000ef460  2**2
                  CONTENTS, READONLY, DEBUGGING, OCTETS
 33 .debug_line_str 000001de  00000000  00000000  000f3d28  2**0
                  CONTENTS, READONLY, DEBUGGING, OCTETS

/home/lking/projects/perigee/build/perigee.elf:     file format elf32-littlearm


Disassembly of section .text:

10000000 <__VECTOR_TABLE>:
10000000:	20082000 	.word	0x20082000
10000004:	1000015b 	.word	0x1000015b
10000008:	1000011b 	.word	0x1000011b
1000000c:	1000011d 	.word	0x1000011d
10000010:	10000111 	.word	0x10000111
10000014:	10000111 	.word	0x10000111
10000018:	10000111 	.word	0x10000111
1000001c:	10000111 	.word	0x10000111
10000020:	10000119 	.word	0x10000119
10000024:	10000119 	.word	0x10000119
10000028:	10000119 	.word	0x10000119
1000002c:	1000011f 	.word	0x1000011f
10000030:	10000111 	.word	0x10000111
10000034:	10000119 	.word	0x10000119
10000038:	10000121 	.word	0x10000121
1000003c:	10000123 	.word	0x10000123
10000040:	10000111 	.word	0x10000111
10000044:	10000111 	.word	0x10000111
10000048:	10000111 	.word	0x10000111
1000004c:	10000111 	.word	0x10000111
10000050:	10000111 	.word	0x10000111
10000054:	10000111 	.word	0x10000111
10000058:	10000111 	.word	0x10000111
1000005c:	10000111 	.word	0x10000111
10000060:	10000111 	.word	0x10000111
10000064:	10000111 	.word	0x10000111
10000068:	10000111 	.word	0x10000111
1000006c:	10000111 	.word	0x10000111
10000070:	10000111 	.word	0x10000111
10000074:	10000111 	.word	0x10000111
10000078:	10000111 	.word	0x10000111
1000007c:	10000111 	.word	0x10000111
10000080:	10000111 	.word	0x10000111
10000084:	10000111 	.word	0x10000111
10000088:	10000111 	.word	0x10000111
1000008c:	10000111 	.word	0x10000111
10000090:	10000111 	.word	0x10000111
10000094:	10000111 	.word	0x10000111
10000098:	10000111 	.word	0x10000111
1000009c:	10000111 	.word	0x10000111
100000a0:	10000111 	.word	0x10000111
100000a4:	10000111 	.word	0x10000111
100000a8:	10000111 	.word	0x10000111
100000ac:	10000111 	.word	0x10000111
100000b0:	10000111 	.word	0x10000111
100000b4:	10000111 	.word	0x10000111
100000b8:	10000111 	.word	0x10000111
100000bc:	10000111 	.word	0x10000111
100000c0:	10000111 	.word	0x10000111
100000c4:	10000111 	.word	0x10000111
100000c8:	10000111 	.word	0x10000111
100000cc:	10000111 	.word	0x10000111
100000d0:	10000111 	.word	0x10000111
100000d4:	10000111 	.word	0x10000111
100000d8:	10000111 	.word	0x10000111
100000dc:	10000111 	.word	0x10000111
100000e0:	10000111 	.word	0x10000111
100000e4:	10000111 	.word	0x10000111
100000e8:	10000111 	.word	0x10000111
100000ec:	10000111 	.word	0x10000111
100000f0:	10000111 	.word	0x10000111
100000f4:	10000111 	.word	0x10000111
100000f8:	10000111 	.word	0x10000111
100000fc:	10000111 	.word	0x10000111
10000100:	10000111 	.word	0x10000111
10000104:	10000111 	.word	0x10000111
10000108:	10000111 	.word	0x10000111
1000010c:	10000111 	.word	0x10000111

10000110 <__unhandled_user_irq>:
10000110:	f3ef 8005 	mrs	r0, IPSR
10000114:	3810      	subs	r0, #16

10000116 <unhandled_user_irq_num_in_r0>:
10000116:	be00      	bkpt	0x0000

10000118 <isr_invalid>:
10000118:	be00      	bkpt	0x0000

1000011a <isr_nmi>:
1000011a:	be00      	bkpt	0x0000

1000011c <isr_hardfault>:
1000011c:	be00      	bkpt	0x0000

1000011e <isr_svcall>:
1000011e:	be00      	bkpt	0x0000

10000120 <isr_pendsv>:
10000120:	be00      	bkpt	0x0000

10000122 <isr_systick>:
10000122:	be00      	bkpt	0x0000

10000124 <__default_isrs_end>:
10000124:	7188ebf2 	.word	0x7188ebf2
10000128:	1000d7e4 	.word	0x1000d7e4
1000012c:	1000d804 	.word	0x1000d804
10000130:	1000019c 	.word	0x1000019c
10000134:	e71aa390 	.word	0xe71aa390

10000138 <__binary_info_header_end>:
10000138:	ffffded3 	.word	0xffffded3
1000013c:	10210142 	.word	0x10210142
10000140:	000001ff 	.word	0x000001ff
10000144:	0000f234 	.word	0x0000f234
10000148:	ab123579 	.word	0xab123579

1000014c <_entry_point>:
1000014c:	2000      	movs	r0, #0

1000014e <_enter_vtable_in_r0>:
1000014e:	491e      	ldr	r1, [pc, #120]	@ (100001c8 <data_cpy_table+0x2c>)
10000150:	6008      	str	r0, [r1, #0]
10000152:	c806      	ldmia	r0!, {r1, r2}
10000154:	f381 8808 	msr	MSP, r1
10000158:	4710      	bx	r2

1000015a <_reset_handler>:
1000015a:	f04f 4050 	mov.w	r0, #3489660928	@ 0xd0000000
1000015e:	6800      	ldr	r0, [r0, #0]
10000160:	b108      	cbz	r0, 10000166 <hold_non_core0_in_bootrom+0x4>

10000162 <hold_non_core0_in_bootrom>:
10000162:	2000      	movs	r0, #0
10000164:	e7f3      	b.n	1000014e <_enter_vtable_in_r0>
10000166:	a40d      	add	r4, pc, #52	@ (adr r4, 1000019c <data_cpy_table>)
10000168:	cc0e      	ldmia	r4!, {r1, r2, r3}
1000016a:	2900      	cmp	r1, #0
1000016c:	d002      	beq.n	10000174 <hold_non_core0_in_bootrom+0x12>
1000016e:	f000 f812 	bl	10000196 <data_cpy>
10000172:	e7f9      	b.n	10000168 <hold_non_core0_in_bootrom+0x6>
10000174:	4915      	ldr	r1, [pc, #84]	@ (100001cc <data_cpy_table+0x30>)
10000176:	4a16      	ldr	r2, [pc, #88]	@ (100001d0 <data_cpy_table+0x34>)
10000178:	2000      	movs	r0, #0
1000017a:	e000      	b.n	1000017e <bss_fill_test>

1000017c <bss_fill_loop>:
1000017c:	c101      	stmia	r1!, {r0}

1000017e <bss_fill_test>:
1000017e:	4291      	cmp	r1, r2
10000180:	d1fc      	bne.n	1000017c <bss_fill_loop>

10000182 <platform_entry>:
10000182:	4914      	ldr	r1, [pc, #80]	@ (100001d4 <data_cpy_table+0x38>)
10000184:	4788      	blx	r1
10000186:	4914      	ldr	r1, [pc, #80]	@ (100001d8 <data_cpy_table+0x3c>)
10000188:	4788      	blx	r1
1000018a:	4914      	ldr	r1, [pc, #80]	@ (100001dc <data_cpy_table+0x40>)
1000018c:	4788      	blx	r1
1000018e:	be00      	bkpt	0x0000
10000190:	e7fd      	b.n	1000018e <platform_entry+0xc>

10000192 <data_cpy_loop>:
10000192:	c901      	ldmia	r1!, {r0}
10000194:	c201      	stmia	r2!, {r0}

10000196 <data_cpy>:
10000196:	429a      	cmp	r2, r3
10000198:	d3fb      	bcc.n	10000192 <data_cpy_loop>

1000019a <data_cpy_done>:
1000019a:	4770      	bx	lr

1000019c <data_cpy_table>:
1000019c:	1000d804 	.word	0x1000d804
100001a0:	20000110 	.word	0x20000110
100001a4:	20001c78 	.word	0x20001c78
100001a8:	1000f36c 	.word	0x1000f36c
100001ac:	20080000 	.word	0x20080000
100001b0:	20080000 	.word	0x20080000
100001b4:	1000f36c 	.word	0x1000f36c
100001b8:	20081000 	.word	0x20081000
100001bc:	20081000 	.word	0x20081000
100001c0:	00000000 	.word	0x00000000
100001c4:	4770      	bx	lr
100001c6:	0000      	.short	0x0000
100001c8:	e000ed08 	.word	0xe000ed08
100001cc:	20001c78 	.word	0x20001c78
100001d0:	200028b0 	.word	0x200028b0
100001d4:	10003a05 	.word	0x10003a05
100001d8:	100001e1 	.word	0x100001e1
100001dc:	100039fd 	.word	0x100039fd

100001e0 <main>:
100001e0:	e92d 4ff0 	stmdb	sp!, {r4, r5, r6, r7, r8, r9, sl, fp, lr}
100001e4:	b0c9      	sub	sp, #292	@ 0x124
100001e6:	f003 fd2d 	bl	10003c44 <stdio_init_all>
100001ea:	f44f 60fa 	mov.w	r0, #2000	@ 0x7d0
100001ee:	f001 fb43 	bl	10001878 <sleep_ms>
100001f2:	48a0      	ldr	r0, [pc, #640]	@ (10000474 <main+0x294>)
100001f4:	f003 fd6a 	bl	10003ccc <__wrap_puts>
100001f8:	2001      	movs	r0, #1
100001fa:	f00c f94b 	bl	1000c494 <pico_mount>
100001fe:	2800      	cmp	r0, #0
10000200:	db62      	blt.n	100002c8 <main+0xe8>
10000202:	489d      	ldr	r0, [pc, #628]	@ (10000478 <main+0x298>)
10000204:	f003 fd62 	bl	10003ccc <__wrap_puts>
10000208:	200e      	movs	r0, #14
1000020a:	f000 fceb 	bl	10000be4 <gpio_init>
1000020e:	f04f 0401 	mov.w	r4, #1
10000212:	230e      	movs	r3, #14
10000214:	ec44 3044 	gpioc_bit_oe_put r3, r4
10000218:	ec44 3040 	gpioc_bit_out_put r3, r4
1000021c:	200f      	movs	r0, #15
1000021e:	f000 fce1 	bl	10000be4 <gpio_init>
10000222:	230f      	movs	r3, #15
10000224:	ec44 3044 	gpioc_bit_oe_put r3, r4
10000228:	f04f 0500 	mov.w	r5, #0
1000022c:	ec45 3040 	gpioc_bit_out_put r3, r5
10000230:	2008      	movs	r0, #8
10000232:	f000 fcd7 	bl	10000be4 <gpio_init>
10000236:	2408      	movs	r4, #8
10000238:	ec45 4044 	gpioc_bit_oe_put r4, r5
1000023c:	2200      	movs	r2, #0
1000023e:	2101      	movs	r1, #1
10000240:	4620      	mov	r0, r4
10000242:	f000 fcbb 	bl	10000bbc <gpio_set_pulls>
10000246:	498d      	ldr	r1, [pc, #564]	@ (1000047c <main+0x29c>)
10000248:	488d      	ldr	r0, [pc, #564]	@ (10000480 <main+0x2a0>)
1000024a:	f005 fffb 	bl	10006244 <i2c_init>
1000024e:	2103      	movs	r1, #3
10000250:	2004      	movs	r0, #4
10000252:	f000 fc95 	bl	10000b80 <gpio_set_function>
10000256:	2103      	movs	r1, #3
10000258:	2005      	movs	r0, #5
1000025a:	f000 fc91 	bl	10000b80 <gpio_set_function>
1000025e:	2200      	movs	r2, #0
10000260:	2101      	movs	r1, #1
10000262:	2004      	movs	r0, #4
10000264:	f000 fcaa 	bl	10000bbc <gpio_set_pulls>
10000268:	2200      	movs	r2, #0
1000026a:	2101      	movs	r1, #1
1000026c:	2005      	movs	r0, #5
1000026e:	f000 fca5 	bl	10000bbc <gpio_set_pulls>
10000272:	4983      	ldr	r1, [pc, #524]	@ (10000480 <main+0x2a0>)
10000274:	a812      	add	r0, sp, #72	@ 0x48
10000276:	f000 fc73 	bl	10000b60 <prg_i2c_pico_init>
1000027a:	a815      	add	r0, sp, #84	@ 0x54
1000027c:	a912      	add	r1, sp, #72	@ 0x48
1000027e:	f000 fc71 	bl	10000b64 <prg_i2c_pico_as_bus>
10000282:	a815      	add	r0, sp, #84	@ 0x54
10000284:	f000 f920 	bl	100004c8 <prg_bmp388_check_id>
10000288:	b938      	cbnz	r0, 1000029a <main+0xba>
1000028a:	487e      	ldr	r0, [pc, #504]	@ (10000484 <main+0x2a4>)
1000028c:	f003 fd1e 	bl	10003ccc <__wrap_puts>
10000290:	f44f 707a 	mov.w	r0, #1000	@ 0x3e8
10000294:	f001 faf0 	bl	10001878 <sleep_ms>
10000298:	e7fa      	b.n	10000290 <main+0xb0>
1000029a:	487b      	ldr	r0, [pc, #492]	@ (10000488 <main+0x2a8>)
1000029c:	f003 fd16 	bl	10003ccc <__wrap_puts>
100002a0:	a92a      	add	r1, sp, #168	@ 0xa8
100002a2:	a815      	add	r0, sp, #84	@ 0x54
100002a4:	f000 f94a 	bl	1000053c <prg_bmp388_read_calib>
100002a8:	b1b0      	cbz	r0, 100002d8 <main+0xf8>
100002aa:	4878      	ldr	r0, [pc, #480]	@ (1000048c <main+0x2ac>)
100002ac:	f003 fd0e 	bl	10003ccc <__wrap_puts>
100002b0:	a815      	add	r0, sp, #84	@ 0x54
100002b2:	f000 fb2d 	bl	10000910 <prg_bmp388_enable>
100002b6:	b9b8      	cbnz	r0, 100002e8 <main+0x108>
100002b8:	4875      	ldr	r0, [pc, #468]	@ (10000490 <main+0x2b0>)
100002ba:	f003 fd07 	bl	10003ccc <__wrap_puts>
100002be:	f44f 707a 	mov.w	r0, #1000	@ 0x3e8
100002c2:	f001 fad9 	bl	10001878 <sleep_ms>
100002c6:	e7fa      	b.n	100002be <main+0xde>
100002c8:	4872      	ldr	r0, [pc, #456]	@ (10000494 <main+0x2b4>)
100002ca:	f003 fcff 	bl	10003ccc <__wrap_puts>
100002ce:	f44f 707a 	mov.w	r0, #1000	@ 0x3e8
100002d2:	f001 fad1 	bl	10001878 <sleep_ms>
100002d6:	e7fa      	b.n	100002ce <main+0xee>
100002d8:	486f      	ldr	r0, [pc, #444]	@ (10000498 <main+0x2b8>)
100002da:	f003 fcf7 	bl	10003ccc <__wrap_puts>
100002de:	f44f 707a 	mov.w	r0, #1000	@ 0x3e8
100002e2:	f001 fac9 	bl	10001878 <sleep_ms>
100002e6:	e7fa      	b.n	100002de <main+0xfe>
100002e8:	486c      	ldr	r0, [pc, #432]	@ (1000049c <main+0x2bc>)
100002ea:	f003 fcef 	bl	10003ccc <__wrap_puts>
100002ee:	a815      	add	r0, sp, #84	@ 0x54
100002f0:	f000 fb1e 	bl	10000930 <prg_mpu6050_check_id>
100002f4:	b178      	cbz	r0, 10000316 <main+0x136>
100002f6:	486a      	ldr	r0, [pc, #424]	@ (100004a0 <main+0x2c0>)
100002f8:	f003 fce8 	bl	10003ccc <__wrap_puts>
100002fc:	a815      	add	r0, sp, #84	@ 0x54
100002fe:	f000 fb2f 	bl	10000960 <prg_mpu6050_wake>
10000302:	4607      	mov	r7, r0
10000304:	b978      	cbnz	r0, 10000326 <main+0x146>
10000306:	4867      	ldr	r0, [pc, #412]	@ (100004a4 <main+0x2c4>)
10000308:	f003 fce0 	bl	10003ccc <__wrap_puts>
1000030c:	f44f 707a 	mov.w	r0, #1000	@ 0x3e8
10000310:	f001 fab2 	bl	10001878 <sleep_ms>
10000314:	e7fa      	b.n	1000030c <main+0x12c>
10000316:	4864      	ldr	r0, [pc, #400]	@ (100004a8 <main+0x2c8>)
10000318:	f003 fcd8 	bl	10003ccc <__wrap_puts>
1000031c:	f44f 707a 	mov.w	r0, #1000	@ 0x3e8
10000320:	f001 faaa 	bl	10001878 <sleep_ms>
10000324:	e7fa      	b.n	1000031c <main+0x13c>
10000326:	4861      	ldr	r0, [pc, #388]	@ (100004ac <main+0x2cc>)
10000328:	f003 fcd0 	bl	10003ccc <__wrap_puts>
1000032c:	4621      	mov	r1, r4
1000032e:	4860      	ldr	r0, [pc, #384]	@ (100004b0 <main+0x2d0>)
10000330:	f003 fd4c 	bl	10003dcc <__wrap_printf>
10000334:	f04f 4350 	mov.w	r3, #3489660928	@ 0xd0000000
10000338:	685b      	ldr	r3, [r3, #4]
1000033a:	f413 7380 	ands.w	r3, r3, #256	@ 0x100
1000033e:	f000 8091 	beq.w	10000464 <main+0x284>
10000342:	f04f 0800 	mov.w	r8, #0
10000346:	ab1c      	add	r3, sp, #112	@ 0x70
10000348:	f10d 0b4c 	add.w	fp, sp, #76	@ 0x4c
1000034c:	f10d 0a60 	add.w	sl, sp, #96	@ 0x60
10000350:	9311      	str	r3, [sp, #68]	@ 0x44
10000352:	f04f 4450 	mov.w	r4, #3489660928	@ 0xd0000000
10000356:	2032      	movs	r0, #50	@ 0x32
10000358:	f001 fa8e 	bl	10001878 <sleep_ms>
1000035c:	6863      	ldr	r3, [r4, #4]
1000035e:	2500      	movs	r5, #0
10000360:	05db      	lsls	r3, r3, #23
10000362:	d501      	bpl.n	10000368 <main+0x188>
10000364:	46a8      	mov	r8, r5
10000366:	e7f6      	b.n	10000356 <main+0x176>
10000368:	f1b8 0f00 	cmp.w	r8, #0
1000036c:	d155      	bne.n	1000041a <main+0x23a>
1000036e:	f085 0301 	eor.w	r3, r5, #1
10000372:	220f      	movs	r2, #15
10000374:	b2db      	uxtb	r3, r3
10000376:	ec43 2040 	gpioc_bit_out_put r2, r3
1000037a:	2b00      	cmp	r3, #0
1000037c:	d06d      	beq.n	1000045a <main+0x27a>
1000037e:	484d      	ldr	r0, [pc, #308]	@ (100004b4 <main+0x2d4>)
10000380:	f003 fca4 	bl	10003ccc <__wrap_puts>
10000384:	46b8      	mov	r8, r7
10000386:	f04f 4950 	mov.w	r9, #3489660928	@ 0xd0000000
1000038a:	463c      	mov	r4, r7
1000038c:	4659      	mov	r1, fp
1000038e:	a815      	add	r0, sp, #84	@ 0x54
10000390:	f000 f8b0 	bl	100004f4 <prg_bmp388_read_raw>
10000394:	2800      	cmp	r0, #0
10000396:	d044      	beq.n	10000422 <main+0x242>
10000398:	9814      	ldr	r0, [sp, #80]	@ 0x50
1000039a:	a92a      	add	r1, sp, #168	@ 0xa8
1000039c:	f000 f9a0 	bl	100006e0 <prg_bmp388_compensate_temperature>
100003a0:	e9cd 010e 	strd	r0, r1, [sp, #56]	@ 0x38
100003a4:	9813      	ldr	r0, [sp, #76]	@ 0x4c
100003a6:	a92a      	add	r1, sp, #168	@ 0xa8
100003a8:	f000 f9de 	bl	10000768 <prg_bmp388_compensate_pressure>
100003ac:	4606      	mov	r6, r0
100003ae:	460f      	mov	r7, r1
100003b0:	a815      	add	r0, sp, #84	@ 0x54
100003b2:	4651      	mov	r1, sl
100003b4:	f000 fae4 	bl	10000980 <prg_mpu6050_read_raw>
100003b8:	4605      	mov	r5, r0
100003ba:	2800      	cmp	r0, #0
100003bc:	d045      	beq.n	1000044a <main+0x26a>
100003be:	9911      	ldr	r1, [sp, #68]	@ 0x44
100003c0:	4650      	mov	r0, sl
100003c2:	f000 fb11 	bl	100009e8 <prg_mpu6050_convert>
100003c6:	e9dd 230e 	ldrd	r2, r3, [sp, #56]	@ 0x38
100003ca:	e9cd 6700 	strd	r6, r7, [sp]
100003ce:	e9dd 6728 	ldrd	r6, r7, [sp, #160]	@ 0xa0
100003d2:	4839      	ldr	r0, [pc, #228]	@ (100004b8 <main+0x2d8>)
100003d4:	e9cd 670c 	strd	r6, r7, [sp, #48]	@ 0x30
100003d8:	e9dd 6726 	ldrd	r6, r7, [sp, #152]	@ 0x98
100003dc:	e9cd 670a 	strd	r6, r7, [sp, #40]	@ 0x28
100003e0:	e9dd 6724 	ldrd	r6, r7, [sp, #144]	@ 0x90
100003e4:	e9cd 6708 	strd	r6, r7, [sp, #32]
100003e8:	e9dd 6720 	ldrd	r6, r7, [sp, #128]	@ 0x80
100003ec:	e9cd 6706 	strd	r6, r7, [sp, #24]
100003f0:	e9dd 671e 	ldrd	r6, r7, [sp, #120]	@ 0x78
100003f4:	e9cd 6704 	strd	r6, r7, [sp, #16]
100003f8:	e9dd 671c 	ldrd	r6, r7, [sp, #112]	@ 0x70
100003fc:	e9cd 6702 	strd	r6, r7, [sp, #8]
10000400:	f003 fce4 	bl	10003dcc <__wrap_printf>
10000404:	2032      	movs	r0, #50	@ 0x32
10000406:	f001 fa37 	bl	10001878 <sleep_ms>
1000040a:	f8d9 3004 	ldr.w	r3, [r9, #4]
1000040e:	05d9      	lsls	r1, r3, #23
10000410:	d418      	bmi.n	10000444 <main+0x264>
10000412:	4627      	mov	r7, r4
10000414:	f1b8 0f00 	cmp.w	r8, #0
10000418:	d0a9      	beq.n	1000036e <main+0x18e>
1000041a:	2d00      	cmp	r5, #0
1000041c:	d1b2      	bne.n	10000384 <main+0x1a4>
1000041e:	46b8      	mov	r8, r7
10000420:	e797      	b.n	10000352 <main+0x172>
10000422:	4826      	ldr	r0, [pc, #152]	@ (100004bc <main+0x2dc>)
10000424:	f003 fc52 	bl	10003ccc <__wrap_puts>
10000428:	f44f 707a 	mov.w	r0, #1000	@ 0x3e8
1000042c:	f001 fa24 	bl	10001878 <sleep_ms>
10000430:	f8d9 3004 	ldr.w	r3, [r9, #4]
10000434:	05da      	lsls	r2, r3, #23
10000436:	d405      	bmi.n	10000444 <main+0x264>
10000438:	f1b8 0f00 	cmp.w	r8, #0
1000043c:	d1a6      	bne.n	1000038c <main+0x1ac>
1000043e:	4627      	mov	r7, r4
10000440:	4625      	mov	r5, r4
10000442:	e794      	b.n	1000036e <main+0x18e>
10000444:	f04f 0800 	mov.w	r8, #0
10000448:	e7a0      	b.n	1000038c <main+0x1ac>
1000044a:	481d      	ldr	r0, [pc, #116]	@ (100004c0 <main+0x2e0>)
1000044c:	f003 fc3e 	bl	10003ccc <__wrap_puts>
10000450:	f44f 707a 	mov.w	r0, #1000	@ 0x3e8
10000454:	f001 fa10 	bl	10001878 <sleep_ms>
10000458:	e7ea      	b.n	10000430 <main+0x250>
1000045a:	481a      	ldr	r0, [pc, #104]	@ (100004c4 <main+0x2e4>)
1000045c:	f003 fc36 	bl	10003ccc <__wrap_puts>
10000460:	46b8      	mov	r8, r7
10000462:	e776      	b.n	10000352 <main+0x172>
10000464:	461d      	mov	r5, r3
10000466:	ab1c      	add	r3, sp, #112	@ 0x70
10000468:	f10d 0b4c 	add.w	fp, sp, #76	@ 0x4c
1000046c:	f10d 0a60 	add.w	sl, sp, #96	@ 0x60
10000470:	9311      	str	r3, [sp, #68]	@ 0x44
10000472:	e77c      	b.n	1000036e <main+0x18e>
10000474:	1000ce58 	.word	0x1000ce58
10000478:	1000ce98 	.word	0x1000ce98
1000047c:	00061a80 	.word	0x00061a80
10000480:	200016e0 	.word	0x200016e0
10000484:	1000ceb4 	.word	0x1000ceb4
10000488:	1000cee8 	.word	0x1000cee8
1000048c:	1000cf38 	.word	0x1000cf38
10000490:	1000cf5c 	.word	0x1000cf5c
10000494:	1000ce74 	.word	0x1000ce74
10000498:	1000cf08 	.word	0x1000cf08
1000049c:	1000cf8c 	.word	0x1000cf8c
100004a0:	1000cfdc 	.word	0x1000cfdc
100004a4:	1000cffc 	.word	0x1000cffc
100004a8:	1000cfa8 	.word	0x1000cfa8
100004ac:	1000d01c 	.word	0x1000d01c
100004b0:	1000d030 	.word	0x1000d030
100004b4:	1000d068 	.word	0x1000d068
100004b8:	1000d0c4 	.word	0x1000d0c4
100004bc:	1000d09c 	.word	0x1000d09c
100004c0:	1000d0b0 	.word	0x1000d0b0
100004c4:	1000d080 	.word	0x1000d080

100004c8 <prg_bmp388_check_id>:
100004c8:	b530      	push	{r4, r5, lr}
100004ca:	2501      	movs	r5, #1
100004cc:	2200      	movs	r2, #0
100004ce:	b085      	sub	sp, #20
100004d0:	6804      	ldr	r4, [r0, #0]
100004d2:	2177      	movs	r1, #119	@ 0x77
100004d4:	f10d 030f 	add.w	r3, sp, #15
100004d8:	9500      	str	r5, [sp, #0]
100004da:	f88d 200f 	strb.w	r2, [sp, #15]
100004de:	47a0      	blx	r4
100004e0:	b130      	cbz	r0, 100004f0 <prg_bmp388_check_id+0x28>
100004e2:	f89d 000f 	ldrb.w	r0, [sp, #15]
100004e6:	f1a0 0050 	sub.w	r0, r0, #80	@ 0x50
100004ea:	fab0 f080 	clz	r0, r0
100004ee:	0940      	lsrs	r0, r0, #5
100004f0:	b005      	add	sp, #20
100004f2:	bd30      	pop	{r4, r5, pc}

100004f4 <prg_bmp388_read_raw>:
100004f4:	b570      	push	{r4, r5, r6, lr}
100004f6:	2606      	movs	r6, #6
100004f8:	b084      	sub	sp, #16
100004fa:	460c      	mov	r4, r1
100004fc:	6805      	ldr	r5, [r0, #0]
100004fe:	2204      	movs	r2, #4
10000500:	2177      	movs	r1, #119	@ 0x77
10000502:	ab02      	add	r3, sp, #8
10000504:	9600      	str	r6, [sp, #0]
10000506:	47a8      	blx	r5
10000508:	b1a8      	cbz	r0, 10000536 <prg_bmp388_read_raw+0x42>
1000050a:	f89d 200a 	ldrb.w	r2, [sp, #10]
1000050e:	f89d 1009 	ldrb.w	r1, [sp, #9]
10000512:	0412      	lsls	r2, r2, #16
10000514:	ea42 2201 	orr.w	r2, r2, r1, lsl #8
10000518:	f89d 1008 	ldrb.w	r1, [sp, #8]
1000051c:	f89d 300d 	ldrb.w	r3, [sp, #13]
10000520:	430a      	orrs	r2, r1
10000522:	f89d 100c 	ldrb.w	r1, [sp, #12]
10000526:	041b      	lsls	r3, r3, #16
10000528:	ea43 2301 	orr.w	r3, r3, r1, lsl #8
1000052c:	f89d 100b 	ldrb.w	r1, [sp, #11]
10000530:	6022      	str	r2, [r4, #0]
10000532:	430b      	orrs	r3, r1
10000534:	6063      	str	r3, [r4, #4]
10000536:	b004      	add	sp, #16
10000538:	bd70      	pop	{r4, r5, r6, pc}
1000053a:	bf00      	nop

1000053c <prg_bmp388_read_calib>:
1000053c:	e92d 4ff0 	stmdb	sp!, {r4, r5, r6, r7, r8, r9, sl, fp, lr}
10000540:	2615      	movs	r6, #21
10000542:	b091      	sub	sp, #68	@ 0x44
10000544:	6805      	ldr	r5, [r0, #0]
10000546:	460c      	mov	r4, r1
10000548:	2231      	movs	r2, #49	@ 0x31
1000054a:	2177      	movs	r1, #119	@ 0x77
1000054c:	ab0a      	add	r3, sp, #40	@ 0x28
1000054e:	9600      	str	r6, [sp, #0]
10000550:	47a8      	blx	r5
10000552:	4605      	mov	r5, r0
10000554:	2800      	cmp	r0, #0
10000556:	f000 80a9 	beq.w	100006ac <prg_bmp388_read_calib+0x170>
1000055a:	f99d 3032 	ldrsb.w	r3, [sp, #50]	@ 0x32
1000055e:	f8bd 2033 	ldrh.w	r2, [sp, #51]	@ 0x33
10000562:	f8bd 1035 	ldrh.w	r1, [sp, #53]	@ 0x35
10000566:	f99d 6037 	ldrsb.w	r6, [sp, #55]	@ 0x37
1000056a:	9304      	str	r3, [sp, #16]
1000056c:	9209      	str	r2, [sp, #36]	@ 0x24
1000056e:	f99d 3038 	ldrsb.w	r3, [sp, #56]	@ 0x38
10000572:	f9bd 2039 	ldrsh.w	r2, [sp, #57]	@ 0x39
10000576:	9108      	str	r1, [sp, #32]
10000578:	f99d 103b 	ldrsb.w	r1, [sp, #59]	@ 0x3b
1000057c:	f8bd 0028 	ldrh.w	r0, [sp, #40]	@ 0x28
10000580:	9605      	str	r6, [sp, #20]
10000582:	9306      	str	r3, [sp, #24]
10000584:	9203      	str	r2, [sp, #12]
10000586:	9107      	str	r1, [sp, #28]
10000588:	f001 fdf8 	bl	1000217c <__wrap___aeabi_ui2d>
1000058c:	2200      	movs	r2, #0
1000058e:	4b49      	ldr	r3, [pc, #292]	@ (100006b4 <prg_bmp388_read_calib+0x178>)
10000590:	f001 fd70 	bl	10002074 <__wrap___aeabi_dmul>
10000594:	f8bd b02a 	ldrh.w	fp, [sp, #42]	@ 0x2a
10000598:	e9c4 0100 	strd	r0, r1, [r4]
1000059c:	4658      	mov	r0, fp
1000059e:	f001 fded 	bl	1000217c <__wrap___aeabi_ui2d>
100005a2:	2200      	movs	r2, #0
100005a4:	4b44      	ldr	r3, [pc, #272]	@ (100006b8 <prg_bmp388_read_calib+0x17c>)
100005a6:	f001 fd65 	bl	10002074 <__wrap___aeabi_dmul>
100005aa:	f99d a02c 	ldrsb.w	sl, [sp, #44]	@ 0x2c
100005ae:	e9c4 0102 	strd	r0, r1, [r4, #8]
100005b2:	4650      	mov	r0, sl
100005b4:	f001 fdd0 	bl	10002158 <__wrap___aeabi_i2d>
100005b8:	2200      	movs	r2, #0
100005ba:	4b40      	ldr	r3, [pc, #256]	@ (100006bc <prg_bmp388_read_calib+0x180>)
100005bc:	f001 fd5a 	bl	10002074 <__wrap___aeabi_dmul>
100005c0:	f9bd 902d 	ldrsh.w	r9, [sp, #45]	@ 0x2d
100005c4:	e9c4 0104 	strd	r0, r1, [r4, #16]
100005c8:	f5a9 4080 	sub.w	r0, r9, #16384	@ 0x4000
100005cc:	f001 fdc4 	bl	10002158 <__wrap___aeabi_i2d>
100005d0:	2200      	movs	r2, #0
100005d2:	4b3b      	ldr	r3, [pc, #236]	@ (100006c0 <prg_bmp388_read_calib+0x184>)
100005d4:	f001 fd4e 	bl	10002074 <__wrap___aeabi_dmul>
100005d8:	f9bd 802f 	ldrsh.w	r8, [sp, #47]	@ 0x2f
100005dc:	e9c4 0106 	strd	r0, r1, [r4, #24]
100005e0:	f5a8 4080 	sub.w	r0, r8, #16384	@ 0x4000
100005e4:	f001 fdb8 	bl	10002158 <__wrap___aeabi_i2d>
100005e8:	2200      	movs	r2, #0
100005ea:	4b36      	ldr	r3, [pc, #216]	@ (100006c4 <prg_bmp388_read_calib+0x188>)
100005ec:	f001 fd42 	bl	10002074 <__wrap___aeabi_dmul>
100005f0:	f99d 7031 	ldrsb.w	r7, [sp, #49]	@ 0x31
100005f4:	e9c4 0108 	strd	r0, r1, [r4, #32]
100005f8:	4638      	mov	r0, r7
100005fa:	f001 fdad 	bl	10002158 <__wrap___aeabi_i2d>
100005fe:	2200      	movs	r2, #0
10000600:	4b31      	ldr	r3, [pc, #196]	@ (100006c8 <prg_bmp388_read_calib+0x18c>)
10000602:	f001 fd37 	bl	10002074 <__wrap___aeabi_dmul>
10000606:	e9c4 010a 	strd	r0, r1, [r4, #40]	@ 0x28
1000060a:	9804      	ldr	r0, [sp, #16]
1000060c:	f001 fda4 	bl	10002158 <__wrap___aeabi_i2d>
10000610:	2200      	movs	r2, #0
10000612:	4b2e      	ldr	r3, [pc, #184]	@ (100006cc <prg_bmp388_read_calib+0x190>)
10000614:	f001 fd2e 	bl	10002074 <__wrap___aeabi_dmul>
10000618:	e9c4 010c 	strd	r0, r1, [r4, #48]	@ 0x30
1000061c:	9809      	ldr	r0, [sp, #36]	@ 0x24
1000061e:	f001 fdad 	bl	1000217c <__wrap___aeabi_ui2d>
10000622:	2200      	movs	r2, #0
10000624:	4b2a      	ldr	r3, [pc, #168]	@ (100006d0 <prg_bmp388_read_calib+0x194>)
10000626:	f001 fd25 	bl	10002074 <__wrap___aeabi_dmul>
1000062a:	f99d 603c 	ldrsb.w	r6, [sp, #60]	@ 0x3c
1000062e:	e9c4 010e 	strd	r0, r1, [r4, #56]	@ 0x38
10000632:	9808      	ldr	r0, [sp, #32]
10000634:	f001 fda2 	bl	1000217c <__wrap___aeabi_ui2d>
10000638:	2200      	movs	r2, #0
1000063a:	4b26      	ldr	r3, [pc, #152]	@ (100006d4 <prg_bmp388_read_calib+0x198>)
1000063c:	f001 fd1a 	bl	10002074 <__wrap___aeabi_dmul>
10000640:	e9c4 0110 	strd	r0, r1, [r4, #64]	@ 0x40
10000644:	9805      	ldr	r0, [sp, #20]
10000646:	f001 fd87 	bl	10002158 <__wrap___aeabi_i2d>
1000064a:	2200      	movs	r2, #0
1000064c:	4b22      	ldr	r3, [pc, #136]	@ (100006d8 <prg_bmp388_read_calib+0x19c>)
1000064e:	f001 fd11 	bl	10002074 <__wrap___aeabi_dmul>
10000652:	e9c4 0112 	strd	r0, r1, [r4, #72]	@ 0x48
10000656:	9806      	ldr	r0, [sp, #24]
10000658:	f001 fd7e 	bl	10002158 <__wrap___aeabi_i2d>
1000065c:	2200      	movs	r2, #0
1000065e:	f04f 537c 	mov.w	r3, #1056964608	@ 0x3f000000
10000662:	f001 fd07 	bl	10002074 <__wrap___aeabi_dmul>
10000666:	e9c4 0114 	strd	r0, r1, [r4, #80]	@ 0x50
1000066a:	9803      	ldr	r0, [sp, #12]
1000066c:	f001 fd74 	bl	10002158 <__wrap___aeabi_i2d>
10000670:	2200      	movs	r2, #0
10000672:	4b12      	ldr	r3, [pc, #72]	@ (100006bc <prg_bmp388_read_calib+0x180>)
10000674:	f001 fcfe 	bl	10002074 <__wrap___aeabi_dmul>
10000678:	e9c4 0116 	strd	r0, r1, [r4, #88]	@ 0x58
1000067c:	9807      	ldr	r0, [sp, #28]
1000067e:	f001 fd6b 	bl	10002158 <__wrap___aeabi_i2d>
10000682:	2200      	movs	r2, #0
10000684:	4b0d      	ldr	r3, [pc, #52]	@ (100006bc <prg_bmp388_read_calib+0x180>)
10000686:	f001 fcf5 	bl	10002074 <__wrap___aeabi_dmul>
1000068a:	4602      	mov	r2, r0
1000068c:	460b      	mov	r3, r1
1000068e:	4630      	mov	r0, r6
10000690:	e9c4 2318 	strd	r2, r3, [r4, #96]	@ 0x60
10000694:	f001 fd60 	bl	10002158 <__wrap___aeabi_i2d>
10000698:	2200      	movs	r2, #0
1000069a:	4b10      	ldr	r3, [pc, #64]	@ (100006dc <prg_bmp388_read_calib+0x1a0>)
1000069c:	f001 fcea 	bl	10002074 <__wrap___aeabi_dmul>
100006a0:	2200      	movs	r2, #0
100006a2:	2300      	movs	r3, #0
100006a4:	e9c4 011a 	strd	r0, r1, [r4, #104]	@ 0x68
100006a8:	e9c4 231c 	strd	r2, r3, [r4, #112]	@ 0x70
100006ac:	4628      	mov	r0, r5
100006ae:	b011      	add	sp, #68	@ 0x44
100006b0:	e8bd 8ff0 	ldmia.w	sp!, {r4, r5, r6, r7, r8, r9, sl, fp, pc}
100006b4:	40700000 	.word	0x40700000
100006b8:	3e100000 	.word	0x3e100000
100006bc:	3cf00000 	.word	0x3cf00000
100006c0:	3eb00000 	.word	0x3eb00000
100006c4:	3e200000 	.word	0x3e200000
100006c8:	3df00000 	.word	0x3df00000
100006cc:	3da00000 	.word	0x3da00000
100006d0:	40200000 	.word	0x40200000
100006d4:	3f900000 	.word	0x3f900000
100006d8:	3f700000 	.word	0x3f700000
100006dc:	3be00000 	.word	0x3be00000

100006e0 <prg_bmp388_compensate_temperature>:
100006e0:	b5d0      	push	{r4, r6, r7, lr}
100006e2:	460c      	mov	r4, r1
100006e4:	f001 fd4a 	bl	1000217c <__wrap___aeabi_ui2d>
100006e8:	e9d4 2300 	ldrd	r2, r3, [r4]
100006ec:	f001 fcae 	bl	1000204c <__wrap___aeabi_dsub>
100006f0:	4602      	mov	r2, r0
100006f2:	460b      	mov	r3, r1
100006f4:	4606      	mov	r6, r0
100006f6:	460f      	mov	r7, r1
100006f8:	f001 fcbc 	bl	10002074 <__wrap___aeabi_dmul>
100006fc:	e9d4 2304 	ldrd	r2, r3, [r4, #16]
10000700:	f001 fcb8 	bl	10002074 <__wrap___aeabi_dmul>
10000704:	4602      	mov	r2, r0
10000706:	460b      	mov	r3, r1
10000708:	4630      	mov	r0, r6
1000070a:	4639      	mov	r1, r7
1000070c:	4616      	mov	r6, r2
1000070e:	461f      	mov	r7, r3
10000710:	e9d4 2302 	ldrd	r2, r3, [r4, #8]
10000714:	f001 fcae 	bl	10002074 <__wrap___aeabi_dmul>
10000718:	4602      	mov	r2, r0
1000071a:	460b      	mov	r3, r1
1000071c:	4630      	mov	r0, r6
1000071e:	4639      	mov	r1, r7
10000720:	f001 fc80 	bl	10002024 <__wrap___aeabi_dadd>
10000724:	2200      	movs	r2, #0
10000726:	4b0d      	ldr	r3, [pc, #52]	@ (1000075c <prg_bmp388_compensate_temperature+0x7c>)
10000728:	4606      	mov	r6, r0
1000072a:	460f      	mov	r7, r1
1000072c:	f001 fd6e 	bl	1000220c <__wrap___aeabi_dcmplt>
10000730:	b968      	cbnz	r0, 1000074e <prg_bmp388_compensate_temperature+0x6e>
10000732:	2200      	movs	r2, #0
10000734:	4630      	mov	r0, r6
10000736:	4639      	mov	r1, r7
10000738:	4b09      	ldr	r3, [pc, #36]	@ (10000760 <prg_bmp388_compensate_temperature+0x80>)
1000073a:	f001 fda3 	bl	10002284 <__wrap___aeabi_dcmpgt>
1000073e:	b108      	cbz	r0, 10000744 <prg_bmp388_compensate_temperature+0x64>
10000740:	2600      	movs	r6, #0
10000742:	4f07      	ldr	r7, [pc, #28]	@ (10000760 <prg_bmp388_compensate_temperature+0x80>)
10000744:	e9c4 671c 	strd	r6, r7, [r4, #112]	@ 0x70
10000748:	4630      	mov	r0, r6
1000074a:	4639      	mov	r1, r7
1000074c:	bdd0      	pop	{r4, r6, r7, pc}
1000074e:	2600      	movs	r6, #0
10000750:	4f02      	ldr	r7, [pc, #8]	@ (1000075c <prg_bmp388_compensate_temperature+0x7c>)
10000752:	4630      	mov	r0, r6
10000754:	e9c4 671c 	strd	r6, r7, [r4, #112]	@ 0x70
10000758:	4639      	mov	r1, r7
1000075a:	bdd0      	pop	{r4, r6, r7, pc}
1000075c:	c0440000 	.word	0xc0440000
10000760:	40554000 	.word	0x40554000
10000764:	00000000 	.word	0x00000000

10000768 <prg_bmp388_compensate_pressure>:
10000768:	e92d 4fd0 	stmdb	sp!, {r4, r6, r7, r8, r9, sl, fp, lr}
1000076c:	e9d1 671c 	ldrd	r6, r7, [r1, #112]	@ 0x70
10000770:	b088      	sub	sp, #32
10000772:	460c      	mov	r4, r1
10000774:	4680      	mov	r8, r0
10000776:	4632      	mov	r2, r6
10000778:	463b      	mov	r3, r7
1000077a:	4630      	mov	r0, r6
1000077c:	4639      	mov	r1, r7
1000077e:	f001 fc79 	bl	10002074 <__wrap___aeabi_dmul>
10000782:	4682      	mov	sl, r0
10000784:	468b      	mov	fp, r1
10000786:	4652      	mov	r2, sl
10000788:	465b      	mov	r3, fp
1000078a:	4630      	mov	r0, r6
1000078c:	4639      	mov	r1, r7
1000078e:	f001 fc71 	bl	10002074 <__wrap___aeabi_dmul>
10000792:	4602      	mov	r2, r0
10000794:	460b      	mov	r3, r1
10000796:	4640      	mov	r0, r8
10000798:	e9cd 2302 	strd	r2, r3, [sp, #8]
1000079c:	f001 fcee 	bl	1000217c <__wrap___aeabi_ui2d>
100007a0:	4602      	mov	r2, r0
100007a2:	460b      	mov	r3, r1
100007a4:	e9cd 2300 	strd	r2, r3, [sp]
100007a8:	f001 fc64 	bl	10002074 <__wrap___aeabi_dmul>
100007ac:	e9d4 2308 	ldrd	r2, r3, [r4, #32]
100007b0:	e9cd 0104 	strd	r0, r1, [sp, #16]
100007b4:	4630      	mov	r0, r6
100007b6:	4639      	mov	r1, r7
100007b8:	f001 fc5c 	bl	10002074 <__wrap___aeabi_dmul>
100007bc:	e9d4 2306 	ldrd	r2, r3, [r4, #24]
100007c0:	f001 fc30 	bl	10002024 <__wrap___aeabi_dadd>
100007c4:	e9d4 230a 	ldrd	r2, r3, [r4, #40]	@ 0x28
100007c8:	4680      	mov	r8, r0
100007ca:	4689      	mov	r9, r1
100007cc:	4650      	mov	r0, sl
100007ce:	4659      	mov	r1, fp
100007d0:	f001 fc50 	bl	10002074 <__wrap___aeabi_dmul>
100007d4:	4602      	mov	r2, r0
100007d6:	460b      	mov	r3, r1
100007d8:	4640      	mov	r0, r8
100007da:	4649      	mov	r1, r9
100007dc:	f001 fc22 	bl	10002024 <__wrap___aeabi_dadd>
100007e0:	e9d4 230c 	ldrd	r2, r3, [r4, #48]	@ 0x30
100007e4:	4680      	mov	r8, r0
100007e6:	4689      	mov	r9, r1
100007e8:	e9dd 0102 	ldrd	r0, r1, [sp, #8]
100007ec:	f001 fc42 	bl	10002074 <__wrap___aeabi_dmul>
100007f0:	4602      	mov	r2, r0
100007f2:	460b      	mov	r3, r1
100007f4:	4640      	mov	r0, r8
100007f6:	4649      	mov	r1, r9
100007f8:	f001 fc14 	bl	10002024 <__wrap___aeabi_dadd>
100007fc:	e9dd 2300 	ldrd	r2, r3, [sp]
10000800:	f001 fc38 	bl	10002074 <__wrap___aeabi_dmul>
10000804:	e9d4 2310 	ldrd	r2, r3, [r4, #64]	@ 0x40
10000808:	e9cd 0106 	strd	r0, r1, [sp, #24]
1000080c:	4630      	mov	r0, r6
1000080e:	4639      	mov	r1, r7
10000810:	f001 fc30 	bl	10002074 <__wrap___aeabi_dmul>
10000814:	e9d4 230e 	ldrd	r2, r3, [r4, #56]	@ 0x38
10000818:	f001 fc04 	bl	10002024 <__wrap___aeabi_dadd>
1000081c:	e9d4 2312 	ldrd	r2, r3, [r4, #72]	@ 0x48
10000820:	4680      	mov	r8, r0
10000822:	4689      	mov	r9, r1
10000824:	4650      	mov	r0, sl
10000826:	4659      	mov	r1, fp
10000828:	f001 fc24 	bl	10002074 <__wrap___aeabi_dmul>
1000082c:	4602      	mov	r2, r0
1000082e:	460b      	mov	r3, r1
10000830:	4640      	mov	r0, r8
10000832:	4649      	mov	r1, r9
10000834:	f001 fbf6 	bl	10002024 <__wrap___aeabi_dadd>
10000838:	e9d4 2314 	ldrd	r2, r3, [r4, #80]	@ 0x50
1000083c:	4680      	mov	r8, r0
1000083e:	4689      	mov	r9, r1
10000840:	e9dd 0102 	ldrd	r0, r1, [sp, #8]
10000844:	f001 fc16 	bl	10002074 <__wrap___aeabi_dmul>
10000848:	4602      	mov	r2, r0
1000084a:	460b      	mov	r3, r1
1000084c:	4640      	mov	r0, r8
1000084e:	4649      	mov	r1, r9
10000850:	f001 fbe8 	bl	10002024 <__wrap___aeabi_dadd>
10000854:	4602      	mov	r2, r0
10000856:	460b      	mov	r3, r1
10000858:	e9dd 0106 	ldrd	r0, r1, [sp, #24]
1000085c:	f001 fbe2 	bl	10002024 <__wrap___aeabi_dadd>
10000860:	4602      	mov	r2, r0
10000862:	460b      	mov	r3, r1
10000864:	4630      	mov	r0, r6
10000866:	4639      	mov	r1, r7
10000868:	4616      	mov	r6, r2
1000086a:	461f      	mov	r7, r3
1000086c:	e9d4 2318 	ldrd	r2, r3, [r4, #96]	@ 0x60
10000870:	f001 fc00 	bl	10002074 <__wrap___aeabi_dmul>
10000874:	e9d4 2316 	ldrd	r2, r3, [r4, #88]	@ 0x58
10000878:	f001 fbd4 	bl	10002024 <__wrap___aeabi_dadd>
1000087c:	e9dd ab04 	ldrd	sl, fp, [sp, #16]
10000880:	4652      	mov	r2, sl
10000882:	465b      	mov	r3, fp
10000884:	f001 fbf6 	bl	10002074 <__wrap___aeabi_dmul>
10000888:	4652      	mov	r2, sl
1000088a:	4680      	mov	r8, r0
1000088c:	4689      	mov	r9, r1
1000088e:	e9dd 0100 	ldrd	r0, r1, [sp]
10000892:	465b      	mov	r3, fp
10000894:	f001 fbee 	bl	10002074 <__wrap___aeabi_dmul>
10000898:	e9d4 231a 	ldrd	r2, r3, [r4, #104]	@ 0x68
1000089c:	f001 fbea 	bl	10002074 <__wrap___aeabi_dmul>
100008a0:	4602      	mov	r2, r0
100008a2:	460b      	mov	r3, r1
100008a4:	4640      	mov	r0, r8
100008a6:	4649      	mov	r1, r9
100008a8:	f001 fbbc 	bl	10002024 <__wrap___aeabi_dadd>
100008ac:	4602      	mov	r2, r0
100008ae:	460b      	mov	r3, r1
100008b0:	4630      	mov	r0, r6
100008b2:	4639      	mov	r1, r7
100008b4:	f001 fbb6 	bl	10002024 <__wrap___aeabi_dadd>
100008b8:	a311      	add	r3, pc, #68	@ (adr r3, 10000900 <prg_bmp388_compensate_pressure+0x198>)
100008ba:	e9d3 2300 	ldrd	r2, r3, [r3]
100008be:	4606      	mov	r6, r0
100008c0:	460f      	mov	r7, r1
100008c2:	f001 fca3 	bl	1000220c <__wrap___aeabi_dcmplt>
100008c6:	b960      	cbnz	r0, 100008e2 <prg_bmp388_compensate_pressure+0x17a>
100008c8:	a30f      	add	r3, pc, #60	@ (adr r3, 10000908 <prg_bmp388_compensate_pressure+0x1a0>)
100008ca:	e9d3 2300 	ldrd	r2, r3, [r3]
100008ce:	4630      	mov	r0, r6
100008d0:	4639      	mov	r1, r7
100008d2:	f001 fcd7 	bl	10002284 <__wrap___aeabi_dcmpgt>
100008d6:	b950      	cbnz	r0, 100008ee <prg_bmp388_compensate_pressure+0x186>
100008d8:	4630      	mov	r0, r6
100008da:	4639      	mov	r1, r7
100008dc:	b008      	add	sp, #32
100008de:	e8bd 8fd0 	ldmia.w	sp!, {r4, r6, r7, r8, r9, sl, fp, pc}
100008e2:	a107      	add	r1, pc, #28	@ (adr r1, 10000900 <prg_bmp388_compensate_pressure+0x198>)
100008e4:	e9d1 0100 	ldrd	r0, r1, [r1]
100008e8:	b008      	add	sp, #32
100008ea:	e8bd 8fd0 	ldmia.w	sp!, {r4, r6, r7, r8, r9, sl, fp, pc}
100008ee:	a106      	add	r1, pc, #24	@ (adr r1, 10000908 <prg_bmp388_compensate_pressure+0x1a0>)
100008f0:	e9d1 0100 	ldrd	r0, r1, [r1]
100008f4:	b008      	add	sp, #32
100008f6:	e8bd 8fd0 	ldmia.w	sp!, {r4, r6, r7, r8, r9, sl, fp, pc}
100008fa:	bf00      	nop
100008fc:	f3af 8000 	nop.w
10000900:	00000000 	.word	0x00000000
10000904:	40dd4c00 	.word	0x40dd4c00
10000908:	00000000 	.word	0x00000000
1000090c:	40fe8480 	.word	0x40fe8480

10000910 <prg_bmp388_enable>:
10000910:	b530      	push	{r4, r5, lr}
10000912:	2501      	movs	r5, #1
10000914:	f04f 0c33 	mov.w	ip, #51	@ 0x33
10000918:	b085      	sub	sp, #20
1000091a:	6844      	ldr	r4, [r0, #4]
1000091c:	221b      	movs	r2, #27
1000091e:	2177      	movs	r1, #119	@ 0x77
10000920:	f10d 030f 	add.w	r3, sp, #15
10000924:	9500      	str	r5, [sp, #0]
10000926:	f88d c00f 	strb.w	ip, [sp, #15]
1000092a:	47a0      	blx	r4
1000092c:	b005      	add	sp, #20
1000092e:	bd30      	pop	{r4, r5, pc}

10000930 <prg_mpu6050_check_id>:
10000930:	b530      	push	{r4, r5, lr}
10000932:	2501      	movs	r5, #1
10000934:	f04f 0c00 	mov.w	ip, #0
10000938:	b085      	sub	sp, #20
1000093a:	6804      	ldr	r4, [r0, #0]
1000093c:	2275      	movs	r2, #117	@ 0x75
1000093e:	2168      	movs	r1, #104	@ 0x68
10000940:	f10d 030f 	add.w	r3, sp, #15
10000944:	9500      	str	r5, [sp, #0]
10000946:	f88d c00f 	strb.w	ip, [sp, #15]
1000094a:	47a0      	blx	r4
1000094c:	b130      	cbz	r0, 1000095c <prg_mpu6050_check_id+0x2c>
1000094e:	f89d 000f 	ldrb.w	r0, [sp, #15]
10000952:	f1a0 0072 	sub.w	r0, r0, #114	@ 0x72
10000956:	fab0 f080 	clz	r0, r0
1000095a:	0940      	lsrs	r0, r0, #5
1000095c:	b005      	add	sp, #20
1000095e:	bd30      	pop	{r4, r5, pc}

10000960 <prg_mpu6050_wake>:
10000960:	b530      	push	{r4, r5, lr}
10000962:	2501      	movs	r5, #1
10000964:	f04f 0c00 	mov.w	ip, #0
10000968:	b085      	sub	sp, #20
1000096a:	6844      	ldr	r4, [r0, #4]
1000096c:	226b      	movs	r2, #107	@ 0x6b
1000096e:	2168      	movs	r1, #104	@ 0x68
10000970:	f10d 030f 	add.w	r3, sp, #15
10000974:	9500      	str	r5, [sp, #0]
10000976:	f88d c00f 	strb.w	ip, [sp, #15]
1000097a:	47a0      	blx	r4
1000097c:	b005      	add	sp, #20
1000097e:	bd30      	pop	{r4, r5, pc}

10000980 <prg_mpu6050_read_raw>:
10000980:	b570      	push	{r4, r5, r6, lr}
10000982:	260e      	movs	r6, #14
10000984:	b086      	sub	sp, #24
10000986:	460c      	mov	r4, r1
10000988:	6805      	ldr	r5, [r0, #0]
1000098a:	223b      	movs	r2, #59	@ 0x3b
1000098c:	2168      	movs	r1, #104	@ 0x68
1000098e:	ab02      	add	r3, sp, #8
10000990:	9600      	str	r6, [sp, #0]
10000992:	47a8      	blx	r5
10000994:	b328      	cbz	r0, 100009e2 <prg_mpu6050_read_raw+0x62>
10000996:	2300      	movs	r3, #0
10000998:	f8bd 1010 	ldrh.w	r1, [sp, #16]
1000099c:	f8bd 5008 	ldrh.w	r5, [sp, #8]
100009a0:	ba49      	rev16	r1, r1
100009a2:	8121      	strh	r1, [r4, #8]
100009a4:	4619      	mov	r1, r3
100009a6:	f8bd c00c 	ldrh.w	ip, [sp, #12]
100009aa:	f8bd e00a 	ldrh.w	lr, [sp, #10]
100009ae:	f8bd 200e 	ldrh.w	r2, [sp, #14]
100009b2:	ba6d      	rev16	r5, r5
100009b4:	fa9c fc9c 	rev16.w	ip, ip
100009b8:	fa9e fe9e 	rev16.w	lr, lr
100009bc:	f365 030f 	bfi	r3, r5, #0, #16
100009c0:	ba52      	rev16	r2, r2
100009c2:	f36e 431f 	bfi	r3, lr, #16, #16
100009c6:	f36c 010f 	bfi	r1, ip, #0, #16
100009ca:	f362 411f 	bfi	r1, r2, #16, #16
100009ce:	6023      	str	r3, [r4, #0]
100009d0:	f8bd 2012 	ldrh.w	r2, [sp, #18]
100009d4:	f8bd 3014 	ldrh.w	r3, [sp, #20]
100009d8:	ba52      	rev16	r2, r2
100009da:	ba5b      	rev16	r3, r3
100009dc:	6061      	str	r1, [r4, #4]
100009de:	8162      	strh	r2, [r4, #10]
100009e0:	81a3      	strh	r3, [r4, #12]
100009e2:	b006      	add	sp, #24
100009e4:	bd70      	pop	{r4, r5, r6, pc}
100009e6:	bf00      	nop

100009e8 <prg_mpu6050_convert>:
100009e8:	b538      	push	{r3, r4, r5, lr}
100009ea:	4605      	mov	r5, r0
100009ec:	f9b0 0000 	ldrsh.w	r0, [r0]
100009f0:	460c      	mov	r4, r1
100009f2:	f001 fbb1 	bl	10002158 <__wrap___aeabi_i2d>
100009f6:	2200      	movs	r2, #0
100009f8:	4b2f      	ldr	r3, [pc, #188]	@ (10000ab8 <prg_mpu6050_convert+0xd0>)
100009fa:	f001 fb3b 	bl	10002074 <__wrap___aeabi_dmul>
100009fe:	4602      	mov	r2, r0
10000a00:	460b      	mov	r3, r1
10000a02:	f9b5 0002 	ldrsh.w	r0, [r5, #2]
10000a06:	e9c4 2300 	strd	r2, r3, [r4]
10000a0a:	f001 fba5 	bl	10002158 <__wrap___aeabi_i2d>
10000a0e:	2200      	movs	r2, #0
10000a10:	4b29      	ldr	r3, [pc, #164]	@ (10000ab8 <prg_mpu6050_convert+0xd0>)
10000a12:	f001 fb2f 	bl	10002074 <__wrap___aeabi_dmul>
10000a16:	4602      	mov	r2, r0
10000a18:	460b      	mov	r3, r1
10000a1a:	f9b5 0004 	ldrsh.w	r0, [r5, #4]
10000a1e:	e9c4 2302 	strd	r2, r3, [r4, #8]
10000a22:	f001 fb99 	bl	10002158 <__wrap___aeabi_i2d>
10000a26:	2200      	movs	r2, #0
10000a28:	4b23      	ldr	r3, [pc, #140]	@ (10000ab8 <prg_mpu6050_convert+0xd0>)
10000a2a:	f001 fb23 	bl	10002074 <__wrap___aeabi_dmul>
10000a2e:	4602      	mov	r2, r0
10000a30:	460b      	mov	r3, r1
10000a32:	f9b5 0006 	ldrsh.w	r0, [r5, #6]
10000a36:	e9c4 2304 	strd	r2, r3, [r4, #16]
10000a3a:	f001 fb8d 	bl	10002158 <__wrap___aeabi_i2d>
10000a3e:	2200      	movs	r2, #0
10000a40:	4b1e      	ldr	r3, [pc, #120]	@ (10000abc <prg_mpu6050_convert+0xd4>)
10000a42:	f001 fb3b 	bl	100020bc <__wrap___aeabi_ddiv>
10000a46:	a318      	add	r3, pc, #96	@ (adr r3, 10000aa8 <prg_mpu6050_convert+0xc0>)
10000a48:	e9d3 2300 	ldrd	r2, r3, [r3]
10000a4c:	f001 faea 	bl	10002024 <__wrap___aeabi_dadd>
10000a50:	4602      	mov	r2, r0
10000a52:	460b      	mov	r3, r1
10000a54:	f9b5 0008 	ldrsh.w	r0, [r5, #8]
10000a58:	e9c4 2306 	strd	r2, r3, [r4, #24]
10000a5c:	f001 fb7c 	bl	10002158 <__wrap___aeabi_i2d>
10000a60:	a313      	add	r3, pc, #76	@ (adr r3, 10000ab0 <prg_mpu6050_convert+0xc8>)
10000a62:	e9d3 2300 	ldrd	r2, r3, [r3]
10000a66:	f001 fb29 	bl	100020bc <__wrap___aeabi_ddiv>
10000a6a:	4602      	mov	r2, r0
10000a6c:	460b      	mov	r3, r1
10000a6e:	f9b5 000a 	ldrsh.w	r0, [r5, #10]
10000a72:	e9c4 2308 	strd	r2, r3, [r4, #32]
10000a76:	f001 fb6f 	bl	10002158 <__wrap___aeabi_i2d>
10000a7a:	a30d      	add	r3, pc, #52	@ (adr r3, 10000ab0 <prg_mpu6050_convert+0xc8>)
10000a7c:	e9d3 2300 	ldrd	r2, r3, [r3]
10000a80:	f001 fb1c 	bl	100020bc <__wrap___aeabi_ddiv>
10000a84:	4602      	mov	r2, r0
10000a86:	460b      	mov	r3, r1
10000a88:	f9b5 000c 	ldrsh.w	r0, [r5, #12]
10000a8c:	e9c4 230a 	strd	r2, r3, [r4, #40]	@ 0x28
10000a90:	f001 fb62 	bl	10002158 <__wrap___aeabi_i2d>
10000a94:	a306      	add	r3, pc, #24	@ (adr r3, 10000ab0 <prg_mpu6050_convert+0xc8>)
10000a96:	e9d3 2300 	ldrd	r2, r3, [r3]
10000a9a:	f001 fb0f 	bl	100020bc <__wrap___aeabi_ddiv>
10000a9e:	e9c4 010c 	strd	r0, r1, [r4, #48]	@ 0x30
10000aa2:	bd38      	pop	{r3, r4, r5, pc}
10000aa4:	f3af 8000 	nop.w
10000aa8:	0a3d70a4 	.word	0x0a3d70a4
10000aac:	404243d7 	.word	0x404243d7
10000ab0:	00000000 	.word	0x00000000
10000ab4:	40606000 	.word	0x40606000
10000ab8:	3f100000 	.word	0x3f100000
10000abc:	40754000 	.word	0x40754000

10000ac0 <pico_write>:
10000ac0:	e92d 43f0 	stmdb	sp!, {r4, r5, r6, r7, r8, r9, lr}
10000ac4:	b083      	sub	sp, #12
10000ac6:	af02      	add	r7, sp, #8
10000ac8:	6a3c      	ldr	r4, [r7, #32]
10000aca:	460d      	mov	r5, r1
10000acc:	f104 0c08 	add.w	ip, r4, #8
10000ad0:	f02c 0c07 	bic.w	ip, ip, #7
10000ad4:	ebad 0d0c 	sub.w	sp, sp, ip
10000ad8:	f8d0 9008 	ldr.w	r9, [r0, #8]
10000adc:	1c66      	adds	r6, r4, #1
10000ade:	f88d 2008 	strb.w	r2, [sp, #8]
10000ae2:	f10d 0808 	add.w	r8, sp, #8
10000ae6:	b12c      	cbz	r4, 10000af4 <pico_write+0x34>
10000ae8:	4619      	mov	r1, r3
10000aea:	4622      	mov	r2, r4
10000aec:	f10d 0009 	add.w	r0, sp, #9
10000af0:	f00c f962 	bl	1000cdb8 <__memcpy_veneer>
10000af4:	2400      	movs	r4, #0
10000af6:	f8d9 0000 	ldr.w	r0, [r9]
10000afa:	4633      	mov	r3, r6
10000afc:	4642      	mov	r2, r8
10000afe:	4629      	mov	r1, r5
10000b00:	9400      	str	r4, [sp, #0]
10000b02:	f005 fbc5 	bl	10006290 <i2c_write_blocking>
10000b06:	1a30      	subs	r0, r6, r0
10000b08:	fab0 f080 	clz	r0, r0
10000b0c:	3704      	adds	r7, #4
10000b0e:	0940      	lsrs	r0, r0, #5
10000b10:	46bd      	mov	sp, r7
10000b12:	e8bd 83f0 	ldmia.w	sp!, {r4, r5, r6, r7, r8, r9, pc}
10000b16:	bf00      	nop

10000b18 <pico_read>:
10000b18:	b5f0      	push	{r4, r5, r6, r7, lr}
10000b1a:	2501      	movs	r5, #1
10000b1c:	4614      	mov	r4, r2
10000b1e:	6887      	ldr	r7, [r0, #8]
10000b20:	b085      	sub	sp, #20
10000b22:	6838      	ldr	r0, [r7, #0]
10000b24:	461e      	mov	r6, r3
10000b26:	f10d 020f 	add.w	r2, sp, #15
10000b2a:	462b      	mov	r3, r5
10000b2c:	9500      	str	r5, [sp, #0]
10000b2e:	f88d 400f 	strb.w	r4, [sp, #15]
10000b32:	460c      	mov	r4, r1
10000b34:	f005 fbac 	bl	10006290 <i2c_write_blocking>
10000b38:	42a8      	cmp	r0, r5
10000b3a:	d002      	beq.n	10000b42 <pico_read+0x2a>
10000b3c:	2000      	movs	r0, #0
10000b3e:	b005      	add	sp, #20
10000b40:	bdf0      	pop	{r4, r5, r6, r7, pc}
10000b42:	2500      	movs	r5, #0
10000b44:	6838      	ldr	r0, [r7, #0]
10000b46:	9b0a      	ldr	r3, [sp, #40]	@ 0x28
10000b48:	4632      	mov	r2, r6
10000b4a:	4621      	mov	r1, r4
10000b4c:	9500      	str	r5, [sp, #0]
10000b4e:	f005 fba7 	bl	100062a0 <i2c_read_blocking>
10000b52:	9b0a      	ldr	r3, [sp, #40]	@ 0x28
10000b54:	1a18      	subs	r0, r3, r0
10000b56:	fab0 f080 	clz	r0, r0
10000b5a:	0940      	lsrs	r0, r0, #5
10000b5c:	b005      	add	sp, #20
10000b5e:	bdf0      	pop	{r4, r5, r6, r7, pc}

10000b60 <prg_i2c_pico_init>:
10000b60:	6001      	str	r1, [r0, #0]
10000b62:	4770      	bx	lr

10000b64 <prg_i2c_pico_as_bus>:
10000b64:	b410      	push	{r4}
10000b66:	4c04      	ldr	r4, [pc, #16]	@ (10000b78 <prg_i2c_pico_as_bus+0x14>)
10000b68:	4a04      	ldr	r2, [pc, #16]	@ (10000b7c <prg_i2c_pico_as_bus+0x18>)
10000b6a:	6081      	str	r1, [r0, #8]
10000b6c:	e9c0 4200 	strd	r4, r2, [r0]
10000b70:	f85d 4b04 	ldr.w	r4, [sp], #4
10000b74:	4770      	bx	lr
10000b76:	bf00      	nop
10000b78:	10000b19 	.word	0x10000b19
10000b7c:	10000ac1 	.word	0x10000ac1

10000b80 <gpio_set_function>:
10000b80:	b410      	push	{r4}
10000b82:	f44f 7480 	mov.w	r4, #256	@ 0x100
10000b86:	4b0c      	ldr	r3, [pc, #48]	@ (10000bb8 <gpio_set_function+0x38>)
10000b88:	f853 2020 	ldr.w	r2, [r3, r0, lsl #2]
10000b8c:	eb03 0380 	add.w	r3, r3, r0, lsl #2
10000b90:	00c0      	lsls	r0, r0, #3
10000b92:	f082 0240 	eor.w	r2, r2, #64	@ 0x40
10000b96:	f100 4080 	add.w	r0, r0, #1073741824	@ 0x40000000
10000b9a:	f503 5c80 	add.w	ip, r3, #4096	@ 0x1000
10000b9e:	f002 02c0 	and.w	r2, r2, #192	@ 0xc0
10000ba2:	f500 3020 	add.w	r0, r0, #163840	@ 0x28000
10000ba6:	f503 5340 	add.w	r3, r3, #12288	@ 0x3000
10000baa:	f8cc 2000 	str.w	r2, [ip]
10000bae:	6041      	str	r1, [r0, #4]
10000bb0:	601c      	str	r4, [r3, #0]
10000bb2:	f85d 4b04 	ldr.w	r4, [sp], #4
10000bb6:	4770      	bx	lr
10000bb8:	40038004 	.word	0x40038004

10000bbc <gpio_set_pulls>:
10000bbc:	b410      	push	{r4}
10000bbe:	4c08      	ldr	r4, [pc, #32]	@ (10000be0 <gpio_set_pulls+0x24>)
10000bc0:	00c9      	lsls	r1, r1, #3
10000bc2:	ea41 0182 	orr.w	r1, r1, r2, lsl #2
10000bc6:	f854 2020 	ldr.w	r2, [r4, r0, lsl #2]
10000bca:	eb04 0380 	add.w	r3, r4, r0, lsl #2
10000bce:	4051      	eors	r1, r2
10000bd0:	f503 5380 	add.w	r3, r3, #4096	@ 0x1000
10000bd4:	f001 010c 	and.w	r1, r1, #12
10000bd8:	f85d 4b04 	ldr.w	r4, [sp], #4
10000bdc:	6019      	str	r1, [r3, #0]
10000bde:	4770      	bx	lr
10000be0:	40038004 	.word	0x40038004

10000be4 <gpio_init>:
10000be4:	b430      	push	{r4, r5}
10000be6:	f04f 0300 	mov.w	r3, #0
10000bea:	ec43 0044 	gpioc_bit_oe_put r0, r3
10000bee:	ec43 0040 	gpioc_bit_out_put r0, r3
10000bf2:	2505      	movs	r5, #5
10000bf4:	f44f 7480 	mov.w	r4, #256	@ 0x100
10000bf8:	4b0b      	ldr	r3, [pc, #44]	@ (10000c28 <gpio_init+0x44>)
10000bfa:	00c2      	lsls	r2, r0, #3
10000bfc:	f853 1020 	ldr.w	r1, [r3, r0, lsl #2]
10000c00:	eb03 0080 	add.w	r0, r3, r0, lsl #2
10000c04:	f081 0140 	eor.w	r1, r1, #64	@ 0x40
10000c08:	f102 4380 	add.w	r3, r2, #1073741824	@ 0x40000000
10000c0c:	f503 3320 	add.w	r3, r3, #163840	@ 0x28000
10000c10:	f001 02c0 	and.w	r2, r1, #192	@ 0xc0
10000c14:	f500 5180 	add.w	r1, r0, #4096	@ 0x1000
10000c18:	f500 5040 	add.w	r0, r0, #12288	@ 0x3000
10000c1c:	600a      	str	r2, [r1, #0]
10000c1e:	605d      	str	r5, [r3, #4]
10000c20:	6004      	str	r4, [r0, #0]
10000c22:	bc30      	pop	{r4, r5}
10000c24:	4770      	bx	lr
10000c26:	bf00      	nop
10000c28:	40038004 	.word	0x40038004

10000c2c <panic>:
10000c2c:	b40f      	push	{r0, r1, r2, r3}
10000c2e:	b500      	push	{lr}
10000c30:	b083      	sub	sp, #12
10000c32:	9c04      	ldr	r4, [sp, #16]
10000c34:	4807      	ldr	r0, [pc, #28]	@ (10000c54 <panic+0x28>)
10000c36:	f003 f849 	bl	10003ccc <__wrap_puts>
10000c3a:	b13c      	cbz	r4, 10000c4c <panic+0x20>
10000c3c:	a905      	add	r1, sp, #20
10000c3e:	4620      	mov	r0, r4
10000c40:	9101      	str	r1, [sp, #4]
10000c42:	f002 fea9 	bl	10003998 <weak_raw_vprintf>
10000c46:	4804      	ldr	r0, [pc, #16]	@ (10000c58 <panic+0x2c>)
10000c48:	f003 f840 	bl	10003ccc <__wrap_puts>
10000c4c:	2001      	movs	r0, #1
10000c4e:	f002 febb 	bl	100039c8 <_exit>
10000c52:	bf00      	nop
10000c54:	1000d130 	.word	0x1000d130
10000c58:	1000d4e4 	.word	0x1000d4e4

10000c5c <hw_claim_or_assert>:
10000c5c:	b570      	push	{r4, r5, r6, lr}
10000c5e:	4686      	mov	lr, r0
10000c60:	f3ef 8510 	mrs	r5, PRIMASK
10000c64:	b672      	cpsid	i
10000c66:	4c12      	ldr	r4, [pc, #72]	@ (10000cb0 <hw_claim_or_assert+0x54>)
10000c68:	e8d4 6fcf 	ldaexb	r6, [r4]
10000c6c:	2001      	movs	r0, #1
10000c6e:	2e00      	cmp	r6, #0
10000c70:	d1fa      	bne.n	10000c68 <hw_claim_or_assert+0xc>
10000c72:	e8c4 0f46 	strexb	r6, r0, [r4]
10000c76:	2e00      	cmp	r6, #0
10000c78:	d1f6      	bne.n	10000c68 <hw_claim_or_assert+0xc>
10000c7a:	f3bf 8f5f 	dmb	sy
10000c7e:	f04f 0c01 	mov.w	ip, #1
10000c82:	08c8      	lsrs	r0, r1, #3
10000c84:	f001 0307 	and.w	r3, r1, #7
10000c88:	fa0c f303 	lsl.w	r3, ip, r3
10000c8c:	f81e c000 	ldrb.w	ip, [lr, r0]
10000c90:	ea1c 0603 	ands.w	r6, ip, r3
10000c94:	d108      	bne.n	10000ca8 <hw_claim_or_assert+0x4c>
10000c96:	ea4c 0c03 	orr.w	ip, ip, r3
10000c9a:	f80e c000 	strb.w	ip, [lr, r0]
10000c9e:	e8c4 6f8f 	stlb	r6, [r4]
10000ca2:	f385 8810 	msr	PRIMASK, r5
10000ca6:	bd70      	pop	{r4, r5, r6, pc}
10000ca8:	4610      	mov	r0, r2
10000caa:	f7ff ffbf 	bl	10000c2c <panic>
10000cae:	bf00      	nop
10000cb0:	2000219b 	.word	0x2000219b

10000cb4 <hw_claim_unused_from_range>:
10000cb4:	b5f8      	push	{r3, r4, r5, r6, r7, lr}
10000cb6:	f3ef 8710 	mrs	r7, PRIMASK
10000cba:	b672      	cpsid	i
10000cbc:	4e1c      	ldr	r6, [pc, #112]	@ (10000d30 <hw_claim_unused_from_range+0x7c>)
10000cbe:	e8d6 5fcf 	ldaexb	r5, [r6]
10000cc2:	2401      	movs	r4, #1
10000cc4:	2d00      	cmp	r5, #0
10000cc6:	d1fa      	bne.n	10000cbe <hw_claim_unused_from_range+0xa>
10000cc8:	e8c6 4f45 	strexb	r5, r4, [r6]
10000ccc:	2d00      	cmp	r5, #0
10000cce:	d1f6      	bne.n	10000cbe <hw_claim_unused_from_range+0xa>
10000cd0:	f3bf 8f5f 	dmb	sy
10000cd4:	429a      	cmp	r2, r3
10000cd6:	d81b      	bhi.n	10000d10 <hw_claim_unused_from_range+0x5c>
10000cd8:	2501      	movs	r5, #1
10000cda:	e002      	b.n	10000ce2 <hw_claim_unused_from_range+0x2e>
10000cdc:	3201      	adds	r2, #1
10000cde:	4293      	cmp	r3, r2
10000ce0:	d322      	bcc.n	10000d28 <hw_claim_unused_from_range+0x74>
10000ce2:	08d4      	lsrs	r4, r2, #3
10000ce4:	f810 e004 	ldrb.w	lr, [r0, r4]
10000ce8:	f002 0c07 	and.w	ip, r2, #7
10000cec:	fa05 fc0c 	lsl.w	ip, r5, ip
10000cf0:	ea1e 0f0c 	tst.w	lr, ip
10000cf4:	d1f2      	bne.n	10000cdc <hw_claim_unused_from_range+0x28>
10000cf6:	ea4e 0e0c 	orr.w	lr, lr, ip
10000cfa:	f800 e004 	strb.w	lr, [r0, r4]
10000cfe:	4610      	mov	r0, r2
10000d00:	2300      	movs	r3, #0
10000d02:	e8c6 3f8f 	stlb	r3, [r6]
10000d06:	f387 8810 	msr	PRIMASK, r7
10000d0a:	4298      	cmp	r0, r3
10000d0c:	db07      	blt.n	10000d1e <hw_claim_unused_from_range+0x6a>
10000d0e:	bdf8      	pop	{r3, r4, r5, r6, r7, pc}
10000d10:	2300      	movs	r3, #0
10000d12:	e8c6 3f8f 	stlb	r3, [r6]
10000d16:	f387 8810 	msr	PRIMASK, r7
10000d1a:	f04f 30ff 	mov.w	r0, #4294967295	@ 0xffffffff
10000d1e:	2900      	cmp	r1, #0
10000d20:	d0f5      	beq.n	10000d0e <hw_claim_unused_from_range+0x5a>
10000d22:	9806      	ldr	r0, [sp, #24]
10000d24:	f7ff ff82 	bl	10000c2c <panic>
10000d28:	f04f 30ff 	mov.w	r0, #4294967295	@ 0xffffffff
10000d2c:	e7e8      	b.n	10000d00 <hw_claim_unused_from_range+0x4c>
10000d2e:	bf00      	nop
10000d30:	2000219b 	.word	0x2000219b

10000d34 <next_striped_spin_lock_num>:
10000d34:	4a04      	ldr	r2, [pc, #16]	@ (10000d48 <next_striped_spin_lock_num+0x14>)
10000d36:	7810      	ldrb	r0, [r2, #0]
10000d38:	1c43      	adds	r3, r0, #1
10000d3a:	b2db      	uxtb	r3, r3
10000d3c:	2b18      	cmp	r3, #24
10000d3e:	bf28      	it	cs
10000d40:	2310      	movcs	r3, #16
10000d42:	7013      	strb	r3, [r2, #0]
10000d44:	4770      	bx	lr
10000d46:	bf00      	nop
10000d48:	20001618 	.word	0x20001618

10000d4c <spin_lock_claim_unused>:
10000d4c:	b510      	push	{r4, lr}
10000d4e:	4c05      	ldr	r4, [pc, #20]	@ (10000d64 <spin_lock_claim_unused+0x18>)
10000d50:	b082      	sub	sp, #8
10000d52:	4601      	mov	r1, r0
10000d54:	231f      	movs	r3, #31
10000d56:	2218      	movs	r2, #24
10000d58:	9400      	str	r4, [sp, #0]
10000d5a:	4803      	ldr	r0, [pc, #12]	@ (10000d68 <spin_lock_claim_unused+0x1c>)
10000d5c:	f7ff ffaa 	bl	10000cb4 <hw_claim_unused_from_range>
10000d60:	b002      	add	sp, #8
10000d62:	bd10      	pop	{r4, pc}
10000d64:	1000d140 	.word	0x1000d140
10000d68:	200023e0 	.word	0x200023e0

10000d6c <spinlock_set_extexclall>:
10000d6c:	f04f 22e0 	mov.w	r2, #3758153728	@ 0xe000e000
10000d70:	6893      	ldr	r3, [r2, #8]
10000d72:	f043 5300 	orr.w	r3, r3, #536870912	@ 0x20000000
10000d76:	6093      	str	r3, [r2, #8]
10000d78:	4770      	bx	lr
10000d7a:	bf00      	nop

10000d7c <spin_locks_reset>:
10000d7c:	2100      	movs	r1, #0
10000d7e:	4b04      	ldr	r3, [pc, #16]	@ (10000d90 <spin_locks_reset+0x14>)
10000d80:	f103 0220 	add.w	r2, r3, #32
10000d84:	e8c3 1f8f 	stlb	r1, [r3]
10000d88:	3301      	adds	r3, #1
10000d8a:	4293      	cmp	r3, r2
10000d8c:	d1fa      	bne.n	10000d84 <spin_locks_reset+0x8>
10000d8e:	4770      	bx	lr
10000d90:	20002190 	.word	0x20002190

10000d94 <runtime_init_per_core_irq_priorities>:
10000d94:	f04f 23e0 	mov.w	r3, #3758153728	@ 0xe000e000
10000d98:	f04f 3280 	mov.w	r2, #2155905152	@ 0x80808080
10000d9c:	f8c3 2400 	str.w	r2, [r3, #1024]	@ 0x400
10000da0:	f8c3 2404 	str.w	r2, [r3, #1028]	@ 0x404
10000da4:	f8c3 2408 	str.w	r2, [r3, #1032]	@ 0x408
10000da8:	f8c3 240c 	str.w	r2, [r3, #1036]	@ 0x40c
10000dac:	f8c3 2410 	str.w	r2, [r3, #1040]	@ 0x410
10000db0:	f8c3 2414 	str.w	r2, [r3, #1044]	@ 0x414
10000db4:	f8c3 2418 	str.w	r2, [r3, #1048]	@ 0x418
10000db8:	f8c3 241c 	str.w	r2, [r3, #1052]	@ 0x41c
10000dbc:	f8c3 2420 	str.w	r2, [r3, #1056]	@ 0x420
10000dc0:	f8c3 2424 	str.w	r2, [r3, #1060]	@ 0x424
10000dc4:	f8c3 2428 	str.w	r2, [r3, #1064]	@ 0x428
10000dc8:	f8c3 242c 	str.w	r2, [r3, #1068]	@ 0x42c
10000dcc:	f8c3 2430 	str.w	r2, [r3, #1072]	@ 0x430
10000dd0:	b662      	cpsie	i
10000dd2:	4770      	bx	lr

10000dd4 <irq_set_enabled>:
10000dd4:	2301      	movs	r3, #1
10000dd6:	f000 021f 	and.w	r2, r0, #31
10000dda:	4093      	lsls	r3, r2
10000ddc:	0940      	lsrs	r0, r0, #5
10000dde:	b141      	cbz	r1, 10000df2 <irq_set_enabled+0x1e>
10000de0:	0080      	lsls	r0, r0, #2
10000de2:	f100 4060 	add.w	r0, r0, #3758096384	@ 0xe0000000
10000de6:	f500 4061 	add.w	r0, r0, #57600	@ 0xe100
10000dea:	f8c0 3180 	str.w	r3, [r0, #384]	@ 0x180
10000dee:	6003      	str	r3, [r0, #0]
10000df0:	4770      	bx	lr
10000df2:	4a02      	ldr	r2, [pc, #8]	@ (10000dfc <irq_set_enabled+0x28>)
10000df4:	3020      	adds	r0, #32
10000df6:	f842 3020 	str.w	r3, [r2, r0, lsl #2]
10000dfa:	4770      	bx	lr
10000dfc:	e000e100 	.word	0xe000e100

10000e00 <irq_is_enabled>:
10000e00:	2301      	movs	r3, #1
10000e02:	4a06      	ldr	r2, [pc, #24]	@ (10000e1c <irq_is_enabled+0x1c>)
10000e04:	0941      	lsrs	r1, r0, #5
10000e06:	f852 2021 	ldr.w	r2, [r2, r1, lsl #2]
10000e0a:	f000 001f 	and.w	r0, r0, #31
10000e0e:	fa03 f000 	lsl.w	r0, r3, r0
10000e12:	4010      	ands	r0, r2
10000e14:	3800      	subs	r0, #0
10000e16:	bf18      	it	ne
10000e18:	2001      	movne	r0, #1
10000e1a:	4770      	bx	lr
10000e1c:	e000e100 	.word	0xe000e100

10000e20 <irq_set_pending>:
10000e20:	2201      	movs	r2, #1
10000e22:	0943      	lsrs	r3, r0, #5
10000e24:	4903      	ldr	r1, [pc, #12]	@ (10000e34 <irq_set_pending+0x14>)
10000e26:	f000 001f 	and.w	r0, r0, #31
10000e2a:	4082      	lsls	r2, r0
10000e2c:	3340      	adds	r3, #64	@ 0x40
10000e2e:	f841 2023 	str.w	r2, [r1, r3, lsl #2]
10000e32:	4770      	bx	lr
10000e34:	e000e100 	.word	0xe000e100

10000e38 <irq_has_shared_handler>:
10000e38:	4a05      	ldr	r2, [pc, #20]	@ (10000e50 <irq_has_shared_handler+0x18>)
10000e3a:	3010      	adds	r0, #16
10000e3c:	6892      	ldr	r2, [r2, #8]
10000e3e:	4b05      	ldr	r3, [pc, #20]	@ (10000e54 <irq_has_shared_handler+0x1c>)
10000e40:	f852 0020 	ldr.w	r0, [r2, r0, lsl #2]
10000e44:	1ac0      	subs	r0, r0, r3
10000e46:	2847      	cmp	r0, #71	@ 0x47
10000e48:	bf8c      	ite	hi
10000e4a:	2000      	movhi	r0, #0
10000e4c:	2001      	movls	r0, #1
10000e4e:	4770      	bx	lr
10000e50:	e000ed00 	.word	0xe000ed00
10000e54:	2000161c 	.word	0x2000161c

10000e58 <irq_set_exclusive_handler>:
10000e58:	b510      	push	{r4, lr}
10000e5a:	f3ef 8c10 	mrs	ip, PRIMASK
10000e5e:	b672      	cpsid	i
10000e60:	4b11      	ldr	r3, [pc, #68]	@ (10000ea8 <irq_set_exclusive_handler+0x50>)
10000e62:	e8d3 4fcf 	ldaexb	r4, [r3]
10000e66:	2201      	movs	r2, #1
10000e68:	2c00      	cmp	r4, #0
10000e6a:	d1fa      	bne.n	10000e62 <irq_set_exclusive_handler+0xa>
10000e6c:	e8c3 2f44 	strexb	r4, r2, [r3]
10000e70:	2c00      	cmp	r4, #0
10000e72:	d1f6      	bne.n	10000e62 <irq_set_exclusive_handler+0xa>
10000e74:	f3bf 8f5f 	dmb	sy
10000e78:	4a0c      	ldr	r2, [pc, #48]	@ (10000eac <irq_set_exclusive_handler+0x54>)
10000e7a:	3010      	adds	r0, #16
10000e7c:	6892      	ldr	r2, [r2, #8]
10000e7e:	4c0c      	ldr	r4, [pc, #48]	@ (10000eb0 <irq_set_exclusive_handler+0x58>)
10000e80:	f852 2020 	ldr.w	r2, [r2, r0, lsl #2]
10000e84:	42a2      	cmp	r2, r4
10000e86:	d001      	beq.n	10000e8c <irq_set_exclusive_handler+0x34>
10000e88:	4291      	cmp	r1, r2
10000e8a:	d10b      	bne.n	10000ea4 <irq_set_exclusive_handler+0x4c>
10000e8c:	4a07      	ldr	r2, [pc, #28]	@ (10000eac <irq_set_exclusive_handler+0x54>)
10000e8e:	6892      	ldr	r2, [r2, #8]
10000e90:	f842 1020 	str.w	r1, [r2, r0, lsl #2]
10000e94:	f3bf 8f5f 	dmb	sy
10000e98:	2200      	movs	r2, #0
10000e9a:	e8c3 2f8f 	stlb	r2, [r3]
10000e9e:	f38c 8810 	msr	PRIMASK, ip
10000ea2:	bd10      	pop	{r4, pc}
10000ea4:	f000 ff8a 	bl	10001dbc <hard_assertion_failure>
10000ea8:	20002199 	.word	0x20002199
10000eac:	e000ed00 	.word	0xe000ed00
10000eb0:	10000111 	.word	0x10000111

10000eb4 <irq_add_shared_handler>:
10000eb4:	e92d 4ff0 	stmdb	sp!, {r4, r5, r6, r7, r8, r9, sl, fp, lr}
10000eb8:	460b      	mov	r3, r1
10000eba:	b083      	sub	sp, #12
10000ebc:	f3ef 8a10 	mrs	sl, PRIMASK
10000ec0:	b672      	cpsid	i
10000ec2:	f8df 91a8 	ldr.w	r9, [pc, #424]	@ 1000106c <irq_add_shared_handler+0x1b8>
10000ec6:	e8d9 4fcf 	ldaexb	r4, [r9]
10000eca:	2101      	movs	r1, #1
10000ecc:	2c00      	cmp	r4, #0
10000ece:	d1fa      	bne.n	10000ec6 <irq_add_shared_handler+0x12>
10000ed0:	e8c9 1f44 	strexb	r4, r1, [r9]
10000ed4:	2c00      	cmp	r4, #0
10000ed6:	d1f6      	bne.n	10000ec6 <irq_add_shared_handler+0x12>
10000ed8:	f3bf 8f5f 	dmb	sy
10000edc:	495d      	ldr	r1, [pc, #372]	@ (10001054 <irq_add_shared_handler+0x1a0>)
10000ede:	f991 8000 	ldrsb.w	r8, [r1]
10000ee2:	f1b8 0f00 	cmp.w	r8, #0
10000ee6:	f2c0 80b3 	blt.w	10001050 <irq_add_shared_handler+0x19c>
10000eea:	4c5b      	ldr	r4, [pc, #364]	@ (10001058 <irq_add_shared_handler+0x1a4>)
10000eec:	eb08 0748 	add.w	r7, r8, r8, lsl #1
10000ef0:	eb04 0587 	add.w	r5, r4, r7, lsl #2
10000ef4:	79ae      	ldrb	r6, [r5, #6]
10000ef6:	3010      	adds	r0, #16
10000ef8:	700e      	strb	r6, [r1, #0]
10000efa:	4958      	ldr	r1, [pc, #352]	@ (1000105c <irq_add_shared_handler+0x1a8>)
10000efc:	ea4f 0648 	mov.w	r6, r8, lsl #1
10000f00:	6889      	ldr	r1, [r1, #8]
10000f02:	9600      	str	r6, [sp, #0]
10000f04:	f851 1020 	ldr.w	r1, [r1, r0, lsl #2]
10000f08:	00bf      	lsls	r7, r7, #2
10000f0a:	1b0e      	subs	r6, r1, r4
10000f0c:	2e47      	cmp	r6, #71	@ 0x47
10000f0e:	d834      	bhi.n	10000f7a <irq_add_shared_handler+0xc6>
10000f10:	f021 0e01 	bic.w	lr, r1, #1
10000f14:	f89e 6007 	ldrb.w	r6, [lr, #7]
10000f18:	4296      	cmp	r6, r2
10000f1a:	d809      	bhi.n	10000f30 <irq_add_shared_handler+0x7c>
10000f1c:	e071      	b.n	10001002 <irq_add_shared_handler+0x14e>
10000f1e:	eb0c 064c 	add.w	r6, ip, ip, lsl #1
10000f22:	eb04 0686 	add.w	r6, r4, r6, lsl #2
10000f26:	f896 b007 	ldrb.w	fp, [r6, #7]
10000f2a:	4593      	cmp	fp, r2
10000f2c:	d94e      	bls.n	10000fcc <irq_add_shared_handler+0x118>
10000f2e:	46b6      	mov	lr, r6
10000f30:	f99e c006 	ldrsb.w	ip, [lr, #6]
10000f34:	f1bc 0f00 	cmp.w	ip, #0
10000f38:	daf1      	bge.n	10000f1e <irq_add_shared_handler+0x6a>
10000f3a:	f64b 5601 	movw	r6, #48385	@ 0xbd01
10000f3e:	f10e 0b04 	add.w	fp, lr, #4
10000f42:	3d04      	subs	r5, #4
10000f44:	eba5 050b 	sub.w	r5, r5, fp
10000f48:	f3c5 054a 	ubfx	r5, r5, #1, #11
10000f4c:	ea6f 45c5 	mvn.w	r5, r5, lsl #19
10000f50:	9f00      	ldr	r7, [sp, #0]
10000f52:	ea6f 45d5 	mvn.w	r5, r5, lsr #19
10000f56:	4447      	add	r7, r8
10000f58:	46bb      	mov	fp, r7
10000f5a:	f88e 8006 	strb.w	r8, [lr, #6]
10000f5e:	f8df 8108 	ldr.w	r8, [pc, #264]	@ 10001068 <irq_add_shared_handler+0x1b4>
10000f62:	eb04 0787 	add.w	r7, r4, r7, lsl #2
10000f66:	f8ae 5004 	strh.w	r5, [lr, #4]
10000f6a:	f844 802b 	str.w	r8, [r4, fp, lsl #2]
10000f6e:	80be      	strh	r6, [r7, #4]
10000f70:	f887 c006 	strb.w	ip, [r7, #6]
10000f74:	71fa      	strb	r2, [r7, #7]
10000f76:	60bb      	str	r3, [r7, #8]
10000f78:	e01a      	b.n	10000fb0 <irq_add_shared_handler+0xfc>
10000f7a:	4e39      	ldr	r6, [pc, #228]	@ (10001060 <irq_add_shared_handler+0x1ac>)
10000f7c:	42b1      	cmp	r1, r6
10000f7e:	d167      	bne.n	10001050 <irq_add_shared_handler+0x19c>
10000f80:	60ab      	str	r3, [r5, #8]
10000f82:	4b38      	ldr	r3, [pc, #224]	@ (10001064 <irq_add_shared_handler+0x1b0>)
10000f84:	71ea      	strb	r2, [r5, #7]
10000f86:	1cba      	adds	r2, r7, #2
10000f88:	4422      	add	r2, r4
10000f8a:	3b04      	subs	r3, #4
10000f8c:	1a9b      	subs	r3, r3, r2
10000f8e:	f3c3 034a 	ubfx	r3, r3, #1, #11
10000f92:	ea6f 43c3 	mvn.w	r3, r3, lsl #19
10000f96:	f44f 4221 	mov.w	r2, #41216	@ 0xa100
10000f9a:	ea6f 43d3 	mvn.w	r3, r3, lsr #19
10000f9e:	53e2      	strh	r2, [r4, r7]
10000fa0:	806b      	strh	r3, [r5, #2]
10000fa2:	22ff      	movs	r2, #255	@ 0xff
10000fa4:	f64b 5301 	movw	r3, #48385	@ 0xbd01
10000fa8:	71aa      	strb	r2, [r5, #6]
10000faa:	80ab      	strh	r3, [r5, #4]
10000fac:	f045 0101 	orr.w	r1, r5, #1
10000fb0:	4b2a      	ldr	r3, [pc, #168]	@ (1000105c <irq_add_shared_handler+0x1a8>)
10000fb2:	689b      	ldr	r3, [r3, #8]
10000fb4:	f843 1020 	str.w	r1, [r3, r0, lsl #2]
10000fb8:	f3bf 8f5f 	dmb	sy
10000fbc:	2300      	movs	r3, #0
10000fbe:	e8c9 3f8f 	stlb	r3, [r9]
10000fc2:	f38a 8810 	msr	PRIMASK, sl
10000fc6:	b003      	add	sp, #12
10000fc8:	e8bd 8ff0 	ldmia.w	sp!, {r4, r5, r6, r7, r8, r9, sl, fp, pc}
10000fcc:	46f3      	mov	fp, lr
10000fce:	f83b 6f04 	ldrh.w	r6, [fp, #4]!
10000fd2:	0576      	lsls	r6, r6, #21
10000fd4:	d40f      	bmi.n	10000ff6 <irq_add_shared_handler+0x142>
10000fd6:	1576      	asrs	r6, r6, #21
10000fd8:	3602      	adds	r6, #2
10000fda:	eb0b 0646 	add.w	r6, fp, r6, lsl #1
10000fde:	9601      	str	r6, [sp, #4]
10000fe0:	f06f 0607 	mvn.w	r6, #7
10000fe4:	1bf6      	subs	r6, r6, r7
10000fe6:	9f01      	ldr	r7, [sp, #4]
10000fe8:	1b36      	subs	r6, r6, r4
10000fea:	443e      	add	r6, r7
10000fec:	f3c6 064a 	ubfx	r6, r6, #1, #11
10000ff0:	f446 4660 	orr.w	r6, r6, #57344	@ 0xe000
10000ff4:	e7a5      	b.n	10000f42 <irq_add_shared_handler+0x8e>
10000ff6:	f506 16ff 	add.w	r6, r6, #2088960	@ 0x1fe000
10000ffa:	f506 56ff 	add.w	r6, r6, #8160	@ 0x1fe0
10000ffe:	361f      	adds	r6, #31
10001000:	e7e9      	b.n	10000fd6 <irq_add_shared_handler+0x122>
10001002:	60ab      	str	r3, [r5, #8]
10001004:	f06f 0307 	mvn.w	r3, #7
10001008:	71ea      	strb	r2, [r5, #7]
1000100a:	f44f 4221 	mov.w	r2, #41216	@ 0xa100
1000100e:	1bdb      	subs	r3, r3, r7
10001010:	1b1b      	subs	r3, r3, r4
10001012:	4473      	add	r3, lr
10001014:	f3c3 064a 	ubfx	r6, r3, #1, #11
10001018:	4b12      	ldr	r3, [pc, #72]	@ (10001064 <irq_add_shared_handler+0x1b0>)
1000101a:	53e2      	strh	r2, [r4, r7]
1000101c:	3702      	adds	r7, #2
1000101e:	4427      	add	r7, r4
10001020:	3b04      	subs	r3, #4
10001022:	1bdb      	subs	r3, r3, r7
10001024:	f5a2 4241 	sub.w	r2, r2, #49408	@ 0xc100
10001028:	f3c3 034a 	ubfx	r3, r3, #1, #11
1000102c:	4313      	orrs	r3, r2
1000102e:	4332      	orrs	r2, r6
10001030:	80aa      	strh	r2, [r5, #4]
10001032:	4a0d      	ldr	r2, [pc, #52]	@ (10001068 <irq_add_shared_handler+0x1b4>)
10001034:	806b      	strh	r3, [r5, #2]
10001036:	f64a 21aa 	movw	r1, #43690	@ 0xaaaa
1000103a:	4673      	mov	r3, lr
1000103c:	1b1b      	subs	r3, r3, r4
1000103e:	415b      	adcs	r3, r3
10001040:	4359      	muls	r1, r3
10001042:	0d09      	lsrs	r1, r1, #20
10001044:	71a9      	strb	r1, [r5, #6]
10001046:	f8ce 2000 	str.w	r2, [lr]
1000104a:	f045 0101 	orr.w	r1, r5, #1
1000104e:	e7af      	b.n	10000fb0 <irq_add_shared_handler+0xfc>
10001050:	f000 feb4 	bl	10001dbc <hard_assertion_failure>
10001054:	200028a9 	.word	0x200028a9
10001058:	2000161c 	.word	0x2000161c
1000105c:	e000ed00 	.word	0xe000ed00
10001060:	10000111 	.word	0x10000111
10001064:	20001664 	.word	0x20001664
10001068:	47804801 	.word	0x47804801
1000106c:	20002199 	.word	0x20002199

10001070 <irq_add_tail_to_free_list>:
10001070:	b5f0      	push	{r4, r5, r6, r7, lr}
10001072:	f3ef 8505 	mrs	r5, IPSR
10001076:	b2ed      	uxtb	r5, r5
10001078:	f3ef 8c10 	mrs	ip, PRIMASK
1000107c:	b672      	cpsid	i
1000107e:	492c      	ldr	r1, [pc, #176]	@ (10001130 <irq_add_tail_to_free_list+0xc0>)
10001080:	e8d1 2fcf 	ldaexb	r2, [r1]
10001084:	2301      	movs	r3, #1
10001086:	2a00      	cmp	r2, #0
10001088:	d1fa      	bne.n	10001080 <irq_add_tail_to_free_list+0x10>
1000108a:	e8c1 3f42 	strexb	r2, r3, [r1]
1000108e:	2a00      	cmp	r2, #0
10001090:	d1f6      	bne.n	10001080 <irq_add_tail_to_free_list+0x10>
10001092:	f3bf 8f5f 	dmb	sy
10001096:	4e27      	ldr	r6, [pc, #156]	@ (10001134 <irq_add_tail_to_free_list+0xc4>)
10001098:	f040 0e01 	orr.w	lr, r0, #1
1000109c:	68b4      	ldr	r4, [r6, #8]
1000109e:	f64a 23aa 	movw	r3, #43690	@ 0xaaaa
100010a2:	f854 7025 	ldr.w	r7, [r4, r5, lsl #2]
100010a6:	4a24      	ldr	r2, [pc, #144]	@ (10001138 <irq_add_tail_to_free_list+0xc8>)
100010a8:	4604      	mov	r4, r0
100010aa:	1aa4      	subs	r4, r4, r2
100010ac:	4164      	adcs	r4, r4
100010ae:	4363      	muls	r3, r4
100010b0:	0d1b      	lsrs	r3, r3, #20
100010b2:	4577      	cmp	r7, lr
100010b4:	b25b      	sxtb	r3, r3
100010b6:	d023      	beq.n	10001100 <irq_add_tail_to_free_list+0x90>
100010b8:	f992 4006 	ldrsb.w	r4, [r2, #6]
100010bc:	429c      	cmp	r4, r3
100010be:	d024      	beq.n	1000110a <irq_add_tail_to_free_list+0x9a>
100010c0:	f992 4012 	ldrsb.w	r4, [r2, #18]
100010c4:	429c      	cmp	r4, r3
100010c6:	d02b      	beq.n	10001120 <irq_add_tail_to_free_list+0xb0>
100010c8:	f992 401e 	ldrsb.w	r4, [r2, #30]
100010cc:	429c      	cmp	r4, r3
100010ce:	d029      	beq.n	10001124 <irq_add_tail_to_free_list+0xb4>
100010d0:	f992 402a 	ldrsb.w	r4, [r2, #42]	@ 0x2a
100010d4:	429c      	cmp	r4, r3
100010d6:	d027      	beq.n	10001128 <irq_add_tail_to_free_list+0xb8>
100010d8:	f992 4036 	ldrsb.w	r4, [r2, #54]	@ 0x36
100010dc:	429c      	cmp	r4, r3
100010de:	d025      	beq.n	1000112c <irq_add_tail_to_free_list+0xbc>
100010e0:	f992 4042 	ldrsb.w	r4, [r2, #66]	@ 0x42
100010e4:	429c      	cmp	r4, r3
100010e6:	bf08      	it	eq
100010e8:	2405      	moveq	r4, #5
100010ea:	d00f      	beq.n	1000110c <irq_add_tail_to_free_list+0x9c>
100010ec:	4a13      	ldr	r2, [pc, #76]	@ (1000113c <irq_add_tail_to_free_list+0xcc>)
100010ee:	2400      	movs	r4, #0
100010f0:	7815      	ldrb	r5, [r2, #0]
100010f2:	7013      	strb	r3, [r2, #0]
100010f4:	7185      	strb	r5, [r0, #6]
100010f6:	e8c1 4f8f 	stlb	r4, [r1]
100010fa:	f38c 8810 	msr	PRIMASK, ip
100010fe:	bdf0      	pop	{r4, r5, r6, r7, pc}
10001100:	68b2      	ldr	r2, [r6, #8]
10001102:	4c0f      	ldr	r4, [pc, #60]	@ (10001140 <irq_add_tail_to_free_list+0xd0>)
10001104:	f842 4025 	str.w	r4, [r2, r5, lsl #2]
10001108:	e7f0      	b.n	100010ec <irq_add_tail_to_free_list+0x7c>
1000110a:	2400      	movs	r4, #0
1000110c:	eb04 0444 	add.w	r4, r4, r4, lsl #1
10001110:	eb02 0284 	add.w	r2, r2, r4, lsl #2
10001114:	24ff      	movs	r4, #255	@ 0xff
10001116:	7194      	strb	r4, [r2, #6]
10001118:	f64b 5401 	movw	r4, #48385	@ 0xbd01
1000111c:	8094      	strh	r4, [r2, #4]
1000111e:	e7e5      	b.n	100010ec <irq_add_tail_to_free_list+0x7c>
10001120:	2401      	movs	r4, #1
10001122:	e7f3      	b.n	1000110c <irq_add_tail_to_free_list+0x9c>
10001124:	2402      	movs	r4, #2
10001126:	e7f1      	b.n	1000110c <irq_add_tail_to_free_list+0x9c>
10001128:	2403      	movs	r4, #3
1000112a:	e7ef      	b.n	1000110c <irq_add_tail_to_free_list+0x9c>
1000112c:	2404      	movs	r4, #4
1000112e:	e7ed      	b.n	1000110c <irq_add_tail_to_free_list+0x9c>
10001130:	20002199 	.word	0x20002199
10001134:	e000ed00 	.word	0xe000ed00
10001138:	2000161c 	.word	0x2000161c
1000113c:	200028a9 	.word	0x200028a9
10001140:	10000111 	.word	0x10000111

10001144 <user_irq_claim_unused>:
10001144:	b510      	push	{r4, lr}
10001146:	4c07      	ldr	r4, [pc, #28]	@ (10001164 <user_irq_claim_unused+0x20>)
10001148:	b082      	sub	sp, #8
1000114a:	4601      	mov	r1, r0
1000114c:	2305      	movs	r3, #5
1000114e:	2200      	movs	r2, #0
10001150:	9400      	str	r4, [sp, #0]
10001152:	4805      	ldr	r0, [pc, #20]	@ (10001168 <user_irq_claim_unused+0x24>)
10001154:	f7ff fdae 	bl	10000cb4 <hw_claim_unused_from_range>
10001158:	2800      	cmp	r0, #0
1000115a:	bfa8      	it	ge
1000115c:	f1c0 0033 	rsbge	r0, r0, #51	@ 0x33
10001160:	b002      	add	sp, #8
10001162:	bd10      	pop	{r4, pc}
10001164:	1000d15c 	.word	0x1000d15c
10001168:	200028ae 	.word	0x200028ae

1000116c <lock_init>:
1000116c:	4b01      	ldr	r3, [pc, #4]	@ (10001174 <lock_init+0x8>)
1000116e:	440b      	add	r3, r1
10001170:	6003      	str	r3, [r0, #0]
10001172:	4770      	bx	lr
10001174:	20002190 	.word	0x20002190

10001178 <runtime_init_mutex>:
10001178:	b570      	push	{r4, r5, r6, lr}
1000117a:	4c10      	ldr	r4, [pc, #64]	@ (100011bc <runtime_init_mutex+0x44>)
1000117c:	4d10      	ldr	r5, [pc, #64]	@ (100011c0 <runtime_init_mutex+0x48>)
1000117e:	42ac      	cmp	r4, r5
10001180:	d20e      	bcs.n	100011a0 <runtime_init_mutex+0x28>
10001182:	26ff      	movs	r6, #255	@ 0xff
10001184:	6823      	ldr	r3, [r4, #0]
10001186:	b163      	cbz	r3, 100011a2 <runtime_init_mutex+0x2a>
10001188:	f7ff fdd4 	bl	10000d34 <next_striped_spin_lock_num>
1000118c:	4601      	mov	r1, r0
1000118e:	4620      	mov	r0, r4
10001190:	f7ff ffec 	bl	1000116c <lock_init>
10001194:	80a6      	strh	r6, [r4, #4]
10001196:	f3bf 8f5f 	dmb	sy
1000119a:	3408      	adds	r4, #8
1000119c:	42ac      	cmp	r4, r5
1000119e:	d3f1      	bcc.n	10001184 <runtime_init_mutex+0xc>
100011a0:	bd70      	pop	{r4, r5, r6, pc}
100011a2:	f7ff fdc7 	bl	10000d34 <next_striped_spin_lock_num>
100011a6:	4601      	mov	r1, r0
100011a8:	4620      	mov	r0, r4
100011aa:	f7ff ffdf 	bl	1000116c <lock_init>
100011ae:	7126      	strb	r6, [r4, #4]
100011b0:	f3bf 8f5f 	dmb	sy
100011b4:	3408      	adds	r4, #8
100011b6:	42ac      	cmp	r4, r5
100011b8:	d3e4      	bcc.n	10001184 <runtime_init_mutex+0xc>
100011ba:	bd70      	pop	{r4, r5, r6, pc}
100011bc:	20001c70 	.word	0x20001c70
100011c0:	20001c78 	.word	0x20001c78

100011c4 <mutex_init>:
100011c4:	b510      	push	{r4, lr}
100011c6:	4604      	mov	r4, r0
100011c8:	f7ff fdb4 	bl	10000d34 <next_striped_spin_lock_num>
100011cc:	4601      	mov	r1, r0
100011ce:	4620      	mov	r0, r4
100011d0:	f7ff ffcc 	bl	1000116c <lock_init>
100011d4:	23ff      	movs	r3, #255	@ 0xff
100011d6:	7123      	strb	r3, [r4, #4]
100011d8:	f3bf 8f5f 	dmb	sy
100011dc:	bd10      	pop	{r4, pc}
100011de:	bf00      	nop

100011e0 <critical_section_init>:
100011e0:	b510      	push	{r4, lr}
100011e2:	4604      	mov	r4, r0
100011e4:	2001      	movs	r0, #1
100011e6:	f7ff fdb1 	bl	10000d4c <spin_lock_claim_unused>
100011ea:	4b03      	ldr	r3, [pc, #12]	@ (100011f8 <critical_section_init+0x18>)
100011ec:	4403      	add	r3, r0
100011ee:	6023      	str	r3, [r4, #0]
100011f0:	f3bf 8f5f 	dmb	sy
100011f4:	bd10      	pop	{r4, pc}
100011f6:	bf00      	nop
100011f8:	20002190 	.word	0x20002190

100011fc <critical_section_init_with_lock_num>:
100011fc:	4b02      	ldr	r3, [pc, #8]	@ (10001208 <critical_section_init_with_lock_num+0xc>)
100011fe:	440b      	add	r3, r1
10001200:	6003      	str	r3, [r0, #0]
10001202:	f3bf 8f5f 	dmb	sy
10001206:	4770      	bx	lr
10001208:	20002190 	.word	0x20002190

1000120c <sleep_until_callback>:
1000120c:	4910      	ldr	r1, [pc, #64]	@ (10001250 <sleep_until_callback+0x44>)
1000120e:	680b      	ldr	r3, [r1, #0]
10001210:	f3ef 8010 	mrs	r0, PRIMASK
10001214:	b672      	cpsid	i
10001216:	e8d3 cfcf 	ldaexb	ip, [r3]
1000121a:	2201      	movs	r2, #1
1000121c:	f1bc 0f00 	cmp.w	ip, #0
10001220:	d1f9      	bne.n	10001216 <sleep_until_callback+0xa>
10001222:	e8c3 2f4c 	strexb	ip, r2, [r3]
10001226:	f1bc 0f00 	cmp.w	ip, #0
1000122a:	d1f4      	bne.n	10001216 <sleep_until_callback+0xa>
1000122c:	f3bf 8f5f 	dmb	sy
10001230:	4a08      	ldr	r2, [pc, #32]	@ (10001254 <sleep_until_callback+0x48>)
10001232:	f04f 0c00 	mov.w	ip, #0
10001236:	7813      	ldrb	r3, [r2, #0]
10001238:	6809      	ldr	r1, [r1, #0]
1000123a:	3301      	adds	r3, #1
1000123c:	b2db      	uxtb	r3, r3
1000123e:	7013      	strb	r3, [r2, #0]
10001240:	e8c1 cf8f 	stlb	ip, [r1]
10001244:	f380 8810 	msr	PRIMASK, r0
10001248:	bf40      	sev
1000124a:	2000      	movs	r0, #0
1000124c:	2100      	movs	r1, #0
1000124e:	4770      	bx	lr
10001250:	20002888 	.word	0x20002888
10001254:	200028ab 	.word	0x200028ab

10001258 <alarm_pool_irq_handler>:
10001258:	e92d 4ff0 	stmdb	sp!, {r4, r5, r6, r7, r8, r9, sl, fp, lr}
1000125c:	ed2d 8b02 	vpush	{d8}
10001260:	b085      	sub	sp, #20
10001262:	f3ef 8305 	mrs	r3, IPSR
10001266:	b2db      	uxtb	r3, r3
10001268:	3b10      	subs	r3, #16
1000126a:	089a      	lsrs	r2, r3, #2
1000126c:	bf18      	it	ne
1000126e:	2201      	movne	r2, #1
10001270:	f04f 0101 	mov.w	r1, #1
10001274:	f003 0b03 	and.w	fp, r3, #3
10001278:	bf18      	it	ne
1000127a:	4daf      	ldrne	r5, [pc, #700]	@ (10001538 <alarm_pool_irq_handler+0x2e0>)
1000127c:	4baf      	ldr	r3, [pc, #700]	@ (1000153c <alarm_pool_irq_handler+0x2e4>)
1000127e:	bf08      	it	eq
10001280:	4daf      	ldreq	r5, [pc, #700]	@ (10001540 <alarm_pool_irq_handler+0x2e8>)
10001282:	eb0b 0282 	add.w	r2, fp, r2, lsl #2
10001286:	f853 6022 	ldr.w	r6, [r3, r2, lsl #2]
1000128a:	fa01 f20b 	lsl.w	r2, r1, fp
1000128e:	f505 5341 	add.w	r3, r5, #12352	@ 0x3040
10001292:	ed9f 8ba7 	vldr	d8, [pc, #668]	@ 10001530 <alarm_pool_irq_handler+0x2d8>
10001296:	9201      	str	r2, [sp, #4]
10001298:	605a      	str	r2, [r3, #4]
1000129a:	e02f      	b.n	100012fc <alarm_pool_irq_handler+0xa4>
1000129c:	88b3      	ldrh	r3, [r6, #4]
1000129e:	041c      	lsls	r4, r3, #16
100012a0:	f140 8093 	bpl.w	100013ca <alarm_pool_irq_handler+0x172>
100012a4:	79b3      	ldrb	r3, [r6, #6]
100012a6:	2b00      	cmp	r3, #0
100012a8:	f040 80dd 	bne.w	10001466 <alarm_pool_irq_handler+0x20e>
100012ac:	f9b6 2008 	ldrsh.w	r2, [r6, #8]
100012b0:	2a00      	cmp	r2, #0
100012b2:	f2c0 811e 	blt.w	100014f2 <alarm_pool_irq_handler+0x29a>
100012b6:	6973      	ldr	r3, [r6, #20]
100012b8:	eb02 0242 	add.w	r2, r2, r2, lsl #1
100012bc:	eb03 03c2 	add.w	r3, r3, r2, lsl #3
100012c0:	e9d3 4702 	ldrd	r4, r7, [r3, #8]
100012c4:	f1b7 3fff 	cmp.w	r7, #4294967295	@ 0xffffffff
100012c8:	bf08      	it	eq
100012ca:	f1b4 3fff 	cmpeq.w	r4, #4294967295	@ 0xffffffff
100012ce:	d00e      	beq.n	100012ee <alarm_pool_irq_handler+0x96>
100012d0:	eb05 018b 	add.w	r1, r5, fp, lsl #2
100012d4:	6aab      	ldr	r3, [r5, #40]	@ 0x28
100012d6:	690a      	ldr	r2, [r1, #16]
100012d8:	1ad2      	subs	r2, r2, r3
100012da:	1ae3      	subs	r3, r4, r3
100012dc:	4293      	cmp	r3, r2
100012de:	d305      	bcc.n	100012ec <alarm_pool_irq_handler+0x94>
100012e0:	2301      	movs	r3, #1
100012e2:	6a2a      	ldr	r2, [r5, #32]
100012e4:	fa03 f30b 	lsl.w	r3, r3, fp
100012e8:	4213      	tst	r3, r2
100012ea:	d100      	bne.n	100012ee <alarm_pool_irq_handler+0x96>
100012ec:	610c      	str	r4, [r1, #16]
100012ee:	4628      	mov	r0, r5
100012f0:	f000 fbc2 	bl	10001a78 <timer_time_us_64>
100012f4:	42a0      	cmp	r0, r4
100012f6:	41b9      	sbcs	r1, r7
100012f8:	f2c0 80fb 	blt.w	100014f2 <alarm_pool_irq_handler+0x29a>
100012fc:	f9b6 3008 	ldrsh.w	r3, [r6, #8]
10001300:	9a01      	ldr	r2, [sp, #4]
10001302:	2b00      	cmp	r3, #0
10001304:	9300      	str	r3, [sp, #0]
10001306:	63ea      	str	r2, [r5, #60]	@ 0x3c
10001308:	dbc8      	blt.n	1000129c <alarm_pool_irq_handler+0x44>
1000130a:	f8d6 8014 	ldr.w	r8, [r6, #20]
1000130e:	eb03 0943 	add.w	r9, r3, r3, lsl #1
10001312:	4628      	mov	r0, r5
10001314:	eb08 07c9 	add.w	r7, r8, r9, lsl #3
10001318:	e9d7 4a02 	ldrd	r4, sl, [r7, #8]
1000131c:	f000 fbac 	bl	10001a78 <timer_time_us_64>
10001320:	42a0      	cmp	r0, r4
10001322:	eb71 010a 	sbcs.w	r1, r1, sl
10001326:	dbb9      	blt.n	1000129c <alarm_pool_irq_handler+0x44>
10001328:	f1ba 0f00 	cmp.w	sl, #0
1000132c:	f2c0 80c3 	blt.w	100014b6 <alarm_pool_irq_handler+0x25e>
10001330:	e9d7 3104 	ldrd	r3, r1, [r7, #16]
10001334:	4a83      	ldr	r2, [pc, #524]	@ (10001544 <alarm_pool_irq_handler+0x2ec>)
10001336:	4293      	cmp	r3, r2
10001338:	f000 80ed 	beq.w	10001516 <alarm_pool_irq_handler+0x2be>
1000133c:	887a      	ldrh	r2, [r7, #2]
1000133e:	f9b6 0008 	ldrsh.w	r0, [r6, #8]
10001342:	b292      	uxth	r2, r2
10001344:	ea42 4000 	orr.w	r0, r2, r0, lsl #16
10001348:	4798      	blx	r3
1000134a:	4602      	mov	r2, r0
1000134c:	460b      	mov	r3, r1
1000134e:	ea52 0103 	orrs.w	r1, r2, r3
10001352:	f000 80b0 	beq.w	100014b6 <alarm_pool_irq_handler+0x25e>
10001356:	2b00      	cmp	r3, #0
10001358:	f280 80d1 	bge.w	100014fe <alarm_pool_irq_handler+0x2a6>
1000135c:	ebb4 0e02 	subs.w	lr, r4, r2
10001360:	eb6a 0a03 	sbc.w	sl, sl, r3
10001364:	f938 3039 	ldrsh.w	r3, [r8, r9, lsl #3]
10001368:	e9c7 ea02 	strd	lr, sl, [r7, #8]
1000136c:	2b00      	cmp	r3, #0
1000136e:	db95      	blt.n	1000129c <alarm_pool_irq_handler+0x44>
10001370:	6971      	ldr	r1, [r6, #20]
10001372:	eb03 0243 	add.w	r2, r3, r3, lsl #1
10001376:	eb01 02c2 	add.w	r2, r1, r2, lsl #3
1000137a:	e9d2 7002 	ldrd	r7, r0, [r2, #8]
1000137e:	45be      	cmp	lr, r7
10001380:	eb7a 0c00 	sbcs.w	ip, sl, r0
10001384:	ea4f 0243 	mov.w	r2, r3, lsl #1
10001388:	db88      	blt.n	1000129c <alarm_pool_irq_handler+0x44>
1000138a:	46b4      	mov	ip, r6
1000138c:	f82c 3f08 	strh.w	r3, [ip, #8]!
10001390:	e006      	b.n	100013a0 <alarm_pool_irq_handler+0x148>
10001392:	eb03 0043 	add.w	r0, r3, r3, lsl #1
10001396:	eb01 00c0 	add.w	r0, r1, r0, lsl #3
1000139a:	005a      	lsls	r2, r3, #1
1000139c:	e9d0 7002 	ldrd	r7, r0, [r0, #8]
100013a0:	45be      	cmp	lr, r7
100013a2:	441a      	add	r2, r3
100013a4:	eb7a 0000 	sbcs.w	r0, sl, r0
100013a8:	eb01 04c2 	add.w	r4, r1, r2, lsl #3
100013ac:	db04      	blt.n	100013b8 <alarm_pool_irq_handler+0x160>
100013ae:	f931 3032 	ldrsh.w	r3, [r1, r2, lsl #3]
100013b2:	46a4      	mov	ip, r4
100013b4:	2b00      	cmp	r3, #0
100013b6:	daec      	bge.n	10001392 <alarm_pool_irq_handler+0x13a>
100013b8:	f828 3039 	strh.w	r3, [r8, r9, lsl #3]
100013bc:	9b00      	ldr	r3, [sp, #0]
100013be:	f8ac 3000 	strh.w	r3, [ip]
100013c2:	88b3      	ldrh	r3, [r6, #4]
100013c4:	041c      	lsls	r4, r3, #16
100013c6:	f53f af6d 	bmi.w	100012a4 <alarm_pool_irq_handler+0x4c>
100013ca:	6933      	ldr	r3, [r6, #16]
100013cc:	f3ef 8210 	mrs	r2, PRIMASK
100013d0:	b672      	cpsid	i
100013d2:	e8d3 0fcf 	ldaexb	r0, [r3]
100013d6:	2101      	movs	r1, #1
100013d8:	2800      	cmp	r0, #0
100013da:	d1fa      	bne.n	100013d2 <alarm_pool_irq_handler+0x17a>
100013dc:	e8c3 1f40 	strexb	r0, r1, [r3]
100013e0:	2800      	cmp	r0, #0
100013e2:	d1f6      	bne.n	100013d2 <alarm_pool_irq_handler+0x17a>
100013e4:	f3bf 8f5f 	dmb	sy
100013e8:	f64f 74ff 	movw	r4, #65535	@ 0xffff
100013ec:	88b0      	ldrh	r0, [r6, #4]
100013ee:	2300      	movs	r3, #0
100013f0:	6931      	ldr	r1, [r6, #16]
100013f2:	b200      	sxth	r0, r0
100013f4:	80b4      	strh	r4, [r6, #4]
100013f6:	e8c1 3f8f 	stlb	r3, [r1]
100013fa:	f382 8810 	msr	PRIMASK, r2
100013fe:	4298      	cmp	r0, r3
10001400:	f6ff af50 	blt.w	100012a4 <alarm_pool_irq_handler+0x4c>
10001404:	4607      	mov	r7, r0
10001406:	46a9      	mov	r9, r5
10001408:	6974      	ldr	r4, [r6, #20]
1000140a:	f106 0808 	add.w	r8, r6, #8
1000140e:	eb07 0e47 	add.w	lr, r7, r7, lsl #1
10001412:	eb04 03ce 	add.w	r3, r4, lr, lsl #3
10001416:	e9d3 5002 	ldrd	r5, r0, [r3, #8]
1000141a:	f9b6 3008 	ldrsh.w	r3, [r6, #8]
1000141e:	46c4      	mov	ip, r8
10001420:	2b00      	cmp	r3, #0
10001422:	db13      	blt.n	1000144c <alarm_pool_irq_handler+0x1f4>
10001424:	46b2      	mov	sl, r6
10001426:	9700      	str	r7, [sp, #0]
10001428:	e004      	b.n	10001434 <alarm_pool_irq_handler+0x1dc>
1000142a:	f934 3036 	ldrsh.w	r3, [r4, r6, lsl #3]
1000142e:	4694      	mov	ip, r2
10001430:	2b00      	cmp	r3, #0
10001432:	db09      	blt.n	10001448 <alarm_pool_irq_handler+0x1f0>
10001434:	eb03 0643 	add.w	r6, r3, r3, lsl #1
10001438:	eb04 02c6 	add.w	r2, r4, r6, lsl #3
1000143c:	e9d2 7102 	ldrd	r7, r1, [r2, #8]
10001440:	42bd      	cmp	r5, r7
10001442:	eb70 0101 	sbcs.w	r1, r0, r1
10001446:	daf0      	bge.n	1000142a <alarm_pool_irq_handler+0x1d2>
10001448:	4656      	mov	r6, sl
1000144a:	9f00      	ldr	r7, [sp, #0]
1000144c:	f8ac 7000 	strh.w	r7, [ip]
10001450:	f934 703e 	ldrsh.w	r7, [r4, lr, lsl #3]
10001454:	f824 303e 	strh.w	r3, [r4, lr, lsl #3]
10001458:	2f00      	cmp	r7, #0
1000145a:	dad8      	bge.n	1000140e <alarm_pool_irq_handler+0x1b6>
1000145c:	79b3      	ldrb	r3, [r6, #6]
1000145e:	464d      	mov	r5, r9
10001460:	2b00      	cmp	r3, #0
10001462:	f43f af23 	beq.w	100012ac <alarm_pool_irq_handler+0x54>
10001466:	2300      	movs	r3, #0
10001468:	71b3      	strb	r3, [r6, #6]
1000146a:	f9b6 3008 	ldrsh.w	r3, [r6, #8]
1000146e:	f106 0808 	add.w	r8, r6, #8
10001472:	1c58      	adds	r0, r3, #1
10001474:	d03d      	beq.n	100014f2 <alarm_pool_irq_handler+0x29a>
10001476:	461a      	mov	r2, r3
10001478:	6977      	ldr	r7, [r6, #20]
1000147a:	e003      	b.n	10001484 <alarm_pool_irq_handler+0x22c>
1000147c:	4680      	mov	r8, r0
1000147e:	1c59      	adds	r1, r3, #1
10001480:	f43f af16 	beq.w	100012b0 <alarm_pool_irq_handler+0x58>
10001484:	eb03 0143 	add.w	r1, r3, r3, lsl #1
10001488:	eb07 00c1 	add.w	r0, r7, r1, lsl #3
1000148c:	f8b0 c002 	ldrh.w	ip, [r0, #2]
10001490:	461c      	mov	r4, r3
10001492:	f41c 4f00 	tst.w	ip, #32768	@ 0x8000
10001496:	469e      	mov	lr, r3
10001498:	f937 3031 	ldrsh.w	r3, [r7, r1, lsl #3]
1000149c:	d0ee      	beq.n	1000147c <alarm_pool_irq_handler+0x224>
1000149e:	4294      	cmp	r4, r2
100014a0:	ed80 8b02 	vstr	d8, [r0, #8]
100014a4:	d005      	beq.n	100014b2 <alarm_pool_irq_handler+0x25a>
100014a6:	f8a8 3000 	strh.w	r3, [r8]
100014aa:	8932      	ldrh	r2, [r6, #8]
100014ac:	f827 2031 	strh.w	r2, [r7, r1, lsl #3]
100014b0:	8134      	strh	r4, [r6, #8]
100014b2:	4672      	mov	r2, lr
100014b4:	e7e3      	b.n	1000147e <alarm_pool_irq_handler+0x226>
100014b6:	f838 3039 	ldrh.w	r3, [r8, r9, lsl #3]
100014ba:	8133      	strh	r3, [r6, #8]
100014bc:	6933      	ldr	r3, [r6, #16]
100014be:	f3ef 8210 	mrs	r2, PRIMASK
100014c2:	b672      	cpsid	i
100014c4:	e8d3 0fcf 	ldaexb	r0, [r3]
100014c8:	2101      	movs	r1, #1
100014ca:	2800      	cmp	r0, #0
100014cc:	d1fa      	bne.n	100014c4 <alarm_pool_irq_handler+0x26c>
100014ce:	e8c3 1f40 	strexb	r0, r1, [r3]
100014d2:	2800      	cmp	r0, #0
100014d4:	d1f6      	bne.n	100014c4 <alarm_pool_irq_handler+0x26c>
100014d6:	f3bf 8f5f 	dmb	sy
100014da:	8873      	ldrh	r3, [r6, #2]
100014dc:	6931      	ldr	r1, [r6, #16]
100014de:	f828 3039 	strh.w	r3, [r8, r9, lsl #3]
100014e2:	9b00      	ldr	r3, [sp, #0]
100014e4:	8073      	strh	r3, [r6, #2]
100014e6:	2300      	movs	r3, #0
100014e8:	e8c1 3f8f 	stlb	r3, [r1]
100014ec:	f382 8810 	msr	PRIMASK, r2
100014f0:	e6d4      	b.n	1000129c <alarm_pool_irq_handler+0x44>
100014f2:	bf40      	sev
100014f4:	b005      	add	sp, #20
100014f6:	ecbd 8b02 	vpop	{d8}
100014fa:	e8bd 8ff0 	ldmia.w	sp!, {r4, r5, r6, r7, r8, r9, sl, fp, pc}
100014fe:	4628      	mov	r0, r5
10001500:	e9cd 2302 	strd	r2, r3, [sp, #8]
10001504:	f000 fab8 	bl	10001a78 <timer_time_us_64>
10001508:	9a02      	ldr	r2, [sp, #8]
1000150a:	9b03      	ldr	r3, [sp, #12]
1000150c:	eb10 0e02 	adds.w	lr, r0, r2
10001510:	eb43 0a01 	adc.w	sl, r3, r1
10001514:	e726      	b.n	10001364 <alarm_pool_irq_handler+0x10c>
10001516:	4608      	mov	r0, r1
10001518:	690b      	ldr	r3, [r1, #16]
1000151a:	9102      	str	r1, [sp, #8]
1000151c:	4798      	blx	r3
1000151e:	2800      	cmp	r0, #0
10001520:	d0c9      	beq.n	100014b6 <alarm_pool_irq_handler+0x25e>
10001522:	9902      	ldr	r1, [sp, #8]
10001524:	e9d1 2300 	ldrd	r2, r3, [r1]
10001528:	e711      	b.n	1000134e <alarm_pool_irq_handler+0xf6>
1000152a:	bf00      	nop
1000152c:	f3af 8000 	nop.w
10001530:	ffffffff 	.word	0xffffffff
10001534:	ffffffff 	.word	0xffffffff
10001538:	400b8000 	.word	0x400b8000
1000153c:	2000285c 	.word	0x2000285c
10001540:	400b0000 	.word	0x400b0000
10001544:	10001259 	.word	0x10001259

10001548 <runtime_init_default_alarm_pool>:
10001548:	e92d 4ff8 	stmdb	sp!, {r3, r4, r5, r6, r7, r8, r9, sl, fp, lr}
1000154c:	4c36      	ldr	r4, [pc, #216]	@ (10001628 <runtime_init_default_alarm_pool+0xe0>)
1000154e:	6925      	ldr	r5, [r4, #16]
10001550:	b12d      	cbz	r5, 1000155e <runtime_init_default_alarm_pool+0x16>
10001552:	e8bd 4ff8 	ldmia.w	sp!, {r3, r4, r5, r6, r7, r8, r9, sl, fp, lr}
10001556:	210a      	movs	r1, #10
10001558:	4834      	ldr	r0, [pc, #208]	@ (1000162c <runtime_init_default_alarm_pool+0xe4>)
1000155a:	f7ff be07 	b.w	1000116c <lock_init>
1000155e:	f8df 80e4 	ldr.w	r8, [pc, #228]	@ 10001644 <runtime_init_default_alarm_pool+0xfc>
10001562:	2103      	movs	r1, #3
10001564:	4640      	mov	r0, r8
10001566:	f000 fa75 	bl	10001a54 <timer_hardware_alarm_claim>
1000156a:	2603      	movs	r6, #3
1000156c:	f8c4 800c 	str.w	r8, [r4, #12]
10001570:	f7ff fbe0 	bl	10000d34 <next_striped_spin_lock_num>
10001574:	f04f 4c50 	mov.w	ip, #3489660928	@ 0xd0000000
10001578:	4b2d      	ldr	r3, [pc, #180]	@ (10001630 <runtime_init_default_alarm_pool+0xe8>)
1000157a:	7026      	strb	r6, [r4, #0]
1000157c:	4403      	add	r3, r0
1000157e:	6123      	str	r3, [r4, #16]
10001580:	f8dc 3000 	ldr.w	r3, [ip]
10001584:	210f      	movs	r1, #15
10001586:	7063      	strb	r3, [r4, #1]
10001588:	6963      	ldr	r3, [r4, #20]
1000158a:	8061      	strh	r1, [r4, #2]
1000158c:	831d      	strh	r5, [r3, #24]
1000158e:	f04f 0504 	mov.w	r5, #4
10001592:	f8a3 5078 	strh.w	r5, [r3, #120]	@ 0x78
10001596:	f04f 0505 	mov.w	r5, #5
1000159a:	f8a3 5090 	strh.w	r5, [r3, #144]	@ 0x90
1000159e:	f04f 0506 	mov.w	r5, #6
100015a2:	f8a3 50a8 	strh.w	r5, [r3, #168]	@ 0xa8
100015a6:	f04f 0507 	mov.w	r5, #7
100015aa:	210e      	movs	r1, #14
100015ac:	f64f 72ff 	movw	r2, #65535	@ 0xffff
100015b0:	2708      	movs	r7, #8
100015b2:	f04f 0e0a 	mov.w	lr, #10
100015b6:	f8a3 50c0 	strh.w	r5, [r3, #192]	@ 0xc0
100015ba:	f04f 0901 	mov.w	r9, #1
100015be:	f04f 0c0c 	mov.w	ip, #12
100015c2:	f04f 0b02 	mov.w	fp, #2
100015c6:	f04f 0a09 	mov.w	sl, #9
100015ca:	200d      	movs	r0, #13
100015cc:	f04f 050b 	mov.w	r5, #11
100015d0:	f8a3 1168 	strh.w	r1, [r3, #360]	@ 0x168
100015d4:	4917      	ldr	r1, [pc, #92]	@ (10001634 <runtime_init_default_alarm_pool+0xec>)
100015d6:	80a2      	strh	r2, [r4, #4]
100015d8:	f8a3 e108 	strh.w	lr, [r3, #264]	@ 0x108
100015dc:	60a1      	str	r1, [r4, #8]
100015de:	f8a3 b048 	strh.w	fp, [r3, #72]	@ 0x48
100015e2:	f8a3 a0f0 	strh.w	sl, [r3, #240]	@ 0xf0
100015e6:	f8a3 5120 	strh.w	r5, [r3, #288]	@ 0x120
100015ea:	f8a3 c138 	strh.w	ip, [r3, #312]	@ 0x138
100015ee:	f8a3 0150 	strh.w	r0, [r3, #336]	@ 0x150
100015f2:	f8a3 9030 	strh.w	r9, [r3, #48]	@ 0x30
100015f6:	f8a3 6060 	strh.w	r6, [r3, #96]	@ 0x60
100015fa:	f8a3 70d8 	strh.w	r7, [r3, #216]	@ 0xd8
100015fe:	801a      	strh	r2, [r3, #0]
10001600:	4b0d      	ldr	r3, [pc, #52]	@ (10001638 <runtime_init_default_alarm_pool+0xf0>)
10001602:	4630      	mov	r0, r6
10001604:	f8c8 7020 	str.w	r7, [r8, #32]
10001608:	490c      	ldr	r1, [pc, #48]	@ (1000163c <runtime_init_default_alarm_pool+0xf4>)
1000160a:	60dc      	str	r4, [r3, #12]
1000160c:	f7ff fc24 	bl	10000e58 <irq_set_exclusive_handler>
10001610:	4649      	mov	r1, r9
10001612:	4630      	mov	r0, r6
10001614:	f7ff fbde 	bl	10000dd4 <irq_set_enabled>
10001618:	4b09      	ldr	r3, [pc, #36]	@ (10001640 <runtime_init_default_alarm_pool+0xf8>)
1000161a:	210a      	movs	r1, #10
1000161c:	641f      	str	r7, [r3, #64]	@ 0x40
1000161e:	4803      	ldr	r0, [pc, #12]	@ (1000162c <runtime_init_default_alarm_pool+0xe4>)
10001620:	e8bd 4ff8 	ldmia.w	sp!, {r3, r4, r5, r6, r7, r8, r9, sl, fp, lr}
10001624:	f7ff bda2 	b.w	1000116c <lock_init>
10001628:	20001688 	.word	0x20001688
1000162c:	20002888 	.word	0x20002888
10001630:	20002190 	.word	0x20002190
10001634:	0010ffff 	.word	0x0010ffff
10001638:	2000285c 	.word	0x2000285c
1000163c:	10001259 	.word	0x10001259
10001640:	400b2000 	.word	0x400b2000
10001644:	400b0000 	.word	0x400b0000

10001648 <alarm_pool_get_default>:
10001648:	4800      	ldr	r0, [pc, #0]	@ (1000164c <alarm_pool_get_default+0x4>)
1000164a:	4770      	bx	lr
1000164c:	20001688 	.word	0x20001688

10001650 <alarm_pool_add_alarm_at>:
10001650:	b5f8      	push	{r3, r4, r5, r6, r7, lr}
10001652:	f89d 5020 	ldrb.w	r5, [sp, #32]
10001656:	4604      	mov	r4, r0
10001658:	4617      	mov	r7, r2
1000165a:	461e      	mov	r6, r3
1000165c:	b935      	cbnz	r5, 1000166c <alarm_pool_add_alarm_at+0x1c>
1000165e:	f000 fa13 	bl	10001a88 <time_us_64>
10001662:	4287      	cmp	r7, r0
10001664:	eb66 0101 	sbc.w	r1, r6, r1
10001668:	2900      	cmp	r1, #0
1000166a:	db5c      	blt.n	10001726 <alarm_pool_add_alarm_at+0xd6>
1000166c:	6921      	ldr	r1, [r4, #16]
1000166e:	f3ef 8310 	mrs	r3, PRIMASK
10001672:	b672      	cpsid	i
10001674:	e8d1 0fcf 	ldaexb	r0, [r1]
10001678:	2201      	movs	r2, #1
1000167a:	2800      	cmp	r0, #0
1000167c:	d1fa      	bne.n	10001674 <alarm_pool_add_alarm_at+0x24>
1000167e:	e8c1 2f40 	strexb	r0, r2, [r1]
10001682:	2800      	cmp	r0, #0
10001684:	d1f6      	bne.n	10001674 <alarm_pool_add_alarm_at+0x24>
10001686:	f3bf 8f5f 	dmb	sy
1000168a:	f9b4 2002 	ldrsh.w	r2, [r4, #2]
1000168e:	6965      	ldr	r5, [r4, #20]
10001690:	eb02 0142 	add.w	r1, r2, r2, lsl #1
10001694:	2a00      	cmp	r2, #0
10001696:	ea4f 0cc1 	mov.w	ip, r1, lsl #3
1000169a:	6920      	ldr	r0, [r4, #16]
1000169c:	eb05 01c1 	add.w	r1, r5, r1, lsl #3
100016a0:	db39      	blt.n	10001716 <alarm_pool_add_alarm_at+0xc6>
100016a2:	f835 e00c 	ldrh.w	lr, [r5, ip]
100016a6:	f8a4 e002 	strh.w	lr, [r4, #2]
100016aa:	f04f 0e00 	mov.w	lr, #0
100016ae:	e8c0 ef8f 	stlb	lr, [r0]
100016b2:	f383 8810 	msr	PRIMASK, r3
100016b6:	8848      	ldrh	r0, [r1, #2]
100016b8:	9b06      	ldr	r3, [sp, #24]
100016ba:	3001      	adds	r0, #1
100016bc:	f3c0 000e 	ubfx	r0, r0, #0, #15
100016c0:	2801      	cmp	r0, #1
100016c2:	bf38      	it	cc
100016c4:	2001      	movcc	r0, #1
100016c6:	610b      	str	r3, [r1, #16]
100016c8:	9b07      	ldr	r3, [sp, #28]
100016ca:	8048      	strh	r0, [r1, #2]
100016cc:	614b      	str	r3, [r1, #20]
100016ce:	e9c1 7602 	strd	r7, r6, [r1, #8]
100016d2:	ea40 4002 	orr.w	r0, r0, r2, lsl #16
100016d6:	6923      	ldr	r3, [r4, #16]
100016d8:	f3ef 8110 	mrs	r1, PRIMASK
100016dc:	b672      	cpsid	i
100016de:	e8d3 7fcf 	ldaexb	r7, [r3]
100016e2:	2601      	movs	r6, #1
100016e4:	2f00      	cmp	r7, #0
100016e6:	d1fa      	bne.n	100016de <alarm_pool_add_alarm_at+0x8e>
100016e8:	e8c3 6f47 	strexb	r7, r6, [r3]
100016ec:	2f00      	cmp	r7, #0
100016ee:	d1f6      	bne.n	100016de <alarm_pool_add_alarm_at+0x8e>
100016f0:	f3bf 8f5f 	dmb	sy
100016f4:	88a3      	ldrh	r3, [r4, #4]
100016f6:	f825 300c 	strh.w	r3, [r5, ip]
100016fa:	80a2      	strh	r2, [r4, #4]
100016fc:	6923      	ldr	r3, [r4, #16]
100016fe:	e8c3 ef8f 	stlb	lr, [r3]
10001702:	f381 8810 	msr	PRIMASK, r1
10001706:	2201      	movs	r2, #1
10001708:	68e3      	ldr	r3, [r4, #12]
1000170a:	7821      	ldrb	r1, [r4, #0]
1000170c:	f503 5301 	add.w	r3, r3, #8256	@ 0x2040
10001710:	408a      	lsls	r2, r1
10001712:	605a      	str	r2, [r3, #4]
10001714:	bdf8      	pop	{r3, r4, r5, r6, r7, pc}
10001716:	2200      	movs	r2, #0
10001718:	e8c0 2f8f 	stlb	r2, [r0]
1000171c:	f383 8810 	msr	PRIMASK, r3
10001720:	f04f 30ff 	mov.w	r0, #4294967295	@ 0xffffffff
10001724:	bdf8      	pop	{r3, r4, r5, r6, r7, pc}
10001726:	4628      	mov	r0, r5
10001728:	bdf8      	pop	{r3, r4, r5, r6, r7, pc}
1000172a:	bf00      	nop

1000172c <alarm_pool_add_alarm_at_force_in_context>:
1000172c:	4601      	mov	r1, r0
1000172e:	b5f0      	push	{r4, r5, r6, r7, lr}
10001730:	6900      	ldr	r0, [r0, #16]
10001732:	f3ef 8710 	mrs	r7, PRIMASK
10001736:	b672      	cpsid	i
10001738:	e8d0 5fcf 	ldaexb	r5, [r0]
1000173c:	2401      	movs	r4, #1
1000173e:	2d00      	cmp	r5, #0
10001740:	d1fa      	bne.n	10001738 <alarm_pool_add_alarm_at_force_in_context+0xc>
10001742:	e8c0 4f45 	strexb	r5, r4, [r0]
10001746:	2d00      	cmp	r5, #0
10001748:	d1f6      	bne.n	10001738 <alarm_pool_add_alarm_at_force_in_context+0xc>
1000174a:	f3bf 8f5f 	dmb	sy
1000174e:	f9b1 e002 	ldrsh.w	lr, [r1, #2]
10001752:	694c      	ldr	r4, [r1, #20]
10001754:	eb0e 0c4e 	add.w	ip, lr, lr, lsl #1
10001758:	f1be 0f00 	cmp.w	lr, #0
1000175c:	ea4f 05cc 	mov.w	r5, ip, lsl #3
10001760:	6908      	ldr	r0, [r1, #16]
10001762:	eb04 0ccc 	add.w	ip, r4, ip, lsl #3
10001766:	db3c      	blt.n	100017e2 <alarm_pool_add_alarm_at_force_in_context+0xb6>
10001768:	5b66      	ldrh	r6, [r4, r5]
1000176a:	804e      	strh	r6, [r1, #2]
1000176c:	2600      	movs	r6, #0
1000176e:	e8c0 6f8f 	stlb	r6, [r0]
10001772:	f387 8810 	msr	PRIMASK, r7
10001776:	f8bc 0002 	ldrh.w	r0, [ip, #2]
1000177a:	e9cc 2302 	strd	r2, r3, [ip, #8]
1000177e:	3001      	adds	r0, #1
10001780:	f3c0 000e 	ubfx	r0, r0, #0, #15
10001784:	2801      	cmp	r0, #1
10001786:	bf38      	it	cc
10001788:	2001      	movcc	r0, #1
1000178a:	9b05      	ldr	r3, [sp, #20]
1000178c:	f8ac 0002 	strh.w	r0, [ip, #2]
10001790:	f8cc 3010 	str.w	r3, [ip, #16]
10001794:	9b06      	ldr	r3, [sp, #24]
10001796:	ea40 400e 	orr.w	r0, r0, lr, lsl #16
1000179a:	f8cc 3014 	str.w	r3, [ip, #20]
1000179e:	690b      	ldr	r3, [r1, #16]
100017a0:	f3ef 8210 	mrs	r2, PRIMASK
100017a4:	b672      	cpsid	i
100017a6:	e8d3 cfcf 	ldaexb	ip, [r3]
100017aa:	2701      	movs	r7, #1
100017ac:	f1bc 0f00 	cmp.w	ip, #0
100017b0:	d1f9      	bne.n	100017a6 <alarm_pool_add_alarm_at_force_in_context+0x7a>
100017b2:	e8c3 7f4c 	strexb	ip, r7, [r3]
100017b6:	f1bc 0f00 	cmp.w	ip, #0
100017ba:	d1f4      	bne.n	100017a6 <alarm_pool_add_alarm_at_force_in_context+0x7a>
100017bc:	f3bf 8f5f 	dmb	sy
100017c0:	888b      	ldrh	r3, [r1, #4]
100017c2:	5363      	strh	r3, [r4, r5]
100017c4:	f8a1 e004 	strh.w	lr, [r1, #4]
100017c8:	690b      	ldr	r3, [r1, #16]
100017ca:	e8c3 6f8f 	stlb	r6, [r3]
100017ce:	f382 8810 	msr	PRIMASK, r2
100017d2:	2201      	movs	r2, #1
100017d4:	68cb      	ldr	r3, [r1, #12]
100017d6:	7809      	ldrb	r1, [r1, #0]
100017d8:	f503 5301 	add.w	r3, r3, #8256	@ 0x2040
100017dc:	408a      	lsls	r2, r1
100017de:	605a      	str	r2, [r3, #4]
100017e0:	bdf0      	pop	{r4, r5, r6, r7, pc}
100017e2:	2300      	movs	r3, #0
100017e4:	e8c0 3f8f 	stlb	r3, [r0]
100017e8:	f387 8810 	msr	PRIMASK, r7
100017ec:	f04f 30ff 	mov.w	r0, #4294967295	@ 0xffffffff
100017f0:	bdf0      	pop	{r4, r5, r6, r7, pc}
100017f2:	bf00      	nop

100017f4 <alarm_pool_cancel_alarm>:
100017f4:	4603      	mov	r3, r0
100017f6:	8940      	ldrh	r0, [r0, #10]
100017f8:	ebb0 4f21 	cmp.w	r0, r1, asr #16
100017fc:	dd37      	ble.n	1000186e <alarm_pool_cancel_alarm+0x7a>
100017fe:	6958      	ldr	r0, [r3, #20]
10001800:	140a      	asrs	r2, r1, #16
10001802:	eb02 0242 	add.w	r2, r2, r2, lsl #1
10001806:	b510      	push	{r4, lr}
10001808:	eb00 00c2 	add.w	r0, r0, r2, lsl #3
1000180c:	691c      	ldr	r4, [r3, #16]
1000180e:	f3ef 8c10 	mrs	ip, PRIMASK
10001812:	b672      	cpsid	i
10001814:	e8d4 efcf 	ldaexb	lr, [r4]
10001818:	2201      	movs	r2, #1
1000181a:	f1be 0f00 	cmp.w	lr, #0
1000181e:	d1f9      	bne.n	10001814 <alarm_pool_cancel_alarm+0x20>
10001820:	e8c4 2f4e 	strexb	lr, r2, [r4]
10001824:	f1be 0f00 	cmp.w	lr, #0
10001828:	d1f4      	bne.n	10001814 <alarm_pool_cancel_alarm+0x20>
1000182a:	f3bf 8f5f 	dmb	sy
1000182e:	8842      	ldrh	r2, [r0, #2]
10001830:	b289      	uxth	r1, r1
10001832:	b292      	uxth	r2, r2
10001834:	428a      	cmp	r2, r1
10001836:	d007      	beq.n	10001848 <alarm_pool_cancel_alarm+0x54>
10001838:	2200      	movs	r2, #0
1000183a:	691b      	ldr	r3, [r3, #16]
1000183c:	e8c3 2f8f 	stlb	r2, [r3]
10001840:	f38c 8810 	msr	PRIMASK, ip
10001844:	2000      	movs	r0, #0
10001846:	bd10      	pop	{r4, pc}
10001848:	f442 4200 	orr.w	r2, r2, #32768	@ 0x8000
1000184c:	8042      	strh	r2, [r0, #2]
1000184e:	2101      	movs	r1, #1
10001850:	2200      	movs	r2, #0
10001852:	6918      	ldr	r0, [r3, #16]
10001854:	7199      	strb	r1, [r3, #6]
10001856:	e8c0 2f8f 	stlb	r2, [r0]
1000185a:	f38c 8810 	msr	PRIMASK, ip
1000185e:	781c      	ldrb	r4, [r3, #0]
10001860:	68da      	ldr	r2, [r3, #12]
10001862:	4608      	mov	r0, r1
10001864:	f502 5301 	add.w	r3, r2, #8256	@ 0x2040
10001868:	40a1      	lsls	r1, r4
1000186a:	6059      	str	r1, [r3, #4]
1000186c:	bd10      	pop	{r4, pc}
1000186e:	2000      	movs	r0, #0
10001870:	4770      	bx	lr
10001872:	bf00      	nop

10001874 <alarm_pool_core_num>:
10001874:	7840      	ldrb	r0, [r0, #1]
10001876:	4770      	bx	lr

10001878 <sleep_ms>:
10001878:	e92d 43f0 	stmdb	sp!, {r4, r5, r6, r7, r8, r9, lr}
1000187c:	b083      	sub	sp, #12
1000187e:	4606      	mov	r6, r0
10001880:	f000 f902 	bl	10001a88 <time_us_64>
10001884:	f44f 737a 	mov.w	r3, #1000	@ 0x3e8
10001888:	4604      	mov	r4, r0
1000188a:	f04f 30ff 	mov.w	r0, #4294967295	@ 0xffffffff
1000188e:	f06f 4200 	mvn.w	r2, #2147483648	@ 0x80000000
10001892:	fbe6 4103 	umlal	r4, r1, r6, r3
10001896:	42a0      	cmp	r0, r4
10001898:	eb72 0301 	sbcs.w	r3, r2, r1
1000189c:	bf3a      	itte	cc
1000189e:	4604      	movcc	r4, r0
100018a0:	4615      	movcc	r5, r2
100018a2:	460d      	movcs	r5, r1
100018a4:	1fa6      	subs	r6, r4, #6
100018a6:	f145 37ff 	adc.w	r7, r5, #4294967295	@ 0xffffffff
100018aa:	42b4      	cmp	r4, r6
100018ac:	eb75 0307 	sbcs.w	r3, r5, r7
100018b0:	bf3c      	itt	cc
100018b2:	2600      	movcc	r6, #0
100018b4:	4637      	movcc	r7, r6
100018b6:	f000 f8e7 	bl	10001a88 <time_us_64>
100018ba:	1a30      	subs	r0, r6, r0
100018bc:	eb67 0101 	sbc.w	r1, r7, r1
100018c0:	2801      	cmp	r0, #1
100018c2:	f171 0100 	sbcs.w	r1, r1, #0
100018c6:	da06      	bge.n	100018d6 <sleep_ms+0x5e>
100018c8:	4620      	mov	r0, r4
100018ca:	4629      	mov	r1, r5
100018cc:	b003      	add	sp, #12
100018ce:	e8bd 43f0 	ldmia.w	sp!, {r4, r5, r6, r7, r8, r9, lr}
100018d2:	f000 b8e3 	b.w	10001a9c <busy_wait_until>
100018d6:	f000 f8d7 	bl	10001a88 <time_us_64>
100018da:	4286      	cmp	r6, r0
100018dc:	eb67 0101 	sbc.w	r1, r7, r1
100018e0:	2900      	cmp	r1, #0
100018e2:	db0a      	blt.n	100018fa <sleep_ms+0x82>
100018e4:	2100      	movs	r1, #0
100018e6:	4b1c      	ldr	r3, [pc, #112]	@ (10001958 <sleep_ms+0xe0>)
100018e8:	4632      	mov	r2, r6
100018ea:	9300      	str	r3, [sp, #0]
100018ec:	481b      	ldr	r0, [pc, #108]	@ (1000195c <sleep_ms+0xe4>)
100018ee:	463b      	mov	r3, r7
100018f0:	9101      	str	r1, [sp, #4]
100018f2:	f7ff ff1b 	bl	1000172c <alarm_pool_add_alarm_at_force_in_context>
100018f6:	3001      	adds	r0, #1
100018f8:	d0e6      	beq.n	100018c8 <sleep_ms+0x50>
100018fa:	f04f 0e00 	mov.w	lr, #0
100018fe:	4a18      	ldr	r2, [pc, #96]	@ (10001960 <sleep_ms+0xe8>)
10001900:	f8df c064 	ldr.w	ip, [pc, #100]	@ 10001968 <sleep_ms+0xf0>
10001904:	4917      	ldr	r1, [pc, #92]	@ (10001964 <sleep_ms+0xec>)
10001906:	6a53      	ldr	r3, [r2, #36]	@ 0x24
10001908:	429f      	cmp	r7, r3
1000190a:	d804      	bhi.n	10001916 <sleep_ms+0x9e>
1000190c:	6a90      	ldr	r0, [r2, #40]	@ 0x28
1000190e:	42b0      	cmp	r0, r6
10001910:	d2da      	bcs.n	100018c8 <sleep_ms+0x50>
10001912:	429f      	cmp	r7, r3
10001914:	d1d8      	bne.n	100018c8 <sleep_ms+0x50>
10001916:	f8dc 3000 	ldr.w	r3, [ip]
1000191a:	f3ef 8810 	mrs	r8, PRIMASK
1000191e:	b672      	cpsid	i
10001920:	e8d3 9fcf 	ldaexb	r9, [r3]
10001924:	2001      	movs	r0, #1
10001926:	f1b9 0f00 	cmp.w	r9, #0
1000192a:	d1f9      	bne.n	10001920 <sleep_ms+0xa8>
1000192c:	e8c3 0f49 	strexb	r9, r0, [r3]
10001930:	f1b9 0f00 	cmp.w	r9, #0
10001934:	d1f4      	bne.n	10001920 <sleep_ms+0xa8>
10001936:	f3bf 8f5f 	dmb	sy
1000193a:	780b      	ldrb	r3, [r1, #0]
1000193c:	f8dc 0000 	ldr.w	r0, [ip]
10001940:	b2db      	uxtb	r3, r3
10001942:	e8c0 ef8f 	stlb	lr, [r0]
10001946:	f388 8810 	msr	PRIMASK, r8
1000194a:	7808      	ldrb	r0, [r1, #0]
1000194c:	4283      	cmp	r3, r0
1000194e:	d100      	bne.n	10001952 <sleep_ms+0xda>
10001950:	bf20      	wfe
10001952:	bf20      	wfe
10001954:	e7d7      	b.n	10001906 <sleep_ms+0x8e>
10001956:	bf00      	nop
10001958:	1000120d 	.word	0x1000120d
1000195c:	20001688 	.word	0x20001688
10001960:	400b0000 	.word	0x400b0000
10001964:	200028ab 	.word	0x200028ab
10001968:	20002888 	.word	0x20002888

1000196c <best_effort_wfe_or_timeout>:
1000196c:	e92d 47f0 	stmdb	sp!, {r4, r5, r6, r7, r8, r9, sl, lr}
10001970:	4605      	mov	r5, r0
10001972:	460c      	mov	r4, r1
10001974:	b082      	sub	sp, #8
10001976:	f3ef 8705 	mrs	r7, IPSR
1000197a:	b2ff      	uxtb	r7, r7
1000197c:	2f00      	cmp	r7, #0
1000197e:	d138      	bne.n	100019f2 <best_effort_wfe_or_timeout+0x86>
10001980:	4e30      	ldr	r6, [pc, #192]	@ (10001a44 <best_effort_wfe_or_timeout+0xd8>)
10001982:	e9d6 2300 	ldrd	r2, r3, [r6]
10001986:	428b      	cmp	r3, r1
10001988:	bf08      	it	eq
1000198a:	4282      	cmpeq	r2, r0
1000198c:	d039      	beq.n	10001a02 <best_effort_wfe_or_timeout+0x96>
1000198e:	f8df 80c0 	ldr.w	r8, [pc, #192]	@ 10001a50 <best_effort_wfe_or_timeout+0xe4>
10001992:	f8d8 a00c 	ldr.w	sl, [r8, #12]
10001996:	f898 9000 	ldrb.w	r9, [r8]
1000199a:	4650      	mov	r0, sl
1000199c:	f000 f86c 	bl	10001a78 <timer_time_us_64>
100019a0:	f109 0904 	add.w	r9, r9, #4
100019a4:	f85a 3029 	ldr.w	r3, [sl, r9, lsl #2]
100019a8:	1a1b      	subs	r3, r3, r0
100019aa:	1a28      	subs	r0, r5, r0
100019ac:	eb64 0101 	sbc.w	r1, r4, r1
100019b0:	4298      	cmp	r0, r3
100019b2:	f171 0100 	sbcs.w	r1, r1, #0
100019b6:	da24      	bge.n	10001a02 <best_effort_wfe_or_timeout+0x96>
100019b8:	f000 f866 	bl	10001a88 <time_us_64>
100019bc:	4285      	cmp	r5, r0
100019be:	eb64 0101 	sbc.w	r1, r4, r1
100019c2:	2900      	cmp	r1, #0
100019c4:	db2d      	blt.n	10001a22 <best_effort_wfe_or_timeout+0xb6>
100019c6:	4b20      	ldr	r3, [pc, #128]	@ (10001a48 <best_effort_wfe_or_timeout+0xdc>)
100019c8:	4640      	mov	r0, r8
100019ca:	9300      	str	r3, [sp, #0]
100019cc:	462a      	mov	r2, r5
100019ce:	4623      	mov	r3, r4
100019d0:	9701      	str	r7, [sp, #4]
100019d2:	f7ff feab 	bl	1000172c <alarm_pool_add_alarm_at_force_in_context>
100019d6:	1e01      	subs	r1, r0, #0
100019d8:	dd23      	ble.n	10001a22 <best_effort_wfe_or_timeout+0xb6>
100019da:	4b1c      	ldr	r3, [pc, #112]	@ (10001a4c <best_effort_wfe_or_timeout+0xe0>)
100019dc:	e9c6 5400 	strd	r5, r4, [r6]
100019e0:	6a5a      	ldr	r2, [r3, #36]	@ 0x24
100019e2:	42a2      	cmp	r2, r4
100019e4:	d32c      	bcc.n	10001a40 <best_effort_wfe_or_timeout+0xd4>
100019e6:	6a9b      	ldr	r3, [r3, #40]	@ 0x28
100019e8:	42ab      	cmp	r3, r5
100019ea:	d327      	bcc.n	10001a3c <best_effort_wfe_or_timeout+0xd0>
100019ec:	4818      	ldr	r0, [pc, #96]	@ (10001a50 <best_effort_wfe_or_timeout+0xe4>)
100019ee:	f7ff ff01 	bl	100017f4 <alarm_pool_cancel_alarm>
100019f2:	4b16      	ldr	r3, [pc, #88]	@ (10001a4c <best_effort_wfe_or_timeout+0xe0>)
100019f4:	6a5a      	ldr	r2, [r3, #36]	@ 0x24
100019f6:	42a2      	cmp	r2, r4
100019f8:	d208      	bcs.n	10001a0c <best_effort_wfe_or_timeout+0xa0>
100019fa:	2000      	movs	r0, #0
100019fc:	b002      	add	sp, #8
100019fe:	e8bd 87f0 	ldmia.w	sp!, {r4, r5, r6, r7, r8, r9, sl, pc}
10001a02:	bf20      	wfe
10001a04:	4b11      	ldr	r3, [pc, #68]	@ (10001a4c <best_effort_wfe_or_timeout+0xe0>)
10001a06:	6a5a      	ldr	r2, [r3, #36]	@ 0x24
10001a08:	42a2      	cmp	r2, r4
10001a0a:	d3f6      	bcc.n	100019fa <best_effort_wfe_or_timeout+0x8e>
10001a0c:	bf14      	ite	ne
10001a0e:	2001      	movne	r0, #1
10001a10:	2000      	moveq	r0, #0
10001a12:	6a9b      	ldr	r3, [r3, #40]	@ 0x28
10001a14:	42ab      	cmp	r3, r5
10001a16:	bf28      	it	cs
10001a18:	f040 0001 	orrcs.w	r0, r0, #1
10001a1c:	b002      	add	sp, #8
10001a1e:	e8bd 87f0 	ldmia.w	sp!, {r4, r5, r6, r7, r8, r9, sl, pc}
10001a22:	4b0a      	ldr	r3, [pc, #40]	@ (10001a4c <best_effort_wfe_or_timeout+0xe0>)
10001a24:	6a58      	ldr	r0, [r3, #36]	@ 0x24
10001a26:	42a0      	cmp	r0, r4
10001a28:	d3e7      	bcc.n	100019fa <best_effort_wfe_or_timeout+0x8e>
10001a2a:	1b00      	subs	r0, r0, r4
10001a2c:	bf18      	it	ne
10001a2e:	2001      	movne	r0, #1
10001a30:	6a9b      	ldr	r3, [r3, #40]	@ 0x28
10001a32:	42ab      	cmp	r3, r5
10001a34:	bf28      	it	cs
10001a36:	f040 0001 	orrcs.w	r0, r0, #1
10001a3a:	e7ef      	b.n	10001a1c <best_effort_wfe_or_timeout+0xb0>
10001a3c:	42a2      	cmp	r2, r4
10001a3e:	d1d5      	bne.n	100019ec <best_effort_wfe_or_timeout+0x80>
10001a40:	bf20      	wfe
10001a42:	e7d3      	b.n	100019ec <best_effort_wfe_or_timeout+0x80>
10001a44:	20001680 	.word	0x20001680
10001a48:	1000120d 	.word	0x1000120d
10001a4c:	400b0000 	.word	0x400b0000
10001a50:	20001688 	.word	0x20001688

10001a54 <timer_hardware_alarm_claim>:
10001a54:	b410      	push	{r4}
10001a56:	4b05      	ldr	r3, [pc, #20]	@ (10001a6c <timer_hardware_alarm_claim+0x18>)
10001a58:	4c05      	ldr	r4, [pc, #20]	@ (10001a70 <timer_hardware_alarm_claim+0x1c>)
10001a5a:	4a06      	ldr	r2, [pc, #24]	@ (10001a74 <timer_hardware_alarm_claim+0x20>)
10001a5c:	42a0      	cmp	r0, r4
10001a5e:	bf14      	ite	ne
10001a60:	4618      	movne	r0, r3
10001a62:	1c58      	addeq	r0, r3, #1
10001a64:	f85d 4b04 	ldr.w	r4, [sp], #4
10001a68:	f7ff b8f8 	b.w	10000c5c <hw_claim_or_assert>
10001a6c:	200023e4 	.word	0x200023e4
10001a70:	400b8000 	.word	0x400b8000
10001a74:	1000d178 	.word	0x1000d178

10001a78 <timer_time_us_64>:
10001a78:	4603      	mov	r3, r0
10001a7a:	6a41      	ldr	r1, [r0, #36]	@ 0x24
10001a7c:	460a      	mov	r2, r1
10001a7e:	6a98      	ldr	r0, [r3, #40]	@ 0x28
10001a80:	6a59      	ldr	r1, [r3, #36]	@ 0x24
10001a82:	428a      	cmp	r2, r1
10001a84:	d1fa      	bne.n	10001a7c <timer_time_us_64+0x4>
10001a86:	4770      	bx	lr

10001a88 <time_us_64>:
10001a88:	4b03      	ldr	r3, [pc, #12]	@ (10001a98 <time_us_64+0x10>)
10001a8a:	6a59      	ldr	r1, [r3, #36]	@ 0x24
10001a8c:	460a      	mov	r2, r1
10001a8e:	6a98      	ldr	r0, [r3, #40]	@ 0x28
10001a90:	6a59      	ldr	r1, [r3, #36]	@ 0x24
10001a92:	4291      	cmp	r1, r2
10001a94:	d1fa      	bne.n	10001a8c <time_us_64+0x4>
10001a96:	4770      	bx	lr
10001a98:	400b0000 	.word	0x400b0000

10001a9c <busy_wait_until>:
10001a9c:	4a07      	ldr	r2, [pc, #28]	@ (10001abc <busy_wait_until+0x20>)
10001a9e:	6a53      	ldr	r3, [r2, #36]	@ 0x24
10001aa0:	4299      	cmp	r1, r3
10001aa2:	d8fc      	bhi.n	10001a9e <busy_wait_until+0x2>
10001aa4:	4299      	cmp	r1, r3
10001aa6:	d107      	bne.n	10001ab8 <busy_wait_until+0x1c>
10001aa8:	4b04      	ldr	r3, [pc, #16]	@ (10001abc <busy_wait_until+0x20>)
10001aaa:	e002      	b.n	10001ab2 <busy_wait_until+0x16>
10001aac:	6a5a      	ldr	r2, [r3, #36]	@ 0x24
10001aae:	4291      	cmp	r1, r2
10001ab0:	d102      	bne.n	10001ab8 <busy_wait_until+0x1c>
10001ab2:	6a9a      	ldr	r2, [r3, #40]	@ 0x28
10001ab4:	4290      	cmp	r0, r2
10001ab6:	d8f9      	bhi.n	10001aac <busy_wait_until+0x10>
10001ab8:	4770      	bx	lr
10001aba:	bf00      	nop
10001abc:	400b0000 	.word	0x400b0000

10001ac0 <clock_configure_undivided>:
10001ac0:	eb00 0c40 	add.w	ip, r0, r0, lsl #1
10001ac4:	ea4f 0c8c 	mov.w	ip, ip, lsl #2
10001ac8:	f10c 4c80 	add.w	ip, ip, #1073741824	@ 0x40000000
10001acc:	f50c 3c80 	add.w	ip, ip, #65536	@ 0x10000
10001ad0:	b5f0      	push	{r4, r5, r6, r7, lr}
10001ad2:	4616      	mov	r6, r2
10001ad4:	f8dc 2004 	ldr.w	r2, [ip, #4]
10001ad8:	1f05      	subs	r5, r0, #4
10001ada:	f5b2 3f80 	cmp.w	r2, #65536	@ 0x10000
10001ade:	bf38      	it	cc
10001ae0:	f44f 3280 	movcc.w	r2, #65536	@ 0x10000
10001ae4:	b2ed      	uxtb	r5, r5
10001ae6:	bf38      	it	cc
10001ae8:	f8cc 2004 	strcc.w	r2, [ip, #4]
10001aec:	2d01      	cmp	r5, #1
10001aee:	d92a      	bls.n	10001b46 <clock_configure_undivided+0x86>
10001af0:	f44f 6700 	mov.w	r7, #2048	@ 0x800
10001af4:	4c25      	ldr	r4, [pc, #148]	@ (10001b8c <clock_configure_undivided+0xcc>)
10001af6:	f50c 5240 	add.w	r2, ip, #12288	@ 0x3000
10001afa:	6017      	str	r7, [r2, #0]
10001afc:	f854 2020 	ldr.w	r2, [r4, r0, lsl #2]
10001b00:	b9b2      	cbnz	r2, 10001b30 <clock_configure_undivided+0x70>
10001b02:	f8dc 2000 	ldr.w	r2, [ip]
10001b06:	2d01      	cmp	r5, #1
10001b08:	ea82 1246 	eor.w	r2, r2, r6, lsl #5
10001b0c:	f002 02e0 	and.w	r2, r2, #224	@ 0xe0
10001b10:	f50c 5680 	add.w	r6, ip, #4096	@ 0x1000
10001b14:	6032      	str	r2, [r6, #0]
10001b16:	d92a      	bls.n	10001b6e <clock_configure_undivided+0xae>
10001b18:	f44f 6100 	mov.w	r1, #2048	@ 0x800
10001b1c:	f844 3020 	str.w	r3, [r4, r0, lsl #2]
10001b20:	f44f 3380 	mov.w	r3, #65536	@ 0x10000
10001b24:	f50c 5200 	add.w	r2, ip, #8192	@ 0x2000
10001b28:	6011      	str	r1, [r2, #0]
10001b2a:	f8cc 3004 	str.w	r3, [ip, #4]
10001b2e:	bdf0      	pop	{r4, r5, r6, r7, pc}
10001b30:	6967      	ldr	r7, [r4, #20]
10001b32:	fbb7 fef2 	udiv	lr, r7, r2
10001b36:	f10e 0e01 	add.w	lr, lr, #1
10001b3a:	eb0e 0e4e 	add.w	lr, lr, lr, lsl #1
10001b3e:	f1be 0e03 	subs.w	lr, lr, #3
10001b42:	d2fc      	bcs.n	10001b3e <clock_configure_undivided+0x7e>
10001b44:	e7dd      	b.n	10001b02 <clock_configure_undivided+0x42>
10001b46:	2901      	cmp	r1, #1
10001b48:	d1d2      	bne.n	10001af0 <clock_configure_undivided+0x30>
10001b4a:	2403      	movs	r4, #3
10001b4c:	f50c 5240 	add.w	r2, ip, #12288	@ 0x3000
10001b50:	6014      	str	r4, [r2, #0]
10001b52:	f8dc 2008 	ldr.w	r2, [ip, #8]
10001b56:	07d2      	lsls	r2, r2, #31
10001b58:	d5fb      	bpl.n	10001b52 <clock_configure_undivided+0x92>
10001b5a:	f8dc 2000 	ldr.w	r2, [ip]
10001b5e:	4c0b      	ldr	r4, [pc, #44]	@ (10001b8c <clock_configure_undivided+0xcc>)
10001b60:	ea82 1246 	eor.w	r2, r2, r6, lsl #5
10001b64:	f002 02e0 	and.w	r2, r2, #224	@ 0xe0
10001b68:	f50c 5680 	add.w	r6, ip, #4096	@ 0x1000
10001b6c:	6032      	str	r2, [r6, #0]
10001b6e:	2201      	movs	r2, #1
10001b70:	f8dc 5000 	ldr.w	r5, [ip]
10001b74:	404d      	eors	r5, r1
10001b76:	f005 0503 	and.w	r5, r5, #3
10001b7a:	6035      	str	r5, [r6, #0]
10001b7c:	fa02 f101 	lsl.w	r1, r2, r1
10001b80:	f8dc 2008 	ldr.w	r2, [ip, #8]
10001b84:	420a      	tst	r2, r1
10001b86:	d0fb      	beq.n	10001b80 <clock_configure_undivided+0xc0>
10001b88:	e7c6      	b.n	10001b18 <clock_configure_undivided+0x58>
10001b8a:	bf00      	nop
10001b8c:	200023e8 	.word	0x200023e8

10001b90 <clock_get_hz>:
10001b90:	4b01      	ldr	r3, [pc, #4]	@ (10001b98 <clock_get_hz+0x8>)
10001b92:	f853 0020 	ldr.w	r0, [r3, r0, lsl #2]
10001b96:	4770      	bx	lr
10001b98:	200023e8 	.word	0x200023e8

10001b9c <pll_init>:
10001b9c:	b470      	push	{r4, r5, r6}
10001b9e:	9d03      	ldr	r5, [sp, #12]
10001ba0:	6804      	ldr	r4, [r0, #0]
10001ba2:	032d      	lsls	r5, r5, #12
10001ba4:	ea45 4503 	orr.w	r5, r5, r3, lsl #16
10001ba8:	4b1b      	ldr	r3, [pc, #108]	@ (10001c18 <pll_init+0x7c>)
10001baa:	2c00      	cmp	r4, #0
10001bac:	fbb3 f3f1 	udiv	r3, r3, r1
10001bb0:	fbb2 f6f3 	udiv	r6, r2, r3
10001bb4:	db1f      	blt.n	10001bf6 <pll_init+0x5a>
10001bb6:	4a19      	ldr	r2, [pc, #100]	@ (10001c1c <pll_init+0x80>)
10001bb8:	4b19      	ldr	r3, [pc, #100]	@ (10001c20 <pll_init+0x84>)
10001bba:	4290      	cmp	r0, r2
10001bbc:	bf14      	ite	ne
10001bbe:	f44f 4280 	movne.w	r2, #16384	@ 0x4000
10001bc2:	f44f 4200 	moveq.w	r2, #32768	@ 0x8000
10001bc6:	4c17      	ldr	r4, [pc, #92]	@ (10001c24 <pll_init+0x88>)
10001bc8:	601a      	str	r2, [r3, #0]
10001bca:	f503 5380 	add.w	r3, r3, #4096	@ 0x1000
10001bce:	601a      	str	r2, [r3, #0]
10001bd0:	68a3      	ldr	r3, [r4, #8]
10001bd2:	ea32 0303 	bics.w	r3, r2, r3
10001bd6:	d1fb      	bne.n	10001bd0 <pll_init+0x34>
10001bd8:	2221      	movs	r2, #33	@ 0x21
10001bda:	f500 5340 	add.w	r3, r0, #12288	@ 0x3000
10001bde:	3304      	adds	r3, #4
10001be0:	6001      	str	r1, [r0, #0]
10001be2:	6086      	str	r6, [r0, #8]
10001be4:	601a      	str	r2, [r3, #0]
10001be6:	6802      	ldr	r2, [r0, #0]
10001be8:	2a00      	cmp	r2, #0
10001bea:	dafc      	bge.n	10001be6 <pll_init+0x4a>
10001bec:	2208      	movs	r2, #8
10001bee:	60c5      	str	r5, [r0, #12]
10001bf0:	601a      	str	r2, [r3, #0]
10001bf2:	bc70      	pop	{r4, r5, r6}
10001bf4:	4770      	bx	lr
10001bf6:	6803      	ldr	r3, [r0, #0]
10001bf8:	f003 033f 	and.w	r3, r3, #63	@ 0x3f
10001bfc:	428b      	cmp	r3, r1
10001bfe:	d1da      	bne.n	10001bb6 <pll_init+0x1a>
10001c00:	6883      	ldr	r3, [r0, #8]
10001c02:	f3c3 030b 	ubfx	r3, r3, #0, #12
10001c06:	42b3      	cmp	r3, r6
10001c08:	d1d5      	bne.n	10001bb6 <pll_init+0x1a>
10001c0a:	68c3      	ldr	r3, [r0, #12]
10001c0c:	f403 23ee 	and.w	r3, r3, #487424	@ 0x77000
10001c10:	42ab      	cmp	r3, r5
10001c12:	d1d0      	bne.n	10001bb6 <pll_init+0x1a>
10001c14:	e7ed      	b.n	10001bf2 <pll_init+0x56>
10001c16:	bf00      	nop
10001c18:	00b71b00 	.word	0x00b71b00
10001c1c:	40058000 	.word	0x40058000
10001c20:	40022000 	.word	0x40022000
10001c24:	40020000 	.word	0x40020000

10001c28 <watchdog_reboot>:
10001c28:	b430      	push	{r4, r5}
10001c2a:	f04f 4480 	mov.w	r4, #1073741824	@ 0x40000000
10001c2e:	4b1c      	ldr	r3, [pc, #112]	@ (10001ca0 <watchdog_reboot+0x78>)
10001c30:	601c      	str	r4, [r3, #0]
10001c32:	b1e0      	cbz	r0, 10001c6e <watchdog_reboot+0x46>
10001c34:	4c1b      	ldr	r4, [pc, #108]	@ (10001ca4 <watchdog_reboot+0x7c>)
10001c36:	f5a3 5340 	sub.w	r3, r3, #12288	@ 0x3000
10001c3a:	61dc      	str	r4, [r3, #28]
10001c3c:	4c1a      	ldr	r4, [pc, #104]	@ (10001ca8 <watchdog_reboot+0x80>)
10001c3e:	f040 0001 	orr.w	r0, r0, #1
10001c42:	4044      	eors	r4, r0
10001c44:	621c      	str	r4, [r3, #32]
10001c46:	6259      	str	r1, [r3, #36]	@ 0x24
10001c48:	6298      	str	r0, [r3, #40]	@ 0x28
10001c4a:	f04f 4580 	mov.w	r5, #1073741824	@ 0x40000000
10001c4e:	f04f 61e0 	mov.w	r1, #117440512	@ 0x7000000
10001c52:	4b13      	ldr	r3, [pc, #76]	@ (10001ca0 <watchdog_reboot+0x78>)
10001c54:	4815      	ldr	r0, [pc, #84]	@ (10001cac <watchdog_reboot+0x84>)
10001c56:	4c16      	ldr	r4, [pc, #88]	@ (10001cb0 <watchdog_reboot+0x88>)
10001c58:	601d      	str	r5, [r3, #0]
10001c5a:	6084      	str	r4, [r0, #8]
10001c5c:	6019      	str	r1, [r3, #0]
10001c5e:	b94a      	cbnz	r2, 10001c74 <watchdog_reboot+0x4c>
10001c60:	bc30      	pop	{r4, r5}
10001c62:	f04f 4200 	mov.w	r2, #2147483648	@ 0x80000000
10001c66:	f5a3 5380 	sub.w	r3, r3, #4096	@ 0x1000
10001c6a:	601a      	str	r2, [r3, #0]
10001c6c:	4770      	bx	lr
10001c6e:	4b11      	ldr	r3, [pc, #68]	@ (10001cb4 <watchdog_reboot+0x8c>)
10001c70:	61d8      	str	r0, [r3, #28]
10001c72:	e7ea      	b.n	10001c4a <watchdog_reboot+0x22>
10001c74:	f44f 737a 	mov.w	r3, #1000	@ 0x3e8
10001c78:	fb03 f202 	mul.w	r2, r3, r2
10001c7c:	f1b2 7f80 	cmp.w	r2, #16777216	@ 0x1000000
10001c80:	bf2a      	itet	cs
10001c82:	f06f 437f 	mvncs.w	r3, #4278190080	@ 0xff000000
10001c86:	4613      	movcc	r3, r2
10001c88:	461a      	movcs	r2, r3
10001c8a:	f04f 4180 	mov.w	r1, #1073741824	@ 0x40000000
10001c8e:	4c0a      	ldr	r4, [pc, #40]	@ (10001cb8 <watchdog_reboot+0x90>)
10001c90:	4808      	ldr	r0, [pc, #32]	@ (10001cb4 <watchdog_reboot+0x8c>)
10001c92:	6023      	str	r3, [r4, #0]
10001c94:	4b09      	ldr	r3, [pc, #36]	@ (10001cbc <watchdog_reboot+0x94>)
10001c96:	6042      	str	r2, [r0, #4]
10001c98:	bc30      	pop	{r4, r5}
10001c9a:	6019      	str	r1, [r3, #0]
10001c9c:	4770      	bx	lr
10001c9e:	bf00      	nop
10001ca0:	400db000 	.word	0x400db000
10001ca4:	b007c0d3 	.word	0xb007c0d3
10001ca8:	4ff83f2d 	.word	0x4ff83f2d
10001cac:	4001a000 	.word	0x4001a000
10001cb0:	01fffff3 	.word	0x01fffff3
10001cb4:	400d8000 	.word	0x400d8000
10001cb8:	2000284c 	.word	0x2000284c
10001cbc:	400da000 	.word	0x400da000

10001cc0 <tick_start>:
10001cc0:	2301      	movs	r3, #1
10001cc2:	eb00 0040 	add.w	r0, r0, r0, lsl #1
10001cc6:	0080      	lsls	r0, r0, #2
10001cc8:	f100 4080 	add.w	r0, r0, #1073741824	@ 0x40000000
10001ccc:	f500 1084 	add.w	r0, r0, #1081344	@ 0x108000
10001cd0:	6041      	str	r1, [r0, #4]
10001cd2:	6003      	str	r3, [r0, #0]
10001cd4:	4770      	bx	lr
10001cd6:	bf00      	nop

10001cd8 <rom_reboot.constprop.0.isra.0>:
10001cd8:	2300      	movs	r3, #0
10001cda:	b570      	push	{r4, r5, r6, lr}
10001cdc:	8adb      	ldrh	r3, [r3, #22]
10001cde:	4604      	mov	r4, r0
10001ce0:	460d      	mov	r5, r1
10001ce2:	4616      	mov	r6, r2
10001ce4:	2200      	movs	r2, #0
10001ce6:	e842 f200 	tt	r2, r2
10001cea:	0252      	lsls	r2, r2, #9
10001cec:	bf54      	ite	pl
10001cee:	2110      	movpl	r1, #16
10001cf0:	2104      	movmi	r1, #4
10001cf2:	f244 2052 	movw	r0, #16978	@ 0x4252
10001cf6:	4798      	blx	r3
10001cf8:	4686      	mov	lr, r0
10001cfa:	4633      	mov	r3, r6
10001cfc:	462a      	mov	r2, r5
10001cfe:	4620      	mov	r0, r4
10001d00:	46f4      	mov	ip, lr
10001d02:	e8bd 4070 	ldmia.w	sp!, {r4, r5, r6, lr}
10001d06:	210a      	movs	r1, #10
10001d08:	4760      	bx	ip
10001d0a:	bf00      	nop

10001d0c <rom_func_lookup>:
10001d0c:	2300      	movs	r3, #0
10001d0e:	8adb      	ldrh	r3, [r3, #22]
10001d10:	2200      	movs	r2, #0
10001d12:	e842 f200 	tt	r2, r2
10001d16:	0252      	lsls	r2, r2, #9
10001d18:	d401      	bmi.n	10001d1e <rom_func_lookup+0x12>
10001d1a:	2110      	movs	r1, #16
10001d1c:	4718      	bx	r3
10001d1e:	2104      	movs	r1, #4
10001d20:	4718      	bx	r3
10001d22:	bf00      	nop

10001d24 <rom_reset_usb_boot_extra>:
10001d24:	b508      	push	{r3, lr}
10001d26:	4613      	mov	r3, r2
10001d28:	1e02      	subs	r2, r0, #0
10001d2a:	db0d      	blt.n	10001d48 <rom_reset_usb_boot_extra+0x24>
10001d2c:	b94b      	cbnz	r3, 10001d42 <rom_reset_usb_boot_extra+0x1e>
10001d2e:	f041 0120 	orr.w	r1, r1, #32
10001d32:	2300      	movs	r3, #0
10001d34:	7cdb      	ldrb	r3, [r3, #19]
10001d36:	2b02      	cmp	r3, #2
10001d38:	d009      	beq.n	10001d4e <rom_reset_usb_boot_extra+0x2a>
10001d3a:	f44f 7081 	mov.w	r0, #258	@ 0x102
10001d3e:	f7ff ffcb 	bl	10001cd8 <rom_reboot.constprop.0.isra.0>
10001d42:	f041 0130 	orr.w	r1, r1, #48	@ 0x30
10001d46:	e7f4      	b.n	10001d32 <rom_reset_usb_boot_extra+0xe>
10001d48:	068b      	lsls	r3, r1, #26
10001d4a:	d5f6      	bpl.n	10001d3a <rom_reset_usb_boot_extra+0x16>
10001d4c:	e7f1      	b.n	10001d32 <rom_reset_usb_boot_extra+0xe>
10001d4e:	f44f 7091 	mov.w	r0, #290	@ 0x122
10001d52:	f7ff ffc1 	bl	10001cd8 <rom_reboot.constprop.0.isra.0>
10001d56:	bf00      	nop

10001d58 <runtime_init_bootrom_locking_enable>:
10001d58:	4a03      	ldr	r2, [pc, #12]	@ (10001d68 <runtime_init_bootrom_locking_enable+0x10>)
10001d5a:	f8d2 3828 	ldr.w	r3, [r2, #2088]	@ 0x828
10001d5e:	2b00      	cmp	r3, #0
10001d60:	d0fb      	beq.n	10001d5a <runtime_init_bootrom_locking_enable+0x2>
10001d62:	f3bf 8f5f 	dmb	sy
10001d66:	4770      	bx	lr
10001d68:	400e0000 	.word	0x400e0000

10001d6c <runtime_init_boot_locks_reset>:
10001d6c:	2100      	movs	r1, #0
10001d6e:	4b04      	ldr	r3, [pc, #16]	@ (10001d80 <runtime_init_boot_locks_reset+0x14>)
10001d70:	4a04      	ldr	r2, [pc, #16]	@ (10001d84 <runtime_init_boot_locks_reset+0x18>)
10001d72:	f3bf 8f5f 	dmb	sy
10001d76:	f843 1b04 	str.w	r1, [r3], #4
10001d7a:	4293      	cmp	r3, r2
10001d7c:	d1f9      	bne.n	10001d72 <runtime_init_boot_locks_reset+0x6>
10001d7e:	4770      	bx	lr
10001d80:	400e080c 	.word	0x400e080c
10001d84:	400e082c 	.word	0x400e082c

10001d88 <xosc_init>:
10001d88:	b410      	push	{r4}
10001d8a:	f44f 708d 	mov.w	r0, #282	@ 0x11a
10001d8e:	f44f 642a 	mov.w	r4, #2720	@ 0xaa0
10001d92:	4a06      	ldr	r2, [pc, #24]	@ (10001dac <xosc_init+0x24>)
10001d94:	4b06      	ldr	r3, [pc, #24]	@ (10001db0 <xosc_init+0x28>)
10001d96:	4907      	ldr	r1, [pc, #28]	@ (10001db4 <xosc_init+0x2c>)
10001d98:	6014      	str	r4, [r2, #0]
10001d9a:	60d0      	str	r0, [r2, #12]
10001d9c:	6019      	str	r1, [r3, #0]
10001d9e:	6853      	ldr	r3, [r2, #4]
10001da0:	2b00      	cmp	r3, #0
10001da2:	dafc      	bge.n	10001d9e <xosc_init+0x16>
10001da4:	f85d 4b04 	ldr.w	r4, [sp], #4
10001da8:	4770      	bx	lr
10001daa:	bf00      	nop
10001dac:	40048000 	.word	0x40048000
10001db0:	4004a000 	.word	0x4004a000
10001db4:	00fab000 	.word	0x00fab000

10001db8 <first_per_core_initializer>:
10001db8:	4770      	bx	lr
10001dba:	bf00      	nop

10001dbc <hard_assertion_failure>:
10001dbc:	b508      	push	{r3, lr}
10001dbe:	4801      	ldr	r0, [pc, #4]	@ (10001dc4 <hard_assertion_failure+0x8>)
10001dc0:	f7fe ff34 	bl	10000c2c <panic>
10001dc4:	1000d19c 	.word	0x1000d19c

10001dc8 <runtime_run_initializers>:
10001dc8:	b538      	push	{r3, r4, r5, lr}
10001dca:	4c05      	ldr	r4, [pc, #20]	@ (10001de0 <runtime_run_initializers+0x18>)
10001dcc:	4d05      	ldr	r5, [pc, #20]	@ (10001de4 <runtime_run_initializers+0x1c>)
10001dce:	42ac      	cmp	r4, r5
10001dd0:	d204      	bcs.n	10001ddc <runtime_run_initializers+0x14>
10001dd2:	f854 3b04 	ldr.w	r3, [r4], #4
10001dd6:	4798      	blx	r3
10001dd8:	42ac      	cmp	r4, r5
10001dda:	d3fa      	bcc.n	10001dd2 <runtime_run_initializers+0xa>
10001ddc:	bd38      	pop	{r3, r4, r5, pc}
10001dde:	bf00      	nop
10001de0:	1000ce10 	.word	0x1000ce10
10001de4:	1000ce50 	.word	0x1000ce50

10001de8 <runtime_init_early_resets>:
10001de8:	b410      	push	{r4}
10001dea:	4807      	ldr	r0, [pc, #28]	@ (10001e08 <runtime_init_early_resets+0x20>)
10001dec:	4c07      	ldr	r4, [pc, #28]	@ (10001e0c <runtime_init_early_resets+0x24>)
10001dee:	4b08      	ldr	r3, [pc, #32]	@ (10001e10 <runtime_init_early_resets+0x28>)
10001df0:	4a08      	ldr	r2, [pc, #32]	@ (10001e14 <runtime_init_early_resets+0x2c>)
10001df2:	4909      	ldr	r1, [pc, #36]	@ (10001e18 <runtime_init_early_resets+0x30>)
10001df4:	6004      	str	r4, [r0, #0]
10001df6:	601a      	str	r2, [r3, #0]
10001df8:	688b      	ldr	r3, [r1, #8]
10001dfa:	ea32 0303 	bics.w	r3, r2, r3
10001dfe:	d1fb      	bne.n	10001df8 <runtime_init_early_resets+0x10>
10001e00:	f85d 4b04 	ldr.w	r4, [sp], #4
10001e04:	4770      	bx	lr
10001e06:	bf00      	nop
10001e08:	40022000 	.word	0x40022000
10001e0c:	efef3b7f 	.word	0xefef3b7f
10001e10:	40023000 	.word	0x40023000
10001e14:	03f3fff6 	.word	0x03f3fff6
10001e18:	40020000 	.word	0x40020000

10001e1c <runtime_init_usb_power_down>:
10001e1c:	4b04      	ldr	r3, [pc, #16]	@ (10001e30 <runtime_init_usb_power_down+0x14>)
10001e1e:	6cdb      	ldr	r3, [r3, #76]	@ 0x4c
10001e20:	f5b3 4f00 	cmp.w	r3, #32768	@ 0x8000
10001e24:	d103      	bne.n	10001e2e <runtime_init_usb_power_down+0x12>
10001e26:	f44f 2280 	mov.w	r2, #262144	@ 0x40000
10001e2a:	4b02      	ldr	r3, [pc, #8]	@ (10001e34 <runtime_init_usb_power_down+0x18>)
10001e2c:	64da      	str	r2, [r3, #76]	@ 0x4c
10001e2e:	4770      	bx	lr
10001e30:	50110000 	.word	0x50110000
10001e34:	50112000 	.word	0x50112000

10001e38 <runtime_init_per_core_enable_coprocessors>:
10001e38:	f04f 22e0 	mov.w	r2, #3758153728	@ 0xe000e000
10001e3c:	4b04      	ldr	r3, [pc, #16]	@ (10001e50 <runtime_init_per_core_enable_coprocessors+0x18>)
10001e3e:	f8d2 1d88 	ldr.w	r1, [r2, #3464]	@ 0xd88
10001e42:	430b      	orrs	r3, r1
10001e44:	f8c2 3d88 	str.w	r3, [r2, #3464]	@ 0xd88
10001e48:	ee10 0430 			dcp_rcmp r0
10001e4c:	4770      	bx	lr
10001e4e:	bf00      	nop
10001e50:	00300303 	.word	0x00300303

10001e54 <runtime_init_post_clock_resets>:
10001e54:	f06f 4160 	mvn.w	r1, #3758096384	@ 0xe0000000
10001e58:	4b04      	ldr	r3, [pc, #16]	@ (10001e6c <runtime_init_post_clock_resets+0x18>)
10001e5a:	4a05      	ldr	r2, [pc, #20]	@ (10001e70 <runtime_init_post_clock_resets+0x1c>)
10001e5c:	6019      	str	r1, [r3, #0]
10001e5e:	6893      	ldr	r3, [r2, #8]
10001e60:	43db      	mvns	r3, r3
10001e62:	f033 4360 	bics.w	r3, r3, #3758096384	@ 0xe0000000
10001e66:	d1fa      	bne.n	10001e5e <runtime_init_post_clock_resets+0xa>
10001e68:	4770      	bx	lr
10001e6a:	bf00      	nop
10001e6c:	40023000 	.word	0x40023000
10001e70:	40020000 	.word	0x40020000

10001e74 <runtime_init_bootrom_reset>:
10001e74:	b510      	push	{r4, lr}
10001e76:	f245 2053 	movw	r0, #21075	@ 0x5253
10001e7a:	f7ff ff47 	bl	10001d0c <rom_func_lookup>
10001e7e:	e8bd 4010 	ldmia.w	sp!, {r4, lr}
10001e82:	4603      	mov	r3, r0
10001e84:	2004      	movs	r0, #4
10001e86:	4718      	bx	r3

10001e88 <runtime_init_per_core_bootrom_reset>:
10001e88:	b510      	push	{r4, lr}
10001e8a:	f245 2053 	movw	r0, #21075	@ 0x5253
10001e8e:	f7ff ff3d 	bl	10001d0c <rom_func_lookup>
10001e92:	e8bd 4010 	ldmia.w	sp!, {r4, lr}
10001e96:	4603      	mov	r3, r0
10001e98:	2001      	movs	r0, #1
10001e9a:	4718      	bx	r3

10001e9c <runtime_init_spin_locks_reset>:
10001e9c:	f7fe bf6e 	b.w	10000d7c <spin_locks_reset>

10001ea0 <runtime_init_install_ram_vector_table>:
10001ea0:	b538      	push	{r3, r4, r5, lr}
10001ea2:	4913      	ldr	r1, [pc, #76]	@ (10001ef0 <runtime_init_install_ram_vector_table+0x50>)
10001ea4:	4c13      	ldr	r4, [pc, #76]	@ (10001ef4 <runtime_init_install_ram_vector_table+0x54>)
10001ea6:	4d14      	ldr	r5, [pc, #80]	@ (10001ef8 <runtime_init_install_ram_vector_table+0x58>)
10001ea8:	1a64      	subs	r4, r4, r1
10001eaa:	08a4      	lsrs	r4, r4, #2
10001eac:	2c44      	cmp	r4, #68	@ 0x44
10001eae:	4622      	mov	r2, r4
10001eb0:	bf28      	it	cs
10001eb2:	2244      	movcs	r2, #68	@ 0x44
10001eb4:	4628      	mov	r0, r5
10001eb6:	0092      	lsls	r2, r2, #2
10001eb8:	f00a ff7e 	bl	1000cdb8 <__memcpy_veneer>
10001ebc:	2c43      	cmp	r4, #67	@ 0x43
10001ebe:	d814      	bhi.n	10001eea <runtime_init_install_ram_vector_table+0x4a>
10001ec0:	4a0e      	ldr	r2, [pc, #56]	@ (10001efc <runtime_init_install_ram_vector_table+0x5c>)
10001ec2:	f1c4 0044 	rsb	r0, r4, #68	@ 0x44
10001ec6:	d00e      	beq.n	10001ee6 <runtime_init_install_ram_vector_table+0x46>
10001ec8:	eb05 0384 	add.w	r3, r5, r4, lsl #2
10001ecc:	0841      	lsrs	r1, r0, #1
10001ece:	eb03 01c1 	add.w	r1, r3, r1, lsl #3
10001ed2:	e9c3 2200 	strd	r2, r2, [r3]
10001ed6:	3308      	adds	r3, #8
10001ed8:	428b      	cmp	r3, r1
10001eda:	d1fa      	bne.n	10001ed2 <runtime_init_install_ram_vector_table+0x32>
10001edc:	07c3      	lsls	r3, r0, #31
10001ede:	d504      	bpl.n	10001eea <runtime_init_install_ram_vector_table+0x4a>
10001ee0:	f020 0001 	bic.w	r0, r0, #1
10001ee4:	4404      	add	r4, r0
10001ee6:	f845 2024 	str.w	r2, [r5, r4, lsl #2]
10001eea:	4b05      	ldr	r3, [pc, #20]	@ (10001f00 <runtime_init_install_ram_vector_table+0x60>)
10001eec:	609d      	str	r5, [r3, #8]
10001eee:	bd38      	pop	{r3, r4, r5, pc}
10001ef0:	10000000 	.word	0x10000000
10001ef4:	10000110 	.word	0x10000110
10001ef8:	20000000 	.word	0x20000000
10001efc:	10000111 	.word	0x10000111
10001f00:	e000ed00 	.word	0xe000ed00

10001f04 <runtime_init_clocks>:
10001f04:	2300      	movs	r3, #0
10001f06:	b570      	push	{r4, r5, r6, lr}
10001f08:	4c2b      	ldr	r4, [pc, #172]	@ (10001fb8 <runtime_init_clocks+0xb4>)
10001f0a:	b082      	sub	sp, #8
10001f0c:	f8c4 3084 	str.w	r3, [r4, #132]	@ 0x84
10001f10:	f7ff ff3a 	bl	10001d88 <xosc_init>
10001f14:	2201      	movs	r2, #1
10001f16:	4b29      	ldr	r3, [pc, #164]	@ (10001fbc <runtime_init_clocks+0xb8>)
10001f18:	63da      	str	r2, [r3, #60]	@ 0x3c
10001f1a:	6c63      	ldr	r3, [r4, #68]	@ 0x44
10001f1c:	2b01      	cmp	r3, #1
10001f1e:	d1fc      	bne.n	10001f1a <runtime_init_clocks+0x16>
10001f20:	2103      	movs	r1, #3
10001f22:	4a26      	ldr	r2, [pc, #152]	@ (10001fbc <runtime_init_clocks+0xb8>)
10001f24:	4b24      	ldr	r3, [pc, #144]	@ (10001fb8 <runtime_init_clocks+0xb4>)
10001f26:	6311      	str	r1, [r2, #48]	@ 0x30
10001f28:	6b9c      	ldr	r4, [r3, #56]	@ 0x38
10001f2a:	2c01      	cmp	r4, #1
10001f2c:	d1fc      	bne.n	10001f28 <runtime_init_clocks+0x24>
10001f2e:	2602      	movs	r6, #2
10001f30:	2505      	movs	r5, #5
10001f32:	4621      	mov	r1, r4
10001f34:	2305      	movs	r3, #5
10001f36:	4a22      	ldr	r2, [pc, #136]	@ (10001fc0 <runtime_init_clocks+0xbc>)
10001f38:	4822      	ldr	r0, [pc, #136]	@ (10001fc4 <runtime_init_clocks+0xc0>)
10001f3a:	9600      	str	r6, [sp, #0]
10001f3c:	f7ff fe2e 	bl	10001b9c <pll_init>
10001f40:	4621      	mov	r1, r4
10001f42:	462b      	mov	r3, r5
10001f44:	4a20      	ldr	r2, [pc, #128]	@ (10001fc8 <runtime_init_clocks+0xc4>)
10001f46:	4821      	ldr	r0, [pc, #132]	@ (10001fcc <runtime_init_clocks+0xc8>)
10001f48:	9500      	str	r5, [sp, #0]
10001f4a:	f7ff fe27 	bl	10001b9c <pll_init>
10001f4e:	2200      	movs	r2, #0
10001f50:	2004      	movs	r0, #4
10001f52:	4631      	mov	r1, r6
10001f54:	4b1e      	ldr	r3, [pc, #120]	@ (10001fd0 <runtime_init_clocks+0xcc>)
10001f56:	f7ff fdb3 	bl	10001ac0 <clock_configure_undivided>
10001f5a:	4621      	mov	r1, r4
10001f5c:	4628      	mov	r0, r5
10001f5e:	2200      	movs	r2, #0
10001f60:	4b1c      	ldr	r3, [pc, #112]	@ (10001fd4 <runtime_init_clocks+0xd0>)
10001f62:	f7ff fdad 	bl	10001ac0 <clock_configure_undivided>
10001f66:	2200      	movs	r2, #0
10001f68:	2008      	movs	r0, #8
10001f6a:	4611      	mov	r1, r2
10001f6c:	4b1a      	ldr	r3, [pc, #104]	@ (10001fd8 <runtime_init_clocks+0xd4>)
10001f6e:	f7ff fda7 	bl	10001ac0 <clock_configure_undivided>
10001f72:	2200      	movs	r2, #0
10001f74:	2009      	movs	r0, #9
10001f76:	4611      	mov	r1, r2
10001f78:	4b17      	ldr	r3, [pc, #92]	@ (10001fd8 <runtime_init_clocks+0xd4>)
10001f7a:	f7ff fda1 	bl	10001ac0 <clock_configure_undivided>
10001f7e:	2200      	movs	r2, #0
10001f80:	2006      	movs	r0, #6
10001f82:	4611      	mov	r1, r2
10001f84:	4b13      	ldr	r3, [pc, #76]	@ (10001fd4 <runtime_init_clocks+0xd0>)
10001f86:	f7ff fd9b 	bl	10001ac0 <clock_configure_undivided>
10001f8a:	2200      	movs	r2, #0
10001f8c:	4b11      	ldr	r3, [pc, #68]	@ (10001fd4 <runtime_init_clocks+0xd0>)
10001f8e:	2007      	movs	r0, #7
10001f90:	4611      	mov	r1, r2
10001f92:	f7ff fd95 	bl	10001ac0 <clock_configure_undivided>
10001f96:	2004      	movs	r0, #4
10001f98:	f7ff fdfa 	bl	10001b90 <clock_get_hz>
10001f9c:	2400      	movs	r4, #0
10001f9e:	4b0f      	ldr	r3, [pc, #60]	@ (10001fdc <runtime_init_clocks+0xd8>)
10001fa0:	fba3 3500 	umull	r3, r5, r3, r0
10001fa4:	0cad      	lsrs	r5, r5, #18
10001fa6:	b2e0      	uxtb	r0, r4
10001fa8:	4629      	mov	r1, r5
10001faa:	3401      	adds	r4, #1
10001fac:	f7ff fe88 	bl	10001cc0 <tick_start>
10001fb0:	2c06      	cmp	r4, #6
10001fb2:	d1f8      	bne.n	10001fa6 <runtime_init_clocks+0xa2>
10001fb4:	b002      	add	sp, #8
10001fb6:	bd70      	pop	{r4, r5, r6, pc}
10001fb8:	40010000 	.word	0x40010000
10001fbc:	40013000 	.word	0x40013000
10001fc0:	59682f00 	.word	0x59682f00
10001fc4:	40050000 	.word	0x40050000
10001fc8:	47868c00 	.word	0x47868c00
10001fcc:	40058000 	.word	0x40058000
10001fd0:	00b71b00 	.word	0x00b71b00
10001fd4:	08f0d180 	.word	0x08f0d180
10001fd8:	02dc6c00 	.word	0x02dc6c00
10001fdc:	431bde83 	.word	0x431bde83

10001fe0 <generic_save_state>:
10001fe0:	b086      	sub	sp, #24
10001fe2:	b403      	push	{r0, r1}
10001fe4:	fc51 0408 	dcp_pxmd r0, r1
10001fe8:	e9cd 0102 	strd	r0, r1, [sp, #8]
10001fec:	fc51 0409 	dcp_pymd r0, r1
10001ff0:	e9cd 0104 	strd	r0, r1, [sp, #16]
10001ff4:	ec51 040a 	dcp_refd r0, r1
10001ff8:	e9cd 0106 	strd	r0, r1, [sp, #24]
10001ffc:	bc03      	pop	{r0, r1}
10001ffe:	47f0      	blx	lr

10002000 <generic_restore_state>:
10002000:	e8bd 5000 	ldmia.w	sp!, {ip, lr}
10002004:	ec4e c400 	dcp_wxmd ip, lr
10002008:	e8bd 5000 	ldmia.w	sp!, {ip, lr}
1000200c:	ec4e c401 	dcp_wymd ip, lr
10002010:	e8bd 5000 	ldmia.w	sp!, {ip, lr}
10002014:	ec4e c402 	dcp_wefd ip, lr
10002018:	bd00      	pop	{pc}
1000201a:	0000      	movs	r0, r0
1000201c:	b500      	push	{lr}
1000201e:	f7ff ffdf 	bl	10001fe0 <generic_save_state>
10002022:	e002      	b.n	1000202a <__wrap___aeabi_dadd+0x6>

10002024 <__wrap___aeabi_dadd>:
10002024:	fe10 f430 	dcp_pcmp APSR_nzcv
10002028:	d4f8      	bmi.n	1000201c <generic_restore_state+0x1c>
1000202a:	ec41 0410 	dcp_wxup r0, r1
1000202e:	ec43 2411 	dcp_wyup r2, r3
10002032:	ee00 0401 			dcp_add0
10002036:	ee10 0401 			dcp_add1
1000203a:	ee80 0420 			dcp_nrdd
1000203e:	ec51 0410 	dcp_rdda r0, r1
10002042:	4770      	bx	lr
10002044:	b500      	push	{lr}
10002046:	f7ff ffcb 	bl	10001fe0 <generic_save_state>
1000204a:	e002      	b.n	10002052 <__wrap___aeabi_dsub+0x6>

1000204c <__wrap___aeabi_dsub>:
1000204c:	fe10 f430 	dcp_pcmp APSR_nzcv
10002050:	d4f8      	bmi.n	10002044 <__wrap___aeabi_dadd+0x20>
10002052:	ec41 0410 	dcp_wxup r0, r1
10002056:	ec43 2411 	dcp_wyup r2, r3
1000205a:	ee00 0401 			dcp_add0
1000205e:	ee10 0421 			dcp_sub1
10002062:	ee80 0420 			dcp_nrdd
10002066:	ec51 0430 	dcp_rdds r0, r1
1000206a:	4770      	bx	lr
1000206c:	b500      	push	{lr}
1000206e:	f7ff ffb7 	bl	10001fe0 <generic_save_state>
10002072:	e002      	b.n	1000207a <__wrap___aeabi_dmul+0x6>

10002074 <__wrap___aeabi_dmul>:
10002074:	fe10 f430 	dcp_pcmp APSR_nzcv
10002078:	d4f8      	bmi.n	1000206c <__wrap___aeabi_dsub+0x20>
1000207a:	b510      	push	{r4, lr}
1000207c:	ec41 0410 	dcp_wxup r0, r1
10002080:	ec43 2411 	dcp_wyup r2, r3
10002084:	ec51 0404 	dcp_rxms r0, r1, #0x0
10002088:	ec53 2405 	dcp_ryms r2, r3, #0x0
1000208c:	fba0 4c02 	umull	r4, ip, r0, r2
10002090:	f05f 0e00 	movs.w	lr, #0
10002094:	fbe0 ce03 	umlal	ip, lr, r0, r3
10002098:	fbe1 ce02 	umlal	ip, lr, r1, r2
1000209c:	ec4c 4420 	dcp_wxms r4, ip
100020a0:	2400      	movs	r4, #0
100020a2:	fbe1 e403 	umlal	lr, r4, r1, r3
100020a6:	ec44 e430 	dcp_wxmo lr, r4
100020aa:	ee80 0420 			dcp_nrdd
100020ae:	ec51 0450 	dcp_rddm r0, r1
100020b2:	bd10      	pop	{r4, pc}
100020b4:	b500      	push	{lr}
100020b6:	f7ff ff93 	bl	10001fe0 <generic_save_state>
100020ba:	e002      	b.n	100020c2 <__wrap___aeabi_ddiv+0x6>

100020bc <__wrap___aeabi_ddiv>:
100020bc:	fe10 f430 	dcp_pcmp APSR_nzcv
100020c0:	d4f8      	bmi.n	100020b4 <__wrap___aeabi_dmul+0x40>
100020c2:	ec41 0410 	dcp_wxup r0, r1
100020c6:	ec43 2411 	dcp_wyup r2, r3
100020ca:	ec51 0421 	dcp_rymr r0, r1
100020ce:	fba0 1201 	umull	r1, r2, r0, r1
100020d2:	ea6f 0282 	mvn.w	r2, r2, lsl #2
100020d6:	fb52 0010 	smmlar	r0, r2, r0, r0
100020da:	fb52 f212 	smmulr	r2, r2, r2
100020de:	fb52 0010 	smmlar	r0, r2, r0, r0
100020e2:	eba0 7cd0 	sub.w	ip, r0, r0, lsr #31
100020e6:	ec53 2404 	dcp_rxms r2, r3, #0x0
100020ea:	fb5c f113 	smmulr	r1, ip, r3
100020ee:	ec53 2415 	dcp_ryms r2, r3, #0x1
100020f2:	fba1 2002 	umull	r2, r0, r1, r2
100020f6:	fb01 0003 	mla	r0, r1, r3, r0
100020fa:	ec53 2444 	dcp_rxms r2, r3, #0x4
100020fe:	eba2 0000 	sub.w	r0, r2, r0
10002102:	fb50 f21c 	smmulr	r2, r0, ip
10002106:	ea4f 1311 	mov.w	r3, r1, lsr #4
1000210a:	eb12 7001 	adds.w	r0, r2, r1, lsl #28
1000210e:	eb43 71e2 	adc.w	r1, r3, r2, asr #31
10002112:	ea40 5051 	orr.w	r0, r0, r1, lsr #21
10002116:	ea20 5091 	bic.w	r0, r0, r1, lsr #22
1000211a:	f020 0007 	bic.w	r0, r0, #7
1000211e:	ec53 2475 	dcp_ryms r2, r3, #0x7
10002122:	fba0 3c02 	umull	r3, ip, r0, r2
10002126:	ec53 2475 	dcp_ryms r2, r3, #0x7
1000212a:	fb00 cc03 	mla	ip, r0, r3, ip
1000212e:	fb01 cc02 	mla	ip, r1, r2, ip
10002132:	ec53 2404 	dcp_rxms r2, r3, #0x0
10002136:	ebac 4c82 	sub.w	ip, ip, r2, lsl #18
1000213a:	ea40 705c 	orr.w	r0, r0, ip, lsr #29
1000213e:	f1a0 0001 	sub.w	r0, r0, #1
10002142:	ec41 0440 	dcp_wxdd r0, r1
10002146:	ee80 0420 			dcp_nrdd
1000214a:	ec51 0470 	dcp_rddd r0, r1
1000214e:	4770      	bx	lr
10002150:	b500      	push	{lr}
10002152:	f7ff ff45 	bl	10001fe0 <generic_save_state>
10002156:	e002      	b.n	1000215e <__wrap___aeabi_i2d+0x6>

10002158 <__wrap___aeabi_i2d>:
10002158:	fe10 f430 	dcp_pcmp APSR_nzcv
1000215c:	d4f8      	bmi.n	10002150 <__wrap___aeabi_ddiv+0x94>
1000215e:	ec40 0470 	dcp_wxic r0, r0
10002162:	ee00 0401 			dcp_add0
10002166:	ee10 0421 			dcp_sub1
1000216a:	ee80 0420 			dcp_nrdd
1000216e:	ec51 0430 	dcp_rdds r0, r1
10002172:	4770      	bx	lr
10002174:	b500      	push	{lr}
10002176:	f7ff ff33 	bl	10001fe0 <generic_save_state>
1000217a:	e002      	b.n	10002182 <__wrap___aeabi_ui2d+0x6>

1000217c <__wrap___aeabi_ui2d>:
1000217c:	fe10 f430 	dcp_pcmp APSR_nzcv
10002180:	d4f8      	bmi.n	10002174 <__wrap___aeabi_i2d+0x1c>
10002182:	ec40 0460 	dcp_wxuc r0, r0
10002186:	ee00 0401 			dcp_add0
1000218a:	ee10 0421 			dcp_sub1
1000218e:	ee80 0420 			dcp_nrdd
10002192:	ec51 0430 	dcp_rdds r0, r1
10002196:	4770      	bx	lr
10002198:	b500      	push	{lr}
1000219a:	f7ff ff21 	bl	10001fe0 <generic_save_state>
1000219e:	e002      	b.n	100021a6 <double2int_z_entry>

100021a0 <__wrap___aeabi_d2iz>:
100021a0:	fe10 f430 	dcp_pcmp APSR_nzcv
100021a4:	d4f8      	bmi.n	10002198 <__wrap___aeabi_ui2d+0x1c>

100021a6 <double2int_z_entry>:
100021a6:	ec41 0480 	dcp_wxdc r0, r1
100021aa:	ee00 0401 			dcp_add0
100021ae:	ee10 0401 			dcp_add1
100021b2:	ee80 0440 			dcp_ntdc
100021b6:	ee10 0413 			dcp_rdic r0
100021ba:	4770      	bx	lr
100021bc:	b500      	push	{lr}
100021be:	f7ff ff0f 	bl	10001fe0 <generic_save_state>
100021c2:	e002      	b.n	100021ca <double2uint_z_entry>

100021c4 <__wrap___aeabi_d2uiz>:
100021c4:	fe10 f430 	dcp_pcmp APSR_nzcv
100021c8:	d4f8      	bmi.n	100021bc <double2int_z_entry+0x16>

100021ca <double2uint_z_entry>:
100021ca:	ec41 0480 	dcp_wxdc r0, r1
100021ce:	ee00 0401 			dcp_add0
100021d2:	ee10 0401 			dcp_add1
100021d6:	ee80 0440 			dcp_ntdc
100021da:	ee10 0433 			dcp_rduc r0
100021de:	4770      	bx	lr
100021e0:	b500      	push	{lr}
100021e2:	f7ff fefd 	bl	10001fe0 <generic_save_state>
100021e6:	e002      	b.n	100021ee <__wrap___aeabi_dcmpun+0x6>

100021e8 <__wrap___aeabi_dcmpun>:
100021e8:	fe10 f430 	dcp_pcmp APSR_nzcv
100021ec:	d4f8      	bmi.n	100021e0 <double2uint_z_entry+0x16>
100021ee:	ec41 0410 	dcp_wxup r0, r1
100021f2:	ec43 2411 	dcp_wyup r2, r3
100021f6:	ee00 0401 			dcp_add0
100021fa:	ee10 0430 			dcp_rcmp r0
100021fe:	f3c0 7000 	ubfx	r0, r0, #28, #1
10002202:	4770      	bx	lr
10002204:	b500      	push	{lr}
10002206:	f7ff feeb 	bl	10001fe0 <generic_save_state>
1000220a:	e002      	b.n	10002212 <__wrap___aeabi_dcmplt+0x6>

1000220c <__wrap___aeabi_dcmplt>:
1000220c:	fe10 f430 	dcp_pcmp APSR_nzcv
10002210:	d4f8      	bmi.n	10002204 <__wrap___aeabi_dcmpun+0x1c>
10002212:	ec43 2410 	dcp_wxup r2, r3
10002216:	ec41 0411 	dcp_wyup r0, r1
1000221a:	ee00 0401 			dcp_add0
1000221e:	ee10 f430 			dcp_rcmp APSR_nzcv
10002222:	bf8c      	ite	hi
10002224:	2001      	movhi	r0, #1
10002226:	2000      	movls	r0, #0
10002228:	4770      	bx	lr
1000222a:	bf00      	nop
1000222c:	b500      	push	{lr}
1000222e:	f7ff fed7 	bl	10001fe0 <generic_save_state>
10002232:	e002      	b.n	1000223a <__wrap___aeabi_dcmple+0x6>

10002234 <__wrap___aeabi_dcmple>:
10002234:	fe10 f430 	dcp_pcmp APSR_nzcv
10002238:	d4f8      	bmi.n	1000222c <__wrap___aeabi_dcmplt+0x20>
1000223a:	ec43 2410 	dcp_wxup r2, r3
1000223e:	ec41 0411 	dcp_wyup r0, r1
10002242:	ee00 0401 			dcp_add0
10002246:	ee10 f430 			dcp_rcmp APSR_nzcv
1000224a:	bf2c      	ite	cs
1000224c:	2001      	movcs	r0, #1
1000224e:	2000      	movcc	r0, #0
10002250:	4770      	bx	lr
10002252:	bf00      	nop
10002254:	b500      	push	{lr}
10002256:	f7ff fec3 	bl	10001fe0 <generic_save_state>
1000225a:	e002      	b.n	10002262 <__wrap___aeabi_dcmpge+0x6>

1000225c <__wrap___aeabi_dcmpge>:
1000225c:	fe10 f430 	dcp_pcmp APSR_nzcv
10002260:	d4f8      	bmi.n	10002254 <__wrap___aeabi_dcmple+0x20>
10002262:	ec41 0410 	dcp_wxup r0, r1
10002266:	ec43 2411 	dcp_wyup r2, r3
1000226a:	ee00 0401 			dcp_add0
1000226e:	ee10 f430 			dcp_rcmp APSR_nzcv
10002272:	bf2c      	ite	cs
10002274:	2001      	movcs	r0, #1
10002276:	2000      	movcc	r0, #0
10002278:	4770      	bx	lr
1000227a:	bf00      	nop
1000227c:	b500      	push	{lr}
1000227e:	f7ff feaf 	bl	10001fe0 <generic_save_state>
10002282:	e002      	b.n	1000228a <__wrap___aeabi_dcmpgt+0x6>

10002284 <__wrap___aeabi_dcmpgt>:
10002284:	fe10 f430 	dcp_pcmp APSR_nzcv
10002288:	d4f8      	bmi.n	1000227c <__wrap___aeabi_dcmpge+0x20>
1000228a:	ec41 0410 	dcp_wxup r0, r1
1000228e:	ec43 2411 	dcp_wyup r2, r3
10002292:	ee00 0401 			dcp_add0
10002296:	ee10 f430 			dcp_rcmp APSR_nzcv
1000229a:	bf8c      	ite	hi
1000229c:	2001      	movhi	r0, #1
1000229e:	2000      	movls	r0, #0
100022a0:	4770      	bx	lr
100022a2:	bf00      	nop

100022a4 <__wrap_malloc>:
100022a4:	b510      	push	{r4, lr}
100022a6:	4604      	mov	r4, r0
100022a8:	f00a fd4a 	bl	1000cd40 <malloc>
100022ac:	b128      	cbz	r0, 100022ba <__wrap_malloc+0x16>
100022ae:	4603      	mov	r3, r0
100022b0:	4a03      	ldr	r2, [pc, #12]	@ (100022c0 <__wrap_malloc+0x1c>)
100022b2:	4423      	add	r3, r4
100022b4:	4293      	cmp	r3, r2
100022b6:	d800      	bhi.n	100022ba <__wrap_malloc+0x16>
100022b8:	bd10      	pop	{r4, pc}
100022ba:	4802      	ldr	r0, [pc, #8]	@ (100022c4 <__wrap_malloc+0x20>)
100022bc:	f7fe fcb6 	bl	10000c2c <panic>
100022c0:	20080000 	.word	0x20080000
100022c4:	1000d1a8 	.word	0x1000d1a8

100022c8 <__wrap_free>:
100022c8:	f00a bd42 	b.w	1000cd50 <free>

100022cc <_out_null>:
100022cc:	4770      	bx	lr
100022ce:	bf00      	nop

100022d0 <_out_rev>:
100022d0:	e92d 4ff0 	stmdb	sp!, {r4, r5, r6, r7, r8, r9, sl, fp, lr}
100022d4:	b083      	sub	sp, #12
100022d6:	4699      	mov	r9, r3
100022d8:	e9dd ab0d 	ldrd	sl, fp, [sp, #52]	@ 0x34
100022dc:	9b0f      	ldr	r3, [sp, #60]	@ 0x3c
100022de:	4688      	mov	r8, r1
100022e0:	4611      	mov	r1, r2
100022e2:	079a      	lsls	r2, r3, #30
100022e4:	4607      	mov	r7, r0
100022e6:	d116      	bne.n	10002316 <_out_rev+0x46>
100022e8:	45da      	cmp	sl, fp
100022ea:	d23a      	bcs.n	10002362 <_out_rev+0x92>
100022ec:	460c      	mov	r4, r1
100022ee:	460d      	mov	r5, r1
100022f0:	ebab 060a 	sub.w	r6, fp, sl
100022f4:	440e      	add	r6, r1
100022f6:	4622      	mov	r2, r4
100022f8:	464b      	mov	r3, r9
100022fa:	4641      	mov	r1, r8
100022fc:	2020      	movs	r0, #32
100022fe:	3401      	adds	r4, #1
10002300:	47b8      	blx	r7
10002302:	42b4      	cmp	r4, r6
10002304:	d1f7      	bne.n	100022f6 <_out_rev+0x26>
10002306:	4629      	mov	r1, r5
10002308:	f1ba 0f00 	cmp.w	sl, #0
1000230c:	d108      	bne.n	10002320 <_out_rev+0x50>
1000230e:	4620      	mov	r0, r4
10002310:	b003      	add	sp, #12
10002312:	e8bd 8ff0 	ldmia.w	sp!, {r4, r5, r6, r7, r8, r9, sl, fp, pc}
10002316:	460c      	mov	r4, r1
10002318:	f1ba 0f00 	cmp.w	sl, #0
1000231c:	d010      	beq.n	10002340 <_out_rev+0x70>
1000231e:	460e      	mov	r6, r1
10002320:	4655      	mov	r5, sl
10002322:	9b0c      	ldr	r3, [sp, #48]	@ 0x30
10002324:	442e      	add	r6, r5
10002326:	449a      	add	sl, r3
10002328:	9101      	str	r1, [sp, #4]
1000232a:	1b72      	subs	r2, r6, r5
1000232c:	464b      	mov	r3, r9
1000232e:	3d01      	subs	r5, #1
10002330:	4641      	mov	r1, r8
10002332:	f81a 0d01 	ldrb.w	r0, [sl, #-1]!
10002336:	4634      	mov	r4, r6
10002338:	47b8      	blx	r7
1000233a:	2d00      	cmp	r5, #0
1000233c:	d1f5      	bne.n	1000232a <_out_rev+0x5a>
1000233e:	9901      	ldr	r1, [sp, #4]
10002340:	9b0f      	ldr	r3, [sp, #60]	@ 0x3c
10002342:	079b      	lsls	r3, r3, #30
10002344:	d5e3      	bpl.n	1000230e <_out_rev+0x3e>
10002346:	1a65      	subs	r5, r4, r1
10002348:	45ab      	cmp	fp, r5
1000234a:	d9e0      	bls.n	1000230e <_out_rev+0x3e>
1000234c:	4622      	mov	r2, r4
1000234e:	464b      	mov	r3, r9
10002350:	4641      	mov	r1, r8
10002352:	2020      	movs	r0, #32
10002354:	3501      	adds	r5, #1
10002356:	47b8      	blx	r7
10002358:	455d      	cmp	r5, fp
1000235a:	f104 0401 	add.w	r4, r4, #1
1000235e:	d3f5      	bcc.n	1000234c <_out_rev+0x7c>
10002360:	e7d5      	b.n	1000230e <_out_rev+0x3e>
10002362:	460c      	mov	r4, r1
10002364:	f1ba 0f00 	cmp.w	sl, #0
10002368:	d1d9      	bne.n	1000231e <_out_rev+0x4e>
1000236a:	e7d0      	b.n	1000230e <_out_rev+0x3e>

1000236c <_ntoa_format>:
1000236c:	e92d 4ff0 	stmdb	sp!, {r4, r5, r6, r7, r8, r9, sl, fp, lr}
10002370:	9f0f      	ldr	r7, [sp, #60]	@ 0x3c
10002372:	f8dd 8024 	ldr.w	r8, [sp, #36]	@ 0x24
10002376:	f017 0f02 	tst.w	r7, #2
1000237a:	9c0a      	ldr	r4, [sp, #40]	@ 0x28
1000237c:	f89d a02c 	ldrb.w	sl, [sp, #44]	@ 0x2c
10002380:	9d0e      	ldr	r5, [sp, #56]	@ 0x38
10002382:	e9dd 960c 	ldrd	r9, r6, [sp, #48]	@ 0x30
10002386:	d144      	bne.n	10002412 <_ntoa_format+0xa6>
10002388:	bbf5      	cbnz	r5, 10002408 <_ntoa_format+0x9c>
1000238a:	42b4      	cmp	r4, r6
1000238c:	d241      	bcs.n	10002412 <_ntoa_format+0xa6>
1000238e:	f007 0b01 	and.w	fp, r7, #1
10002392:	f104 3cff 	add.w	ip, r4, #4294967295	@ 0xffffffff
10002396:	f04f 0e30 	mov.w	lr, #48	@ 0x30
1000239a:	44c4      	add	ip, r8
1000239c:	e004      	b.n	100023a8 <_ntoa_format+0x3c>
1000239e:	3401      	adds	r4, #1
100023a0:	42a6      	cmp	r6, r4
100023a2:	f80c ef01 	strb.w	lr, [ip, #1]!
100023a6:	d901      	bls.n	100023ac <_ntoa_format+0x40>
100023a8:	2c20      	cmp	r4, #32
100023aa:	d1f8      	bne.n	1000239e <_ntoa_format+0x32>
100023ac:	f1bb 0f00 	cmp.w	fp, #0
100023b0:	f000 8088 	beq.w	100024c4 <_ntoa_format+0x158>
100023b4:	42a5      	cmp	r5, r4
100023b6:	d92c      	bls.n	10002412 <_ntoa_format+0xa6>
100023b8:	f104 3cff 	add.w	ip, r4, #4294967295	@ 0xffffffff
100023bc:	f04f 0e30 	mov.w	lr, #48	@ 0x30
100023c0:	44c4      	add	ip, r8
100023c2:	e004      	b.n	100023ce <_ntoa_format+0x62>
100023c4:	3401      	adds	r4, #1
100023c6:	42ac      	cmp	r4, r5
100023c8:	f80c ef01 	strb.w	lr, [ip, #1]!
100023cc:	d021      	beq.n	10002412 <_ntoa_format+0xa6>
100023ce:	2c20      	cmp	r4, #32
100023d0:	d1f8      	bne.n	100023c4 <_ntoa_format+0x58>
100023d2:	f017 0f10 	tst.w	r7, #16
100023d6:	d00e      	beq.n	100023f6 <_ntoa_format+0x8a>
100023d8:	f417 6f80 	tst.w	r7, #1024	@ 0x400
100023dc:	d154      	bne.n	10002488 <_ntoa_format+0x11c>
100023de:	42a6      	cmp	r6, r4
100023e0:	d063      	beq.n	100024aa <_ntoa_format+0x13e>
100023e2:	42a5      	cmp	r5, r4
100023e4:	d061      	beq.n	100024aa <_ntoa_format+0x13e>
100023e6:	f1b9 0f10 	cmp.w	r9, #16
100023ea:	d050      	beq.n	1000248e <_ntoa_format+0x122>
100023ec:	f1b9 0f02 	cmp.w	r9, #2
100023f0:	d056      	beq.n	100024a0 <_ntoa_format+0x134>
100023f2:	2c20      	cmp	r4, #32
100023f4:	d129      	bne.n	1000244a <_ntoa_format+0xde>
100023f6:	2420      	movs	r4, #32
100023f8:	e9cd 570b 	strd	r5, r7, [sp, #44]	@ 0x2c
100023fc:	e9cd 8409 	strd	r8, r4, [sp, #36]	@ 0x24
10002400:	e8bd 4ff0 	ldmia.w	sp!, {r4, r5, r6, r7, r8, r9, sl, fp, lr}
10002404:	f7ff bf64 	b.w	100022d0 <_out_rev>
10002408:	f017 0b01 	ands.w	fp, r7, #1
1000240c:	d134      	bne.n	10002478 <_ntoa_format+0x10c>
1000240e:	42b4      	cmp	r4, r6
10002410:	d3bf      	bcc.n	10002392 <_ntoa_format+0x26>
10002412:	f017 0f10 	tst.w	r7, #16
10002416:	d01e      	beq.n	10002456 <_ntoa_format+0xea>
10002418:	f417 6f80 	tst.w	r7, #1024	@ 0x400
1000241c:	d1e3      	bne.n	100023e6 <_ntoa_format+0x7a>
1000241e:	2c00      	cmp	r4, #0
10002420:	d1dd      	bne.n	100023de <_ntoa_format+0x72>
10002422:	f1b9 0f10 	cmp.w	r9, #16
10002426:	d063      	beq.n	100024f0 <_ntoa_format+0x184>
10002428:	f1b9 0f02 	cmp.w	r9, #2
1000242c:	d077      	beq.n	1000251e <_ntoa_format+0x1b2>
1000242e:	2430      	movs	r4, #48	@ 0x30
10002430:	f888 4000 	strb.w	r4, [r8]
10002434:	2401      	movs	r4, #1
10002436:	f1ba 0f00 	cmp.w	sl, #0
1000243a:	d111      	bne.n	10002460 <_ntoa_format+0xf4>
1000243c:	077e      	lsls	r6, r7, #29
1000243e:	d548      	bpl.n	100024d2 <_ntoa_format+0x166>
10002440:	262b      	movs	r6, #43	@ 0x2b
10002442:	f808 6004 	strb.w	r6, [r8, r4]
10002446:	3401      	adds	r4, #1
10002448:	e7d6      	b.n	100023f8 <_ntoa_format+0x8c>
1000244a:	4626      	mov	r6, r4
1000244c:	3401      	adds	r4, #1
1000244e:	f04f 0c30 	mov.w	ip, #48	@ 0x30
10002452:	f808 c006 	strb.w	ip, [r8, r6]
10002456:	2c20      	cmp	r4, #32
10002458:	d0cd      	beq.n	100023f6 <_ntoa_format+0x8a>
1000245a:	f1ba 0f00 	cmp.w	sl, #0
1000245e:	d0ed      	beq.n	1000243c <_ntoa_format+0xd0>
10002460:	262d      	movs	r6, #45	@ 0x2d
10002462:	f808 6004 	strb.w	r6, [r8, r4]
10002466:	3401      	adds	r4, #1
10002468:	e9cd 570b 	strd	r5, r7, [sp, #44]	@ 0x2c
1000246c:	e9cd 8409 	strd	r8, r4, [sp, #36]	@ 0x24
10002470:	e8bd 4ff0 	ldmia.w	sp!, {r4, r5, r6, r7, r8, r9, sl, fp, lr}
10002474:	f7ff bf2c 	b.w	100022d0 <_out_rev>
10002478:	f1ba 0f00 	cmp.w	sl, #0
1000247c:	d030      	beq.n	100024e0 <_ntoa_format+0x174>
1000247e:	42b4      	cmp	r4, r6
10002480:	f105 35ff 	add.w	r5, r5, #4294967295	@ 0xffffffff
10002484:	d385      	bcc.n	10002392 <_ntoa_format+0x26>
10002486:	e795      	b.n	100023b4 <_ntoa_format+0x48>
10002488:	f1b9 0f10 	cmp.w	r9, #16
1000248c:	d1b3      	bne.n	100023f6 <_ntoa_format+0x8a>
1000248e:	06be      	lsls	r6, r7, #26
10002490:	d53b      	bpl.n	1000250a <_ntoa_format+0x19e>
10002492:	2c20      	cmp	r4, #32
10002494:	d0af      	beq.n	100023f6 <_ntoa_format+0x8a>
10002496:	2658      	movs	r6, #88	@ 0x58
10002498:	f808 6004 	strb.w	r6, [r8, r4]
1000249c:	3401      	adds	r4, #1
1000249e:	e7a8      	b.n	100023f2 <_ntoa_format+0x86>
100024a0:	2c20      	cmp	r4, #32
100024a2:	d0a8      	beq.n	100023f6 <_ntoa_format+0x8a>
100024a4:	4626      	mov	r6, r4
100024a6:	3401      	adds	r4, #1
100024a8:	e007      	b.n	100024ba <_ntoa_format+0x14e>
100024aa:	1e66      	subs	r6, r4, #1
100024ac:	d0b9      	beq.n	10002422 <_ntoa_format+0xb6>
100024ae:	f1b9 0f10 	cmp.w	r9, #16
100024b2:	d036      	beq.n	10002522 <_ntoa_format+0x1b6>
100024b4:	f1b9 0f02 	cmp.w	r9, #2
100024b8:	d1c9      	bne.n	1000244e <_ntoa_format+0xe2>
100024ba:	f04f 0c62 	mov.w	ip, #98	@ 0x62
100024be:	f808 c006 	strb.w	ip, [r8, r6]
100024c2:	e796      	b.n	100023f2 <_ntoa_format+0x86>
100024c4:	f017 0f10 	tst.w	r7, #16
100024c8:	d0c5      	beq.n	10002456 <_ntoa_format+0xea>
100024ca:	f417 6f80 	tst.w	r7, #1024	@ 0x400
100024ce:	d086      	beq.n	100023de <_ntoa_format+0x72>
100024d0:	e789      	b.n	100023e6 <_ntoa_format+0x7a>
100024d2:	073e      	lsls	r6, r7, #28
100024d4:	d590      	bpl.n	100023f8 <_ntoa_format+0x8c>
100024d6:	2620      	movs	r6, #32
100024d8:	f808 6004 	strb.w	r6, [r8, r4]
100024dc:	3401      	adds	r4, #1
100024de:	e78b      	b.n	100023f8 <_ntoa_format+0x8c>
100024e0:	f017 0f0c 	tst.w	r7, #12
100024e4:	d000      	beq.n	100024e8 <_ntoa_format+0x17c>
100024e6:	3d01      	subs	r5, #1
100024e8:	42b4      	cmp	r4, r6
100024ea:	f4ff af52 	bcc.w	10002392 <_ntoa_format+0x26>
100024ee:	e761      	b.n	100023b4 <_ntoa_format+0x48>
100024f0:	06bc      	lsls	r4, r7, #26
100024f2:	d412      	bmi.n	1000251a <_ntoa_format+0x1ae>
100024f4:	2478      	movs	r4, #120	@ 0x78
100024f6:	f888 4000 	strb.w	r4, [r8]
100024fa:	2430      	movs	r4, #48	@ 0x30
100024fc:	f888 4001 	strb.w	r4, [r8, #1]
10002500:	2402      	movs	r4, #2
10002502:	f1ba 0f00 	cmp.w	sl, #0
10002506:	d099      	beq.n	1000243c <_ntoa_format+0xd0>
10002508:	e7aa      	b.n	10002460 <_ntoa_format+0xf4>
1000250a:	2c20      	cmp	r4, #32
1000250c:	f43f af73 	beq.w	100023f6 <_ntoa_format+0x8a>
10002510:	2678      	movs	r6, #120	@ 0x78
10002512:	f808 6004 	strb.w	r6, [r8, r4]
10002516:	3401      	adds	r4, #1
10002518:	e76b      	b.n	100023f2 <_ntoa_format+0x86>
1000251a:	2458      	movs	r4, #88	@ 0x58
1000251c:	e7eb      	b.n	100024f6 <_ntoa_format+0x18a>
1000251e:	2462      	movs	r4, #98	@ 0x62
10002520:	e7e9      	b.n	100024f6 <_ntoa_format+0x18a>
10002522:	f017 0f20 	tst.w	r7, #32
10002526:	f1a4 0c02 	sub.w	ip, r4, #2
1000252a:	d004      	beq.n	10002536 <_ntoa_format+0x1ca>
1000252c:	f04f 0e58 	mov.w	lr, #88	@ 0x58
10002530:	f808 e00c 	strb.w	lr, [r8, ip]
10002534:	e78b      	b.n	1000244e <_ntoa_format+0xe2>
10002536:	f04f 0e78 	mov.w	lr, #120	@ 0x78
1000253a:	f808 e00c 	strb.w	lr, [r8, ip]
1000253e:	e786      	b.n	1000244e <_ntoa_format+0xe2>

10002540 <_out_char>:
10002540:	b900      	cbnz	r0, 10002544 <_out_char+0x4>
10002542:	4770      	bx	lr
10002544:	f001 bb80 	b.w	10003c48 <__wrap_putchar>

10002548 <_out_fct>:
10002548:	b110      	cbz	r0, 10002550 <_out_fct+0x8>
1000254a:	e9d1 3100 	ldrd	r3, r1, [r1]
1000254e:	4718      	bx	r3
10002550:	4770      	bx	lr
10002552:	bf00      	nop
10002554:	0000      	movs	r0, r0
	...

10002558 <_ftoa>:
10002558:	e92d 4ff0 	stmdb	sp!, {r4, r5, r6, r7, r8, r9, sl, fp, lr}
1000255c:	b097      	sub	sp, #92	@ 0x5c
1000255e:	ed9d 7b20 	vldr	d7, [sp, #128]	@ 0x80
10002562:	e9dd 5b22 	ldrd	r5, fp, [sp, #136]	@ 0x88
10002566:	4607      	mov	r7, r0
10002568:	4688      	mov	r8, r1
1000256a:	ec51 0b17 	vmov	r0, r1, d7
1000256e:	9c24      	ldr	r4, [sp, #144]	@ 0x90
10002570:	4699      	mov	r9, r3
10002572:	920c      	str	r2, [sp, #48]	@ 0x30
10002574:	460b      	mov	r3, r1
10002576:	4602      	mov	r2, r0
10002578:	ed8d 7b04 	vstr	d7, [sp, #16]
1000257c:	9407      	str	r4, [sp, #28]
1000257e:	f7ff fe33 	bl	100021e8 <__wrap___aeabi_dcmpun>
10002582:	2800      	cmp	r0, #0
10002584:	f040 81f4 	bne.w	10002970 <_ftoa+0x418>
10002588:	e9dd 0104 	ldrd	r0, r1, [sp, #16]
1000258c:	f04f 32ff 	mov.w	r2, #4294967295	@ 0xffffffff
10002590:	f46f 1380 	mvn.w	r3, #1048576	@ 0x100000
10002594:	f7ff fe3a 	bl	1000220c <__wrap___aeabi_dcmplt>
10002598:	2800      	cmp	r0, #0
1000259a:	f040 811b 	bne.w	100027d4 <_ftoa+0x27c>
1000259e:	e9dd 0104 	ldrd	r0, r1, [sp, #16]
100025a2:	f04f 32ff 	mov.w	r2, #4294967295	@ 0xffffffff
100025a6:	4bac      	ldr	r3, [pc, #688]	@ (10002858 <_ftoa+0x300>)
100025a8:	f7ff fe6c 	bl	10002284 <__wrap___aeabi_dcmpgt>
100025ac:	2800      	cmp	r0, #0
100025ae:	f040 80ee 	bne.w	1000278e <_ftoa+0x236>
100025b2:	e9dd 0104 	ldrd	r0, r1, [sp, #16]
100025b6:	a3a4      	add	r3, pc, #656	@ (adr r3, 10002848 <_ftoa+0x2f0>)
100025b8:	e9d3 2300 	ldrd	r2, r3, [r3]
100025bc:	f7ff fe62 	bl	10002284 <__wrap___aeabi_dcmpgt>
100025c0:	2800      	cmp	r0, #0
100025c2:	f040 80d3 	bne.w	1000276c <_ftoa+0x214>
100025c6:	e9dd 0104 	ldrd	r0, r1, [sp, #16]
100025ca:	a3a1      	add	r3, pc, #644	@ (adr r3, 10002850 <_ftoa+0x2f8>)
100025cc:	e9d3 2300 	ldrd	r2, r3, [r3]
100025d0:	f7ff fe1c 	bl	1000220c <__wrap___aeabi_dcmplt>
100025d4:	2800      	cmp	r0, #0
100025d6:	f040 80c9 	bne.w	1000276c <_ftoa+0x214>
100025da:	e9dd 0104 	ldrd	r0, r1, [sp, #16]
100025de:	2200      	movs	r2, #0
100025e0:	2300      	movs	r3, #0
100025e2:	f7ff fe13 	bl	1000220c <__wrap___aeabi_dcmplt>
100025e6:	2800      	cmp	r0, #0
100025e8:	f040 80e8 	bne.w	100027bc <_ftoa+0x264>
100025ec:	4623      	mov	r3, r4
100025ee:	900d      	str	r0, [sp, #52]	@ 0x34
100025f0:	f413 6f80 	tst.w	r3, #1024	@ 0x400
100025f4:	bf08      	it	eq
100025f6:	2506      	moveq	r5, #6
100025f8:	2130      	movs	r1, #48	@ 0x30
100025fa:	462b      	mov	r3, r5
100025fc:	aa0e      	add	r2, sp, #56	@ 0x38
100025fe:	f1a5 0620 	sub.w	r6, r5, #32
10002602:	e005      	b.n	10002610 <_ftoa+0xb8>
10002604:	3b01      	subs	r3, #1
10002606:	42b3      	cmp	r3, r6
10002608:	f802 1b01 	strb.w	r1, [r2], #1
1000260c:	f000 8193 	beq.w	10002936 <_ftoa+0x3de>
10002610:	2b09      	cmp	r3, #9
10002612:	d8f7      	bhi.n	10002604 <_ftoa+0xac>
10002614:	461e      	mov	r6, r3
10002616:	1aed      	subs	r5, r5, r3
10002618:	e9dd 0104 	ldrd	r0, r1, [sp, #16]
1000261c:	f7ff fdc0 	bl	100021a0 <__wrap___aeabi_d2iz>
10002620:	4b8e      	ldr	r3, [pc, #568]	@ (1000285c <_ftoa+0x304>)
10002622:	4604      	mov	r4, r0
10002624:	eb03 03c6 	add.w	r3, r3, r6, lsl #3
10002628:	ed93 7b00 	vldr	d7, [r3]
1000262c:	ed8d 7b08 	vstr	d7, [sp, #32]
10002630:	f7ff fd92 	bl	10002158 <__wrap___aeabi_i2d>
10002634:	4602      	mov	r2, r0
10002636:	460b      	mov	r3, r1
10002638:	e9dd 0104 	ldrd	r0, r1, [sp, #16]
1000263c:	f7ff fd06 	bl	1000204c <__wrap___aeabi_dsub>
10002640:	e9dd 2308 	ldrd	r2, r3, [sp, #32]
10002644:	f7ff fd16 	bl	10002074 <__wrap___aeabi_dmul>
10002648:	4602      	mov	r2, r0
1000264a:	460b      	mov	r3, r1
1000264c:	e9cd 230a 	strd	r2, r3, [sp, #40]	@ 0x28
10002650:	f7ff fdb8 	bl	100021c4 <__wrap___aeabi_d2uiz>
10002654:	4682      	mov	sl, r0
10002656:	f7ff fd91 	bl	1000217c <__wrap___aeabi_ui2d>
1000265a:	4602      	mov	r2, r0
1000265c:	460b      	mov	r3, r1
1000265e:	e9dd 010a 	ldrd	r0, r1, [sp, #40]	@ 0x28
10002662:	f7ff fcf3 	bl	1000204c <__wrap___aeabi_dsub>
10002666:	4602      	mov	r2, r0
10002668:	460b      	mov	r3, r1
1000266a:	e9cd 230a 	strd	r2, r3, [sp, #40]	@ 0x28
1000266e:	2200      	movs	r2, #0
10002670:	4b7b      	ldr	r3, [pc, #492]	@ (10002860 <_ftoa+0x308>)
10002672:	f7ff fe07 	bl	10002284 <__wrap___aeabi_dcmpgt>
10002676:	2800      	cmp	r0, #0
10002678:	f000 80fe 	beq.w	10002878 <_ftoa+0x320>
1000267c:	f10a 0a01 	add.w	sl, sl, #1
10002680:	4650      	mov	r0, sl
10002682:	f7ff fd7b 	bl	1000217c <__wrap___aeabi_ui2d>
10002686:	4602      	mov	r2, r0
10002688:	460b      	mov	r3, r1
1000268a:	e9dd 0108 	ldrd	r0, r1, [sp, #32]
1000268e:	f7ff fdd1 	bl	10002234 <__wrap___aeabi_dcmple>
10002692:	b110      	cbz	r0, 1000269a <_ftoa+0x142>
10002694:	f04f 0a00 	mov.w	sl, #0
10002698:	3401      	adds	r4, #1
1000269a:	2e00      	cmp	r6, #0
1000269c:	f000 80fd 	beq.w	1000289a <_ftoa+0x342>
100026a0:	1e68      	subs	r0, r5, #1
100026a2:	ab0e      	add	r3, sp, #56	@ 0x38
100026a4:	f8df c1cc 	ldr.w	ip, [pc, #460]	@ 10002874 <_ftoa+0x31c>
100026a8:	4418      	add	r0, r3
100026aa:	e00f      	b.n	100026cc <_ftoa+0x174>
100026ac:	fbac 210a 	umull	r2, r1, ip, sl
100026b0:	08c9      	lsrs	r1, r1, #3
100026b2:	eb01 0281 	add.w	r2, r1, r1, lsl #2
100026b6:	ebaa 0242 	sub.w	r2, sl, r2, lsl #1
100026ba:	3230      	adds	r2, #48	@ 0x30
100026bc:	f1ba 0f09 	cmp.w	sl, #9
100026c0:	f800 2f01 	strb.w	r2, [r0, #1]!
100026c4:	f240 811c 	bls.w	10002900 <_ftoa+0x3a8>
100026c8:	468a      	mov	sl, r1
100026ca:	461d      	mov	r5, r3
100026cc:	2d20      	cmp	r5, #32
100026ce:	f105 0301 	add.w	r3, r5, #1
100026d2:	f106 36ff 	add.w	r6, r6, #4294967295	@ 0xffffffff
100026d6:	d1e9      	bne.n	100026ac <_ftoa+0x154>
100026d8:	2520      	movs	r5, #32
100026da:	1e69      	subs	r1, r5, #1
100026dc:	ab0e      	add	r3, sp, #56	@ 0x38
100026de:	4861      	ldr	r0, [pc, #388]	@ (10002864 <_ftoa+0x30c>)
100026e0:	4419      	add	r1, r3
100026e2:	e010      	b.n	10002706 <_ftoa+0x1ae>
100026e4:	fb80 6204 	smull	r6, r2, r0, r4
100026e8:	ebc3 03a2 	rsb	r3, r3, r2, asr #2
100026ec:	eb03 0283 	add.w	r2, r3, r3, lsl #2
100026f0:	eba4 0442 	sub.w	r4, r4, r2, lsl #1
100026f4:	f104 0230 	add.w	r2, r4, #48	@ 0x30
100026f8:	3501      	adds	r5, #1
100026fa:	461c      	mov	r4, r3
100026fc:	f801 2f01 	strb.w	r2, [r1, #1]!
10002700:	2b00      	cmp	r3, #0
10002702:	f000 80eb 	beq.w	100028dc <_ftoa+0x384>
10002706:	2d20      	cmp	r5, #32
10002708:	ea4f 73e4 	mov.w	r3, r4, asr #31
1000270c:	d1ea      	bne.n	100026e4 <_ftoa+0x18c>
1000270e:	9b07      	ldr	r3, [sp, #28]
10002710:	f003 0303 	and.w	r3, r3, #3
10002714:	2b01      	cmp	r3, #1
10002716:	d118      	bne.n	1000274a <_ftoa+0x1f2>
10002718:	f1bb 0f00 	cmp.w	fp, #0
1000271c:	d015      	beq.n	1000274a <_ftoa+0x1f2>
1000271e:	9b0d      	ldr	r3, [sp, #52]	@ 0x34
10002720:	2b00      	cmp	r3, #0
10002722:	f000 810a 	beq.w	1000293a <_ftoa+0x3e2>
10002726:	f10b 3bff 	add.w	fp, fp, #4294967295	@ 0xffffffff
1000272a:	f1bb 0f20 	cmp.w	fp, #32
1000272e:	d90c      	bls.n	1000274a <_ftoa+0x1f2>
10002730:	1e6b      	subs	r3, r5, #1
10002732:	a90e      	add	r1, sp, #56	@ 0x38
10002734:	2230      	movs	r2, #48	@ 0x30
10002736:	440b      	add	r3, r1
10002738:	e005      	b.n	10002746 <_ftoa+0x1ee>
1000273a:	3501      	adds	r5, #1
1000273c:	455d      	cmp	r5, fp
1000273e:	f803 2f01 	strb.w	r2, [r3, #1]!
10002742:	f080 80d1 	bcs.w	100028e8 <_ftoa+0x390>
10002746:	2d20      	cmp	r5, #32
10002748:	d1f7      	bne.n	1000273a <_ftoa+0x1e2>
1000274a:	9b07      	ldr	r3, [sp, #28]
1000274c:	ac0e      	add	r4, sp, #56	@ 0x38
1000274e:	e9cd b302 	strd	fp, r3, [sp, #8]
10002752:	4641      	mov	r1, r8
10002754:	464b      	mov	r3, r9
10002756:	4638      	mov	r0, r7
10002758:	9a0c      	ldr	r2, [sp, #48]	@ 0x30
1000275a:	9501      	str	r5, [sp, #4]
1000275c:	9400      	str	r4, [sp, #0]
1000275e:	f7ff fdb7 	bl	100022d0 <_out_rev>
10002762:	4682      	mov	sl, r0
10002764:	4650      	mov	r0, sl
10002766:	b017      	add	sp, #92	@ 0x5c
10002768:	e8bd 8ff0 	ldmia.w	sp!, {r4, r5, r6, r7, r8, r9, sl, fp, pc}
1000276c:	9b07      	ldr	r3, [sp, #28]
1000276e:	ed9d 7b04 	vldr	d7, [sp, #16]
10002772:	e9cd b323 	strd	fp, r3, [sp, #140]	@ 0x8c
10002776:	4641      	mov	r1, r8
10002778:	464b      	mov	r3, r9
1000277a:	4638      	mov	r0, r7
1000277c:	9a0c      	ldr	r2, [sp, #48]	@ 0x30
1000277e:	ed8d 7b20 	vstr	d7, [sp, #128]	@ 0x80
10002782:	9522      	str	r5, [sp, #136]	@ 0x88
10002784:	b017      	add	sp, #92	@ 0x5c
10002786:	e8bd 4ff0 	ldmia.w	sp!, {r4, r5, r6, r7, r8, r9, sl, fp, lr}
1000278a:	f000 b945 	b.w	10002a18 <_etoa>
1000278e:	0761      	lsls	r1, r4, #29
10002790:	4623      	mov	r3, r4
10002792:	bf4c      	ite	mi
10002794:	2304      	movmi	r3, #4
10002796:	2303      	movpl	r3, #3
10002798:	4641      	mov	r1, r8
1000279a:	9321      	str	r3, [sp, #132]	@ 0x84
1000279c:	4638      	mov	r0, r7
1000279e:	464b      	mov	r3, r9
100027a0:	9a07      	ldr	r2, [sp, #28]
100027a2:	bf48      	it	mi
100027a4:	4c30      	ldrmi	r4, [pc, #192]	@ (10002868 <_ftoa+0x310>)
100027a6:	e9cd b222 	strd	fp, r2, [sp, #136]	@ 0x88
100027aa:	bf58      	it	pl
100027ac:	4c2f      	ldrpl	r4, [pc, #188]	@ (1000286c <_ftoa+0x314>)
100027ae:	9a0c      	ldr	r2, [sp, #48]	@ 0x30
100027b0:	9420      	str	r4, [sp, #128]	@ 0x80
100027b2:	b017      	add	sp, #92	@ 0x5c
100027b4:	e8bd 4ff0 	ldmia.w	sp!, {r4, r5, r6, r7, r8, r9, sl, fp, lr}
100027b8:	f7ff bd8a 	b.w	100022d0 <_out_rev>
100027bc:	e9dd 2304 	ldrd	r2, r3, [sp, #16]
100027c0:	2000      	movs	r0, #0
100027c2:	2100      	movs	r1, #0
100027c4:	f7ff fc42 	bl	1000204c <__wrap___aeabi_dsub>
100027c8:	2301      	movs	r3, #1
100027ca:	e9cd 0104 	strd	r0, r1, [sp, #16]
100027ce:	930d      	str	r3, [sp, #52]	@ 0x34
100027d0:	4623      	mov	r3, r4
100027d2:	e70d      	b.n	100025f0 <_ftoa+0x98>
100027d4:	4623      	mov	r3, r4
100027d6:	079c      	lsls	r4, r3, #30
100027d8:	f040 80aa 	bne.w	10002930 <_ftoa+0x3d8>
100027dc:	f1bb 0f04 	cmp.w	fp, #4
100027e0:	f240 80a6 	bls.w	10002930 <_ftoa+0x3d8>
100027e4:	9b0c      	ldr	r3, [sp, #48]	@ 0x30
100027e6:	461d      	mov	r5, r3
100027e8:	1f1c      	subs	r4, r3, #4
100027ea:	eb04 0a0b 	add.w	sl, r4, fp
100027ee:	462a      	mov	r2, r5
100027f0:	464b      	mov	r3, r9
100027f2:	4641      	mov	r1, r8
100027f4:	2020      	movs	r0, #32
100027f6:	3501      	adds	r5, #1
100027f8:	47b8      	blx	r7
100027fa:	45aa      	cmp	sl, r5
100027fc:	d1f7      	bne.n	100027ee <_ftoa+0x296>
100027fe:	4655      	mov	r5, sl
10002800:	4c1b      	ldr	r4, [pc, #108]	@ (10002870 <_ftoa+0x318>)
10002802:	1f26      	subs	r6, r4, #4
10002804:	f814 0d01 	ldrb.w	r0, [r4, #-1]!
10002808:	462a      	mov	r2, r5
1000280a:	464b      	mov	r3, r9
1000280c:	4641      	mov	r1, r8
1000280e:	47b8      	blx	r7
10002810:	42b4      	cmp	r4, r6
10002812:	f105 0501 	add.w	r5, r5, #1
10002816:	d1f5      	bne.n	10002804 <_ftoa+0x2ac>
10002818:	9b07      	ldr	r3, [sp, #28]
1000281a:	f10a 0a04 	add.w	sl, sl, #4
1000281e:	0798      	lsls	r0, r3, #30
10002820:	d5a0      	bpl.n	10002764 <_ftoa+0x20c>
10002822:	9c0c      	ldr	r4, [sp, #48]	@ 0x30
10002824:	ebaa 0304 	sub.w	r3, sl, r4
10002828:	459b      	cmp	fp, r3
1000282a:	d99b      	bls.n	10002764 <_ftoa+0x20c>
1000282c:	4652      	mov	r2, sl
1000282e:	464b      	mov	r3, r9
10002830:	4641      	mov	r1, r8
10002832:	2020      	movs	r0, #32
10002834:	f10a 0a01 	add.w	sl, sl, #1
10002838:	47b8      	blx	r7
1000283a:	ebaa 0304 	sub.w	r3, sl, r4
1000283e:	455b      	cmp	r3, fp
10002840:	d3f4      	bcc.n	1000282c <_ftoa+0x2d4>
10002842:	e78f      	b.n	10002764 <_ftoa+0x20c>
10002844:	f3af 8000 	nop.w
10002848:	00000000 	.word	0x00000000
1000284c:	41cdcd65 	.word	0x41cdcd65
10002850:	00000000 	.word	0x00000000
10002854:	c1cdcd65 	.word	0xc1cdcd65
10002858:	7fefffff 	.word	0x7fefffff
1000285c:	1000d5a8 	.word	0x1000d5a8
10002860:	3fe00000 	.word	0x3fe00000
10002864:	66666667 	.word	0x66666667
10002868:	1000d1f4 	.word	0x1000d1f4
1000286c:	1000d1fc 	.word	0x1000d1fc
10002870:	1000d208 	.word	0x1000d208
10002874:	cccccccd 	.word	0xcccccccd
10002878:	2200      	movs	r2, #0
1000287a:	e9dd 010a 	ldrd	r0, r1, [sp, #40]	@ 0x28
1000287e:	4b63      	ldr	r3, [pc, #396]	@ (10002a0c <_ftoa+0x4b4>)
10002880:	f7ff fcc4 	bl	1000220c <__wrap___aeabi_dcmplt>
10002884:	2800      	cmp	r0, #0
10002886:	f47f af08 	bne.w	1000269a <_ftoa+0x142>
1000288a:	f1ba 0f00 	cmp.w	sl, #0
1000288e:	d16a      	bne.n	10002966 <_ftoa+0x40e>
10002890:	f10a 0a01 	add.w	sl, sl, #1
10002894:	2e00      	cmp	r6, #0
10002896:	f47f af03 	bne.w	100026a0 <_ftoa+0x148>
1000289a:	4620      	mov	r0, r4
1000289c:	f7ff fc5c 	bl	10002158 <__wrap___aeabi_i2d>
100028a0:	4602      	mov	r2, r0
100028a2:	460b      	mov	r3, r1
100028a4:	e9dd 0104 	ldrd	r0, r1, [sp, #16]
100028a8:	f7ff fbd0 	bl	1000204c <__wrap___aeabi_dsub>
100028ac:	4602      	mov	r2, r0
100028ae:	460b      	mov	r3, r1
100028b0:	e9cd 2304 	strd	r2, r3, [sp, #16]
100028b4:	2200      	movs	r2, #0
100028b6:	4b55      	ldr	r3, [pc, #340]	@ (10002a0c <_ftoa+0x4b4>)
100028b8:	f7ff fca8 	bl	1000220c <__wrap___aeabi_dcmplt>
100028bc:	2800      	cmp	r0, #0
100028be:	f47f af0c 	bne.w	100026da <_ftoa+0x182>
100028c2:	e9dd 0104 	ldrd	r0, r1, [sp, #16]
100028c6:	2200      	movs	r2, #0
100028c8:	4b50      	ldr	r3, [pc, #320]	@ (10002a0c <_ftoa+0x4b4>)
100028ca:	f7ff fcdb 	bl	10002284 <__wrap___aeabi_dcmpgt>
100028ce:	2800      	cmp	r0, #0
100028d0:	f47f af03 	bne.w	100026da <_ftoa+0x182>
100028d4:	3401      	adds	r4, #1
100028d6:	f024 0401 	bic.w	r4, r4, #1
100028da:	e6fe      	b.n	100026da <_ftoa+0x182>
100028dc:	9b07      	ldr	r3, [sp, #28]
100028de:	f003 0303 	and.w	r3, r3, #3
100028e2:	2b01      	cmp	r3, #1
100028e4:	f000 8082 	beq.w	100029ec <_ftoa+0x494>
100028e8:	2d20      	cmp	r5, #32
100028ea:	f43f af2e 	beq.w	1000274a <_ftoa+0x1f2>
100028ee:	9b0d      	ldr	r3, [sp, #52]	@ 0x34
100028f0:	b37b      	cbz	r3, 10002952 <_ftoa+0x3fa>
100028f2:	222d      	movs	r2, #45	@ 0x2d
100028f4:	eb0d 0305 	add.w	r3, sp, r5
100028f8:	f883 2038 	strb.w	r2, [r3, #56]	@ 0x38
100028fc:	3501      	adds	r5, #1
100028fe:	e724      	b.n	1000274a <_ftoa+0x1f2>
10002900:	2b20      	cmp	r3, #32
10002902:	f43f aee9 	beq.w	100026d8 <_ftoa+0x180>
10002906:	aa0e      	add	r2, sp, #56	@ 0x38
10002908:	4415      	add	r5, r2
1000290a:	441e      	add	r6, r3
1000290c:	2230      	movs	r2, #48	@ 0x30
1000290e:	e004      	b.n	1000291a <_ftoa+0x3c2>
10002910:	2b20      	cmp	r3, #32
10002912:	f805 2f01 	strb.w	r2, [r5, #1]!
10002916:	f43f aedf 	beq.w	100026d8 <_ftoa+0x180>
1000291a:	429e      	cmp	r6, r3
1000291c:	f103 0301 	add.w	r3, r3, #1
10002920:	d1f6      	bne.n	10002910 <_ftoa+0x3b8>
10002922:	222e      	movs	r2, #46	@ 0x2e
10002924:	eb0d 0306 	add.w	r3, sp, r6
10002928:	f883 2038 	strb.w	r2, [r3, #56]	@ 0x38
1000292c:	1c75      	adds	r5, r6, #1
1000292e:	e6d4      	b.n	100026da <_ftoa+0x182>
10002930:	f8dd a030 	ldr.w	sl, [sp, #48]	@ 0x30
10002934:	e763      	b.n	100027fe <_ftoa+0x2a6>
10002936:	2520      	movs	r5, #32
10002938:	e66e      	b.n	10002618 <_ftoa+0xc0>
1000293a:	9b07      	ldr	r3, [sp, #28]
1000293c:	f013 0f0c 	tst.w	r3, #12
10002940:	d050      	beq.n	100029e4 <_ftoa+0x48c>
10002942:	f10b 3bff 	add.w	fp, fp, #4294967295	@ 0xffffffff
10002946:	45ab      	cmp	fp, r5
10002948:	f63f aef2 	bhi.w	10002730 <_ftoa+0x1d8>
1000294c:	2d20      	cmp	r5, #32
1000294e:	f43f aefc 	beq.w	1000274a <_ftoa+0x1f2>
10002952:	9b07      	ldr	r3, [sp, #28]
10002954:	075a      	lsls	r2, r3, #29
10002956:	d501      	bpl.n	1000295c <_ftoa+0x404>
10002958:	222b      	movs	r2, #43	@ 0x2b
1000295a:	e7cb      	b.n	100028f4 <_ftoa+0x39c>
1000295c:	071b      	lsls	r3, r3, #28
1000295e:	f57f aef4 	bpl.w	1000274a <_ftoa+0x1f2>
10002962:	2220      	movs	r2, #32
10002964:	e7c6      	b.n	100028f4 <_ftoa+0x39c>
10002966:	f01a 0f01 	tst.w	sl, #1
1000296a:	f43f ae96 	beq.w	1000269a <_ftoa+0x142>
1000296e:	e78f      	b.n	10002890 <_ftoa+0x338>
10002970:	07a6      	lsls	r6, r4, #30
10002972:	d134      	bne.n	100029de <_ftoa+0x486>
10002974:	f1bb 0f03 	cmp.w	fp, #3
10002978:	d931      	bls.n	100029de <_ftoa+0x486>
1000297a:	9b0c      	ldr	r3, [sp, #48]	@ 0x30
1000297c:	461d      	mov	r5, r3
1000297e:	1edc      	subs	r4, r3, #3
10002980:	eb04 0a0b 	add.w	sl, r4, fp
10002984:	462a      	mov	r2, r5
10002986:	464b      	mov	r3, r9
10002988:	4641      	mov	r1, r8
1000298a:	2020      	movs	r0, #32
1000298c:	3501      	adds	r5, #1
1000298e:	47b8      	blx	r7
10002990:	4555      	cmp	r5, sl
10002992:	d1f7      	bne.n	10002984 <_ftoa+0x42c>
10002994:	4655      	mov	r5, sl
10002996:	4c1e      	ldr	r4, [pc, #120]	@ (10002a10 <_ftoa+0x4b8>)
10002998:	1ee6      	subs	r6, r4, #3
1000299a:	f814 0d01 	ldrb.w	r0, [r4, #-1]!
1000299e:	462a      	mov	r2, r5
100029a0:	464b      	mov	r3, r9
100029a2:	4641      	mov	r1, r8
100029a4:	47b8      	blx	r7
100029a6:	42a6      	cmp	r6, r4
100029a8:	f105 0501 	add.w	r5, r5, #1
100029ac:	d1f5      	bne.n	1000299a <_ftoa+0x442>
100029ae:	9b07      	ldr	r3, [sp, #28]
100029b0:	f10a 0a03 	add.w	sl, sl, #3
100029b4:	079d      	lsls	r5, r3, #30
100029b6:	f57f aed5 	bpl.w	10002764 <_ftoa+0x20c>
100029ba:	9c0c      	ldr	r4, [sp, #48]	@ 0x30
100029bc:	ebaa 0304 	sub.w	r3, sl, r4
100029c0:	459b      	cmp	fp, r3
100029c2:	f67f aecf 	bls.w	10002764 <_ftoa+0x20c>
100029c6:	4652      	mov	r2, sl
100029c8:	464b      	mov	r3, r9
100029ca:	4641      	mov	r1, r8
100029cc:	2020      	movs	r0, #32
100029ce:	f10a 0a01 	add.w	sl, sl, #1
100029d2:	47b8      	blx	r7
100029d4:	ebaa 0304 	sub.w	r3, sl, r4
100029d8:	459b      	cmp	fp, r3
100029da:	d8f4      	bhi.n	100029c6 <_ftoa+0x46e>
100029dc:	e6c2      	b.n	10002764 <_ftoa+0x20c>
100029de:	f8dd a030 	ldr.w	sl, [sp, #48]	@ 0x30
100029e2:	e7d7      	b.n	10002994 <_ftoa+0x43c>
100029e4:	45ab      	cmp	fp, r5
100029e6:	f63f aea3 	bhi.w	10002730 <_ftoa+0x1d8>
100029ea:	e6ae      	b.n	1000274a <_ftoa+0x1f2>
100029ec:	f1bb 0f00 	cmp.w	fp, #0
100029f0:	f43f af7a 	beq.w	100028e8 <_ftoa+0x390>
100029f4:	9b0d      	ldr	r3, [sp, #52]	@ 0x34
100029f6:	2b00      	cmp	r3, #0
100029f8:	d09f      	beq.n	1000293a <_ftoa+0x3e2>
100029fa:	f10b 3bff 	add.w	fp, fp, #4294967295	@ 0xffffffff
100029fe:	455d      	cmp	r5, fp
10002a00:	f4ff ae96 	bcc.w	10002730 <_ftoa+0x1d8>
10002a04:	2d20      	cmp	r5, #32
10002a06:	f47f af74 	bne.w	100028f2 <_ftoa+0x39a>
10002a0a:	e69e      	b.n	1000274a <_ftoa+0x1f2>
10002a0c:	3fe00000 	.word	0x3fe00000
10002a10:	1000d203 	.word	0x1000d203
10002a14:	00000000 	.word	0x00000000

10002a18 <_etoa>:
10002a18:	e92d 4ff0 	stmdb	sp!, {r4, r5, r6, r7, r8, r9, sl, fp, lr}
10002a1c:	b09f      	sub	sp, #124	@ 0x7c
10002a1e:	9e2a      	ldr	r6, [sp, #168]	@ 0xa8
10002a20:	e9dd 4528 	ldrd	r4, r5, [sp, #160]	@ 0xa0
10002a24:	4607      	mov	r7, r0
10002a26:	4693      	mov	fp, r2
10002a28:	9108      	str	r1, [sp, #32]
10002a2a:	9309      	str	r3, [sp, #36]	@ 0x24
10002a2c:	4622      	mov	r2, r4
10002a2e:	462b      	mov	r3, r5
10002a30:	4620      	mov	r0, r4
10002a32:	4629      	mov	r1, r5
10002a34:	960e      	str	r6, [sp, #56]	@ 0x38
10002a36:	e9dd a62b 	ldrd	sl, r6, [sp, #172]	@ 0xac
10002a3a:	f7ff fbd5 	bl	100021e8 <__wrap___aeabi_dcmpun>
10002a3e:	2800      	cmp	r0, #0
10002a40:	f040 80be 	bne.w	10002bc0 <_etoa+0x1a8>
10002a44:	4620      	mov	r0, r4
10002a46:	4629      	mov	r1, r5
10002a48:	f04f 32ff 	mov.w	r2, #4294967295	@ 0xffffffff
10002a4c:	4b78      	ldr	r3, [pc, #480]	@ (10002c30 <_etoa+0x218>)
10002a4e:	f7ff fc19 	bl	10002284 <__wrap___aeabi_dcmpgt>
10002a52:	2800      	cmp	r0, #0
10002a54:	f040 80b4 	bne.w	10002bc0 <_etoa+0x1a8>
10002a58:	4620      	mov	r0, r4
10002a5a:	4629      	mov	r1, r5
10002a5c:	f04f 32ff 	mov.w	r2, #4294967295	@ 0xffffffff
10002a60:	f46f 1380 	mvn.w	r3, #1048576	@ 0x100000
10002a64:	f7ff fbd2 	bl	1000220c <__wrap___aeabi_dcmplt>
10002a68:	2800      	cmp	r0, #0
10002a6a:	f040 80a9 	bne.w	10002bc0 <_etoa+0x1a8>
10002a6e:	4620      	mov	r0, r4
10002a70:	4629      	mov	r1, r5
10002a72:	2200      	movs	r2, #0
10002a74:	2300      	movs	r3, #0
10002a76:	f7ff fbc9 	bl	1000220c <__wrap___aeabi_dcmplt>
10002a7a:	2800      	cmp	r0, #0
10002a7c:	f040 81d5 	bne.w	10002e2a <_etoa+0x412>
10002a80:	e9cd 450a 	strd	r4, r5, [sp, #40]	@ 0x28
10002a84:	e9dd 230a 	ldrd	r2, r3, [sp, #40]	@ 0x28
10002a88:	4690      	mov	r8, r2
10002a8a:	4699      	mov	r9, r3
10002a8c:	f406 6200 	and.w	r2, r6, #2048	@ 0x800
10002a90:	f416 6380 	ands.w	r3, r6, #1024	@ 0x400
10002a94:	920f      	str	r2, [sp, #60]	@ 0x3c
10002a96:	9313      	str	r3, [sp, #76]	@ 0x4c
10002a98:	f040 80a1 	bne.w	10002bde <_etoa+0x1c6>
10002a9c:	ea58 0309 	orrs.w	r3, r8, r9
10002aa0:	f040 80ca 	bne.w	10002c38 <_etoa+0x220>
10002aa4:	2a00      	cmp	r2, #0
10002aa6:	f040 81e3 	bne.w	10002e70 <_etoa+0x458>
10002aaa:	2306      	movs	r3, #6
10002aac:	930e      	str	r3, [sp, #56]	@ 0x38
10002aae:	f016 0202 	ands.w	r2, r6, #2
10002ab2:	9210      	str	r2, [sp, #64]	@ 0x40
10002ab4:	f040 81d4 	bne.w	10002e60 <_etoa+0x448>
10002ab8:	4653      	mov	r3, sl
10002aba:	2b04      	cmp	r3, #4
10002abc:	bf38      	it	cc
10002abe:	2304      	movcc	r3, #4
10002ac0:	920c      	str	r2, [sp, #48]	@ 0x30
10002ac2:	2204      	movs	r2, #4
10002ac4:	3b04      	subs	r3, #4
10002ac6:	9212      	str	r2, [sp, #72]	@ 0x48
10002ac8:	930f      	str	r3, [sp, #60]	@ 0x3c
10002aca:	4620      	mov	r0, r4
10002acc:	4629      	mov	r1, r5
10002ace:	2200      	movs	r2, #0
10002ad0:	2300      	movs	r3, #0
10002ad2:	f7ff fb9b 	bl	1000220c <__wrap___aeabi_dcmplt>
10002ad6:	2800      	cmp	r0, #0
10002ad8:	f040 81f3 	bne.w	10002ec2 <_etoa+0x4aa>
10002adc:	ed9d 7b0a 	vldr	d7, [sp, #40]	@ 0x28
10002ae0:	9b0f      	ldr	r3, [sp, #60]	@ 0x3c
10002ae2:	465a      	mov	r2, fp
10002ae4:	9303      	str	r3, [sp, #12]
10002ae6:	9b0e      	ldr	r3, [sp, #56]	@ 0x38
10002ae8:	ed8d 7b00 	vstr	d7, [sp]
10002aec:	9302      	str	r3, [sp, #8]
10002aee:	f426 6300 	bic.w	r3, r6, #2048	@ 0x800
10002af2:	9304      	str	r3, [sp, #16]
10002af4:	4638      	mov	r0, r7
10002af6:	9b09      	ldr	r3, [sp, #36]	@ 0x24
10002af8:	9908      	ldr	r1, [sp, #32]
10002afa:	f7ff fd2d 	bl	10002558 <_ftoa>
10002afe:	4602      	mov	r2, r0
10002b00:	f016 0f20 	tst.w	r6, #32
10002b04:	9b09      	ldr	r3, [sp, #36]	@ 0x24
10002b06:	9908      	ldr	r1, [sp, #32]
10002b08:	bf0c      	ite	eq
10002b0a:	2065      	moveq	r0, #101	@ 0x65
10002b0c:	2045      	movne	r0, #69	@ 0x45
10002b0e:	f102 0801 	add.w	r8, r2, #1
10002b12:	47b8      	blx	r7
10002b14:	9a0c      	ldr	r2, [sp, #48]	@ 0x30
10002b16:	9b12      	ldr	r3, [sp, #72]	@ 0x48
10002b18:	ac16      	add	r4, sp, #88	@ 0x58
10002b1a:	1e5d      	subs	r5, r3, #1
10002b1c:	ea82 73e2 	eor.w	r3, r2, r2, asr #31
10002b20:	eba3 73e2 	sub.w	r3, r3, r2, asr #31
10002b24:	0fd1      	lsrs	r1, r2, #31
10002b26:	2600      	movs	r6, #0
10002b28:	4622      	mov	r2, r4
10002b2a:	4699      	mov	r9, r3
10002b2c:	f8df c104 	ldr.w	ip, [pc, #260]	@ 10002c34 <_etoa+0x21c>
10002b30:	e001      	b.n	10002b36 <_etoa+0x11e>
10002b32:	2e20      	cmp	r6, #32
10002b34:	d010      	beq.n	10002b58 <_etoa+0x140>
10002b36:	46ce      	mov	lr, r9
10002b38:	fbac 3009 	umull	r3, r0, ip, r9
10002b3c:	08c0      	lsrs	r0, r0, #3
10002b3e:	eb00 0380 	add.w	r3, r0, r0, lsl #2
10002b42:	eba9 0343 	sub.w	r3, r9, r3, lsl #1
10002b46:	3330      	adds	r3, #48	@ 0x30
10002b48:	f1be 0f09 	cmp.w	lr, #9
10002b4c:	4681      	mov	r9, r0
10002b4e:	f106 0601 	add.w	r6, r6, #1
10002b52:	f802 3b01 	strb.w	r3, [r2], #1
10002b56:	d8ec      	bhi.n	10002b32 <_etoa+0x11a>
10002b58:	2305      	movs	r3, #5
10002b5a:	2000      	movs	r0, #0
10002b5c:	9306      	str	r3, [sp, #24]
10002b5e:	230a      	movs	r3, #10
10002b60:	9505      	str	r5, [sp, #20]
10002b62:	9400      	str	r4, [sp, #0]
10002b64:	9d09      	ldr	r5, [sp, #36]	@ 0x24
10002b66:	9c08      	ldr	r4, [sp, #32]
10002b68:	4642      	mov	r2, r8
10002b6a:	e9cd 3003 	strd	r3, r0, [sp, #12]
10002b6e:	e9cd 6101 	strd	r6, r1, [sp, #4]
10002b72:	462b      	mov	r3, r5
10002b74:	4621      	mov	r1, r4
10002b76:	4638      	mov	r0, r7
10002b78:	f7ff fbf8 	bl	1000236c <_ntoa_format>
10002b7c:	9a10      	ldr	r2, [sp, #64]	@ 0x40
10002b7e:	4680      	mov	r8, r0
10002b80:	b1d2      	cbz	r2, 10002bb8 <_etoa+0x1a0>
10002b82:	eba0 060b 	sub.w	r6, r0, fp
10002b86:	45b2      	cmp	sl, r6
10002b88:	d916      	bls.n	10002bb8 <_etoa+0x1a0>
10002b8a:	eb0b 0206 	add.w	r2, fp, r6
10002b8e:	462b      	mov	r3, r5
10002b90:	4621      	mov	r1, r4
10002b92:	2020      	movs	r0, #32
10002b94:	3601      	adds	r6, #1
10002b96:	47b8      	blx	r7
10002b98:	45b2      	cmp	sl, r6
10002b9a:	d8f6      	bhi.n	10002b8a <_etoa+0x172>
10002b9c:	f10b 33ff 	add.w	r3, fp, #4294967295	@ 0xffffffff
10002ba0:	4453      	add	r3, sl
10002ba2:	f1cb 0201 	rsb	r2, fp, #1
10002ba6:	eba3 0308 	sub.w	r3, r3, r8
10002baa:	4442      	add	r2, r8
10002bac:	4592      	cmp	sl, r2
10002bae:	bf38      	it	cc
10002bb0:	2300      	movcc	r3, #0
10002bb2:	f108 0801 	add.w	r8, r8, #1
10002bb6:	4498      	add	r8, r3
10002bb8:	4640      	mov	r0, r8
10002bba:	b01f      	add	sp, #124	@ 0x7c
10002bbc:	e8bd 8ff0 	ldmia.w	sp!, {r4, r5, r6, r7, r8, r9, sl, fp, pc}
10002bc0:	465a      	mov	r2, fp
10002bc2:	4638      	mov	r0, r7
10002bc4:	e9cd 4528 	strd	r4, r5, [sp, #160]	@ 0xa0
10002bc8:	e9cd a62b 	strd	sl, r6, [sp, #172]	@ 0xac
10002bcc:	9c0e      	ldr	r4, [sp, #56]	@ 0x38
10002bce:	9b09      	ldr	r3, [sp, #36]	@ 0x24
10002bd0:	9908      	ldr	r1, [sp, #32]
10002bd2:	942a      	str	r4, [sp, #168]	@ 0xa8
10002bd4:	b01f      	add	sp, #124	@ 0x7c
10002bd6:	e8bd 4ff0 	ldmia.w	sp!, {r4, r5, r6, r7, r8, r9, sl, fp, lr}
10002bda:	f7ff bcbd 	b.w	10002558 <_ftoa>
10002bde:	ea58 0309 	orrs.w	r3, r8, r9
10002be2:	d12b      	bne.n	10002c3c <_etoa+0x224>
10002be4:	2a00      	cmp	r2, #0
10002be6:	f43f af62 	beq.w	10002aae <_etoa+0x96>
10002bea:	2300      	movs	r3, #0
10002bec:	930c      	str	r3, [sp, #48]	@ 0x30
10002bee:	9b0e      	ldr	r3, [sp, #56]	@ 0x38
10002bf0:	9a0c      	ldr	r2, [sp, #48]	@ 0x30
10002bf2:	4293      	cmp	r3, r2
10002bf4:	f300 81b9 	bgt.w	10002f6a <_etoa+0x552>
10002bf8:	f04f 0800 	mov.w	r8, #0
10002bfc:	4620      	mov	r0, r4
10002bfe:	4629      	mov	r1, r5
10002c00:	2200      	movs	r2, #0
10002c02:	2300      	movs	r3, #0
10002c04:	f7ff fb02 	bl	1000220c <__wrap___aeabi_dcmplt>
10002c08:	2800      	cmp	r0, #0
10002c0a:	f040 8113 	bne.w	10002e34 <_etoa+0x41c>
10002c0e:	ed9d 7b0a 	vldr	d7, [sp, #40]	@ 0x28
10002c12:	f426 6600 	bic.w	r6, r6, #2048	@ 0x800
10002c16:	f446 6680 	orr.w	r6, r6, #1024	@ 0x400
10002c1a:	ed8d 7b28 	vstr	d7, [sp, #160]	@ 0xa0
10002c1e:	465a      	mov	r2, fp
10002c20:	4638      	mov	r0, r7
10002c22:	e9cd 8a2a 	strd	r8, sl, [sp, #168]	@ 0xa8
10002c26:	9b09      	ldr	r3, [sp, #36]	@ 0x24
10002c28:	9908      	ldr	r1, [sp, #32]
10002c2a:	962c      	str	r6, [sp, #176]	@ 0xb0
10002c2c:	e7d2      	b.n	10002bd4 <_etoa+0x1bc>
10002c2e:	bf00      	nop
10002c30:	7fefffff 	.word	0x7fefffff
10002c34:	cccccccd 	.word	0xcccccccd
10002c38:	2306      	movs	r3, #6
10002c3a:	930e      	str	r3, [sp, #56]	@ 0x38
10002c3c:	f3c9 500a 	ubfx	r0, r9, #20, #11
10002c40:	f2a0 30ff 	subw	r0, r0, #1023	@ 0x3ff
10002c44:	f7ff fa88 	bl	10002158 <__wrap___aeabi_i2d>
10002c48:	a3c1      	add	r3, pc, #772	@ (adr r3, 10002f50 <_etoa+0x538>)
10002c4a:	e9d3 2300 	ldrd	r2, r3, [r3]
10002c4e:	f7ff fa11 	bl	10002074 <__wrap___aeabi_dmul>
10002c52:	a3c1      	add	r3, pc, #772	@ (adr r3, 10002f58 <_etoa+0x540>)
10002c54:	e9d3 2300 	ldrd	r2, r3, [r3]
10002c58:	f7ff f9e4 	bl	10002024 <__wrap___aeabi_dadd>
10002c5c:	f3c9 0913 	ubfx	r9, r9, #0, #20
10002c60:	e9cd 010c 	strd	r0, r1, [sp, #48]	@ 0x30
10002c64:	f049 517f 	orr.w	r1, r9, #1069547520	@ 0x3fc00000
10002c68:	4640      	mov	r0, r8
10002c6a:	2200      	movs	r2, #0
10002c6c:	4bb2      	ldr	r3, [pc, #712]	@ (10002f38 <_etoa+0x520>)
10002c6e:	f441 1140 	orr.w	r1, r1, #3145728	@ 0x300000
10002c72:	f7ff f9eb 	bl	1000204c <__wrap___aeabi_dsub>
10002c76:	a3a4      	add	r3, pc, #656	@ (adr r3, 10002f08 <_etoa+0x4f0>)
10002c78:	e9d3 2300 	ldrd	r2, r3, [r3]
10002c7c:	f7ff f9fa 	bl	10002074 <__wrap___aeabi_dmul>
10002c80:	4602      	mov	r2, r0
10002c82:	460b      	mov	r3, r1
10002c84:	e9dd 010c 	ldrd	r0, r1, [sp, #48]	@ 0x30
10002c88:	f7ff f9cc 	bl	10002024 <__wrap___aeabi_dadd>
10002c8c:	f7ff fa88 	bl	100021a0 <__wrap___aeabi_d2iz>
10002c90:	900c      	str	r0, [sp, #48]	@ 0x30
10002c92:	f7ff fa61 	bl	10002158 <__wrap___aeabi_i2d>
10002c96:	a39e      	add	r3, pc, #632	@ (adr r3, 10002f10 <_etoa+0x4f8>)
10002c98:	e9d3 2300 	ldrd	r2, r3, [r3]
10002c9c:	4680      	mov	r8, r0
10002c9e:	4689      	mov	r9, r1
10002ca0:	f7ff f9e8 	bl	10002074 <__wrap___aeabi_dmul>
10002ca4:	2200      	movs	r2, #0
10002ca6:	4ba5      	ldr	r3, [pc, #660]	@ (10002f3c <_etoa+0x524>)
10002ca8:	f7ff f9bc 	bl	10002024 <__wrap___aeabi_dadd>
10002cac:	f7ff fa78 	bl	100021a0 <__wrap___aeabi_d2iz>
10002cb0:	4603      	mov	r3, r0
10002cb2:	4649      	mov	r1, r9
10002cb4:	4640      	mov	r0, r8
10002cb6:	9312      	str	r3, [sp, #72]	@ 0x48
10002cb8:	a397      	add	r3, pc, #604	@ (adr r3, 10002f18 <_etoa+0x500>)
10002cba:	e9d3 2300 	ldrd	r2, r3, [r3]
10002cbe:	f7ff f9d9 	bl	10002074 <__wrap___aeabi_dmul>
10002cc2:	4680      	mov	r8, r0
10002cc4:	9812      	ldr	r0, [sp, #72]	@ 0x48
10002cc6:	4689      	mov	r9, r1
10002cc8:	f7ff fa46 	bl	10002158 <__wrap___aeabi_i2d>
10002ccc:	a394      	add	r3, pc, #592	@ (adr r3, 10002f20 <_etoa+0x508>)
10002cce:	e9d3 2300 	ldrd	r2, r3, [r3]
10002cd2:	f7ff f9cf 	bl	10002074 <__wrap___aeabi_dmul>
10002cd6:	4602      	mov	r2, r0
10002cd8:	460b      	mov	r3, r1
10002cda:	4640      	mov	r0, r8
10002cdc:	4649      	mov	r1, r9
10002cde:	f7ff f9b5 	bl	1000204c <__wrap___aeabi_dsub>
10002ce2:	4602      	mov	r2, r0
10002ce4:	460b      	mov	r3, r1
10002ce6:	4680      	mov	r8, r0
10002ce8:	4689      	mov	r9, r1
10002cea:	f7ff f9c3 	bl	10002074 <__wrap___aeabi_dmul>
10002cee:	4642      	mov	r2, r8
10002cf0:	464b      	mov	r3, r9
10002cf2:	e9cd 0110 	strd	r0, r1, [sp, #64]	@ 0x40
10002cf6:	4640      	mov	r0, r8
10002cf8:	4649      	mov	r1, r9
10002cfa:	f7ff f993 	bl	10002024 <__wrap___aeabi_dadd>
10002cfe:	2200      	movs	r2, #0
10002d00:	e9cd 0114 	strd	r0, r1, [sp, #80]	@ 0x50
10002d04:	e9dd 0110 	ldrd	r0, r1, [sp, #64]	@ 0x40
10002d08:	4b8d      	ldr	r3, [pc, #564]	@ (10002f40 <_etoa+0x528>)
10002d0a:	f7ff f9d7 	bl	100020bc <__wrap___aeabi_ddiv>
10002d0e:	2200      	movs	r2, #0
10002d10:	4b8c      	ldr	r3, [pc, #560]	@ (10002f44 <_etoa+0x52c>)
10002d12:	f7ff f987 	bl	10002024 <__wrap___aeabi_dadd>
10002d16:	4602      	mov	r2, r0
10002d18:	460b      	mov	r3, r1
10002d1a:	e9dd 0110 	ldrd	r0, r1, [sp, #64]	@ 0x40
10002d1e:	f7ff f9cd 	bl	100020bc <__wrap___aeabi_ddiv>
10002d22:	2200      	movs	r2, #0
10002d24:	4b88      	ldr	r3, [pc, #544]	@ (10002f48 <_etoa+0x530>)
10002d26:	f7ff f97d 	bl	10002024 <__wrap___aeabi_dadd>
10002d2a:	4602      	mov	r2, r0
10002d2c:	460b      	mov	r3, r1
10002d2e:	e9dd 0110 	ldrd	r0, r1, [sp, #64]	@ 0x40
10002d32:	f7ff f9c3 	bl	100020bc <__wrap___aeabi_ddiv>
10002d36:	4642      	mov	r2, r8
10002d38:	464b      	mov	r3, r9
10002d3a:	4680      	mov	r8, r0
10002d3c:	4689      	mov	r9, r1
10002d3e:	2000      	movs	r0, #0
10002d40:	f04f 4180 	mov.w	r1, #1073741824	@ 0x40000000
10002d44:	f7ff f982 	bl	1000204c <__wrap___aeabi_dsub>
10002d48:	4602      	mov	r2, r0
10002d4a:	460b      	mov	r3, r1
10002d4c:	4640      	mov	r0, r8
10002d4e:	4649      	mov	r1, r9
10002d50:	f7ff f968 	bl	10002024 <__wrap___aeabi_dadd>
10002d54:	4602      	mov	r2, r0
10002d56:	460b      	mov	r3, r1
10002d58:	e9dd 0114 	ldrd	r0, r1, [sp, #80]	@ 0x50
10002d5c:	f7ff f9ae 	bl	100020bc <__wrap___aeabi_ddiv>
10002d60:	2200      	movs	r2, #0
10002d62:	4b7a      	ldr	r3, [pc, #488]	@ (10002f4c <_etoa+0x534>)
10002d64:	f7ff f95e 	bl	10002024 <__wrap___aeabi_dadd>
10002d68:	9b12      	ldr	r3, [sp, #72]	@ 0x48
10002d6a:	2200      	movs	r2, #0
10002d6c:	f203 3cff 	addw	ip, r3, #1023	@ 0x3ff
10002d70:	ea4f 530c 	mov.w	r3, ip, lsl #20
10002d74:	f7ff f97e 	bl	10002074 <__wrap___aeabi_dmul>
10002d78:	4680      	mov	r8, r0
10002d7a:	4689      	mov	r9, r1
10002d7c:	e9dd 010a 	ldrd	r0, r1, [sp, #40]	@ 0x28
10002d80:	4642      	mov	r2, r8
10002d82:	464b      	mov	r3, r9
10002d84:	f7ff fa42 	bl	1000220c <__wrap___aeabi_dcmplt>
10002d88:	b150      	cbz	r0, 10002da0 <_etoa+0x388>
10002d8a:	9b0c      	ldr	r3, [sp, #48]	@ 0x30
10002d8c:	4640      	mov	r0, r8
10002d8e:	3b01      	subs	r3, #1
10002d90:	4649      	mov	r1, r9
10002d92:	930c      	str	r3, [sp, #48]	@ 0x30
10002d94:	2200      	movs	r2, #0
10002d96:	4b6b      	ldr	r3, [pc, #428]	@ (10002f44 <_etoa+0x52c>)
10002d98:	f7ff f990 	bl	100020bc <__wrap___aeabi_ddiv>
10002d9c:	4680      	mov	r8, r0
10002d9e:	4689      	mov	r9, r1
10002da0:	9a0c      	ldr	r2, [sp, #48]	@ 0x30
10002da2:	4643      	mov	r3, r8
10002da4:	3263      	adds	r2, #99	@ 0x63
10002da6:	2ac6      	cmp	r2, #198	@ 0xc6
10002da8:	f006 0202 	and.w	r2, r6, #2
10002dac:	9210      	str	r2, [sp, #64]	@ 0x40
10002dae:	4649      	mov	r1, r9
10002db0:	9a0f      	ldr	r2, [sp, #60]	@ 0x3c
10002db2:	d82c      	bhi.n	10002e0e <_etoa+0x3f6>
10002db4:	2a00      	cmp	r2, #0
10002db6:	d05e      	beq.n	10002e76 <_etoa+0x45e>
10002db8:	2204      	movs	r2, #4
10002dba:	9212      	str	r2, [sp, #72]	@ 0x48
10002dbc:	430b      	orrs	r3, r1
10002dbe:	f43f af16 	beq.w	10002bee <_etoa+0x1d6>
10002dc2:	e9dd 010a 	ldrd	r0, r1, [sp, #40]	@ 0x28
10002dc6:	a358      	add	r3, pc, #352	@ (adr r3, 10002f28 <_etoa+0x510>)
10002dc8:	e9d3 2300 	ldrd	r2, r3, [r3]
10002dcc:	f7ff fa46 	bl	1000225c <__wrap___aeabi_dcmpge>
10002dd0:	b148      	cbz	r0, 10002de6 <_etoa+0x3ce>
10002dd2:	e9dd 010a 	ldrd	r0, r1, [sp, #40]	@ 0x28
10002dd6:	a356      	add	r3, pc, #344	@ (adr r3, 10002f30 <_etoa+0x518>)
10002dd8:	e9d3 2300 	ldrd	r2, r3, [r3]
10002ddc:	f7ff fa16 	bl	1000220c <__wrap___aeabi_dcmplt>
10002de0:	2800      	cmp	r0, #0
10002de2:	f47f af04 	bne.w	10002bee <_etoa+0x1d6>
10002de6:	9b0e      	ldr	r3, [sp, #56]	@ 0x38
10002de8:	2b00      	cmp	r3, #0
10002dea:	d050      	beq.n	10002e8e <_etoa+0x476>
10002dec:	9a13      	ldr	r2, [sp, #76]	@ 0x4c
10002dee:	2a00      	cmp	r2, #0
10002df0:	d07d      	beq.n	10002eee <_etoa+0x4d6>
10002df2:	3b01      	subs	r3, #1
10002df4:	930e      	str	r3, [sp, #56]	@ 0x38
10002df6:	9b12      	ldr	r3, [sp, #72]	@ 0x48
10002df8:	459a      	cmp	sl, r3
10002dfa:	d905      	bls.n	10002e08 <_etoa+0x3f0>
10002dfc:	9b10      	ldr	r3, [sp, #64]	@ 0x40
10002dfe:	2b00      	cmp	r3, #0
10002e00:	f000 80ae 	beq.w	10002f60 <_etoa+0x548>
10002e04:	2302      	movs	r3, #2
10002e06:	9310      	str	r3, [sp, #64]	@ 0x40
10002e08:	2300      	movs	r3, #0
10002e0a:	930f      	str	r3, [sp, #60]	@ 0x3c
10002e0c:	e044      	b.n	10002e98 <_etoa+0x480>
10002e0e:	bb22      	cbnz	r2, 10002e5a <_etoa+0x442>
10002e10:	f1ba 0f05 	cmp.w	sl, #5
10002e14:	d94f      	bls.n	10002eb6 <_etoa+0x49e>
10002e16:	f006 0302 	and.w	r3, r6, #2
10002e1a:	2b00      	cmp	r3, #0
10002e1c:	d149      	bne.n	10002eb2 <_etoa+0x49a>
10002e1e:	2305      	movs	r3, #5
10002e20:	9312      	str	r3, [sp, #72]	@ 0x48
10002e22:	f1aa 0305 	sub.w	r3, sl, #5
10002e26:	930f      	str	r3, [sp, #60]	@ 0x3c
10002e28:	e03a      	b.n	10002ea0 <_etoa+0x488>
10002e2a:	f105 4300 	add.w	r3, r5, #2147483648	@ 0x80000000
10002e2e:	940a      	str	r4, [sp, #40]	@ 0x28
10002e30:	930b      	str	r3, [sp, #44]	@ 0x2c
10002e32:	e627      	b.n	10002a84 <_etoa+0x6c>
10002e34:	f426 6600 	bic.w	r6, r6, #2048	@ 0x800
10002e38:	f446 6680 	orr.w	r6, r6, #1024	@ 0x400
10002e3c:	4638      	mov	r0, r7
10002e3e:	962c      	str	r6, [sp, #176]	@ 0xb0
10002e40:	e9dd 670a 	ldrd	r6, r7, [sp, #40]	@ 0x28
10002e44:	4634      	mov	r4, r6
10002e46:	f107 4500 	add.w	r5, r7, #2147483648	@ 0x80000000
10002e4a:	465a      	mov	r2, fp
10002e4c:	e9cd 8a2a 	strd	r8, sl, [sp, #168]	@ 0xa8
10002e50:	e9cd 4528 	strd	r4, r5, [sp, #160]	@ 0xa0
10002e54:	9b09      	ldr	r3, [sp, #36]	@ 0x24
10002e56:	9908      	ldr	r1, [sp, #32]
10002e58:	e6bc      	b.n	10002bd4 <_etoa+0x1bc>
10002e5a:	2205      	movs	r2, #5
10002e5c:	9212      	str	r2, [sp, #72]	@ 0x48
10002e5e:	e7ad      	b.n	10002dbc <_etoa+0x3a4>
10002e60:	2300      	movs	r3, #0
10002e62:	2202      	movs	r2, #2
10002e64:	e9cd 320f 	strd	r3, r2, [sp, #60]	@ 0x3c
10002e68:	2204      	movs	r2, #4
10002e6a:	930c      	str	r3, [sp, #48]	@ 0x30
10002e6c:	9212      	str	r2, [sp, #72]	@ 0x48
10002e6e:	e62c      	b.n	10002aca <_etoa+0xb2>
10002e70:	f04f 0805 	mov.w	r8, #5
10002e74:	e6c2      	b.n	10002bfc <_etoa+0x1e4>
10002e76:	f1ba 0f04 	cmp.w	sl, #4
10002e7a:	d91f      	bls.n	10002ebc <_etoa+0x4a4>
10002e7c:	9b10      	ldr	r3, [sp, #64]	@ 0x40
10002e7e:	2b00      	cmp	r3, #0
10002e80:	d178      	bne.n	10002f74 <_etoa+0x55c>
10002e82:	2304      	movs	r3, #4
10002e84:	9312      	str	r3, [sp, #72]	@ 0x48
10002e86:	f1aa 0304 	sub.w	r3, sl, #4
10002e8a:	930f      	str	r3, [sp, #60]	@ 0x3c
10002e8c:	e004      	b.n	10002e98 <_etoa+0x480>
10002e8e:	9b12      	ldr	r3, [sp, #72]	@ 0x48
10002e90:	459a      	cmp	sl, r3
10002e92:	d831      	bhi.n	10002ef8 <_etoa+0x4e0>
10002e94:	9b0e      	ldr	r3, [sp, #56]	@ 0x38
10002e96:	930f      	str	r3, [sp, #60]	@ 0x3c
10002e98:	9b0c      	ldr	r3, [sp, #48]	@ 0x30
10002e9a:	2b00      	cmp	r3, #0
10002e9c:	f43f ae15 	beq.w	10002aca <_etoa+0xb2>
10002ea0:	e9dd 010a 	ldrd	r0, r1, [sp, #40]	@ 0x28
10002ea4:	4642      	mov	r2, r8
10002ea6:	464b      	mov	r3, r9
10002ea8:	f7ff f908 	bl	100020bc <__wrap___aeabi_ddiv>
10002eac:	e9cd 010a 	strd	r0, r1, [sp, #40]	@ 0x28
10002eb0:	e60b      	b.n	10002aca <_etoa+0xb2>
10002eb2:	2302      	movs	r3, #2
10002eb4:	9310      	str	r3, [sp, #64]	@ 0x40
10002eb6:	2305      	movs	r3, #5
10002eb8:	9312      	str	r3, [sp, #72]	@ 0x48
10002eba:	e7f1      	b.n	10002ea0 <_etoa+0x488>
10002ebc:	2304      	movs	r3, #4
10002ebe:	9312      	str	r3, [sp, #72]	@ 0x48
10002ec0:	e7ea      	b.n	10002e98 <_etoa+0x480>
10002ec2:	e9dd 450a 	ldrd	r4, r5, [sp, #40]	@ 0x28
10002ec6:	46a0      	mov	r8, r4
10002ec8:	9b0f      	ldr	r3, [sp, #60]	@ 0x3c
10002eca:	f105 4900 	add.w	r9, r5, #2147483648	@ 0x80000000
10002ece:	9303      	str	r3, [sp, #12]
10002ed0:	9b0e      	ldr	r3, [sp, #56]	@ 0x38
10002ed2:	465a      	mov	r2, fp
10002ed4:	9302      	str	r3, [sp, #8]
10002ed6:	f426 6300 	bic.w	r3, r6, #2048	@ 0x800
10002eda:	9304      	str	r3, [sp, #16]
10002edc:	4638      	mov	r0, r7
10002ede:	e9cd 8900 	strd	r8, r9, [sp]
10002ee2:	9b09      	ldr	r3, [sp, #36]	@ 0x24
10002ee4:	9908      	ldr	r1, [sp, #32]
10002ee6:	f7ff fb37 	bl	10002558 <_ftoa>
10002eea:	4602      	mov	r2, r0
10002eec:	e608      	b.n	10002b00 <_etoa+0xe8>
10002eee:	9b12      	ldr	r3, [sp, #72]	@ 0x48
10002ef0:	459a      	cmp	sl, r3
10002ef2:	d844      	bhi.n	10002f7e <_etoa+0x566>
10002ef4:	920f      	str	r2, [sp, #60]	@ 0x3c
10002ef6:	e7cf      	b.n	10002e98 <_etoa+0x480>
10002ef8:	9b10      	ldr	r3, [sp, #64]	@ 0x40
10002efa:	b38b      	cbz	r3, 10002f60 <_etoa+0x548>
10002efc:	9b0e      	ldr	r3, [sp, #56]	@ 0x38
10002efe:	930f      	str	r3, [sp, #60]	@ 0x3c
10002f00:	2302      	movs	r3, #2
10002f02:	9310      	str	r3, [sp, #64]	@ 0x40
10002f04:	e7c8      	b.n	10002e98 <_etoa+0x480>
10002f06:	bf00      	nop
10002f08:	636f4361 	.word	0x636f4361
10002f0c:	3fd287a7 	.word	0x3fd287a7
10002f10:	0979a371 	.word	0x0979a371
10002f14:	400a934f 	.word	0x400a934f
10002f18:	bbb55516 	.word	0xbbb55516
10002f1c:	40026bb1 	.word	0x40026bb1
10002f20:	fefa39ef 	.word	0xfefa39ef
10002f24:	3fe62e42 	.word	0x3fe62e42
10002f28:	eb1c432d 	.word	0xeb1c432d
10002f2c:	3f1a36e2 	.word	0x3f1a36e2
10002f30:	00000000 	.word	0x00000000
10002f34:	412e8480 	.word	0x412e8480
10002f38:	3ff80000 	.word	0x3ff80000
10002f3c:	3fe00000 	.word	0x3fe00000
10002f40:	402c0000 	.word	0x402c0000
10002f44:	40240000 	.word	0x40240000
10002f48:	40180000 	.word	0x40180000
10002f4c:	3ff00000 	.word	0x3ff00000
10002f50:	509f79fb 	.word	0x509f79fb
10002f54:	3fd34413 	.word	0x3fd34413
10002f58:	8b60c8b3 	.word	0x8b60c8b3
10002f5c:	3fc68a28 	.word	0x3fc68a28
10002f60:	9b12      	ldr	r3, [sp, #72]	@ 0x48
10002f62:	ebaa 0303 	sub.w	r3, sl, r3
10002f66:	930f      	str	r3, [sp, #60]	@ 0x3c
10002f68:	e796      	b.n	10002e98 <_etoa+0x480>
10002f6a:	eba3 0802 	sub.w	r8, r3, r2
10002f6e:	f108 38ff 	add.w	r8, r8, #4294967295	@ 0xffffffff
10002f72:	e643      	b.n	10002bfc <_etoa+0x1e4>
10002f74:	2304      	movs	r3, #4
10002f76:	9312      	str	r3, [sp, #72]	@ 0x48
10002f78:	2302      	movs	r3, #2
10002f7a:	9310      	str	r3, [sp, #64]	@ 0x40
10002f7c:	e78c      	b.n	10002e98 <_etoa+0x480>
10002f7e:	9b10      	ldr	r3, [sp, #64]	@ 0x40
10002f80:	2b00      	cmp	r3, #0
10002f82:	d0ed      	beq.n	10002f60 <_etoa+0x548>
10002f84:	2302      	movs	r3, #2
10002f86:	920f      	str	r2, [sp, #60]	@ 0x3c
10002f88:	9310      	str	r3, [sp, #64]	@ 0x40
10002f8a:	e785      	b.n	10002e98 <_etoa+0x480>

10002f8c <_vsnprintf>:
10002f8c:	e92d 4ff0 	stmdb	sp!, {r4, r5, r6, r7, r8, r9, sl, fp, lr}
10002f90:	b09b      	sub	sp, #108	@ 0x6c
10002f92:	9c24      	ldr	r4, [sp, #144]	@ 0x90
10002f94:	4d95      	ldr	r5, [pc, #596]	@ (100031ec <_vsnprintf+0x260>)
10002f96:	940a      	str	r4, [sp, #40]	@ 0x28
10002f98:	4c95      	ldr	r4, [pc, #596]	@ (100031f0 <_vsnprintf+0x264>)
10002f9a:	f1b1 0a00 	subs.w	sl, r1, #0
10002f9e:	bf18      	it	ne
10002fa0:	4683      	movne	fp, r0
10002fa2:	6025      	str	r5, [r4, #0]
10002fa4:	7818      	ldrb	r0, [r3, #0]
10002fa6:	4c93      	ldr	r4, [pc, #588]	@ (100031f4 <_vsnprintf+0x268>)
10002fa8:	4691      	mov	r9, r2
10002faa:	bf08      	it	eq
10002fac:	46a3      	moveq	fp, r4
10002fae:	9309      	str	r3, [sp, #36]	@ 0x24
10002fb0:	2800      	cmp	r0, #0
10002fb2:	f000 8293 	beq.w	100034dc <_vsnprintf+0x550>
10002fb6:	f04f 0800 	mov.w	r8, #0
10002fba:	e00a      	b.n	10002fd2 <_vsnprintf+0x46>
10002fbc:	4642      	mov	r2, r8
10002fbe:	464b      	mov	r3, r9
10002fc0:	4651      	mov	r1, sl
10002fc2:	f108 0801 	add.w	r8, r8, #1
10002fc6:	47d8      	blx	fp
10002fc8:	9b09      	ldr	r3, [sp, #36]	@ 0x24
10002fca:	7818      	ldrb	r0, [r3, #0]
10002fcc:	2800      	cmp	r0, #0
10002fce:	f000 80ce 	beq.w	1000316e <_vsnprintf+0x1e2>
10002fd2:	9b09      	ldr	r3, [sp, #36]	@ 0x24
10002fd4:	2825      	cmp	r0, #37	@ 0x25
10002fd6:	f103 0301 	add.w	r3, r3, #1
10002fda:	9309      	str	r3, [sp, #36]	@ 0x24
10002fdc:	d1ee      	bne.n	10002fbc <_vsnprintf+0x30>
10002fde:	461c      	mov	r4, r3
10002fe0:	2300      	movs	r3, #0
10002fe2:	4622      	mov	r2, r4
10002fe4:	f812 0b01 	ldrb.w	r0, [r2], #1
10002fe8:	f1a0 0120 	sub.w	r1, r0, #32
10002fec:	2910      	cmp	r1, #16
10002fee:	d80a      	bhi.n	10003006 <_vsnprintf+0x7a>
10002ff0:	e8df f001 	tbb	[pc, r1]
10002ff4:	3c090940 	.word	0x3c090940
10002ff8:	09090909 	.word	0x09090909
10002ffc:	38090909 	.word	0x38090909
10003000:	09093409 	.word	0x09093409
10003004:	30          	.byte	0x30
10003005:	00          	.byte	0x00
10003006:	f1a0 0130 	sub.w	r1, r0, #48	@ 0x30
1000300a:	2909      	cmp	r1, #9
1000300c:	9409      	str	r4, [sp, #36]	@ 0x24
1000300e:	f240 808a 	bls.w	10003126 <_vsnprintf+0x19a>
10003012:	282a      	cmp	r0, #42	@ 0x2a
10003014:	f000 80f0 	beq.w	100031f8 <_vsnprintf+0x26c>
10003018:	2500      	movs	r5, #0
1000301a:	282e      	cmp	r0, #46	@ 0x2e
1000301c:	f000 8096 	beq.w	1000314c <_vsnprintf+0x1c0>
10003020:	2600      	movs	r6, #0
10003022:	f1a0 0168 	sub.w	r1, r0, #104	@ 0x68
10003026:	2912      	cmp	r1, #18
10003028:	d82d      	bhi.n	10003086 <_vsnprintf+0xfa>
1000302a:	e8df f011 	tbh	[pc, r1, lsl #1]
1000302e:	0149      	.short	0x0149
10003030:	0143002c 	.word	0x0143002c
10003034:	0138002c 	.word	0x0138002c
10003038:	002c002c 	.word	0x002c002c
1000303c:	002c002c 	.word	0x002c002c
10003040:	002c002c 	.word	0x002c002c
10003044:	0027002c 	.word	0x0027002c
10003048:	002c002c 	.word	0x002c002c
1000304c:	002c002c 	.word	0x002c002c
10003050:	0027002c 	.word	0x0027002c
10003054:	4614      	mov	r4, r2
10003056:	f043 0301 	orr.w	r3, r3, #1
1000305a:	e7c2      	b.n	10002fe2 <_vsnprintf+0x56>
1000305c:	4614      	mov	r4, r2
1000305e:	f043 0302 	orr.w	r3, r3, #2
10003062:	e7be      	b.n	10002fe2 <_vsnprintf+0x56>
10003064:	4614      	mov	r4, r2
10003066:	f043 0304 	orr.w	r3, r3, #4
1000306a:	e7ba      	b.n	10002fe2 <_vsnprintf+0x56>
1000306c:	4614      	mov	r4, r2
1000306e:	f043 0310 	orr.w	r3, r3, #16
10003072:	e7b6      	b.n	10002fe2 <_vsnprintf+0x56>
10003074:	4614      	mov	r4, r2
10003076:	f043 0308 	orr.w	r3, r3, #8
1000307a:	e7b2      	b.n	10002fe2 <_vsnprintf+0x56>
1000307c:	9909      	ldr	r1, [sp, #36]	@ 0x24
1000307e:	7848      	ldrb	r0, [r1, #1]
10003080:	f443 7380 	orr.w	r3, r3, #256	@ 0x100
10003084:	3201      	adds	r2, #1
10003086:	2867      	cmp	r0, #103	@ 0x67
10003088:	9209      	str	r2, [sp, #36]	@ 0x24
1000308a:	d87e      	bhi.n	1000318a <_vsnprintf+0x1fe>
1000308c:	2824      	cmp	r0, #36	@ 0x24
1000308e:	f240 80c1 	bls.w	10003214 <_vsnprintf+0x288>
10003092:	f1a0 0225 	sub.w	r2, r0, #37	@ 0x25
10003096:	2a42      	cmp	r2, #66	@ 0x42
10003098:	f200 80bc 	bhi.w	10003214 <_vsnprintf+0x288>
1000309c:	e8df f012 	tbh	[pc, r2, lsl #1]
100030a0:	00ba0150 	.word	0x00ba0150
100030a4:	00ba00ba 	.word	0x00ba00ba
100030a8:	00ba00ba 	.word	0x00ba00ba
100030ac:	00ba00ba 	.word	0x00ba00ba
100030b0:	00ba00ba 	.word	0x00ba00ba
100030b4:	00ba00ba 	.word	0x00ba00ba
100030b8:	00ba00ba 	.word	0x00ba00ba
100030bc:	00ba00ba 	.word	0x00ba00ba
100030c0:	00ba00ba 	.word	0x00ba00ba
100030c4:	00ba00ba 	.word	0x00ba00ba
100030c8:	00ba00ba 	.word	0x00ba00ba
100030cc:	00ba00ba 	.word	0x00ba00ba
100030d0:	00ba00ba 	.word	0x00ba00ba
100030d4:	00ba00ba 	.word	0x00ba00ba
100030d8:	00ba00ba 	.word	0x00ba00ba
100030dc:	00ba00ba 	.word	0x00ba00ba
100030e0:	01370119 	.word	0x01370119
100030e4:	00ba0119 	.word	0x00ba0119
100030e8:	00ba00ba 	.word	0x00ba00ba
100030ec:	00ba00ba 	.word	0x00ba00ba
100030f0:	00ba00ba 	.word	0x00ba00ba
100030f4:	00ba00ba 	.word	0x00ba00ba
100030f8:	00ba00ba 	.word	0x00ba00ba
100030fc:	00ba00ba 	.word	0x00ba00ba
10003100:	00ba00ba 	.word	0x00ba00ba
10003104:	01bc00ba 	.word	0x01bc00ba
10003108:	00ba00ba 	.word	0x00ba00ba
1000310c:	00ba00ba 	.word	0x00ba00ba
10003110:	00ba00ba 	.word	0x00ba00ba
10003114:	00ba00ba 	.word	0x00ba00ba
10003118:	01bc00ba 	.word	0x01bc00ba
1000311c:	01bc0158 	.word	0x01bc0158
10003120:	01370119 	.word	0x01370119
10003124:	0119      	.short	0x0119
10003126:	2500      	movs	r5, #0
10003128:	e000      	b.n	1000312c <_vsnprintf+0x1a0>
1000312a:	3201      	adds	r2, #1
1000312c:	eb05 0585 	add.w	r5, r5, r5, lsl #2
10003130:	eb00 0545 	add.w	r5, r0, r5, lsl #1
10003134:	7810      	ldrb	r0, [r2, #0]
10003136:	3d30      	subs	r5, #48	@ 0x30
10003138:	f1a0 0130 	sub.w	r1, r0, #48	@ 0x30
1000313c:	2909      	cmp	r1, #9
1000313e:	d9f4      	bls.n	1000312a <_vsnprintf+0x19e>
10003140:	282e      	cmp	r0, #46	@ 0x2e
10003142:	9209      	str	r2, [sp, #36]	@ 0x24
10003144:	f102 0201 	add.w	r2, r2, #1
10003148:	f47f af6a 	bne.w	10003020 <_vsnprintf+0x94>
1000314c:	9909      	ldr	r1, [sp, #36]	@ 0x24
1000314e:	f443 6380 	orr.w	r3, r3, #1024	@ 0x400
10003152:	7848      	ldrb	r0, [r1, #1]
10003154:	4611      	mov	r1, r2
10003156:	f1a0 0630 	sub.w	r6, r0, #48	@ 0x30
1000315a:	2e09      	cmp	r6, #9
1000315c:	f240 8121 	bls.w	100033a2 <_vsnprintf+0x416>
10003160:	282a      	cmp	r0, #42	@ 0x2a
10003162:	f000 812f 	beq.w	100033c4 <_vsnprintf+0x438>
10003166:	9209      	str	r2, [sp, #36]	@ 0x24
10003168:	2600      	movs	r6, #0
1000316a:	3201      	adds	r2, #1
1000316c:	e759      	b.n	10003022 <_vsnprintf+0x96>
1000316e:	4644      	mov	r4, r8
10003170:	45c1      	cmp	r9, r8
10003172:	d801      	bhi.n	10003178 <_vsnprintf+0x1ec>
10003174:	f109 38ff 	add.w	r8, r9, #4294967295	@ 0xffffffff
10003178:	464b      	mov	r3, r9
1000317a:	4642      	mov	r2, r8
1000317c:	4651      	mov	r1, sl
1000317e:	2000      	movs	r0, #0
10003180:	47d8      	blx	fp
10003182:	4620      	mov	r0, r4
10003184:	b01b      	add	sp, #108	@ 0x6c
10003186:	e8bd 8ff0 	ldmia.w	sp!, {r4, r5, r6, r7, r8, r9, sl, fp, pc}
1000318a:	f1a0 0269 	sub.w	r2, r0, #105	@ 0x69
1000318e:	b2d2      	uxtb	r2, r2
10003190:	2a0f      	cmp	r2, #15
10003192:	d83f      	bhi.n	10003214 <_vsnprintf+0x288>
10003194:	2101      	movs	r1, #1
10003196:	f249 0741 	movw	r7, #36929	@ 0x9041
1000319a:	4091      	lsls	r1, r2
1000319c:	4039      	ands	r1, r7
1000319e:	f040 80f3 	bne.w	10003388 <_vsnprintf+0x3fc>
100031a2:	2a0a      	cmp	r2, #10
100031a4:	d03d      	beq.n	10003222 <_vsnprintf+0x296>
100031a6:	2a07      	cmp	r2, #7
100031a8:	d134      	bne.n	10003214 <_vsnprintf+0x288>
100031aa:	9d0a      	ldr	r5, [sp, #40]	@ 0x28
100031ac:	f855 2b04 	ldr.w	r2, [r5], #4
100031b0:	2a00      	cmp	r2, #0
100031b2:	f000 8113 	beq.w	100033dc <_vsnprintf+0x450>
100031b6:	f043 0021 	orr.w	r0, r3, #33	@ 0x21
100031ba:	ab12      	add	r3, sp, #72	@ 0x48
100031bc:	461f      	mov	r7, r3
100031be:	930b      	str	r3, [sp, #44]	@ 0x2c
100031c0:	e003      	b.n	100031ca <_vsnprintf+0x23e>
100031c2:	2920      	cmp	r1, #32
100031c4:	f000 8114 	beq.w	100033f0 <_vsnprintf+0x464>
100031c8:	461a      	mov	r2, r3
100031ca:	f002 040f 	and.w	r4, r2, #15
100031ce:	4623      	mov	r3, r4
100031d0:	2c09      	cmp	r4, #9
100031d2:	bf94      	ite	ls
100031d4:	3330      	addls	r3, #48	@ 0x30
100031d6:	3337      	addhi	r3, #55	@ 0x37
100031d8:	2a0f      	cmp	r2, #15
100031da:	f807 3b01 	strb.w	r3, [r7], #1
100031de:	f101 0101 	add.w	r1, r1, #1
100031e2:	ea4f 1312 	mov.w	r3, r2, lsr #4
100031e6:	d8ec      	bhi.n	100031c2 <_vsnprintf+0x236>
100031e8:	e102      	b.n	100033f0 <_vsnprintf+0x464>
100031ea:	bf00      	nop
100031ec:	10002f8d 	.word	0x10002f8d
100031f0:	20002848 	.word	0x20002848
100031f4:	100022cd 	.word	0x100022cd
100031f8:	990a      	ldr	r1, [sp, #40]	@ 0x28
100031fa:	9809      	ldr	r0, [sp, #36]	@ 0x24
100031fc:	f851 5b04 	ldr.w	r5, [r1], #4
10003200:	7840      	ldrb	r0, [r0, #1]
10003202:	2d00      	cmp	r5, #0
10003204:	e9cd 2109 	strd	r2, r1, [sp, #36]	@ 0x24
10003208:	bfbc      	itt	lt
1000320a:	f043 0302 	orrlt.w	r3, r3, #2
1000320e:	426d      	neglt	r5, r5
10003210:	3201      	adds	r2, #1
10003212:	e702      	b.n	1000301a <_vsnprintf+0x8e>
10003214:	4642      	mov	r2, r8
10003216:	464b      	mov	r3, r9
10003218:	4651      	mov	r1, sl
1000321a:	f108 0801 	add.w	r8, r8, #1
1000321e:	47d8      	blx	fp
10003220:	e6d2      	b.n	10002fc8 <_vsnprintf+0x3c>
10003222:	990a      	ldr	r1, [sp, #40]	@ 0x28
10003224:	2e00      	cmp	r6, #0
10003226:	f851 7b04 	ldr.w	r7, [r1], #4
1000322a:	bf18      	it	ne
1000322c:	4632      	movne	r2, r6
1000322e:	7838      	ldrb	r0, [r7, #0]
10003230:	bf08      	it	eq
10003232:	f04f 32ff 	moveq.w	r2, #4294967295	@ 0xffffffff
10003236:	2800      	cmp	r0, #0
10003238:	f000 837b 	beq.w	10003932 <_vsnprintf+0x9a6>
1000323c:	18bc      	adds	r4, r7, r2
1000323e:	46a4      	mov	ip, r4
10003240:	463a      	mov	r2, r7
10003242:	e004      	b.n	1000324e <_vsnprintf+0x2c2>
10003244:	f812 4f01 	ldrb.w	r4, [r2, #1]!
10003248:	2c00      	cmp	r4, #0
1000324a:	f000 813f 	beq.w	100034cc <_vsnprintf+0x540>
1000324e:	4594      	cmp	ip, r2
10003250:	d1f8      	bne.n	10003244 <_vsnprintf+0x2b8>
10003252:	4664      	mov	r4, ip
10003254:	1be4      	subs	r4, r4, r7
10003256:	055a      	lsls	r2, r3, #21
10003258:	f140 8122 	bpl.w	100034a0 <_vsnprintf+0x514>
1000325c:	42b4      	cmp	r4, r6
1000325e:	bf28      	it	cs
10003260:	4634      	movcs	r4, r6
10003262:	f013 0302 	ands.w	r3, r3, #2
10003266:	f000 8288 	beq.w	1000377a <_vsnprintf+0x7ee>
1000326a:	2302      	movs	r3, #2
1000326c:	e9cd 510a 	strd	r5, r1, [sp, #40]	@ 0x28
10003270:	4642      	mov	r2, r8
10003272:	461d      	mov	r5, r3
10003274:	4446      	add	r6, r8
10003276:	e008      	b.n	1000328a <_vsnprintf+0x2fe>
10003278:	464b      	mov	r3, r9
1000327a:	4651      	mov	r1, sl
1000327c:	47d8      	blx	fp
1000327e:	f817 0f01 	ldrb.w	r0, [r7, #1]!
10003282:	f108 0801 	add.w	r8, r8, #1
10003286:	b110      	cbz	r0, 1000328e <_vsnprintf+0x302>
10003288:	4642      	mov	r2, r8
1000328a:	4546      	cmp	r6, r8
1000328c:	d1f4      	bne.n	10003278 <_vsnprintf+0x2ec>
1000328e:	462b      	mov	r3, r5
10003290:	990b      	ldr	r1, [sp, #44]	@ 0x2c
10003292:	9d0a      	ldr	r5, [sp, #40]	@ 0x28
10003294:	2b00      	cmp	r3, #0
10003296:	f040 8141 	bne.w	1000351c <_vsnprintf+0x590>
1000329a:	910a      	str	r1, [sp, #40]	@ 0x28
1000329c:	e694      	b.n	10002fc8 <_vsnprintf+0x3c>
1000329e:	9909      	ldr	r1, [sp, #36]	@ 0x24
100032a0:	7848      	ldrb	r0, [r1, #1]
100032a2:	286c      	cmp	r0, #108	@ 0x6c
100032a4:	f47f aeec 	bne.w	10003080 <_vsnprintf+0xf4>
100032a8:	460a      	mov	r2, r1
100032aa:	7888      	ldrb	r0, [r1, #2]
100032ac:	f443 7340 	orr.w	r3, r3, #768	@ 0x300
100032b0:	3203      	adds	r2, #3
100032b2:	e6e8      	b.n	10003086 <_vsnprintf+0xfa>
100032b4:	9909      	ldr	r1, [sp, #36]	@ 0x24
100032b6:	f443 7300 	orr.w	r3, r3, #512	@ 0x200
100032ba:	7848      	ldrb	r0, [r1, #1]
100032bc:	3201      	adds	r2, #1
100032be:	e6e2      	b.n	10003086 <_vsnprintf+0xfa>
100032c0:	9909      	ldr	r1, [sp, #36]	@ 0x24
100032c2:	7848      	ldrb	r0, [r1, #1]
100032c4:	2868      	cmp	r0, #104	@ 0x68
100032c6:	f000 8103 	beq.w	100034d0 <_vsnprintf+0x544>
100032ca:	f043 0380 	orr.w	r3, r3, #128	@ 0x80
100032ce:	3201      	adds	r2, #1
100032d0:	e6d9      	b.n	10003086 <_vsnprintf+0xfa>
100032d2:	2867      	cmp	r0, #103	@ 0x67
100032d4:	f000 80d9 	beq.w	1000348a <_vsnprintf+0x4fe>
100032d8:	2847      	cmp	r0, #71	@ 0x47
100032da:	f000 80dc 	beq.w	10003496 <_vsnprintf+0x50a>
100032de:	2845      	cmp	r0, #69	@ 0x45
100032e0:	f000 80db 	beq.w	1000349a <_vsnprintf+0x50e>
100032e4:	e9cd 5303 	strd	r5, r3, [sp, #12]
100032e8:	9b0a      	ldr	r3, [sp, #40]	@ 0x28
100032ea:	9602      	str	r6, [sp, #8]
100032ec:	3307      	adds	r3, #7
100032ee:	f023 0307 	bic.w	r3, r3, #7
100032f2:	461c      	mov	r4, r3
100032f4:	4642      	mov	r2, r8
100032f6:	e8f4 6702 	ldrd	r6, r7, [r4], #8
100032fa:	464b      	mov	r3, r9
100032fc:	4651      	mov	r1, sl
100032fe:	4658      	mov	r0, fp
10003300:	e9cd 6700 	strd	r6, r7, [sp]
10003304:	940a      	str	r4, [sp, #40]	@ 0x28
10003306:	f7ff fb87 	bl	10002a18 <_etoa>
1000330a:	4680      	mov	r8, r0
1000330c:	e65c      	b.n	10002fc8 <_vsnprintf+0x3c>
1000330e:	2846      	cmp	r0, #70	@ 0x46
10003310:	bf08      	it	eq
10003312:	f043 0320 	orreq.w	r3, r3, #32
10003316:	e9cd 5303 	strd	r5, r3, [sp, #12]
1000331a:	9b0a      	ldr	r3, [sp, #40]	@ 0x28
1000331c:	9602      	str	r6, [sp, #8]
1000331e:	3307      	adds	r3, #7
10003320:	f023 0307 	bic.w	r3, r3, #7
10003324:	461c      	mov	r4, r3
10003326:	4642      	mov	r2, r8
10003328:	e8f4 6702 	ldrd	r6, r7, [r4], #8
1000332c:	464b      	mov	r3, r9
1000332e:	4651      	mov	r1, sl
10003330:	4658      	mov	r0, fp
10003332:	e9cd 6700 	strd	r6, r7, [sp]
10003336:	940a      	str	r4, [sp, #40]	@ 0x28
10003338:	f7ff f90e 	bl	10002558 <_ftoa>
1000333c:	4680      	mov	r8, r0
1000333e:	e643      	b.n	10002fc8 <_vsnprintf+0x3c>
10003340:	4642      	mov	r2, r8
10003342:	464b      	mov	r3, r9
10003344:	4651      	mov	r1, sl
10003346:	2025      	movs	r0, #37	@ 0x25
10003348:	f108 0801 	add.w	r8, r8, #1
1000334c:	47d8      	blx	fp
1000334e:	e63b      	b.n	10002fc8 <_vsnprintf+0x3c>
10003350:	9a0a      	ldr	r2, [sp, #40]	@ 0x28
10003352:	0799      	lsls	r1, r3, #30
10003354:	f102 0404 	add.w	r4, r2, #4
10003358:	f108 0601 	add.w	r6, r8, #1
1000335c:	f140 80c6 	bpl.w	100034ec <_vsnprintf+0x560>
10003360:	7810      	ldrb	r0, [r2, #0]
10003362:	464b      	mov	r3, r9
10003364:	4642      	mov	r2, r8
10003366:	4651      	mov	r1, sl
10003368:	47d8      	blx	fp
1000336a:	2d01      	cmp	r5, #1
1000336c:	bf88      	it	hi
1000336e:	44a8      	addhi	r8, r5
10003370:	f240 81bd 	bls.w	100036ee <_vsnprintf+0x762>
10003374:	4632      	mov	r2, r6
10003376:	464b      	mov	r3, r9
10003378:	4651      	mov	r1, sl
1000337a:	2020      	movs	r0, #32
1000337c:	3601      	adds	r6, #1
1000337e:	47d8      	blx	fp
10003380:	4546      	cmp	r6, r8
10003382:	d1f7      	bne.n	10003374 <_vsnprintf+0x3e8>
10003384:	940a      	str	r4, [sp, #40]	@ 0x28
10003386:	e61f      	b.n	10002fc8 <_vsnprintf+0x3c>
10003388:	286f      	cmp	r0, #111	@ 0x6f
1000338a:	f000 8081 	beq.w	10003490 <_vsnprintf+0x504>
1000338e:	f240 8248 	bls.w	10003822 <_vsnprintf+0x896>
10003392:	2878      	cmp	r0, #120	@ 0x78
10003394:	f000 8190 	beq.w	100036b8 <_vsnprintf+0x72c>
10003398:	270a      	movs	r7, #10
1000339a:	f023 0310 	bic.w	r3, r3, #16
1000339e:	46bc      	mov	ip, r7
100033a0:	e041      	b.n	10003426 <_vsnprintf+0x49a>
100033a2:	2600      	movs	r6, #0
100033a4:	eb06 0686 	add.w	r6, r6, r6, lsl #2
100033a8:	eb00 0046 	add.w	r0, r0, r6, lsl #1
100033ac:	f1a0 0630 	sub.w	r6, r0, #48	@ 0x30
100033b0:	f811 0f01 	ldrb.w	r0, [r1, #1]!
100033b4:	f1a0 0230 	sub.w	r2, r0, #48	@ 0x30
100033b8:	2a09      	cmp	r2, #9
100033ba:	d9f3      	bls.n	100033a4 <_vsnprintf+0x418>
100033bc:	460a      	mov	r2, r1
100033be:	9109      	str	r1, [sp, #36]	@ 0x24
100033c0:	3201      	adds	r2, #1
100033c2:	e62e      	b.n	10003022 <_vsnprintf+0x96>
100033c4:	e9dd 2109 	ldrd	r2, r1, [sp, #36]	@ 0x24
100033c8:	f851 6b04 	ldr.w	r6, [r1], #4
100033cc:	7890      	ldrb	r0, [r2, #2]
100033ce:	3202      	adds	r2, #2
100033d0:	9209      	str	r2, [sp, #36]	@ 0x24
100033d2:	910a      	str	r1, [sp, #40]	@ 0x28
100033d4:	3201      	adds	r2, #1
100033d6:	ea26 76e6 	bic.w	r6, r6, r6, asr #31
100033da:	e622      	b.n	10003022 <_vsnprintf+0x96>
100033dc:	f023 0010 	bic.w	r0, r3, #16
100033e0:	f413 6280 	ands.w	r2, r3, #1024	@ 0x400
100033e4:	f040 0021 	orr.w	r0, r0, #33	@ 0x21
100033e8:	f43f aee7 	beq.w	100031ba <_vsnprintf+0x22e>
100033ec:	ab12      	add	r3, sp, #72	@ 0x48
100033ee:	930b      	str	r3, [sp, #44]	@ 0x2c
100033f0:	9b0b      	ldr	r3, [sp, #44]	@ 0x2c
100033f2:	9006      	str	r0, [sp, #24]
100033f4:	9300      	str	r3, [sp, #0]
100033f6:	2308      	movs	r3, #8
100033f8:	2010      	movs	r0, #16
100033fa:	9305      	str	r3, [sp, #20]
100033fc:	2300      	movs	r3, #0
100033fe:	4642      	mov	r2, r8
10003400:	e9cd 3002 	strd	r3, r0, [sp, #8]
10003404:	9101      	str	r1, [sp, #4]
10003406:	464b      	mov	r3, r9
10003408:	4651      	mov	r1, sl
1000340a:	4658      	mov	r0, fp
1000340c:	9604      	str	r6, [sp, #16]
1000340e:	f7fe ffad 	bl	1000236c <_ntoa_format>
10003412:	950a      	str	r5, [sp, #40]	@ 0x28
10003414:	4680      	mov	r8, r0
10003416:	e5d7      	b.n	10002fc8 <_vsnprintf+0x3c>
10003418:	2858      	cmp	r0, #88	@ 0x58
1000341a:	d062      	beq.n	100034e2 <_vsnprintf+0x556>
1000341c:	2862      	cmp	r0, #98	@ 0x62
1000341e:	f040 808f 	bne.w	10003540 <_vsnprintf+0x5b4>
10003422:	2702      	movs	r7, #2
10003424:	46bc      	mov	ip, r7
10003426:	f413 6080 	ands.w	r0, r3, #1024	@ 0x400
1000342a:	f000 80dd 	beq.w	100035e8 <_vsnprintf+0x65c>
1000342e:	f023 030d 	bic.w	r3, r3, #13
10003432:	f413 7200 	ands.w	r2, r3, #512	@ 0x200
10003436:	f040 8181 	bne.w	1000373c <_vsnprintf+0x7b0>
1000343a:	990a      	ldr	r1, [sp, #40]	@ 0x28
1000343c:	1d0f      	adds	r7, r1, #4
1000343e:	f413 7180 	ands.w	r1, r3, #256	@ 0x100
10003442:	f040 8237 	bne.w	100038b4 <_vsnprintf+0x928>
10003446:	065c      	lsls	r4, r3, #25
10003448:	9a0a      	ldr	r2, [sp, #40]	@ 0x28
1000344a:	f140 813b 	bpl.w	100036c4 <_vsnprintf+0x738>
1000344e:	7812      	ldrb	r2, [r2, #0]
10003450:	2a00      	cmp	r2, #0
10003452:	f040 814e 	bne.w	100036f2 <_vsnprintf+0x766>
10003456:	f023 0310 	bic.w	r3, r3, #16
1000345a:	2800      	cmp	r0, #0
1000345c:	f000 8149 	beq.w	100036f2 <_vsnprintf+0x766>
10003460:	4611      	mov	r1, r2
10003462:	aa12      	add	r2, sp, #72	@ 0x48
10003464:	920b      	str	r2, [sp, #44]	@ 0x2c
10003466:	e9cd 5305 	strd	r5, r3, [sp, #20]
1000346a:	e9cd c603 	strd	ip, r6, [sp, #12]
1000346e:	9101      	str	r1, [sp, #4]
10003470:	9b0b      	ldr	r3, [sp, #44]	@ 0x2c
10003472:	4642      	mov	r2, r8
10003474:	9300      	str	r3, [sp, #0]
10003476:	2300      	movs	r3, #0
10003478:	4651      	mov	r1, sl
1000347a:	9302      	str	r3, [sp, #8]
1000347c:	4658      	mov	r0, fp
1000347e:	464b      	mov	r3, r9
10003480:	f7fe ff74 	bl	1000236c <_ntoa_format>
10003484:	970a      	str	r7, [sp, #40]	@ 0x28
10003486:	4680      	mov	r8, r0
10003488:	e59e      	b.n	10002fc8 <_vsnprintf+0x3c>
1000348a:	f443 6300 	orr.w	r3, r3, #2048	@ 0x800
1000348e:	e729      	b.n	100032e4 <_vsnprintf+0x358>
10003490:	2708      	movs	r7, #8
10003492:	46bc      	mov	ip, r7
10003494:	e7c7      	b.n	10003426 <_vsnprintf+0x49a>
10003496:	f443 6300 	orr.w	r3, r3, #2048	@ 0x800
1000349a:	f043 0320 	orr.w	r3, r3, #32
1000349e:	e721      	b.n	100032e4 <_vsnprintf+0x358>
100034a0:	f013 0302 	ands.w	r3, r3, #2
100034a4:	f000 818e 	beq.w	100037c4 <_vsnprintf+0x838>
100034a8:	2302      	movs	r3, #2
100034aa:	950a      	str	r5, [sp, #40]	@ 0x28
100034ac:	461e      	mov	r6, r3
100034ae:	460d      	mov	r5, r1
100034b0:	4642      	mov	r2, r8
100034b2:	464b      	mov	r3, r9
100034b4:	4651      	mov	r1, sl
100034b6:	47d8      	blx	fp
100034b8:	f817 0f01 	ldrb.w	r0, [r7, #1]!
100034bc:	f108 0801 	add.w	r8, r8, #1
100034c0:	2800      	cmp	r0, #0
100034c2:	d1f5      	bne.n	100034b0 <_vsnprintf+0x524>
100034c4:	4629      	mov	r1, r5
100034c6:	4633      	mov	r3, r6
100034c8:	9d0a      	ldr	r5, [sp, #40]	@ 0x28
100034ca:	e6e3      	b.n	10003294 <_vsnprintf+0x308>
100034cc:	1bd4      	subs	r4, r2, r7
100034ce:	e6c2      	b.n	10003256 <_vsnprintf+0x2ca>
100034d0:	460a      	mov	r2, r1
100034d2:	7888      	ldrb	r0, [r1, #2]
100034d4:	f043 03c0 	orr.w	r3, r3, #192	@ 0xc0
100034d8:	3203      	adds	r2, #3
100034da:	e5d4      	b.n	10003086 <_vsnprintf+0xfa>
100034dc:	4604      	mov	r4, r0
100034de:	4680      	mov	r8, r0
100034e0:	e646      	b.n	10003170 <_vsnprintf+0x1e4>
100034e2:	2710      	movs	r7, #16
100034e4:	f043 0320 	orr.w	r3, r3, #32
100034e8:	46bc      	mov	ip, r7
100034ea:	e79c      	b.n	10003426 <_vsnprintf+0x49a>
100034ec:	2d01      	cmp	r5, #1
100034ee:	f240 80f8 	bls.w	100036e2 <_vsnprintf+0x756>
100034f2:	4646      	mov	r6, r8
100034f4:	f108 37ff 	add.w	r7, r8, #4294967295	@ 0xffffffff
100034f8:	442f      	add	r7, r5
100034fa:	4632      	mov	r2, r6
100034fc:	464b      	mov	r3, r9
100034fe:	4651      	mov	r1, sl
10003500:	2020      	movs	r0, #32
10003502:	3601      	adds	r6, #1
10003504:	47d8      	blx	fp
10003506:	42be      	cmp	r6, r7
10003508:	d1f7      	bne.n	100034fa <_vsnprintf+0x56e>
1000350a:	9b0a      	ldr	r3, [sp, #40]	@ 0x28
1000350c:	4632      	mov	r2, r6
1000350e:	7818      	ldrb	r0, [r3, #0]
10003510:	4651      	mov	r1, sl
10003512:	464b      	mov	r3, r9
10003514:	47d8      	blx	fp
10003516:	44a8      	add	r8, r5
10003518:	940a      	str	r4, [sp, #40]	@ 0x28
1000351a:	e555      	b.n	10002fc8 <_vsnprintf+0x3c>
1000351c:	4646      	mov	r6, r8
1000351e:	42a5      	cmp	r5, r4
10003520:	f67f aebb 	bls.w	1000329a <_vsnprintf+0x30e>
10003524:	44a8      	add	r8, r5
10003526:	eba8 0804 	sub.w	r8, r8, r4
1000352a:	460c      	mov	r4, r1
1000352c:	4632      	mov	r2, r6
1000352e:	464b      	mov	r3, r9
10003530:	4651      	mov	r1, sl
10003532:	2020      	movs	r0, #32
10003534:	3601      	adds	r6, #1
10003536:	47d8      	blx	fp
10003538:	4546      	cmp	r6, r8
1000353a:	d1f7      	bne.n	1000352c <_vsnprintf+0x5a0>
1000353c:	4621      	mov	r1, r4
1000353e:	e6ac      	b.n	1000329a <_vsnprintf+0x30e>
10003540:	f413 6280 	ands.w	r2, r3, #1024	@ 0x400
10003544:	f000 80bb 	beq.w	100036be <_vsnprintf+0x732>
10003548:	f44f 6280 	mov.w	r2, #1024	@ 0x400
1000354c:	f023 0c11 	bic.w	ip, r3, #17
10003550:	f41c 7700 	ands.w	r7, ip, #512	@ 0x200
10003554:	9b0a      	ldr	r3, [sp, #40]	@ 0x28
10003556:	d14a      	bne.n	100035ee <_vsnprintf+0x662>
10003558:	f41c 7080 	ands.w	r0, ip, #256	@ 0x100
1000355c:	f103 0404 	add.w	r4, r3, #4
10003560:	f040 8134 	bne.w	100037cc <_vsnprintf+0x840>
10003564:	f01c 0f40 	tst.w	ip, #64	@ 0x40
10003568:	f040 80a3 	bne.w	100036b2 <_vsnprintf+0x726>
1000356c:	f01c 0f80 	tst.w	ip, #128	@ 0x80
10003570:	f000 81d3 	beq.w	1000391a <_vsnprintf+0x98e>
10003574:	f9b3 1000 	ldrsh.w	r1, [r3]
10003578:	ea81 77e1 	eor.w	r7, r1, r1, asr #31
1000357c:	eba7 77e1 	sub.w	r7, r7, r1, asr #31
10003580:	b2bf      	uxth	r7, r7
10003582:	0fcb      	lsrs	r3, r1, #31
10003584:	2900      	cmp	r1, #0
10003586:	f000 8156 	beq.w	10003836 <_vsnprintf+0x8aa>
1000358a:	463a      	mov	r2, r7
1000358c:	a912      	add	r1, sp, #72	@ 0x48
1000358e:	460f      	mov	r7, r1
10003590:	f8df e3d8 	ldr.w	lr, [pc, #984]	@ 1000396c <_vsnprintf+0x9e0>
10003594:	910b      	str	r1, [sp, #44]	@ 0x2c
10003596:	930a      	str	r3, [sp, #40]	@ 0x28
10003598:	950c      	str	r5, [sp, #48]	@ 0x30
1000359a:	e001      	b.n	100035a0 <_vsnprintf+0x614>
1000359c:	2820      	cmp	r0, #32
1000359e:	d00f      	beq.n	100035c0 <_vsnprintf+0x634>
100035a0:	4615      	mov	r5, r2
100035a2:	fbae 1302 	umull	r1, r3, lr, r2
100035a6:	08db      	lsrs	r3, r3, #3
100035a8:	eb03 0183 	add.w	r1, r3, r3, lsl #2
100035ac:	eba2 0141 	sub.w	r1, r2, r1, lsl #1
100035b0:	3130      	adds	r1, #48	@ 0x30
100035b2:	2d09      	cmp	r5, #9
100035b4:	461a      	mov	r2, r3
100035b6:	f100 0001 	add.w	r0, r0, #1
100035ba:	f807 1b01 	strb.w	r1, [r7], #1
100035be:	d8ed      	bhi.n	1000359c <_vsnprintf+0x610>
100035c0:	9b0a      	ldr	r3, [sp, #40]	@ 0x28
100035c2:	9d0c      	ldr	r5, [sp, #48]	@ 0x30
100035c4:	e9cd 5c05 	strd	r5, ip, [sp, #20]
100035c8:	e9cd 0301 	strd	r0, r3, [sp, #4]
100035cc:	9604      	str	r6, [sp, #16]
100035ce:	9b0b      	ldr	r3, [sp, #44]	@ 0x2c
100035d0:	4642      	mov	r2, r8
100035d2:	9300      	str	r3, [sp, #0]
100035d4:	230a      	movs	r3, #10
100035d6:	4651      	mov	r1, sl
100035d8:	9303      	str	r3, [sp, #12]
100035da:	4658      	mov	r0, fp
100035dc:	464b      	mov	r3, r9
100035de:	f7fe fec5 	bl	1000236c <_ntoa_format>
100035e2:	940a      	str	r4, [sp, #40]	@ 0x28
100035e4:	4680      	mov	r8, r0
100035e6:	e4ef      	b.n	10002fc8 <_vsnprintf+0x3c>
100035e8:	f023 030c 	bic.w	r3, r3, #12
100035ec:	e721      	b.n	10003432 <_vsnprintf+0x4a6>
100035ee:	3307      	adds	r3, #7
100035f0:	f023 0307 	bic.w	r3, r3, #7
100035f4:	4619      	mov	r1, r3
100035f6:	4608      	mov	r0, r1
100035f8:	685b      	ldr	r3, [r3, #4]
100035fa:	f850 1b08 	ldr.w	r1, [r0], #8
100035fe:	0fdf      	lsrs	r7, r3, #31
10003600:	900a      	str	r0, [sp, #40]	@ 0x28
10003602:	ea51 0003 	orrs.w	r0, r1, r3
10003606:	d162      	bne.n	100036ce <_vsnprintf+0x742>
10003608:	2a00      	cmp	r2, #0
1000360a:	f040 819f 	bne.w	1000394c <_vsnprintf+0x9c0>
1000360e:	4613      	mov	r3, r2
10003610:	4611      	mov	r1, r2
10003612:	aa12      	add	r2, sp, #72	@ 0x48
10003614:	e9cd 750c 	strd	r7, r5, [sp, #48]	@ 0x30
10003618:	2000      	movs	r0, #0
1000361a:	4615      	mov	r5, r2
1000361c:	e9cd 680e 	strd	r6, r8, [sp, #56]	@ 0x38
10003620:	f8df e348 	ldr.w	lr, [pc, #840]	@ 1000396c <_vsnprintf+0x9e0>
10003624:	920b      	str	r2, [sp, #44]	@ 0x2c
10003626:	e001      	b.n	1000362c <_vsnprintf+0x6a0>
10003628:	2820      	cmp	r0, #32
1000362a:	d02d      	beq.n	10003688 <_vsnprintf+0x6fc>
1000362c:	185a      	adds	r2, r3, r1
1000362e:	f142 0200 	adc.w	r2, r2, #0
10003632:	fbae 7802 	umull	r7, r8, lr, r2
10003636:	f028 0703 	bic.w	r7, r8, #3
1000363a:	eb07 0798 	add.w	r7, r7, r8, lsr #2
1000363e:	1bd2      	subs	r2, r2, r7
10003640:	461e      	mov	r6, r3
10003642:	1a9b      	subs	r3, r3, r2
10003644:	f161 0700 	sbc.w	r7, r1, #0
10003648:	460c      	mov	r4, r1
1000364a:	f04f 31cc 	mov.w	r1, #3435973836	@ 0xcccccccc
1000364e:	fb01 f103 	mul.w	r1, r1, r3
10003652:	fb0e 1107 	mla	r1, lr, r7, r1
10003656:	fba3 730e 	umull	r7, r3, r3, lr
1000365a:	4419      	add	r1, r3
1000365c:	2305      	movs	r3, #5
1000365e:	f007 0801 	and.w	r8, r7, #1
10003662:	fba8 3803 	umull	r3, r8, r8, r3
10003666:	189b      	adds	r3, r3, r2
10003668:	2e0a      	cmp	r6, #10
1000366a:	f103 0330 	add.w	r3, r3, #48	@ 0x30
1000366e:	ea4f 0757 	mov.w	r7, r7, lsr #1
10003672:	f174 0400 	sbcs.w	r4, r4, #0
10003676:	f805 3b01 	strb.w	r3, [r5], #1
1000367a:	f100 0001 	add.w	r0, r0, #1
1000367e:	ea47 73c1 	orr.w	r3, r7, r1, lsl #31
10003682:	ea4f 0151 	mov.w	r1, r1, lsr #1
10003686:	d2cf      	bcs.n	10003628 <_vsnprintf+0x69c>
10003688:	e9dd 750c 	ldrd	r7, r5, [sp, #48]	@ 0x30
1000368c:	e9dd 680e 	ldrd	r6, r8, [sp, #56]	@ 0x38
10003690:	9b0b      	ldr	r3, [sp, #44]	@ 0x2c
10003692:	4642      	mov	r2, r8
10003694:	9300      	str	r3, [sp, #0]
10003696:	230a      	movs	r3, #10
10003698:	e9cd 5c05 	strd	r5, ip, [sp, #20]
1000369c:	e9cd 0701 	strd	r0, r7, [sp, #4]
100036a0:	9604      	str	r6, [sp, #16]
100036a2:	9303      	str	r3, [sp, #12]
100036a4:	464b      	mov	r3, r9
100036a6:	4651      	mov	r1, sl
100036a8:	4658      	mov	r0, fp
100036aa:	f7fe fe5f 	bl	1000236c <_ntoa_format>
100036ae:	4680      	mov	r8, r0
100036b0:	e48a      	b.n	10002fc8 <_vsnprintf+0x3c>
100036b2:	7819      	ldrb	r1, [r3, #0]
100036b4:	460f      	mov	r7, r1
100036b6:	e764      	b.n	10003582 <_vsnprintf+0x5f6>
100036b8:	2710      	movs	r7, #16
100036ba:	46bc      	mov	ip, r7
100036bc:	e6b3      	b.n	10003426 <_vsnprintf+0x49a>
100036be:	f023 0c10 	bic.w	ip, r3, #16
100036c2:	e745      	b.n	10003550 <_vsnprintf+0x5c4>
100036c4:	061c      	lsls	r4, r3, #24
100036c6:	bf4c      	ite	mi
100036c8:	8812      	ldrhmi	r2, [r2, #0]
100036ca:	6812      	ldrpl	r2, [r2, #0]
100036cc:	e6c0      	b.n	10003450 <_vsnprintf+0x4c4>
100036ce:	460a      	mov	r2, r1
100036d0:	1e19      	subs	r1, r3, #0
100036d2:	db01      	blt.n	100036d8 <_vsnprintf+0x74c>
100036d4:	4613      	mov	r3, r2
100036d6:	e79c      	b.n	10003612 <_vsnprintf+0x686>
100036d8:	4252      	negs	r2, r2
100036da:	4613      	mov	r3, r2
100036dc:	eb61 0141 	sbc.w	r1, r1, r1, lsl #1
100036e0:	e797      	b.n	10003612 <_vsnprintf+0x686>
100036e2:	4613      	mov	r3, r2
100036e4:	4651      	mov	r1, sl
100036e6:	7818      	ldrb	r0, [r3, #0]
100036e8:	4642      	mov	r2, r8
100036ea:	464b      	mov	r3, r9
100036ec:	47d8      	blx	fp
100036ee:	46b0      	mov	r8, r6
100036f0:	e648      	b.n	10003384 <_vsnprintf+0x3f8>
100036f2:	f013 0f20 	tst.w	r3, #32
100036f6:	bf14      	ite	ne
100036f8:	2041      	movne	r0, #65	@ 0x41
100036fa:	2061      	moveq	r0, #97	@ 0x61
100036fc:	ac12      	add	r4, sp, #72	@ 0x48
100036fe:	46a6      	mov	lr, r4
10003700:	940b      	str	r4, [sp, #44]	@ 0x2c
10003702:	930a      	str	r3, [sp, #40]	@ 0x28
10003704:	f1a0 040a 	sub.w	r4, r0, #10
10003708:	950c      	str	r5, [sp, #48]	@ 0x30
1000370a:	e002      	b.n	10003712 <_vsnprintf+0x786>
1000370c:	2920      	cmp	r1, #32
1000370e:	d012      	beq.n	10003736 <_vsnprintf+0x7aa>
10003710:	462a      	mov	r2, r5
10003712:	fbb2 f5fc 	udiv	r5, r2, ip
10003716:	fb0c 2015 	mls	r0, ip, r5, r2
1000371a:	b2c3      	uxtb	r3, r0
1000371c:	2809      	cmp	r0, #9
1000371e:	f103 0030 	add.w	r0, r3, #48	@ 0x30
10003722:	bf8a      	itet	hi
10003724:	191b      	addhi	r3, r3, r4
10003726:	b2c3      	uxtbls	r3, r0
10003728:	b2db      	uxtbhi	r3, r3
1000372a:	4562      	cmp	r2, ip
1000372c:	f80e 3b01 	strb.w	r3, [lr], #1
10003730:	f101 0101 	add.w	r1, r1, #1
10003734:	d2ea      	bcs.n	1000370c <_vsnprintf+0x780>
10003736:	9b0a      	ldr	r3, [sp, #40]	@ 0x28
10003738:	9d0c      	ldr	r5, [sp, #48]	@ 0x30
1000373a:	e694      	b.n	10003466 <_vsnprintf+0x4da>
1000373c:	9a0a      	ldr	r2, [sp, #40]	@ 0x28
1000373e:	3207      	adds	r2, #7
10003740:	f022 0207 	bic.w	r2, r2, #7
10003744:	6851      	ldr	r1, [r2, #4]
10003746:	f852 4b08 	ldr.w	r4, [r2], #8
1000374a:	468e      	mov	lr, r1
1000374c:	920a      	str	r2, [sp, #40]	@ 0x28
1000374e:	ea54 0201 	orrs.w	r2, r4, r1
10003752:	d176      	bne.n	10003842 <_vsnprintf+0x8b6>
10003754:	f023 0310 	bic.w	r3, r3, #16
10003758:	2800      	cmp	r0, #0
1000375a:	d072      	beq.n	10003842 <_vsnprintf+0x8b6>
1000375c:	2200      	movs	r2, #0
1000375e:	4611      	mov	r1, r2
10003760:	aa12      	add	r2, sp, #72	@ 0x48
10003762:	920b      	str	r2, [sp, #44]	@ 0x2c
10003764:	e9cd 5305 	strd	r5, r3, [sp, #20]
10003768:	9b0b      	ldr	r3, [sp, #44]	@ 0x2c
1000376a:	4642      	mov	r2, r8
1000376c:	9300      	str	r3, [sp, #0]
1000376e:	2300      	movs	r3, #0
10003770:	e9cd c603 	strd	ip, r6, [sp, #12]
10003774:	9101      	str	r1, [sp, #4]
10003776:	9302      	str	r3, [sp, #8]
10003778:	e794      	b.n	100036a4 <_vsnprintf+0x718>
1000377a:	42a5      	cmp	r5, r4
1000377c:	bf98      	it	ls
1000377e:	3401      	addls	r4, #1
10003780:	f67f ad74 	bls.w	1000326c <_vsnprintf+0x2e0>
10003784:	f44f 6380 	mov.w	r3, #1024	@ 0x400
10003788:	e9cd 750a 	strd	r7, r5, [sp, #40]	@ 0x28
1000378c:	eb05 0208 	add.w	r2, r5, r8
10003790:	461f      	mov	r7, r3
10003792:	460d      	mov	r5, r1
10003794:	1b14      	subs	r4, r2, r4
10003796:	4642      	mov	r2, r8
10003798:	464b      	mov	r3, r9
1000379a:	4651      	mov	r1, sl
1000379c:	2020      	movs	r0, #32
1000379e:	f108 0801 	add.w	r8, r8, #1
100037a2:	47d8      	blx	fp
100037a4:	45a0      	cmp	r8, r4
100037a6:	d1f6      	bne.n	10003796 <_vsnprintf+0x80a>
100037a8:	463b      	mov	r3, r7
100037aa:	9f0a      	ldr	r7, [sp, #40]	@ 0x28
100037ac:	4629      	mov	r1, r5
100037ae:	7838      	ldrb	r0, [r7, #0]
100037b0:	9d0b      	ldr	r5, [sp, #44]	@ 0x2c
100037b2:	1c6c      	adds	r4, r5, #1
100037b4:	2800      	cmp	r0, #0
100037b6:	f43f ad70 	beq.w	1000329a <_vsnprintf+0x30e>
100037ba:	2b00      	cmp	r3, #0
100037bc:	f43f ae75 	beq.w	100034aa <_vsnprintf+0x51e>
100037c0:	2300      	movs	r3, #0
100037c2:	e553      	b.n	1000326c <_vsnprintf+0x2e0>
100037c4:	42a5      	cmp	r5, r4
100037c6:	d8df      	bhi.n	10003788 <_vsnprintf+0x7fc>
100037c8:	3401      	adds	r4, #1
100037ca:	e66e      	b.n	100034aa <_vsnprintf+0x51e>
100037cc:	6819      	ldr	r1, [r3, #0]
100037ce:	0fcb      	lsrs	r3, r1, #31
100037d0:	2900      	cmp	r1, #0
100037d2:	f000 80a8 	beq.w	10003926 <_vsnprintf+0x99a>
100037d6:	ea81 72e1 	eor.w	r2, r1, r1, asr #31
100037da:	eba2 72e1 	sub.w	r2, r2, r1, asr #31
100037de:	a912      	add	r1, sp, #72	@ 0x48
100037e0:	4608      	mov	r0, r1
100037e2:	f8df e188 	ldr.w	lr, [pc, #392]	@ 1000396c <_vsnprintf+0x9e0>
100037e6:	910b      	str	r1, [sp, #44]	@ 0x2c
100037e8:	930a      	str	r3, [sp, #40]	@ 0x28
100037ea:	950c      	str	r5, [sp, #48]	@ 0x30
100037ec:	e001      	b.n	100037f2 <_vsnprintf+0x866>
100037ee:	2f20      	cmp	r7, #32
100037f0:	d00f      	beq.n	10003812 <_vsnprintf+0x886>
100037f2:	4615      	mov	r5, r2
100037f4:	fbae 1302 	umull	r1, r3, lr, r2
100037f8:	08db      	lsrs	r3, r3, #3
100037fa:	eb03 0183 	add.w	r1, r3, r3, lsl #2
100037fe:	eba2 0141 	sub.w	r1, r2, r1, lsl #1
10003802:	3130      	adds	r1, #48	@ 0x30
10003804:	2d09      	cmp	r5, #9
10003806:	461a      	mov	r2, r3
10003808:	f107 0701 	add.w	r7, r7, #1
1000380c:	f800 1b01 	strb.w	r1, [r0], #1
10003810:	d8ed      	bhi.n	100037ee <_vsnprintf+0x862>
10003812:	9b0a      	ldr	r3, [sp, #40]	@ 0x28
10003814:	9d0c      	ldr	r5, [sp, #48]	@ 0x30
10003816:	e9cd 5c05 	strd	r5, ip, [sp, #20]
1000381a:	e9cd 7301 	strd	r7, r3, [sp, #4]
1000381e:	9604      	str	r6, [sp, #16]
10003820:	e6d5      	b.n	100035ce <_vsnprintf+0x642>
10003822:	2869      	cmp	r0, #105	@ 0x69
10003824:	f023 0c10 	bic.w	ip, r3, #16
10003828:	f040 808c 	bne.w	10003944 <_vsnprintf+0x9b8>
1000382c:	f413 6280 	ands.w	r2, r3, #1024	@ 0x400
10003830:	f43f ae8e 	beq.w	10003550 <_vsnprintf+0x5c4>
10003834:	e688      	b.n	10003548 <_vsnprintf+0x5bc>
10003836:	2a00      	cmp	r2, #0
10003838:	f43f aea8 	beq.w	1000358c <_vsnprintf+0x600>
1000383c:	aa12      	add	r2, sp, #72	@ 0x48
1000383e:	920b      	str	r2, [sp, #44]	@ 0x2c
10003840:	e6c0      	b.n	100035c4 <_vsnprintf+0x638>
10003842:	f013 0f20 	tst.w	r3, #32
10003846:	bf14      	ite	ne
10003848:	2241      	movne	r2, #65	@ 0x41
1000384a:	2261      	moveq	r2, #97	@ 0x61
1000384c:	2000      	movs	r0, #0
1000384e:	a912      	add	r1, sp, #72	@ 0x48
10003850:	3a0a      	subs	r2, #10
10003852:	e9cd 680e 	strd	r6, r8, [sp, #56]	@ 0x38
10003856:	e9cd 350c 	strd	r3, r5, [sp, #48]	@ 0x30
1000385a:	f8cd b044 	str.w	fp, [sp, #68]	@ 0x44
1000385e:	4606      	mov	r6, r0
10003860:	4688      	mov	r8, r1
10003862:	4675      	mov	r5, lr
10003864:	4693      	mov	fp, r2
10003866:	910b      	str	r1, [sp, #44]	@ 0x2c
10003868:	f8cd c040 	str.w	ip, [sp, #64]	@ 0x40
1000386c:	e003      	b.n	10003876 <_vsnprintf+0x8ea>
1000386e:	2e20      	cmp	r6, #32
10003870:	d017      	beq.n	100038a2 <_vsnprintf+0x916>
10003872:	4604      	mov	r4, r0
10003874:	460d      	mov	r5, r1
10003876:	4629      	mov	r1, r5
10003878:	463a      	mov	r2, r7
1000387a:	2300      	movs	r3, #0
1000387c:	4620      	mov	r0, r4
1000387e:	f009 fabb 	bl	1000cdf8 <____aeabi_uldivmod_veneer>
10003882:	b2d2      	uxtb	r2, r2
10003884:	2a09      	cmp	r2, #9
10003886:	f102 0330 	add.w	r3, r2, #48	@ 0x30
1000388a:	bf88      	it	hi
1000388c:	eb02 030b 	addhi.w	r3, r2, fp
10003890:	42bc      	cmp	r4, r7
10003892:	b2db      	uxtb	r3, r3
10003894:	f175 0500 	sbcs.w	r5, r5, #0
10003898:	f808 3b01 	strb.w	r3, [r8], #1
1000389c:	f106 0601 	add.w	r6, r6, #1
100038a0:	d2e5      	bcs.n	1000386e <_vsnprintf+0x8e2>
100038a2:	4631      	mov	r1, r6
100038a4:	e9dd 350c 	ldrd	r3, r5, [sp, #48]	@ 0x30
100038a8:	e9dd cb10 	ldrd	ip, fp, [sp, #64]	@ 0x40
100038ac:	f8dd 803c 	ldr.w	r8, [sp, #60]	@ 0x3c
100038b0:	9e0e      	ldr	r6, [sp, #56]	@ 0x38
100038b2:	e757      	b.n	10003764 <_vsnprintf+0x7d8>
100038b4:	990a      	ldr	r1, [sp, #40]	@ 0x28
100038b6:	6809      	ldr	r1, [r1, #0]
100038b8:	b951      	cbnz	r1, 100038d0 <_vsnprintf+0x944>
100038ba:	f023 0310 	bic.w	r3, r3, #16
100038be:	b138      	cbz	r0, 100038d0 <_vsnprintf+0x944>
100038c0:	a912      	add	r1, sp, #72	@ 0x48
100038c2:	910b      	str	r1, [sp, #44]	@ 0x2c
100038c4:	e9cd 5305 	strd	r5, r3, [sp, #20]
100038c8:	e9cd c603 	strd	ip, r6, [sp, #12]
100038cc:	9201      	str	r2, [sp, #4]
100038ce:	e5cf      	b.n	10003470 <_vsnprintf+0x4e4>
100038d0:	f013 0f20 	tst.w	r3, #32
100038d4:	bf14      	ite	ne
100038d6:	2041      	movne	r0, #65	@ 0x41
100038d8:	2061      	moveq	r0, #97	@ 0x61
100038da:	ac12      	add	r4, sp, #72	@ 0x48
100038dc:	46a6      	mov	lr, r4
100038de:	940b      	str	r4, [sp, #44]	@ 0x2c
100038e0:	930a      	str	r3, [sp, #40]	@ 0x28
100038e2:	f1a0 040a 	sub.w	r4, r0, #10
100038e6:	950c      	str	r5, [sp, #48]	@ 0x30
100038e8:	e002      	b.n	100038f0 <_vsnprintf+0x964>
100038ea:	2a20      	cmp	r2, #32
100038ec:	d012      	beq.n	10003914 <_vsnprintf+0x988>
100038ee:	4629      	mov	r1, r5
100038f0:	fbb1 f5fc 	udiv	r5, r1, ip
100038f4:	fb0c 1015 	mls	r0, ip, r5, r1
100038f8:	b2c3      	uxtb	r3, r0
100038fa:	2809      	cmp	r0, #9
100038fc:	f103 0030 	add.w	r0, r3, #48	@ 0x30
10003900:	bf8a      	itet	hi
10003902:	191b      	addhi	r3, r3, r4
10003904:	b2c3      	uxtbls	r3, r0
10003906:	b2db      	uxtbhi	r3, r3
10003908:	4561      	cmp	r1, ip
1000390a:	f80e 3b01 	strb.w	r3, [lr], #1
1000390e:	f102 0201 	add.w	r2, r2, #1
10003912:	d2ea      	bcs.n	100038ea <_vsnprintf+0x95e>
10003914:	9b0a      	ldr	r3, [sp, #40]	@ 0x28
10003916:	9d0c      	ldr	r5, [sp, #48]	@ 0x30
10003918:	e7d4      	b.n	100038c4 <_vsnprintf+0x938>
1000391a:	6819      	ldr	r1, [r3, #0]
1000391c:	ea81 77e1 	eor.w	r7, r1, r1, asr #31
10003920:	eba7 77e1 	sub.w	r7, r7, r1, asr #31
10003924:	e62d      	b.n	10003582 <_vsnprintf+0x5f6>
10003926:	2a00      	cmp	r2, #0
10003928:	f43f af59 	beq.w	100037de <_vsnprintf+0x852>
1000392c:	aa12      	add	r2, sp, #72	@ 0x48
1000392e:	920b      	str	r2, [sp, #44]	@ 0x2c
10003930:	e771      	b.n	10003816 <_vsnprintf+0x88a>
10003932:	f413 6480 	ands.w	r4, r3, #1024	@ 0x400
10003936:	d00d      	beq.n	10003954 <_vsnprintf+0x9c8>
10003938:	f013 0402 	ands.w	r4, r3, #2
1000393c:	d012      	beq.n	10003964 <_vsnprintf+0x9d8>
1000393e:	4604      	mov	r4, r0
10003940:	4646      	mov	r6, r8
10003942:	e5ec      	b.n	1000351e <_vsnprintf+0x592>
10003944:	270a      	movs	r7, #10
10003946:	4663      	mov	r3, ip
10003948:	46bc      	mov	ip, r7
1000394a:	e56c      	b.n	10003426 <_vsnprintf+0x49a>
1000394c:	ab12      	add	r3, sp, #72	@ 0x48
1000394e:	2000      	movs	r0, #0
10003950:	930b      	str	r3, [sp, #44]	@ 0x2c
10003952:	e69d      	b.n	10003690 <_vsnprintf+0x704>
10003954:	f013 0302 	ands.w	r3, r3, #2
10003958:	f47f ade0 	bne.w	1000351c <_vsnprintf+0x590>
1000395c:	2d00      	cmp	r5, #0
1000395e:	f47f af13 	bne.w	10003788 <_vsnprintf+0x7fc>
10003962:	e49a      	b.n	1000329a <_vsnprintf+0x30e>
10003964:	2d00      	cmp	r5, #0
10003966:	f47f af0d 	bne.w	10003784 <_vsnprintf+0x7f8>
1000396a:	e496      	b.n	1000329a <_vsnprintf+0x30e>
1000396c:	cccccccd 	.word	0xcccccccd

10003970 <vfctprintf>:
10003970:	b570      	push	{r4, r5, r6, lr}
10003972:	4694      	mov	ip, r2
10003974:	461e      	mov	r6, r3
10003976:	4605      	mov	r5, r0
10003978:	460c      	mov	r4, r1
1000397a:	b084      	sub	sp, #16
1000397c:	f04f 32ff 	mov.w	r2, #4294967295	@ 0xffffffff
10003980:	4663      	mov	r3, ip
10003982:	a902      	add	r1, sp, #8
10003984:	9600      	str	r6, [sp, #0]
10003986:	4803      	ldr	r0, [pc, #12]	@ (10003994 <vfctprintf+0x24>)
10003988:	e9cd 5402 	strd	r5, r4, [sp, #8]
1000398c:	f7ff fafe 	bl	10002f8c <_vsnprintf>
10003990:	b004      	add	sp, #16
10003992:	bd70      	pop	{r4, r5, r6, pc}
10003994:	10002549 	.word	0x10002549

10003998 <weak_raw_vprintf>:
10003998:	b510      	push	{r4, lr}
1000399a:	4b09      	ldr	r3, [pc, #36]	@ (100039c0 <weak_raw_vprintf+0x28>)
1000399c:	b084      	sub	sp, #16
1000399e:	681c      	ldr	r4, [r3, #0]
100039a0:	b14c      	cbz	r4, 100039b6 <weak_raw_vprintf+0x1e>
100039a2:	4603      	mov	r3, r0
100039a4:	9100      	str	r1, [sp, #0]
100039a6:	f04f 32ff 	mov.w	r2, #4294967295	@ 0xffffffff
100039aa:	a903      	add	r1, sp, #12
100039ac:	4805      	ldr	r0, [pc, #20]	@ (100039c4 <weak_raw_vprintf+0x2c>)
100039ae:	47a0      	blx	r4
100039b0:	2001      	movs	r0, #1
100039b2:	b004      	add	sp, #16
100039b4:	bd10      	pop	{r4, pc}
100039b6:	f000 f989 	bl	10003ccc <__wrap_puts>
100039ba:	4620      	mov	r0, r4
100039bc:	b004      	add	sp, #16
100039be:	bd10      	pop	{r4, pc}
100039c0:	20002848 	.word	0x20002848
100039c4:	10002541 	.word	0x10002541

100039c8 <_exit>:
100039c8:	be00      	bkpt	0x0000
100039ca:	e7fd      	b.n	100039c8 <_exit>

100039cc <_fini>:
100039cc:	4770      	bx	lr
100039ce:	bf00      	nop

100039d0 <_sbrk>:
100039d0:	4a07      	ldr	r2, [pc, #28]	@ (100039f0 <_sbrk+0x20>)
100039d2:	4603      	mov	r3, r0
100039d4:	6810      	ldr	r0, [r2, #0]
100039d6:	b138      	cbz	r0, 100039e8 <_sbrk+0x18>
100039d8:	4906      	ldr	r1, [pc, #24]	@ (100039f4 <_sbrk+0x24>)
100039da:	4403      	add	r3, r0
100039dc:	428b      	cmp	r3, r1
100039de:	bf8c      	ite	hi
100039e0:	f04f 30ff 	movhi.w	r0, #4294967295	@ 0xffffffff
100039e4:	6013      	strls	r3, [r2, #0]
100039e6:	4770      	bx	lr
100039e8:	4903      	ldr	r1, [pc, #12]	@ (100039f8 <_sbrk+0x28>)
100039ea:	4608      	mov	r0, r1
100039ec:	6011      	str	r1, [r2, #0]
100039ee:	e7f3      	b.n	100039d8 <_sbrk+0x8>
100039f0:	20002444 	.word	0x20002444
100039f4:	20080000 	.word	0x20080000
100039f8:	200028b0 	.word	0x200028b0

100039fc <exit>:
100039fc:	b508      	push	{r3, lr}
100039fe:	f7ff ffe3 	bl	100039c8 <_exit>
10003a02:	bf00      	nop

10003a04 <runtime_init>:
10003a04:	b538      	push	{r3, r4, r5, lr}
10003a06:	4c06      	ldr	r4, [pc, #24]	@ (10003a20 <runtime_init+0x1c>)
10003a08:	4d06      	ldr	r5, [pc, #24]	@ (10003a24 <runtime_init+0x20>)
10003a0a:	f7fe f9dd 	bl	10001dc8 <runtime_run_initializers>
10003a0e:	42ac      	cmp	r4, r5
10003a10:	d204      	bcs.n	10003a1c <runtime_init+0x18>
10003a12:	f854 3b04 	ldr.w	r3, [r4], #4
10003a16:	4798      	blx	r3
10003a18:	42ac      	cmp	r4, r5
10003a1a:	d3fa      	bcc.n	10003a12 <runtime_init+0xe>
10003a1c:	bd38      	pop	{r3, r4, r5, pc}
10003a1e:	bf00      	nop
10003a20:	1000ce50 	.word	0x1000ce50
10003a24:	1000ce54 	.word	0x1000ce54

10003a28 <stdio_out_chars_no_crlf>:
10003a28:	6803      	ldr	r3, [r0, #0]
10003a2a:	4608      	mov	r0, r1
10003a2c:	4611      	mov	r1, r2
10003a2e:	4718      	bx	r3

10003a30 <stdio_out_chars_crlf>:
10003a30:	e92d 41f0 	stmdb	sp!, {r4, r5, r6, r7, r8, lr}
10003a34:	4615      	mov	r5, r2
10003a36:	7d42      	ldrb	r2, [r0, #21]
10003a38:	4607      	mov	r7, r0
10003a3a:	4688      	mov	r8, r1
10003a3c:	2a00      	cmp	r2, #0
10003a3e:	d046      	beq.n	10003ace <stdio_out_chars_crlf+0x9e>
10003a40:	2d00      	cmp	r5, #0
10003a42:	dd1d      	ble.n	10003a80 <stdio_out_chars_crlf+0x50>
10003a44:	780b      	ldrb	r3, [r1, #0]
10003a46:	2b0a      	cmp	r3, #10
10003a48:	d023      	beq.n	10003a92 <stdio_out_chars_crlf+0x62>
10003a4a:	2d01      	cmp	r5, #1
10003a4c:	f04f 0c00 	mov.w	ip, #0
10003a50:	d018      	beq.n	10003a84 <stdio_out_chars_crlf+0x54>
10003a52:	4646      	mov	r6, r8
10003a54:	2401      	movs	r4, #1
10003a56:	f816 2f01 	ldrb.w	r2, [r6, #1]!
10003a5a:	4621      	mov	r1, r4
10003a5c:	2a0a      	cmp	r2, #10
10003a5e:	f104 0401 	add.w	r4, r4, #1
10003a62:	d022      	beq.n	10003aaa <stdio_out_chars_crlf+0x7a>
10003a64:	42a5      	cmp	r5, r4
10003a66:	d1f6      	bne.n	10003a56 <stdio_out_chars_crlf+0x26>
10003a68:	4565      	cmp	r5, ip
10003a6a:	dc0b      	bgt.n	10003a84 <stdio_out_chars_crlf+0x54>
10003a6c:	eb08 0305 	add.w	r3, r8, r5
10003a70:	f813 3c01 	ldrb.w	r3, [r3, #-1]
10003a74:	f1a3 030d 	sub.w	r3, r3, #13
10003a78:	fab3 f383 	clz	r3, r3
10003a7c:	095b      	lsrs	r3, r3, #5
10003a7e:	753b      	strb	r3, [r7, #20]
10003a80:	e8bd 81f0 	ldmia.w	sp!, {r4, r5, r6, r7, r8, pc}
10003a84:	683b      	ldr	r3, [r7, #0]
10003a86:	eba5 010c 	sub.w	r1, r5, ip
10003a8a:	eb08 000c 	add.w	r0, r8, ip
10003a8e:	4798      	blx	r3
10003a90:	e7ec      	b.n	10003a6c <stdio_out_chars_crlf+0x3c>
10003a92:	7d03      	ldrb	r3, [r0, #20]
10003a94:	2b00      	cmp	r3, #0
10003a96:	d1d8      	bne.n	10003a4a <stdio_out_chars_crlf+0x1a>
10003a98:	6803      	ldr	r3, [r0, #0]
10003a9a:	2102      	movs	r1, #2
10003a9c:	480f      	ldr	r0, [pc, #60]	@ (10003adc <stdio_out_chars_crlf+0xac>)
10003a9e:	4798      	blx	r3
10003aa0:	2d01      	cmp	r5, #1
10003aa2:	d0e3      	beq.n	10003a6c <stdio_out_chars_crlf+0x3c>
10003aa4:	f04f 0c01 	mov.w	ip, #1
10003aa8:	e7d3      	b.n	10003a52 <stdio_out_chars_crlf+0x22>
10003aaa:	f816 3c01 	ldrb.w	r3, [r6, #-1]
10003aae:	2b0d      	cmp	r3, #13
10003ab0:	d0d8      	beq.n	10003a64 <stdio_out_chars_crlf+0x34>
10003ab2:	458c      	cmp	ip, r1
10003ab4:	eb08 000c 	add.w	r0, r8, ip
10003ab8:	eba1 010c 	sub.w	r1, r1, ip
10003abc:	da01      	bge.n	10003ac2 <stdio_out_chars_crlf+0x92>
10003abe:	683b      	ldr	r3, [r7, #0]
10003ac0:	4798      	blx	r3
10003ac2:	2102      	movs	r1, #2
10003ac4:	4805      	ldr	r0, [pc, #20]	@ (10003adc <stdio_out_chars_crlf+0xac>)
10003ac6:	683b      	ldr	r3, [r7, #0]
10003ac8:	4798      	blx	r3
10003aca:	46a4      	mov	ip, r4
10003acc:	e7ca      	b.n	10003a64 <stdio_out_chars_crlf+0x34>
10003ace:	4629      	mov	r1, r5
10003ad0:	4640      	mov	r0, r8
10003ad2:	683b      	ldr	r3, [r7, #0]
10003ad4:	e8bd 41f0 	ldmia.w	sp!, {r4, r5, r6, r7, r8, lr}
10003ad8:	4718      	bx	r3
10003ada:	bf00      	nop
10003adc:	1000d5f8 	.word	0x1000d5f8

10003ae0 <stdio_buffered_printer>:
10003ae0:	b5f8      	push	{r3, r4, r5, r6, r7, lr}
10003ae2:	680b      	ldr	r3, [r1, #0]
10003ae4:	1c5a      	adds	r2, r3, #1
10003ae6:	2a80      	cmp	r2, #128	@ 0x80
10003ae8:	440b      	add	r3, r1
10003aea:	600a      	str	r2, [r1, #0]
10003aec:	7118      	strb	r0, [r3, #4]
10003aee:	d000      	beq.n	10003af2 <stdio_buffered_printer+0x12>
10003af0:	bdf8      	pop	{r3, r4, r5, r6, r7, pc}
10003af2:	4b0d      	ldr	r3, [pc, #52]	@ (10003b28 <stdio_buffered_printer+0x48>)
10003af4:	460d      	mov	r5, r1
10003af6:	681c      	ldr	r4, [r3, #0]
10003af8:	b19c      	cbz	r4, 10003b22 <stdio_buffered_printer+0x42>
10003afa:	4e0c      	ldr	r6, [pc, #48]	@ (10003b2c <stdio_buffered_printer+0x4c>)
10003afc:	1d0f      	adds	r7, r1, #4
10003afe:	e001      	b.n	10003b04 <stdio_buffered_printer+0x24>
10003b00:	6924      	ldr	r4, [r4, #16]
10003b02:	b174      	cbz	r4, 10003b22 <stdio_buffered_printer+0x42>
10003b04:	6823      	ldr	r3, [r4, #0]
10003b06:	2b00      	cmp	r3, #0
10003b08:	d0fa      	beq.n	10003b00 <stdio_buffered_printer+0x20>
10003b0a:	6833      	ldr	r3, [r6, #0]
10003b0c:	b10b      	cbz	r3, 10003b12 <stdio_buffered_printer+0x32>
10003b0e:	42a3      	cmp	r3, r4
10003b10:	d1f6      	bne.n	10003b00 <stdio_buffered_printer+0x20>
10003b12:	4620      	mov	r0, r4
10003b14:	4639      	mov	r1, r7
10003b16:	682a      	ldr	r2, [r5, #0]
10003b18:	f7ff ff8a 	bl	10003a30 <stdio_out_chars_crlf>
10003b1c:	6924      	ldr	r4, [r4, #16]
10003b1e:	2c00      	cmp	r4, #0
10003b20:	d1f0      	bne.n	10003b04 <stdio_buffered_printer+0x24>
10003b22:	2300      	movs	r3, #0
10003b24:	602b      	str	r3, [r5, #0]
10003b26:	bdf8      	pop	{r3, r4, r5, r6, r7, pc}
10003b28:	20002438 	.word	0x20002438
10003b2c:	20002440 	.word	0x20002440

10003b30 <stdio_put_string>:
10003b30:	e92d 47f0 	stmdb	sp!, {r4, r5, r6, r7, r8, r9, sl, lr}
10003b34:	b082      	sub	sp, #8
10003b36:	460d      	mov	r5, r1
10003b38:	4691      	mov	r9, r2
10003b3a:	461c      	mov	r4, r3
10003b3c:	4606      	mov	r6, r0
10003b3e:	f7fd ffa3 	bl	10001a88 <time_us_64>
10003b42:	f04f 3cff 	mov.w	ip, #4294967295	@ 0xffffffff
10003b46:	f06f 4700 	mvn.w	r7, #2147483648	@ 0x80000000
10003b4a:	4a2e      	ldr	r2, [pc, #184]	@ (10003c04 <stdio_put_string+0xd4>)
10003b4c:	1882      	adds	r2, r0, r2
10003b4e:	f141 0300 	adc.w	r3, r1, #0
10003b52:	4594      	cmp	ip, r2
10003b54:	eb77 0103 	sbcs.w	r1, r7, r3
10003b58:	bf3c      	itt	cc
10003b5a:	4662      	movcc	r2, ip
10003b5c:	463b      	movcc	r3, r7
10003b5e:	482a      	ldr	r0, [pc, #168]	@ (10003c08 <stdio_put_string+0xd8>)
10003b60:	f009 f93e 	bl	1000cde0 <__mutex_try_enter_block_until_veneer>
10003b64:	1c6b      	adds	r3, r5, #1
10003b66:	4680      	mov	r8, r0
10003b68:	d040      	beq.n	10003bec <stdio_put_string+0xbc>
10003b6a:	b30c      	cbz	r4, 10003bb0 <stdio_put_string+0x80>
10003b6c:	4f27      	ldr	r7, [pc, #156]	@ (10003c0c <stdio_put_string+0xdc>)
10003b6e:	4b28      	ldr	r3, [pc, #160]	@ (10003c10 <stdio_put_string+0xe0>)
10003b70:	681c      	ldr	r4, [r3, #0]
10003b72:	b1b4      	cbz	r4, 10003ba2 <stdio_put_string+0x72>
10003b74:	f1b9 0f00 	cmp.w	r9, #0
10003b78:	d11c      	bne.n	10003bb4 <stdio_put_string+0x84>
10003b7a:	f8df 909c 	ldr.w	r9, [pc, #156]	@ 10003c18 <stdio_put_string+0xe8>
10003b7e:	e001      	b.n	10003b84 <stdio_put_string+0x54>
10003b80:	6924      	ldr	r4, [r4, #16]
10003b82:	b174      	cbz	r4, 10003ba2 <stdio_put_string+0x72>
10003b84:	6823      	ldr	r3, [r4, #0]
10003b86:	2b00      	cmp	r3, #0
10003b88:	d0fa      	beq.n	10003b80 <stdio_put_string+0x50>
10003b8a:	f8d9 3000 	ldr.w	r3, [r9]
10003b8e:	b10b      	cbz	r3, 10003b94 <stdio_put_string+0x64>
10003b90:	429c      	cmp	r4, r3
10003b92:	d1f5      	bne.n	10003b80 <stdio_put_string+0x50>
10003b94:	4620      	mov	r0, r4
10003b96:	462a      	mov	r2, r5
10003b98:	4631      	mov	r1, r6
10003b9a:	47b8      	blx	r7
10003b9c:	6924      	ldr	r4, [r4, #16]
10003b9e:	2c00      	cmp	r4, #0
10003ba0:	d1f0      	bne.n	10003b84 <stdio_put_string+0x54>
10003ba2:	f1b8 0f00 	cmp.w	r8, #0
10003ba6:	d126      	bne.n	10003bf6 <stdio_put_string+0xc6>
10003ba8:	4628      	mov	r0, r5
10003baa:	b002      	add	sp, #8
10003bac:	e8bd 87f0 	ldmia.w	sp!, {r4, r5, r6, r7, r8, r9, sl, pc}
10003bb0:	4f18      	ldr	r7, [pc, #96]	@ (10003c14 <stdio_put_string+0xe4>)
10003bb2:	e7dc      	b.n	10003b6e <stdio_put_string+0x3e>
10003bb4:	f04f 0a0a 	mov.w	sl, #10
10003bb8:	f8df 905c 	ldr.w	r9, [pc, #92]	@ 10003c18 <stdio_put_string+0xe8>
10003bbc:	e002      	b.n	10003bc4 <stdio_put_string+0x94>
10003bbe:	6924      	ldr	r4, [r4, #16]
10003bc0:	2c00      	cmp	r4, #0
10003bc2:	d0ee      	beq.n	10003ba2 <stdio_put_string+0x72>
10003bc4:	6823      	ldr	r3, [r4, #0]
10003bc6:	2b00      	cmp	r3, #0
10003bc8:	d0f9      	beq.n	10003bbe <stdio_put_string+0x8e>
10003bca:	f8d9 3000 	ldr.w	r3, [r9]
10003bce:	b10b      	cbz	r3, 10003bd4 <stdio_put_string+0xa4>
10003bd0:	42a3      	cmp	r3, r4
10003bd2:	d1f4      	bne.n	10003bbe <stdio_put_string+0x8e>
10003bd4:	462a      	mov	r2, r5
10003bd6:	4631      	mov	r1, r6
10003bd8:	4620      	mov	r0, r4
10003bda:	47b8      	blx	r7
10003bdc:	2201      	movs	r2, #1
10003bde:	4620      	mov	r0, r4
10003be0:	f10d 0107 	add.w	r1, sp, #7
10003be4:	f88d a007 	strb.w	sl, [sp, #7]
10003be8:	47b8      	blx	r7
10003bea:	e7e8      	b.n	10003bbe <stdio_put_string+0x8e>
10003bec:	4630      	mov	r0, r6
10003bee:	f008 fc61 	bl	1000c4b4 <strlen>
10003bf2:	4605      	mov	r5, r0
10003bf4:	e7b9      	b.n	10003b6a <stdio_put_string+0x3a>
10003bf6:	4804      	ldr	r0, [pc, #16]	@ (10003c08 <stdio_put_string+0xd8>)
10003bf8:	f009 f8fa 	bl	1000cdf0 <__mutex_exit_veneer>
10003bfc:	4628      	mov	r0, r5
10003bfe:	b002      	add	sp, #8
10003c00:	e8bd 87f0 	ldmia.w	sp!, {r4, r5, r6, r7, r8, r9, sl, pc}
10003c04:	000f4240 	.word	0x000f4240
10003c08:	20001c70 	.word	0x20001c70
10003c0c:	10003a31 	.word	0x10003a31
10003c10:	20002438 	.word	0x20002438
10003c14:	10003a29 	.word	0x10003a29
10003c18:	20002440 	.word	0x20002440

10003c1c <stdio_set_driver_enabled>:
10003c1c:	4a08      	ldr	r2, [pc, #32]	@ (10003c40 <stdio_set_driver_enabled+0x24>)
10003c1e:	6813      	ldr	r3, [r2, #0]
10003c20:	b923      	cbnz	r3, 10003c2c <stdio_set_driver_enabled+0x10>
10003c22:	e00a      	b.n	10003c3a <stdio_set_driver_enabled+0x1e>
10003c24:	f103 0210 	add.w	r2, r3, #16
10003c28:	691b      	ldr	r3, [r3, #16]
10003c2a:	b133      	cbz	r3, 10003c3a <stdio_set_driver_enabled+0x1e>
10003c2c:	4283      	cmp	r3, r0
10003c2e:	d1f9      	bne.n	10003c24 <stdio_set_driver_enabled+0x8>
10003c30:	b929      	cbnz	r1, 10003c3e <stdio_set_driver_enabled+0x22>
10003c32:	6918      	ldr	r0, [r3, #16]
10003c34:	6010      	str	r0, [r2, #0]
10003c36:	6119      	str	r1, [r3, #16]
10003c38:	4770      	bx	lr
10003c3a:	b101      	cbz	r1, 10003c3e <stdio_set_driver_enabled+0x22>
10003c3c:	6010      	str	r0, [r2, #0]
10003c3e:	4770      	bx	lr
10003c40:	20002438 	.word	0x20002438

10003c44 <stdio_init_all>:
10003c44:	f000 ba6c 	b.w	10004120 <stdio_usb_init>

10003c48 <__wrap_putchar>:
10003c48:	b5f0      	push	{r4, r5, r6, r7, lr}
10003c4a:	b083      	sub	sp, #12
10003c4c:	4606      	mov	r6, r0
10003c4e:	f88d 0007 	strb.w	r0, [sp, #7]
10003c52:	f7fd ff19 	bl	10001a88 <time_us_64>
10003c56:	f04f 35ff 	mov.w	r5, #4294967295	@ 0xffffffff
10003c5a:	f06f 4400 	mvn.w	r4, #2147483648	@ 0x80000000
10003c5e:	4a17      	ldr	r2, [pc, #92]	@ (10003cbc <__wrap_putchar+0x74>)
10003c60:	1882      	adds	r2, r0, r2
10003c62:	f141 0300 	adc.w	r3, r1, #0
10003c66:	4295      	cmp	r5, r2
10003c68:	eb74 0103 	sbcs.w	r1, r4, r3
10003c6c:	bf3c      	itt	cc
10003c6e:	4623      	movcc	r3, r4
10003c70:	462a      	movcc	r2, r5
10003c72:	4813      	ldr	r0, [pc, #76]	@ (10003cc0 <__wrap_putchar+0x78>)
10003c74:	f009 f8b4 	bl	1000cde0 <__mutex_try_enter_block_until_veneer>
10003c78:	4b12      	ldr	r3, [pc, #72]	@ (10003cc4 <__wrap_putchar+0x7c>)
10003c7a:	4607      	mov	r7, r0
10003c7c:	681c      	ldr	r4, [r3, #0]
10003c7e:	b19c      	cbz	r4, 10003ca8 <__wrap_putchar+0x60>
10003c80:	4d11      	ldr	r5, [pc, #68]	@ (10003cc8 <__wrap_putchar+0x80>)
10003c82:	e001      	b.n	10003c88 <__wrap_putchar+0x40>
10003c84:	6924      	ldr	r4, [r4, #16]
10003c86:	b17c      	cbz	r4, 10003ca8 <__wrap_putchar+0x60>
10003c88:	6823      	ldr	r3, [r4, #0]
10003c8a:	2b00      	cmp	r3, #0
10003c8c:	d0fa      	beq.n	10003c84 <__wrap_putchar+0x3c>
10003c8e:	682b      	ldr	r3, [r5, #0]
10003c90:	b10b      	cbz	r3, 10003c96 <__wrap_putchar+0x4e>
10003c92:	429c      	cmp	r4, r3
10003c94:	d1f6      	bne.n	10003c84 <__wrap_putchar+0x3c>
10003c96:	4620      	mov	r0, r4
10003c98:	2201      	movs	r2, #1
10003c9a:	f10d 0107 	add.w	r1, sp, #7
10003c9e:	f7ff fec7 	bl	10003a30 <stdio_out_chars_crlf>
10003ca2:	6924      	ldr	r4, [r4, #16]
10003ca4:	2c00      	cmp	r4, #0
10003ca6:	d1ef      	bne.n	10003c88 <__wrap_putchar+0x40>
10003ca8:	b917      	cbnz	r7, 10003cb0 <__wrap_putchar+0x68>
10003caa:	4630      	mov	r0, r6
10003cac:	b003      	add	sp, #12
10003cae:	bdf0      	pop	{r4, r5, r6, r7, pc}
10003cb0:	4803      	ldr	r0, [pc, #12]	@ (10003cc0 <__wrap_putchar+0x78>)
10003cb2:	f009 f89d 	bl	1000cdf0 <__mutex_exit_veneer>
10003cb6:	4630      	mov	r0, r6
10003cb8:	b003      	add	sp, #12
10003cba:	bdf0      	pop	{r4, r5, r6, r7, pc}
10003cbc:	000f4240 	.word	0x000f4240
10003cc0:	20001c70 	.word	0x20001c70
10003cc4:	20002438 	.word	0x20002438
10003cc8:	20002440 	.word	0x20002440

10003ccc <__wrap_puts>:
10003ccc:	b538      	push	{r3, r4, r5, lr}
10003cce:	4604      	mov	r4, r0
10003cd0:	f008 fbf0 	bl	1000c4b4 <strlen>
10003cd4:	2301      	movs	r3, #1
10003cd6:	4605      	mov	r5, r0
10003cd8:	461a      	mov	r2, r3
10003cda:	4620      	mov	r0, r4
10003cdc:	4629      	mov	r1, r5
10003cde:	f7ff ff27 	bl	10003b30 <stdio_put_string>
10003ce2:	4b08      	ldr	r3, [pc, #32]	@ (10003d04 <__wrap_puts+0x38>)
10003ce4:	681c      	ldr	r4, [r3, #0]
10003ce6:	b12c      	cbz	r4, 10003cf4 <__wrap_puts+0x28>
10003ce8:	6863      	ldr	r3, [r4, #4]
10003cea:	b12b      	cbz	r3, 10003cf8 <__wrap_puts+0x2c>
10003cec:	4798      	blx	r3
10003cee:	6924      	ldr	r4, [r4, #16]
10003cf0:	2c00      	cmp	r4, #0
10003cf2:	d1f9      	bne.n	10003ce8 <__wrap_puts+0x1c>
10003cf4:	4628      	mov	r0, r5
10003cf6:	bd38      	pop	{r3, r4, r5, pc}
10003cf8:	6924      	ldr	r4, [r4, #16]
10003cfa:	2c00      	cmp	r4, #0
10003cfc:	d1f4      	bne.n	10003ce8 <__wrap_puts+0x1c>
10003cfe:	4628      	mov	r0, r5
10003d00:	bd38      	pop	{r3, r4, r5, pc}
10003d02:	bf00      	nop
10003d04:	20002438 	.word	0x20002438

10003d08 <__wrap_vprintf>:
10003d08:	e92d 41f0 	stmdb	sp!, {r4, r5, r6, r7, r8, lr}
10003d0c:	b0a2      	sub	sp, #136	@ 0x88
10003d0e:	4604      	mov	r4, r0
10003d10:	460d      	mov	r5, r1
10003d12:	f7fd feb9 	bl	10001a88 <time_us_64>
10003d16:	f04f 37ff 	mov.w	r7, #4294967295	@ 0xffffffff
10003d1a:	f06f 4600 	mvn.w	r6, #2147483648	@ 0x80000000
10003d1e:	4a26      	ldr	r2, [pc, #152]	@ (10003db8 <__wrap_vprintf+0xb0>)
10003d20:	f8df 80a4 	ldr.w	r8, [pc, #164]	@ 10003dc8 <__wrap_vprintf+0xc0>
10003d24:	1882      	adds	r2, r0, r2
10003d26:	f141 0300 	adc.w	r3, r1, #0
10003d2a:	4297      	cmp	r7, r2
10003d2c:	eb76 0103 	sbcs.w	r1, r6, r3
10003d30:	bf3c      	itt	cc
10003d32:	463a      	movcc	r2, r7
10003d34:	4633      	movcc	r3, r6
10003d36:	4821      	ldr	r0, [pc, #132]	@ (10003dbc <__wrap_vprintf+0xb4>)
10003d38:	f009 f852 	bl	1000cde0 <__mutex_try_enter_block_until_veneer>
10003d3c:	2700      	movs	r7, #0
10003d3e:	462b      	mov	r3, r5
10003d40:	4622      	mov	r2, r4
10003d42:	4606      	mov	r6, r0
10003d44:	a901      	add	r1, sp, #4
10003d46:	481e      	ldr	r0, [pc, #120]	@ (10003dc0 <__wrap_vprintf+0xb8>)
10003d48:	9701      	str	r7, [sp, #4]
10003d4a:	f7ff fe11 	bl	10003970 <vfctprintf>
10003d4e:	9b01      	ldr	r3, [sp, #4]
10003d50:	4605      	mov	r5, r0
10003d52:	f8d8 4000 	ldr.w	r4, [r8]
10003d56:	b1c3      	cbz	r3, 10003d8a <__wrap_vprintf+0x82>
10003d58:	2c00      	cmp	r4, #0
10003d5a:	d02b      	beq.n	10003db4 <__wrap_vprintf+0xac>
10003d5c:	4f19      	ldr	r7, [pc, #100]	@ (10003dc4 <__wrap_vprintf+0xbc>)
10003d5e:	e001      	b.n	10003d64 <__wrap_vprintf+0x5c>
10003d60:	6924      	ldr	r4, [r4, #16]
10003d62:	b174      	cbz	r4, 10003d82 <__wrap_vprintf+0x7a>
10003d64:	6823      	ldr	r3, [r4, #0]
10003d66:	2b00      	cmp	r3, #0
10003d68:	d0fa      	beq.n	10003d60 <__wrap_vprintf+0x58>
10003d6a:	683b      	ldr	r3, [r7, #0]
10003d6c:	b10b      	cbz	r3, 10003d72 <__wrap_vprintf+0x6a>
10003d6e:	42a3      	cmp	r3, r4
10003d70:	d1f6      	bne.n	10003d60 <__wrap_vprintf+0x58>
10003d72:	4620      	mov	r0, r4
10003d74:	9a01      	ldr	r2, [sp, #4]
10003d76:	a902      	add	r1, sp, #8
10003d78:	f7ff fe5a 	bl	10003a30 <stdio_out_chars_crlf>
10003d7c:	6924      	ldr	r4, [r4, #16]
10003d7e:	2c00      	cmp	r4, #0
10003d80:	d1f0      	bne.n	10003d64 <__wrap_vprintf+0x5c>
10003d82:	2300      	movs	r3, #0
10003d84:	f8d8 4000 	ldr.w	r4, [r8]
10003d88:	9301      	str	r3, [sp, #4]
10003d8a:	b12c      	cbz	r4, 10003d98 <__wrap_vprintf+0x90>
10003d8c:	6863      	ldr	r3, [r4, #4]
10003d8e:	b143      	cbz	r3, 10003da2 <__wrap_vprintf+0x9a>
10003d90:	4798      	blx	r3
10003d92:	6924      	ldr	r4, [r4, #16]
10003d94:	2c00      	cmp	r4, #0
10003d96:	d1f9      	bne.n	10003d8c <__wrap_vprintf+0x84>
10003d98:	b92e      	cbnz	r6, 10003da6 <__wrap_vprintf+0x9e>
10003d9a:	4628      	mov	r0, r5
10003d9c:	b022      	add	sp, #136	@ 0x88
10003d9e:	e8bd 81f0 	ldmia.w	sp!, {r4, r5, r6, r7, r8, pc}
10003da2:	6924      	ldr	r4, [r4, #16]
10003da4:	e7f1      	b.n	10003d8a <__wrap_vprintf+0x82>
10003da6:	4805      	ldr	r0, [pc, #20]	@ (10003dbc <__wrap_vprintf+0xb4>)
10003da8:	f009 f822 	bl	1000cdf0 <__mutex_exit_veneer>
10003dac:	4628      	mov	r0, r5
10003dae:	b022      	add	sp, #136	@ 0x88
10003db0:	e8bd 81f0 	ldmia.w	sp!, {r4, r5, r6, r7, r8, pc}
10003db4:	9401      	str	r4, [sp, #4]
10003db6:	e7ef      	b.n	10003d98 <__wrap_vprintf+0x90>
10003db8:	000f4240 	.word	0x000f4240
10003dbc:	20001c70 	.word	0x20001c70
10003dc0:	10003ae1 	.word	0x10003ae1
10003dc4:	20002440 	.word	0x20002440
10003dc8:	20002438 	.word	0x20002438

10003dcc <__wrap_printf>:
10003dcc:	b40f      	push	{r0, r1, r2, r3}
10003dce:	b500      	push	{lr}
10003dd0:	b083      	sub	sp, #12
10003dd2:	a904      	add	r1, sp, #16
10003dd4:	f851 0b04 	ldr.w	r0, [r1], #4
10003dd8:	9101      	str	r1, [sp, #4]
10003dda:	f7ff ff95 	bl	10003d08 <__wrap_vprintf>
10003dde:	b003      	add	sp, #12
10003de0:	f85d eb04 	ldr.w	lr, [sp], #4
10003de4:	b004      	add	sp, #16
10003de6:	4770      	bx	lr

10003de8 <stdio_usb_set_chars_available_callback>:
10003de8:	4a02      	ldr	r2, [pc, #8]	@ (10003df4 <stdio_usb_set_chars_available_callback+0xc>)
10003dea:	4b03      	ldr	r3, [pc, #12]	@ (10003df8 <stdio_usb_set_chars_available_callback+0x10>)
10003dec:	6010      	str	r0, [r2, #0]
10003dee:	6019      	str	r1, [r3, #0]
10003df0:	4770      	bx	lr
10003df2:	bf00      	nop
10003df4:	200023d8 	.word	0x200023d8
10003df8:	200023dc 	.word	0x200023dc

10003dfc <timer_task>:
10003dfc:	4b18      	ldr	r3, [pc, #96]	@ (10003e60 <timer_task+0x64>)
10003dfe:	b570      	push	{r4, r5, r6, lr}
10003e00:	681a      	ldr	r2, [r3, #0]
10003e02:	2a00      	cmp	r2, #0
10003e04:	d028      	beq.n	10003e58 <timer_task+0x5c>
10003e06:	f3ef 8110 	mrs	r1, PRIMASK
10003e0a:	b672      	cpsid	i
10003e0c:	e8d2 4fcf 	ldaexb	r4, [r2]
10003e10:	2001      	movs	r0, #1
10003e12:	2c00      	cmp	r4, #0
10003e14:	d1fa      	bne.n	10003e0c <timer_task+0x10>
10003e16:	e8c2 0f44 	strexb	r4, r0, [r2]
10003e1a:	2c00      	cmp	r4, #0
10003e1c:	d1f6      	bne.n	10003e0c <timer_task+0x10>
10003e1e:	f3bf 8f5f 	dmb	sy
10003e22:	2200      	movs	r2, #0
10003e24:	4c0f      	ldr	r4, [pc, #60]	@ (10003e64 <timer_task+0x68>)
10003e26:	6818      	ldr	r0, [r3, #0]
10003e28:	6059      	str	r1, [r3, #4]
10003e2a:	7022      	strb	r2, [r4, #0]
10003e2c:	e8c0 2f8f 	stlb	r2, [r0]
10003e30:	f381 8810 	msr	PRIMASK, r1
10003e34:	2400      	movs	r4, #0
10003e36:	2500      	movs	r5, #0
10003e38:	4e0b      	ldr	r6, [pc, #44]	@ (10003e68 <timer_task+0x6c>)
10003e3a:	7830      	ldrb	r0, [r6, #0]
10003e3c:	f7fc ffe0 	bl	10000e00 <irq_is_enabled>
10003e40:	b920      	cbnz	r0, 10003e4c <timer_task+0x50>
10003e42:	2400      	movs	r4, #0
10003e44:	2500      	movs	r5, #0
10003e46:	4620      	mov	r0, r4
10003e48:	4629      	mov	r1, r5
10003e4a:	bd70      	pop	{r4, r5, r6, pc}
10003e4c:	7830      	ldrb	r0, [r6, #0]
10003e4e:	f7fc ffe7 	bl	10000e20 <irq_set_pending>
10003e52:	4620      	mov	r0, r4
10003e54:	4629      	mov	r1, r5
10003e56:	bd70      	pop	{r4, r5, r6, pc}
10003e58:	f44f 747a 	mov.w	r4, #1000	@ 0x3e8
10003e5c:	2500      	movs	r5, #0
10003e5e:	e7eb      	b.n	10003e38 <timer_task+0x3c>
10003e60:	20002854 	.word	0x20002854
10003e64:	200028ad 	.word	0x200028ad
10003e68:	200028ac 	.word	0x200028ac

10003e6c <usb_irq>:
10003e6c:	4b01      	ldr	r3, [pc, #4]	@ (10003e74 <usb_irq+0x8>)
10003e6e:	7818      	ldrb	r0, [r3, #0]
10003e70:	f7fc bfd6 	b.w	10000e20 <irq_set_pending>
10003e74:	200028ac 	.word	0x200028ac

10003e78 <stdio_usb_in_chars>:
10003e78:	b538      	push	{r3, r4, r5, lr}
10003e7a:	4604      	mov	r4, r0
10003e7c:	2000      	movs	r0, #0
10003e7e:	460d      	mov	r5, r1
10003e80:	f001 fb5e 	bl	10005540 <tud_cdc_n_connected>
10003e84:	b3a8      	cbz	r0, 10003ef2 <stdio_usb_in_chars+0x7a>
10003e86:	2000      	movs	r0, #0
10003e88:	f001 fb70 	bl	1000556c <tud_cdc_n_available>
10003e8c:	b388      	cbz	r0, 10003ef2 <stdio_usb_in_chars+0x7a>
10003e8e:	f7fd fdfb 	bl	10001a88 <time_us_64>
10003e92:	f04f 3eff 	mov.w	lr, #4294967295	@ 0xffffffff
10003e96:	f06f 4c00 	mvn.w	ip, #2147483648	@ 0x80000000
10003e9a:	4a17      	ldr	r2, [pc, #92]	@ (10003ef8 <stdio_usb_in_chars+0x80>)
10003e9c:	1882      	adds	r2, r0, r2
10003e9e:	f141 0300 	adc.w	r3, r1, #0
10003ea2:	4596      	cmp	lr, r2
10003ea4:	eb7c 0103 	sbcs.w	r1, ip, r3
10003ea8:	bf3c      	itt	cc
10003eaa:	4672      	movcc	r2, lr
10003eac:	4663      	movcc	r3, ip
10003eae:	4813      	ldr	r0, [pc, #76]	@ (10003efc <stdio_usb_in_chars+0x84>)
10003eb0:	f008 ff96 	bl	1000cde0 <__mutex_try_enter_block_until_veneer>
10003eb4:	b1e8      	cbz	r0, 10003ef2 <stdio_usb_in_chars+0x7a>
10003eb6:	2000      	movs	r0, #0
10003eb8:	f001 fb42 	bl	10005540 <tud_cdc_n_connected>
10003ebc:	b958      	cbnz	r0, 10003ed6 <stdio_usb_in_chars+0x5e>
10003ebe:	2100      	movs	r1, #0
10003ec0:	f04f 30ff 	mov.w	r0, #4294967295	@ 0xffffffff
10003ec4:	f000 fd76 	bl	100049b4 <tud_task_ext>
10003ec8:	f06f 0402 	mvn.w	r4, #2
10003ecc:	480b      	ldr	r0, [pc, #44]	@ (10003efc <stdio_usb_in_chars+0x84>)
10003ece:	f008 ff8f 	bl	1000cdf0 <__mutex_exit_veneer>
10003ed2:	4620      	mov	r0, r4
10003ed4:	bd38      	pop	{r3, r4, r5, pc}
10003ed6:	2000      	movs	r0, #0
10003ed8:	f001 fb48 	bl	1000556c <tud_cdc_n_available>
10003edc:	2800      	cmp	r0, #0
10003ede:	d0ee      	beq.n	10003ebe <stdio_usb_in_chars+0x46>
10003ee0:	4621      	mov	r1, r4
10003ee2:	462a      	mov	r2, r5
10003ee4:	2000      	movs	r0, #0
10003ee6:	f001 fb4b 	bl	10005580 <tud_cdc_n_read>
10003eea:	4604      	mov	r4, r0
10003eec:	2800      	cmp	r0, #0
10003eee:	d1ed      	bne.n	10003ecc <stdio_usb_in_chars+0x54>
10003ef0:	e7ea      	b.n	10003ec8 <stdio_usb_in_chars+0x50>
10003ef2:	f06f 0402 	mvn.w	r4, #2
10003ef6:	e7ec      	b.n	10003ed2 <stdio_usb_in_chars+0x5a>
10003ef8:	000f4240 	.word	0x000f4240
10003efc:	2000288c 	.word	0x2000288c

10003f00 <stdio_usb_out_flush>:
10003f00:	b508      	push	{r3, lr}
10003f02:	f7fd fdc1 	bl	10001a88 <time_us_64>
10003f06:	f04f 3eff 	mov.w	lr, #4294967295	@ 0xffffffff
10003f0a:	f06f 4c00 	mvn.w	ip, #2147483648	@ 0x80000000
10003f0e:	4a0f      	ldr	r2, [pc, #60]	@ (10003f4c <stdio_usb_out_flush+0x4c>)
10003f10:	1882      	adds	r2, r0, r2
10003f12:	f141 0300 	adc.w	r3, r1, #0
10003f16:	4596      	cmp	lr, r2
10003f18:	eb7c 0103 	sbcs.w	r1, ip, r3
10003f1c:	bf3c      	itt	cc
10003f1e:	4672      	movcc	r2, lr
10003f20:	4663      	movcc	r3, ip
10003f22:	480b      	ldr	r0, [pc, #44]	@ (10003f50 <stdio_usb_out_flush+0x50>)
10003f24:	f008 ff5c 	bl	1000cde0 <__mutex_try_enter_block_until_veneer>
10003f28:	b170      	cbz	r0, 10003f48 <stdio_usb_out_flush+0x48>
10003f2a:	f04f 30ff 	mov.w	r0, #4294967295	@ 0xffffffff
10003f2e:	2100      	movs	r1, #0
10003f30:	f000 fd40 	bl	100049b4 <tud_task_ext>
10003f34:	2000      	movs	r0, #0
10003f36:	f001 fb6b 	bl	10005610 <tud_cdc_n_write_flush>
10003f3a:	2800      	cmp	r0, #0
10003f3c:	d1f5      	bne.n	10003f2a <stdio_usb_out_flush+0x2a>
10003f3e:	e8bd 4008 	ldmia.w	sp!, {r3, lr}
10003f42:	4803      	ldr	r0, [pc, #12]	@ (10003f50 <stdio_usb_out_flush+0x50>)
10003f44:	f008 bf54 	b.w	1000cdf0 <__mutex_exit_veneer>
10003f48:	bd08      	pop	{r3, pc}
10003f4a:	bf00      	nop
10003f4c:	000f4240 	.word	0x000f4240
10003f50:	2000288c 	.word	0x2000288c

10003f54 <stdio_usb_out_chars>:
10003f54:	e92d 43f8 	stmdb	sp!, {r3, r4, r5, r6, r7, r8, r9, lr}
10003f58:	4680      	mov	r8, r0
10003f5a:	460f      	mov	r7, r1
10003f5c:	f7fd fd94 	bl	10001a88 <time_us_64>
10003f60:	f04f 35ff 	mov.w	r5, #4294967295	@ 0xffffffff
10003f64:	f06f 4400 	mvn.w	r4, #2147483648	@ 0x80000000
10003f68:	4a33      	ldr	r2, [pc, #204]	@ (10004038 <stdio_usb_out_chars+0xe4>)
10003f6a:	1882      	adds	r2, r0, r2
10003f6c:	f141 0300 	adc.w	r3, r1, #0
10003f70:	4295      	cmp	r5, r2
10003f72:	eb74 0103 	sbcs.w	r1, r4, r3
10003f76:	bf3c      	itt	cc
10003f78:	462a      	movcc	r2, r5
10003f7a:	4623      	movcc	r3, r4
10003f7c:	482f      	ldr	r0, [pc, #188]	@ (1000403c <stdio_usb_out_chars+0xe8>)
10003f7e:	f008 ff2f 	bl	1000cde0 <__mutex_try_enter_block_until_veneer>
10003f82:	b908      	cbnz	r0, 10003f88 <stdio_usb_out_chars+0x34>
10003f84:	e8bd 83f8 	ldmia.w	sp!, {r3, r4, r5, r6, r7, r8, r9, pc}
10003f88:	2000      	movs	r0, #0
10003f8a:	f001 fad9 	bl	10005540 <tud_cdc_n_connected>
10003f8e:	2800      	cmp	r0, #0
10003f90:	d047      	beq.n	10004022 <stdio_usb_out_chars+0xce>
10003f92:	2f00      	cmp	r7, #0
10003f94:	dd40      	ble.n	10004018 <stdio_usb_out_chars+0xc4>
10003f96:	2500      	movs	r5, #0
10003f98:	f8df 90a8 	ldr.w	r9, [pc, #168]	@ 10004044 <stdio_usb_out_chars+0xf0>
10003f9c:	4e28      	ldr	r6, [pc, #160]	@ (10004040 <stdio_usb_out_chars+0xec>)
10003f9e:	e013      	b.n	10003fc8 <stdio_usb_out_chars+0x74>
10003fa0:	4622      	mov	r2, r4
10003fa2:	2000      	movs	r0, #0
10003fa4:	f001 fb7a 	bl	1000569c <tud_cdc_n_write>
10003fa8:	2100      	movs	r1, #0
10003faa:	4604      	mov	r4, r0
10003fac:	f04f 30ff 	mov.w	r0, #4294967295	@ 0xffffffff
10003fb0:	f000 fd00 	bl	100049b4 <tud_task_ext>
10003fb4:	2000      	movs	r0, #0
10003fb6:	f001 fb2b 	bl	10005610 <tud_cdc_n_write_flush>
10003fba:	f7fd fd65 	bl	10001a88 <time_us_64>
10003fbe:	e9c9 0100 	strd	r0, r1, [r9]
10003fc2:	4425      	add	r5, r4
10003fc4:	42af      	cmp	r7, r5
10003fc6:	dd27      	ble.n	10004018 <stdio_usb_out_chars+0xc4>
10003fc8:	2000      	movs	r0, #0
10003fca:	f001 fb87 	bl	100056dc <tud_cdc_n_write_available>
10003fce:	1b7c      	subs	r4, r7, r5
10003fd0:	4284      	cmp	r4, r0
10003fd2:	bfa8      	it	ge
10003fd4:	4604      	movge	r4, r0
10003fd6:	eb08 0105 	add.w	r1, r8, r5
10003fda:	2c00      	cmp	r4, #0
10003fdc:	d1e0      	bne.n	10003fa0 <stdio_usb_out_chars+0x4c>
10003fde:	4621      	mov	r1, r4
10003fe0:	f04f 30ff 	mov.w	r0, #4294967295	@ 0xffffffff
10003fe4:	f000 fce6 	bl	100049b4 <tud_task_ext>
10003fe8:	4620      	mov	r0, r4
10003fea:	f001 fb11 	bl	10005610 <tud_cdc_n_write_flush>
10003fee:	4620      	mov	r0, r4
10003ff0:	f001 faa6 	bl	10005540 <tud_cdc_n_connected>
10003ff4:	b180      	cbz	r0, 10004018 <stdio_usb_out_chars+0xc4>
10003ff6:	4620      	mov	r0, r4
10003ff8:	f001 fb70 	bl	100056dc <tud_cdc_n_write_available>
10003ffc:	2800      	cmp	r0, #0
10003ffe:	d1e1      	bne.n	10003fc4 <stdio_usb_out_chars+0x70>
10004000:	f7fd fd42 	bl	10001a88 <time_us_64>
10004004:	f8d9 3000 	ldr.w	r3, [r9]
10004008:	f8d9 2004 	ldr.w	r2, [r9, #4]
1000400c:	199b      	adds	r3, r3, r6
1000400e:	f142 0200 	adc.w	r2, r2, #0
10004012:	4283      	cmp	r3, r0
10004014:	418a      	sbcs	r2, r1
10004016:	d2d5      	bcs.n	10003fc4 <stdio_usb_out_chars+0x70>
10004018:	4808      	ldr	r0, [pc, #32]	@ (1000403c <stdio_usb_out_chars+0xe8>)
1000401a:	e8bd 43f8 	ldmia.w	sp!, {r3, r4, r5, r6, r7, r8, r9, lr}
1000401e:	f008 bee7 	b.w	1000cdf0 <__mutex_exit_veneer>
10004022:	2000      	movs	r0, #0
10004024:	2100      	movs	r1, #0
10004026:	4b07      	ldr	r3, [pc, #28]	@ (10004044 <stdio_usb_out_chars+0xf0>)
10004028:	e9c3 0100 	strd	r0, r1, [r3]
1000402c:	e8bd 43f8 	ldmia.w	sp!, {r3, r4, r5, r6, r7, r8, r9, lr}
10004030:	4802      	ldr	r0, [pc, #8]	@ (1000403c <stdio_usb_out_chars+0xe8>)
10004032:	f008 bedd 	b.w	1000cdf0 <__mutex_exit_veneer>
10004036:	bf00      	nop
10004038:	000f4240 	.word	0x000f4240
1000403c:	2000288c 	.word	0x2000288c
10004040:	0007a120 	.word	0x0007a120
10004044:	20001df8 	.word	0x20001df8

10004048 <low_priority_worker_irq>:
10004048:	b530      	push	{r4, r5, lr}
1000404a:	2100      	movs	r1, #0
1000404c:	b085      	sub	sp, #20
1000404e:	482e      	ldr	r0, [pc, #184]	@ (10004108 <low_priority_worker_irq+0xc0>)
10004050:	f008 feb6 	bl	1000cdc0 <__mutex_try_enter_veneer>
10004054:	b9f0      	cbnz	r0, 10004094 <low_priority_worker_irq+0x4c>
10004056:	4b2d      	ldr	r3, [pc, #180]	@ (1000410c <low_priority_worker_irq+0xc4>)
10004058:	681a      	ldr	r2, [r3, #0]
1000405a:	b1ca      	cbz	r2, 10004090 <low_priority_worker_irq+0x48>
1000405c:	f3ef 8110 	mrs	r1, PRIMASK
10004060:	b672      	cpsid	i
10004062:	e8d2 5fcf 	ldaexb	r5, [r2]
10004066:	2401      	movs	r4, #1
10004068:	2d00      	cmp	r5, #0
1000406a:	d1fa      	bne.n	10004062 <low_priority_worker_irq+0x1a>
1000406c:	e8c2 4f45 	strexb	r5, r4, [r2]
10004070:	2d00      	cmp	r5, #0
10004072:	d1f6      	bne.n	10004062 <low_priority_worker_irq+0x1a>
10004074:	f3bf 8f5f 	dmb	sy
10004078:	4c25      	ldr	r4, [pc, #148]	@ (10004110 <low_priority_worker_irq+0xc8>)
1000407a:	681d      	ldr	r5, [r3, #0]
1000407c:	7822      	ldrb	r2, [r4, #0]
1000407e:	6059      	str	r1, [r3, #4]
10004080:	b2d3      	uxtb	r3, r2
10004082:	2201      	movs	r2, #1
10004084:	7022      	strb	r2, [r4, #0]
10004086:	e8c5 0f8f 	stlb	r0, [r5]
1000408a:	f381 8810 	msr	PRIMASK, r1
1000408e:	b1cb      	cbz	r3, 100040c4 <low_priority_worker_irq+0x7c>
10004090:	b005      	add	sp, #20
10004092:	bd30      	pop	{r4, r5, pc}
10004094:	2100      	movs	r1, #0
10004096:	f04f 30ff 	mov.w	r0, #4294967295	@ 0xffffffff
1000409a:	f000 fc8b 	bl	100049b4 <tud_task_ext>
1000409e:	2000      	movs	r0, #0
100040a0:	f001 fa64 	bl	1000556c <tud_cdc_n_available>
100040a4:	4604      	mov	r4, r0
100040a6:	4818      	ldr	r0, [pc, #96]	@ (10004108 <low_priority_worker_irq+0xc0>)
100040a8:	f008 fea2 	bl	1000cdf0 <__mutex_exit_veneer>
100040ac:	2c00      	cmp	r4, #0
100040ae:	d0ef      	beq.n	10004090 <low_priority_worker_irq+0x48>
100040b0:	4b18      	ldr	r3, [pc, #96]	@ (10004114 <low_priority_worker_irq+0xcc>)
100040b2:	681b      	ldr	r3, [r3, #0]
100040b4:	2b00      	cmp	r3, #0
100040b6:	d0eb      	beq.n	10004090 <low_priority_worker_irq+0x48>
100040b8:	4a17      	ldr	r2, [pc, #92]	@ (10004118 <low_priority_worker_irq+0xd0>)
100040ba:	6810      	ldr	r0, [r2, #0]
100040bc:	b005      	add	sp, #20
100040be:	e8bd 4030 	ldmia.w	sp!, {r4, r5, lr}
100040c2:	4718      	bx	r3
100040c4:	f7fd fac0 	bl	10001648 <alarm_pool_get_default>
100040c8:	4604      	mov	r4, r0
100040ca:	f7fd fcdd 	bl	10001a88 <time_us_64>
100040ce:	f04f 3cff 	mov.w	ip, #4294967295	@ 0xffffffff
100040d2:	f06f 4500 	mvn.w	r5, #2147483648	@ 0x80000000
100040d6:	f510 727a 	adds.w	r2, r0, #1000	@ 0x3e8
100040da:	f141 0300 	adc.w	r3, r1, #0
100040de:	4594      	cmp	ip, r2
100040e0:	eb75 0103 	sbcs.w	r1, r5, r3
100040e4:	bf38      	it	cc
100040e6:	462b      	movcc	r3, r5
100040e8:	f04f 0100 	mov.w	r1, #0
100040ec:	f04f 0501 	mov.w	r5, #1
100040f0:	4620      	mov	r0, r4
100040f2:	4c0a      	ldr	r4, [pc, #40]	@ (1000411c <low_priority_worker_irq+0xd4>)
100040f4:	bf38      	it	cc
100040f6:	4662      	movcc	r2, ip
100040f8:	e9cd 1501 	strd	r1, r5, [sp, #4]
100040fc:	9400      	str	r4, [sp, #0]
100040fe:	f7fd faa7 	bl	10001650 <alarm_pool_add_alarm_at>
10004102:	b005      	add	sp, #20
10004104:	bd30      	pop	{r4, r5, pc}
10004106:	bf00      	nop
10004108:	2000288c 	.word	0x2000288c
1000410c:	20002854 	.word	0x20002854
10004110:	200028ad 	.word	0x200028ad
10004114:	200023d8 	.word	0x200023d8
10004118:	200023dc 	.word	0x200023dc
1000411c:	10003dfd 	.word	0x10003dfd

10004120 <stdio_usb_init>:
10004120:	f04f 4350 	mov.w	r3, #3489660928	@ 0xd0000000
10004124:	b530      	push	{r4, r5, lr}
10004126:	b085      	sub	sp, #20
10004128:	681c      	ldr	r4, [r3, #0]
1000412a:	f7fd fa8d 	bl	10001648 <alarm_pool_get_default>
1000412e:	f7fd fba1 	bl	10001874 <alarm_pool_core_num>
10004132:	42a0      	cmp	r0, r4
10004134:	d002      	beq.n	1000413c <stdio_usb_init+0x1c>
10004136:	2000      	movs	r0, #0
10004138:	b005      	add	sp, #20
1000413a:	bd30      	pop	{r4, r5, pc}
1000413c:	2100      	movs	r1, #0
1000413e:	4b2a      	ldr	r3, [pc, #168]	@ (100041e8 <stdio_usb_init+0xc8>)
10004140:	4608      	mov	r0, r1
10004142:	781b      	ldrb	r3, [r3, #0]
10004144:	f001 fc86 	bl	10005a54 <tusb_rhport_init>
10004148:	4828      	ldr	r0, [pc, #160]	@ (100041ec <stdio_usb_init+0xcc>)
1000414a:	6803      	ldr	r3, [r0, #0]
1000414c:	2b00      	cmp	r3, #0
1000414e:	d047      	beq.n	100041e0 <stdio_usb_init+0xc0>
10004150:	2001      	movs	r0, #1
10004152:	f7fc fff7 	bl	10001144 <user_irq_claim_unused>
10004156:	4603      	mov	r3, r0
10004158:	4c25      	ldr	r4, [pc, #148]	@ (100041f0 <stdio_usb_init+0xd0>)
1000415a:	4926      	ldr	r1, [pc, #152]	@ (100041f4 <stdio_usb_init+0xd4>)
1000415c:	b2c0      	uxtb	r0, r0
1000415e:	7023      	strb	r3, [r4, #0]
10004160:	f7fc fe7a 	bl	10000e58 <irq_set_exclusive_handler>
10004164:	7820      	ldrb	r0, [r4, #0]
10004166:	2101      	movs	r1, #1
10004168:	f7fc fe34 	bl	10000dd4 <irq_set_enabled>
1000416c:	200e      	movs	r0, #14
1000416e:	f7fc fe63 	bl	10000e38 <irq_has_shared_handler>
10004172:	bb40      	cbnz	r0, 100041c6 <stdio_usb_init+0xa6>
10004174:	4b20      	ldr	r3, [pc, #128]	@ (100041f8 <stdio_usb_init+0xd8>)
10004176:	2501      	movs	r5, #1
10004178:	e9c3 0000 	strd	r0, r0, [r3]
1000417c:	f7fd fa64 	bl	10001648 <alarm_pool_get_default>
10004180:	4604      	mov	r4, r0
10004182:	f7fd fc81 	bl	10001a88 <time_us_64>
10004186:	f04f 3eff 	mov.w	lr, #4294967295	@ 0xffffffff
1000418a:	f06f 4c00 	mvn.w	ip, #2147483648	@ 0x80000000
1000418e:	f510 727a 	adds.w	r2, r0, #1000	@ 0x3e8
10004192:	f141 0300 	adc.w	r3, r1, #0
10004196:	4596      	cmp	lr, r2
10004198:	eb7c 0103 	sbcs.w	r1, ip, r3
1000419c:	f04f 0100 	mov.w	r1, #0
100041a0:	4620      	mov	r0, r4
100041a2:	4c16      	ldr	r4, [pc, #88]	@ (100041fc <stdio_usb_init+0xdc>)
100041a4:	bf3c      	itt	cc
100041a6:	4672      	movcc	r2, lr
100041a8:	4663      	movcc	r3, ip
100041aa:	e9cd 1501 	strd	r1, r5, [sp, #4]
100041ae:	9400      	str	r4, [sp, #0]
100041b0:	f7fd fa4e 	bl	10001650 <alarm_pool_add_alarm_at>
100041b4:	2800      	cmp	r0, #0
100041b6:	dbbe      	blt.n	10004136 <stdio_usb_init+0x16>
100041b8:	2101      	movs	r1, #1
100041ba:	4811      	ldr	r0, [pc, #68]	@ (10004200 <stdio_usb_init+0xe0>)
100041bc:	f7ff fd2e 	bl	10003c1c <stdio_set_driver_enabled>
100041c0:	2001      	movs	r0, #1
100041c2:	b005      	add	sp, #20
100041c4:	bd30      	pop	{r4, r5, pc}
100041c6:	2001      	movs	r0, #1
100041c8:	f7fc fdc0 	bl	10000d4c <spin_lock_claim_unused>
100041cc:	4601      	mov	r1, r0
100041ce:	480a      	ldr	r0, [pc, #40]	@ (100041f8 <stdio_usb_init+0xd8>)
100041d0:	f7fd f814 	bl	100011fc <critical_section_init_with_lock_num>
100041d4:	2200      	movs	r2, #0
100041d6:	200e      	movs	r0, #14
100041d8:	490a      	ldr	r1, [pc, #40]	@ (10004204 <stdio_usb_init+0xe4>)
100041da:	f7fc fe6b 	bl	10000eb4 <irq_add_shared_handler>
100041de:	e7eb      	b.n	100041b8 <stdio_usb_init+0x98>
100041e0:	f7fc fff0 	bl	100011c4 <mutex_init>
100041e4:	e7b4      	b.n	10004150 <stdio_usb_init+0x30>
100041e6:	bf00      	nop
100041e8:	1000d800 	.word	0x1000d800
100041ec:	2000288c 	.word	0x2000288c
100041f0:	200028ac 	.word	0x200028ac
100041f4:	10004049 	.word	0x10004049
100041f8:	20002854 	.word	0x20002854
100041fc:	10003dfd 	.word	0x10003dfd
10004200:	200016a0 	.word	0x200016a0
10004204:	10003e6d 	.word	0x10003e6d

10004208 <tud_descriptor_device_cb>:
10004208:	4800      	ldr	r0, [pc, #0]	@ (1000420c <tud_descriptor_device_cb+0x4>)
1000420a:	4770      	bx	lr
1000420c:	1000d674 	.word	0x1000d674

10004210 <tud_descriptor_configuration_cb>:
10004210:	4800      	ldr	r0, [pc, #0]	@ (10004214 <tud_descriptor_configuration_cb+0x4>)
10004212:	4770      	bx	lr
10004214:	1000d620 	.word	0x1000d620

10004218 <tud_descriptor_string_cb>:
10004218:	b538      	push	{r3, r4, r5, lr}
1000421a:	4b18      	ldr	r3, [pc, #96]	@ (1000427c <tud_descriptor_string_cb+0x64>)
1000421c:	4604      	mov	r4, r0
1000421e:	781a      	ldrb	r2, [r3, #0]
10004220:	b30a      	cbz	r2, 10004266 <tud_descriptor_string_cb+0x4e>
10004222:	b944      	cbnz	r4, 10004236 <tud_descriptor_string_cb+0x1e>
10004224:	f240 4209 	movw	r2, #1033	@ 0x409
10004228:	f44f 7341 	mov.w	r3, #772	@ 0x304
1000422c:	4d14      	ldr	r5, [pc, #80]	@ (10004280 <tud_descriptor_string_cb+0x68>)
1000422e:	806a      	strh	r2, [r5, #2]
10004230:	4813      	ldr	r0, [pc, #76]	@ (10004280 <tud_descriptor_string_cb+0x68>)
10004232:	802b      	strh	r3, [r5, #0]
10004234:	bd38      	pop	{r3, r4, r5, pc}
10004236:	2c05      	cmp	r4, #5
10004238:	d81d      	bhi.n	10004276 <tud_descriptor_string_cb+0x5e>
1000423a:	4b12      	ldr	r3, [pc, #72]	@ (10004284 <tud_descriptor_string_cb+0x6c>)
1000423c:	4d10      	ldr	r5, [pc, #64]	@ (10004280 <tud_descriptor_string_cb+0x68>)
1000423e:	f853 1024 	ldr.w	r1, [r3, r4, lsl #2]
10004242:	4628      	mov	r0, r5
10004244:	2300      	movs	r3, #0
10004246:	3901      	subs	r1, #1
10004248:	e003      	b.n	10004252 <tud_descriptor_string_cb+0x3a>
1000424a:	2b13      	cmp	r3, #19
1000424c:	f820 2f02 	strh.w	r2, [r0, #2]!
10004250:	d00e      	beq.n	10004270 <tud_descriptor_string_cb+0x58>
10004252:	f811 2f01 	ldrb.w	r2, [r1, #1]!
10004256:	3301      	adds	r3, #1
10004258:	b2db      	uxtb	r3, r3
1000425a:	2a00      	cmp	r2, #0
1000425c:	d1f5      	bne.n	1000424a <tud_descriptor_string_cb+0x32>
1000425e:	005b      	lsls	r3, r3, #1
10004260:	f443 7340 	orr.w	r3, r3, #768	@ 0x300
10004264:	e7e4      	b.n	10004230 <tud_descriptor_string_cb+0x18>
10004266:	2111      	movs	r1, #17
10004268:	4618      	mov	r0, r3
1000426a:	f000 f825 	bl	100042b8 <pico_get_unique_board_id_string>
1000426e:	e7d8      	b.n	10004222 <tud_descriptor_string_cb+0xa>
10004270:	f44f 734a 	mov.w	r3, #808	@ 0x328
10004274:	e7dc      	b.n	10004230 <tud_descriptor_string_cb+0x18>
10004276:	2000      	movs	r0, #0
10004278:	bd38      	pop	{r3, r4, r5, pc}
1000427a:	bf00      	nop
1000427c:	20002894 	.word	0x20002894
10004280:	20002410 	.word	0x20002410
10004284:	1000d608 	.word	0x1000d608

10004288 <_retrieve_unique_id_on_boot>:
10004288:	b500      	push	{lr}
1000428a:	f245 3047 	movw	r0, #21319	@ 0x5347
1000428e:	b08b      	sub	sp, #44	@ 0x2c
10004290:	f7fd fd3c 	bl	10001d0c <rom_func_lookup>
10004294:	2201      	movs	r2, #1
10004296:	4603      	mov	r3, r0
10004298:	2109      	movs	r1, #9
1000429a:	a801      	add	r0, sp, #4
1000429c:	4798      	blx	r3
1000429e:	e9dd 3203 	ldrd	r3, r2, [sp, #12]
100042a2:	4904      	ldr	r1, [pc, #16]	@ (100042b4 <_retrieve_unique_id_on_boot+0x2c>)
100042a4:	ba12      	rev	r2, r2
100042a6:	ba1b      	rev	r3, r3
100042a8:	e9c1 2300 	strd	r2, r3, [r1]
100042ac:	b00b      	add	sp, #44	@ 0x2c
100042ae:	f85d fb04 	ldr.w	pc, [sp], #4
100042b2:	bf00      	nop
100042b4:	20002880 	.word	0x20002880

100042b8 <pico_get_unique_board_id_string>:
100042b8:	2901      	cmp	r1, #1
100042ba:	f101 33ff 	add.w	r3, r1, #4294967295	@ 0xffffffff
100042be:	f000 80b3 	beq.w	10004428 <pico_get_unique_board_id_string+0x170>
100042c2:	495d      	ldr	r1, [pc, #372]	@ (10004438 <pico_get_unique_board_id_string+0x180>)
100042c4:	780a      	ldrb	r2, [r1, #0]
100042c6:	ea4f 1c12 	mov.w	ip, r2, lsr #4
100042ca:	2a9f      	cmp	r2, #159	@ 0x9f
100042cc:	bf8c      	ite	hi
100042ce:	f10c 0c37 	addhi.w	ip, ip, #55	@ 0x37
100042d2:	f10c 0c30 	addls.w	ip, ip, #48	@ 0x30
100042d6:	2b01      	cmp	r3, #1
100042d8:	f880 c000 	strb.w	ip, [r0]
100042dc:	f000 80a7 	beq.w	1000442e <pico_get_unique_board_id_string+0x176>
100042e0:	f002 020f 	and.w	r2, r2, #15
100042e4:	2a09      	cmp	r2, #9
100042e6:	bf8c      	ite	hi
100042e8:	3237      	addhi	r2, #55	@ 0x37
100042ea:	3230      	addls	r2, #48	@ 0x30
100042ec:	2b02      	cmp	r3, #2
100042ee:	7042      	strb	r2, [r0, #1]
100042f0:	f000 809d 	beq.w	1000442e <pico_get_unique_board_id_string+0x176>
100042f4:	784a      	ldrb	r2, [r1, #1]
100042f6:	ea4f 1c12 	mov.w	ip, r2, lsr #4
100042fa:	2a9f      	cmp	r2, #159	@ 0x9f
100042fc:	bf8c      	ite	hi
100042fe:	f10c 0c37 	addhi.w	ip, ip, #55	@ 0x37
10004302:	f10c 0c30 	addls.w	ip, ip, #48	@ 0x30
10004306:	2b03      	cmp	r3, #3
10004308:	f880 c002 	strb.w	ip, [r0, #2]
1000430c:	f000 808f 	beq.w	1000442e <pico_get_unique_board_id_string+0x176>
10004310:	f002 020f 	and.w	r2, r2, #15
10004314:	2a09      	cmp	r2, #9
10004316:	bf8c      	ite	hi
10004318:	3237      	addhi	r2, #55	@ 0x37
1000431a:	3230      	addls	r2, #48	@ 0x30
1000431c:	2b04      	cmp	r3, #4
1000431e:	70c2      	strb	r2, [r0, #3]
10004320:	f000 8085 	beq.w	1000442e <pico_get_unique_board_id_string+0x176>
10004324:	788a      	ldrb	r2, [r1, #2]
10004326:	ea4f 1c12 	mov.w	ip, r2, lsr #4
1000432a:	2a9f      	cmp	r2, #159	@ 0x9f
1000432c:	bf8c      	ite	hi
1000432e:	f10c 0c37 	addhi.w	ip, ip, #55	@ 0x37
10004332:	f10c 0c30 	addls.w	ip, ip, #48	@ 0x30
10004336:	2b05      	cmp	r3, #5
10004338:	f880 c004 	strb.w	ip, [r0, #4]
1000433c:	d077      	beq.n	1000442e <pico_get_unique_board_id_string+0x176>
1000433e:	f002 020f 	and.w	r2, r2, #15
10004342:	2a09      	cmp	r2, #9
10004344:	bf8c      	ite	hi
10004346:	3237      	addhi	r2, #55	@ 0x37
10004348:	3230      	addls	r2, #48	@ 0x30
1000434a:	2b06      	cmp	r3, #6
1000434c:	7142      	strb	r2, [r0, #5]
1000434e:	d06e      	beq.n	1000442e <pico_get_unique_board_id_string+0x176>
10004350:	78ca      	ldrb	r2, [r1, #3]
10004352:	ea4f 1c12 	mov.w	ip, r2, lsr #4
10004356:	2a9f      	cmp	r2, #159	@ 0x9f
10004358:	bf8c      	ite	hi
1000435a:	f10c 0c37 	addhi.w	ip, ip, #55	@ 0x37
1000435e:	f10c 0c30 	addls.w	ip, ip, #48	@ 0x30
10004362:	2b07      	cmp	r3, #7
10004364:	f880 c006 	strb.w	ip, [r0, #6]
10004368:	d061      	beq.n	1000442e <pico_get_unique_board_id_string+0x176>
1000436a:	f002 020f 	and.w	r2, r2, #15
1000436e:	2a09      	cmp	r2, #9
10004370:	bf8c      	ite	hi
10004372:	3237      	addhi	r2, #55	@ 0x37
10004374:	3230      	addls	r2, #48	@ 0x30
10004376:	2b08      	cmp	r3, #8
10004378:	71c2      	strb	r2, [r0, #7]
1000437a:	d058      	beq.n	1000442e <pico_get_unique_board_id_string+0x176>
1000437c:	790a      	ldrb	r2, [r1, #4]
1000437e:	ea4f 1c12 	mov.w	ip, r2, lsr #4
10004382:	2a9f      	cmp	r2, #159	@ 0x9f
10004384:	bf8c      	ite	hi
10004386:	f10c 0c37 	addhi.w	ip, ip, #55	@ 0x37
1000438a:	f10c 0c30 	addls.w	ip, ip, #48	@ 0x30
1000438e:	2b09      	cmp	r3, #9
10004390:	f880 c008 	strb.w	ip, [r0, #8]
10004394:	d04b      	beq.n	1000442e <pico_get_unique_board_id_string+0x176>
10004396:	f002 020f 	and.w	r2, r2, #15
1000439a:	2a09      	cmp	r2, #9
1000439c:	bf8c      	ite	hi
1000439e:	3237      	addhi	r2, #55	@ 0x37
100043a0:	3230      	addls	r2, #48	@ 0x30
100043a2:	2b0a      	cmp	r3, #10
100043a4:	7242      	strb	r2, [r0, #9]
100043a6:	d042      	beq.n	1000442e <pico_get_unique_board_id_string+0x176>
100043a8:	794a      	ldrb	r2, [r1, #5]
100043aa:	ea4f 1c12 	mov.w	ip, r2, lsr #4
100043ae:	2a9f      	cmp	r2, #159	@ 0x9f
100043b0:	bf8c      	ite	hi
100043b2:	f10c 0c37 	addhi.w	ip, ip, #55	@ 0x37
100043b6:	f10c 0c30 	addls.w	ip, ip, #48	@ 0x30
100043ba:	2b0b      	cmp	r3, #11
100043bc:	f880 c00a 	strb.w	ip, [r0, #10]
100043c0:	d035      	beq.n	1000442e <pico_get_unique_board_id_string+0x176>
100043c2:	f002 020f 	and.w	r2, r2, #15
100043c6:	2a09      	cmp	r2, #9
100043c8:	bf8c      	ite	hi
100043ca:	3237      	addhi	r2, #55	@ 0x37
100043cc:	3230      	addls	r2, #48	@ 0x30
100043ce:	2b0c      	cmp	r3, #12
100043d0:	72c2      	strb	r2, [r0, #11]
100043d2:	d02c      	beq.n	1000442e <pico_get_unique_board_id_string+0x176>
100043d4:	798a      	ldrb	r2, [r1, #6]
100043d6:	ea4f 1c12 	mov.w	ip, r2, lsr #4
100043da:	2a9f      	cmp	r2, #159	@ 0x9f
100043dc:	bf8c      	ite	hi
100043de:	f10c 0c37 	addhi.w	ip, ip, #55	@ 0x37
100043e2:	f10c 0c30 	addls.w	ip, ip, #48	@ 0x30
100043e6:	2b0d      	cmp	r3, #13
100043e8:	f880 c00c 	strb.w	ip, [r0, #12]
100043ec:	d01f      	beq.n	1000442e <pico_get_unique_board_id_string+0x176>
100043ee:	f002 020f 	and.w	r2, r2, #15
100043f2:	2a09      	cmp	r2, #9
100043f4:	bf8c      	ite	hi
100043f6:	3237      	addhi	r2, #55	@ 0x37
100043f8:	3230      	addls	r2, #48	@ 0x30
100043fa:	2b0e      	cmp	r3, #14
100043fc:	7342      	strb	r2, [r0, #13]
100043fe:	d016      	beq.n	1000442e <pico_get_unique_board_id_string+0x176>
10004400:	79ca      	ldrb	r2, [r1, #7]
10004402:	0911      	lsrs	r1, r2, #4
10004404:	2a9f      	cmp	r2, #159	@ 0x9f
10004406:	bf8c      	ite	hi
10004408:	3137      	addhi	r1, #55	@ 0x37
1000440a:	3130      	addls	r1, #48	@ 0x30
1000440c:	2b0f      	cmp	r3, #15
1000440e:	7381      	strb	r1, [r0, #14]
10004410:	d00d      	beq.n	1000442e <pico_get_unique_board_id_string+0x176>
10004412:	f002 020f 	and.w	r2, r2, #15
10004416:	2a09      	cmp	r2, #9
10004418:	bf94      	ite	ls
1000441a:	3230      	addls	r2, #48	@ 0x30
1000441c:	3237      	addhi	r2, #55	@ 0x37
1000441e:	2b10      	cmp	r3, #16
10004420:	73c2      	strb	r2, [r0, #15]
10004422:	bf18      	it	ne
10004424:	3010      	addne	r0, #16
10004426:	d002      	beq.n	1000442e <pico_get_unique_board_id_string+0x176>
10004428:	2300      	movs	r3, #0
1000442a:	7003      	strb	r3, [r0, #0]
1000442c:	4770      	bx	lr
1000442e:	4418      	add	r0, r3
10004430:	2300      	movs	r3, #0
10004432:	7003      	strb	r3, [r0, #0]
10004434:	4770      	bx	lr
10004436:	bf00      	nop
10004438:	20002880 	.word	0x20002880

1000443c <usb_reset_interface_init>:
1000443c:	4770      	bx	lr
1000443e:	bf00      	nop

10004440 <usb_reset_interface_reset>:
10004440:	2200      	movs	r2, #0
10004442:	4b01      	ldr	r3, [pc, #4]	@ (10004448 <usb_reset_interface_reset+0x8>)
10004444:	701a      	strb	r2, [r3, #0]
10004446:	4770      	bx	lr
10004448:	200028aa 	.word	0x200028aa

1000444c <usb_reset_interface_open>:
1000444c:	794b      	ldrb	r3, [r1, #5]
1000444e:	2bff      	cmp	r3, #255	@ 0xff
10004450:	d10b      	bne.n	1000446a <usb_reset_interface_open+0x1e>
10004452:	7988      	ldrb	r0, [r1, #6]
10004454:	b948      	cbnz	r0, 1000446a <usb_reset_interface_open+0x1e>
10004456:	79cb      	ldrb	r3, [r1, #7]
10004458:	2b01      	cmp	r3, #1
1000445a:	d107      	bne.n	1000446c <usb_reset_interface_open+0x20>
1000445c:	2a08      	cmp	r2, #8
1000445e:	d905      	bls.n	1000446c <usb_reset_interface_open+0x20>
10004460:	4b03      	ldr	r3, [pc, #12]	@ (10004470 <usb_reset_interface_open+0x24>)
10004462:	788a      	ldrb	r2, [r1, #2]
10004464:	2009      	movs	r0, #9
10004466:	701a      	strb	r2, [r3, #0]
10004468:	4770      	bx	lr
1000446a:	2000      	movs	r0, #0
1000446c:	4770      	bx	lr
1000446e:	bf00      	nop
10004470:	200028aa 	.word	0x200028aa

10004474 <usb_reset_interface_xfer_cb>:
10004474:	2001      	movs	r0, #1
10004476:	4770      	bx	lr

10004478 <usb_reset_interface_control_xfer_cb>:
10004478:	2901      	cmp	r1, #1
1000447a:	d001      	beq.n	10004480 <usb_reset_interface_control_xfer_cb+0x8>
1000447c:	2001      	movs	r0, #1
1000447e:	4770      	bx	lr
10004480:	b508      	push	{r3, lr}
10004482:	4b10      	ldr	r3, [pc, #64]	@ (100044c4 <usb_reset_interface_control_xfer_cb+0x4c>)
10004484:	8891      	ldrh	r1, [r2, #4]
10004486:	781b      	ldrb	r3, [r3, #0]
10004488:	4299      	cmp	r1, r3
1000448a:	d001      	beq.n	10004490 <usb_reset_interface_control_xfer_cb+0x18>
1000448c:	2000      	movs	r0, #0
1000448e:	bd08      	pop	{r3, pc}
10004490:	7853      	ldrb	r3, [r2, #1]
10004492:	2b01      	cmp	r3, #1
10004494:	d008      	beq.n	100044a8 <usb_reset_interface_control_xfer_cb+0x30>
10004496:	2b02      	cmp	r3, #2
10004498:	d1f8      	bne.n	1000448c <usb_reset_interface_control_xfer_cb+0x14>
1000449a:	2100      	movs	r1, #0
1000449c:	2264      	movs	r2, #100	@ 0x64
1000449e:	4608      	mov	r0, r1
100044a0:	f7fd fbc2 	bl	10001c28 <watchdog_reboot>
100044a4:	2001      	movs	r0, #1
100044a6:	bd08      	pop	{r3, pc}
100044a8:	8851      	ldrh	r1, [r2, #2]
100044aa:	f411 7280 	ands.w	r2, r1, #256	@ 0x100
100044ae:	bf1a      	itte	ne
100044b0:	f3c1 12c0 	ubfxne	r2, r1, #7, #1
100044b4:	0a48      	lsrne	r0, r1, #9
100044b6:	f04f 30ff 	moveq.w	r0, #4294967295	@ 0xffffffff
100044ba:	f001 0103 	and.w	r1, r1, #3
100044be:	f7fd fc31 	bl	10001d24 <rom_reset_usb_boot_extra>
100044c2:	bf00      	nop
100044c4:	200028aa 	.word	0x200028aa

100044c8 <tud_descriptor_bos_cb>:
100044c8:	4800      	ldr	r0, [pc, #0]	@ (100044cc <tud_descriptor_bos_cb+0x4>)
100044ca:	4770      	bx	lr
100044cc:	1000d730 	.word	0x1000d730

100044d0 <tud_vendor_control_xfer_cb>:
100044d0:	2901      	cmp	r1, #1
100044d2:	d107      	bne.n	100044e4 <tud_vendor_control_xfer_cb+0x14>
100044d4:	7853      	ldrb	r3, [r2, #1]
100044d6:	2b01      	cmp	r3, #1
100044d8:	d102      	bne.n	100044e0 <tud_vendor_control_xfer_cb+0x10>
100044da:	8893      	ldrh	r3, [r2, #4]
100044dc:	2b07      	cmp	r3, #7
100044de:	d003      	beq.n	100044e8 <tud_vendor_control_xfer_cb+0x18>
100044e0:	2000      	movs	r0, #0
100044e2:	4770      	bx	lr
100044e4:	2001      	movs	r0, #1
100044e6:	4770      	bx	lr
100044e8:	4611      	mov	r1, r2
100044ea:	23a6      	movs	r3, #166	@ 0xa6
100044ec:	4a01      	ldr	r2, [pc, #4]	@ (100044f4 <tud_vendor_control_xfer_cb+0x24>)
100044ee:	f000 bef7 	b.w	100052e0 <tud_control_xfer>
100044f2:	bf00      	nop
100044f4:	1000d688 	.word	0x1000d688

100044f8 <usbd_app_driver_get_cb>:
100044f8:	4603      	mov	r3, r0
100044fa:	2201      	movs	r2, #1
100044fc:	4801      	ldr	r0, [pc, #4]	@ (10004504 <usbd_app_driver_get_cb+0xc>)
100044fe:	701a      	strb	r2, [r3, #0]
10004500:	4770      	bx	lr
10004502:	bf00      	nop
10004504:	1000d754 	.word	0x1000d754

10004508 <tud_cdc_line_coding_cb>:
10004508:	b508      	push	{r3, lr}
1000450a:	680b      	ldr	r3, [r1, #0]
1000450c:	f5b3 6f96 	cmp.w	r3, #1200	@ 0x4b0
10004510:	d000      	beq.n	10004514 <tud_cdc_line_coding_cb+0xc>
10004512:	bd08      	pop	{r3, pc}
10004514:	2200      	movs	r2, #0
10004516:	f04f 30ff 	mov.w	r0, #4294967295	@ 0xffffffff
1000451a:	4611      	mov	r1, r2
1000451c:	f7fd fc02 	bl	10001d24 <rom_reset_usb_boot_extra>

10004520 <dcd_init>:
10004520:	b570      	push	{r4, r5, r6, lr}
10004522:	f000 f927 	bl	10004774 <rp2040_usb_init>
10004526:	230c      	movs	r3, #12
10004528:	2640      	movs	r6, #64	@ 0x40
1000452a:	4c19      	ldr	r4, [pc, #100]	@ (10004590 <dcd_init+0x70>)
1000452c:	22ff      	movs	r2, #255	@ 0xff
1000452e:	67a3      	str	r3, [r4, #120]	@ 0x78
10004530:	200e      	movs	r0, #14
10004532:	4918      	ldr	r1, [pc, #96]	@ (10004594 <dcd_init+0x74>)
10004534:	f7fc fcbe 	bl	10000eb4 <irq_add_shared_handler>
10004538:	4632      	mov	r2, r6
1000453a:	2100      	movs	r1, #0
1000453c:	4816      	ldr	r0, [pc, #88]	@ (10004598 <dcd_init+0x78>)
1000453e:	f008 fc53 	bl	1000cde8 <__memset_veneer>
10004542:	2501      	movs	r5, #1
10004544:	2300      	movs	r3, #0
10004546:	2180      	movs	r1, #128	@ 0x80
10004548:	4813      	ldr	r0, [pc, #76]	@ (10004598 <dcd_init+0x78>)
1000454a:	4a14      	ldr	r2, [pc, #80]	@ (1000459c <dcd_init+0x7c>)
1000454c:	8441      	strh	r1, [r0, #34]	@ 0x22
1000454e:	7045      	strb	r5, [r0, #1]
10004550:	8306      	strh	r6, [r0, #24]
10004552:	8706      	strh	r6, [r0, #56]	@ 0x38
10004554:	6082      	str	r2, [r0, #8]
10004556:	6043      	str	r3, [r0, #4]
10004558:	6013      	str	r3, [r2, #0]
1000455a:	f842 3c04 	str.w	r3, [r2, #-4]
1000455e:	f880 3021 	strb.w	r3, [r0, #33]	@ 0x21
10004562:	f880 303b 	strb.w	r3, [r0, #59]	@ 0x3b
10004566:	6243      	str	r3, [r0, #36]	@ 0x24
10004568:	4b0d      	ldr	r3, [pc, #52]	@ (100045a0 <dcd_init+0x80>)
1000456a:	f04f 5600 	mov.w	r6, #536870912	@ 0x20000000
1000456e:	60c3      	str	r3, [r0, #12]
10004570:	62c3      	str	r3, [r0, #44]	@ 0x2c
10004572:	3b80      	subs	r3, #128	@ 0x80
10004574:	6283      	str	r3, [r0, #40]	@ 0x28
10004576:	f008 fc2f 	bl	1000cdd8 <__reset_non_control_endpoints_veneer>
1000457a:	f44f 3280 	mov.w	r2, #65536	@ 0x10000
1000457e:	4909      	ldr	r1, [pc, #36]	@ (100045a4 <dcd_init+0x84>)
10004580:	4b09      	ldr	r3, [pc, #36]	@ (100045a8 <dcd_init+0x88>)
10004582:	6425      	str	r5, [r4, #64]	@ 0x40
10004584:	4628      	mov	r0, r5
10004586:	64e6      	str	r6, [r4, #76]	@ 0x4c
10004588:	f8c4 1090 	str.w	r1, [r4, #144]	@ 0x90
1000458c:	64da      	str	r2, [r3, #76]	@ 0x4c
1000458e:	bd70      	pop	{r4, r5, r6, pc}
10004590:	50110000 	.word	0x50110000
10004594:	20000631 	.word	0x20000631
10004598:	20002448 	.word	0x20002448
1000459c:	50100084 	.word	0x50100084
100045a0:	50100100 	.word	0x50100100
100045a4:	0001d010 	.word	0x0001d010
100045a8:	50112000 	.word	0x50112000

100045ac <dcd_int_enable>:
100045ac:	2101      	movs	r1, #1
100045ae:	200e      	movs	r0, #14
100045b0:	f7fc bc10 	b.w	10000dd4 <irq_set_enabled>

100045b4 <dcd_set_address>:
100045b4:	2200      	movs	r2, #0
100045b6:	4802      	ldr	r0, [pc, #8]	@ (100045c0 <dcd_set_address+0xc>)
100045b8:	4611      	mov	r1, r2
100045ba:	f000 b8fb 	b.w	100047b4 <hw_endpoint_xfer_start>
100045be:	bf00      	nop
100045c0:	20002468 	.word	0x20002468

100045c4 <dcd_sof_enable>:
100045c4:	4b04      	ldr	r3, [pc, #16]	@ (100045d8 <dcd_sof_enable+0x14>)
100045c6:	7019      	strb	r1, [r3, #0]
100045c8:	b121      	cbz	r1, 100045d4 <dcd_sof_enable+0x10>
100045ca:	f44f 3200 	mov.w	r2, #131072	@ 0x20000
100045ce:	4b03      	ldr	r3, [pc, #12]	@ (100045dc <dcd_sof_enable+0x18>)
100045d0:	f8c3 2090 	str.w	r2, [r3, #144]	@ 0x90
100045d4:	4770      	bx	lr
100045d6:	bf00      	nop
100045d8:	200028a6 	.word	0x200028a6
100045dc:	50112000 	.word	0x50112000

100045e0 <dcd_edpt0_status_complete>:
100045e0:	780b      	ldrb	r3, [r1, #0]
100045e2:	065b      	lsls	r3, r3, #25
100045e4:	d102      	bne.n	100045ec <dcd_edpt0_status_complete+0xc>
100045e6:	784b      	ldrb	r3, [r1, #1]
100045e8:	2b05      	cmp	r3, #5
100045ea:	d000      	beq.n	100045ee <dcd_edpt0_status_complete+0xe>
100045ec:	4770      	bx	lr
100045ee:	884b      	ldrh	r3, [r1, #2]
100045f0:	4a01      	ldr	r2, [pc, #4]	@ (100045f8 <dcd_edpt0_status_complete+0x18>)
100045f2:	b2db      	uxtb	r3, r3
100045f4:	6013      	str	r3, [r2, #0]
100045f6:	4770      	bx	lr
100045f8:	50110000 	.word	0x50110000

100045fc <dcd_edpt_open>:
100045fc:	78cb      	ldrb	r3, [r1, #3]
100045fe:	e92d 41f0 	stmdb	sp!, {r4, r5, r6, r7, r8, lr}
10004602:	f003 0e03 	and.w	lr, r3, #3
10004606:	f1be 0f01 	cmp.w	lr, #1
1000460a:	f3c3 0001 	ubfx	r0, r3, #0, #2
1000460e:	d057      	beq.n	100046c0 <dcd_edpt_open+0xc4>
10004610:	2700      	movs	r7, #0
10004612:	f891 c002 	ldrb.w	ip, [r1, #2]
10004616:	4c31      	ldr	r4, [pc, #196]	@ (100046dc <dcd_edpt_open+0xe0>)
10004618:	f00c 027f 	and.w	r2, ip, #127	@ 0x7f
1000461c:	0056      	lsls	r6, r2, #1
1000461e:	8889      	ldrh	r1, [r1, #4]
10004620:	eb06 13dc 	add.w	r3, r6, ip, lsr #7
10004624:	eb04 1343 	add.w	r3, r4, r3, lsl #5
10004628:	ea4f 15dc 	mov.w	r5, ip, lsr #7
1000462c:	76d8      	strb	r0, [r3, #27]
1000462e:	f3c1 010a 	ubfx	r1, r1, #0, #11
10004632:	f085 0001 	eor.w	r0, r5, #1
10004636:	f883 c002 	strb.w	ip, [r3, #2]
1000463a:	8319      	strh	r1, [r3, #24]
1000463c:	7058      	strb	r0, [r3, #1]
1000463e:	70df      	strb	r7, [r3, #3]
10004640:	00d3      	lsls	r3, r2, #3
10004642:	bb6d      	cbnz	r5, 100046a0 <dcd_edpt_open+0xa4>
10004644:	4826      	ldr	r0, [pc, #152]	@ (100046e0 <dcd_edpt_open+0xe4>)
10004646:	3304      	adds	r3, #4
10004648:	eb04 1c82 	add.w	ip, r4, r2, lsl #6
1000464c:	eb03 0800 	add.w	r8, r3, r0
10004650:	f8cc 8008 	str.w	r8, [ip, #8]
10004654:	501f      	str	r7, [r3, r0]
10004656:	b362      	cbz	r2, 100046b2 <dcd_edpt_open+0xb6>
10004658:	4b22      	ldr	r3, [pc, #136]	@ (100046e4 <dcd_edpt_open+0xe8>)
1000465a:	00d2      	lsls	r2, r2, #3
1000465c:	4413      	add	r3, r2
1000465e:	f8cc 3004 	str.w	r3, [ip, #4]
10004662:	4a21      	ldr	r2, [pc, #132]	@ (100046e8 <dcd_edpt_open+0xec>)
10004664:	313f      	adds	r1, #63	@ 0x3f
10004666:	6813      	ldr	r3, [r2, #0]
10004668:	f021 013f 	bic.w	r1, r1, #63	@ 0x3f
1000466c:	f1be 0f02 	cmp.w	lr, #2
10004670:	bf08      	it	eq
10004672:	0049      	lsleq	r1, r1, #1
10004674:	481d      	ldr	r0, [pc, #116]	@ (100046ec <dcd_edpt_open+0xf0>)
10004676:	4419      	add	r1, r3
10004678:	442e      	add	r6, r5
1000467a:	eb04 1446 	add.w	r4, r4, r6, lsl #5
1000467e:	4281      	cmp	r1, r0
10004680:	6011      	str	r1, [r2, #0]
10004682:	60e3      	str	r3, [r4, #12]
10004684:	d827      	bhi.n	100046d6 <dcd_edpt_open+0xda>
10004686:	f083 43a0 	eor.w	r3, r3, #1342177280	@ 0x50000000
1000468a:	f483 1380 	eor.w	r3, r3, #1048576	@ 0x100000
1000468e:	6862      	ldr	r2, [r4, #4]
10004690:	ea43 638e 	orr.w	r3, r3, lr, lsl #26
10004694:	f043 4300 	orr.w	r3, r3, #2147483648	@ 0x80000000
10004698:	6013      	str	r3, [r2, #0]
1000469a:	2001      	movs	r0, #1
1000469c:	e8bd 81f0 	ldmia.w	sp!, {r4, r5, r6, r7, r8, pc}
100046a0:	480f      	ldr	r0, [pc, #60]	@ (100046e0 <dcd_edpt_open+0xe4>)
100046a2:	eb04 1c82 	add.w	ip, r4, r2, lsl #6
100046a6:	4403      	add	r3, r0
100046a8:	f8cc 3028 	str.w	r3, [ip, #40]	@ 0x28
100046ac:	f840 7032 	str.w	r7, [r0, r2, lsl #3]
100046b0:	b94a      	cbnz	r2, 100046c6 <dcd_edpt_open+0xca>
100046b2:	2300      	movs	r3, #0
100046b4:	4a0e      	ldr	r2, [pc, #56]	@ (100046f0 <dcd_edpt_open+0xf4>)
100046b6:	eb04 1445 	add.w	r4, r4, r5, lsl #5
100046ba:	60e2      	str	r2, [r4, #12]
100046bc:	6063      	str	r3, [r4, #4]
100046be:	e7ec      	b.n	1000469a <dcd_edpt_open+0x9e>
100046c0:	2000      	movs	r0, #0
100046c2:	e8bd 81f0 	ldmia.w	sp!, {r4, r5, r6, r7, r8, pc}
100046c6:	00d2      	lsls	r2, r2, #3
100046c8:	f102 42a0 	add.w	r2, r2, #1342177280	@ 0x50000000
100046cc:	f502 1280 	add.w	r2, r2, #1048576	@ 0x100000
100046d0:	f8cc 2024 	str.w	r2, [ip, #36]	@ 0x24
100046d4:	e7c5      	b.n	10004662 <dcd_edpt_open+0x66>
100046d6:	f7fd fb71 	bl	10001dbc <hard_assertion_failure>
100046da:	bf00      	nop
100046dc:	20002448 	.word	0x20002448
100046e0:	50100080 	.word	0x50100080
100046e4:	50100004 	.word	0x50100004
100046e8:	20002850 	.word	0x20002850
100046ec:	50100fff 	.word	0x50100fff
100046f0:	50100100 	.word	0x50100100

100046f4 <dcd_edpt_close_all>:
100046f4:	f008 bb70 	b.w	1000cdd8 <__reset_non_control_endpoints_veneer>

100046f8 <dcd_edpt_xfer>:
100046f8:	468c      	mov	ip, r1
100046fa:	b508      	push	{r3, lr}
100046fc:	4611      	mov	r1, r2
100046fe:	4807      	ldr	r0, [pc, #28]	@ (1000471c <dcd_edpt_xfer+0x24>)
10004700:	461a      	mov	r2, r3
10004702:	f00c 037f 	and.w	r3, ip, #127	@ 0x7f
10004706:	ea4f 1cdc 	mov.w	ip, ip, lsr #7
1000470a:	eb0c 0c43 	add.w	ip, ip, r3, lsl #1
1000470e:	eb00 104c 	add.w	r0, r0, ip, lsl #5
10004712:	f000 f84f 	bl	100047b4 <hw_endpoint_xfer_start>
10004716:	2001      	movs	r0, #1
10004718:	bd08      	pop	{r3, pc}
1000471a:	bf00      	nop
1000471c:	20002448 	.word	0x20002448

10004720 <dcd_edpt_stall>:
10004720:	f011 027f 	ands.w	r2, r1, #127	@ 0x7f
10004724:	d105      	bne.n	10004732 <dcd_edpt_stall+0x12>
10004726:	2900      	cmp	r1, #0
10004728:	bf0c      	ite	eq
1000472a:	2002      	moveq	r0, #2
1000472c:	2001      	movne	r0, #1
1000472e:	4b06      	ldr	r3, [pc, #24]	@ (10004748 <dcd_edpt_stall+0x28>)
10004730:	6698      	str	r0, [r3, #104]	@ 0x68
10004732:	09c9      	lsrs	r1, r1, #7
10004734:	4b05      	ldr	r3, [pc, #20]	@ (1000474c <dcd_edpt_stall+0x2c>)
10004736:	eb01 0042 	add.w	r0, r1, r2, lsl #1
1000473a:	eb03 1040 	add.w	r0, r3, r0, lsl #5
1000473e:	f44f 6200 	mov.w	r2, #2048	@ 0x800
10004742:	2100      	movs	r1, #0
10004744:	f008 bb28 	b.w	1000cd98 <___hw_endpoint_buffer_control_update32_veneer>
10004748:	50112000 	.word	0x50112000
1000474c:	20002448 	.word	0x20002448

10004750 <dcd_edpt_clear_stall>:
10004750:	f011 037f 	ands.w	r3, r1, #127	@ 0x7f
10004754:	d100      	bne.n	10004758 <dcd_edpt_clear_stall+0x8>
10004756:	4770      	bx	lr
10004758:	2200      	movs	r2, #0
1000475a:	4805      	ldr	r0, [pc, #20]	@ (10004770 <dcd_edpt_clear_stall+0x20>)
1000475c:	005b      	lsls	r3, r3, #1
1000475e:	eb03 13d1 	add.w	r3, r3, r1, lsr #7
10004762:	eb00 1043 	add.w	r0, r0, r3, lsl #5
10004766:	f46f 6100 	mvn.w	r1, #2048	@ 0x800
1000476a:	70c2      	strb	r2, [r0, #3]
1000476c:	f008 bb14 	b.w	1000cd98 <___hw_endpoint_buffer_control_update32_veneer>
10004770:	20002448 	.word	0x20002448

10004774 <rp2040_usb_init>:
10004774:	f04f 5280 	mov.w	r2, #268435456	@ 0x10000000
10004778:	4809      	ldr	r0, [pc, #36]	@ (100047a0 <rp2040_usb_init+0x2c>)
1000477a:	490a      	ldr	r1, [pc, #40]	@ (100047a4 <rp2040_usb_init+0x30>)
1000477c:	b508      	push	{r3, lr}
1000477e:	4b0a      	ldr	r3, [pc, #40]	@ (100047a8 <rp2040_usb_init+0x34>)
10004780:	6002      	str	r2, [r0, #0]
10004782:	600a      	str	r2, [r1, #0]
10004784:	6899      	ldr	r1, [r3, #8]
10004786:	43c9      	mvns	r1, r1
10004788:	f011 5180 	ands.w	r1, r1, #268435456	@ 0x10000000
1000478c:	d1fa      	bne.n	10004784 <rp2040_usb_init+0x10>
1000478e:	f44f 5280 	mov.w	r2, #4096	@ 0x1000
10004792:	4806      	ldr	r0, [pc, #24]	@ (100047ac <rp2040_usb_init+0x38>)
10004794:	f008 fb28 	bl	1000cde8 <__memset_veneer>
10004798:	2209      	movs	r2, #9
1000479a:	4b05      	ldr	r3, [pc, #20]	@ (100047b0 <rp2040_usb_init+0x3c>)
1000479c:	675a      	str	r2, [r3, #116]	@ 0x74
1000479e:	bd08      	pop	{r3, pc}
100047a0:	40022000 	.word	0x40022000
100047a4:	40023000 	.word	0x40023000
100047a8:	40020000 	.word	0x40020000
100047ac:	50100000 	.word	0x50100000
100047b0:	50110000 	.word	0x50110000

100047b4 <hw_endpoint_xfer_start>:
100047b4:	2300      	movs	r3, #0
100047b6:	f04f 0c01 	mov.w	ip, #1
100047ba:	b510      	push	{r4, lr}
100047bc:	f880 c01a 	strb.w	ip, [r0, #26]
100047c0:	8282      	strh	r2, [r0, #20]
100047c2:	82c3      	strh	r3, [r0, #22]
100047c4:	6101      	str	r1, [r0, #16]
100047c6:	4604      	mov	r4, r0
100047c8:	f008 faea 	bl	1000cda0 <__e15_is_bulkin_ep_veneer>
100047cc:	b120      	cbz	r0, 100047d8 <hw_endpoint_xfer_start+0x24>
100047ce:	f44f 3200 	mov.w	r2, #131072	@ 0x20000
100047d2:	4b07      	ldr	r3, [pc, #28]	@ (100047f0 <hw_endpoint_xfer_start+0x3c>)
100047d4:	f8c3 2090 	str.w	r2, [r3, #144]	@ 0x90
100047d8:	4620      	mov	r0, r4
100047da:	f008 fb15 	bl	1000ce08 <__e15_is_critical_frame_period_veneer>
100047de:	b110      	cbz	r0, 100047e6 <hw_endpoint_xfer_start+0x32>
100047e0:	2301      	movs	r3, #1
100047e2:	7723      	strb	r3, [r4, #28]
100047e4:	bd10      	pop	{r4, pc}
100047e6:	4620      	mov	r0, r4
100047e8:	e8bd 4010 	ldmia.w	sp!, {r4, lr}
100047ec:	f008 bae0 	b.w	1000cdb0 <__hw_endpoint_start_next_buffer_veneer>
100047f0:	50112000 	.word	0x50112000

100047f4 <configuration_reset>:
100047f4:	e92d 41f0 	stmdb	sp!, {r4, r5, r6, r7, r8, lr}
100047f8:	f04f 0800 	mov.w	r8, #0
100047fc:	4d1c      	ldr	r5, [pc, #112]	@ (10004870 <configuration_reset+0x7c>)
100047fe:	4604      	mov	r4, r0
10004800:	4642      	mov	r2, r8
10004802:	782b      	ldrb	r3, [r5, #0]
10004804:	4f1b      	ldr	r7, [pc, #108]	@ (10004874 <configuration_reset+0x80>)
10004806:	4e1c      	ldr	r6, [pc, #112]	@ (10004878 <configuration_reset+0x84>)
10004808:	e00d      	b.n	10004826 <configuration_reset+0x32>
1000480a:	6833      	ldr	r3, [r6, #0]
1000480c:	eb13 1342 	adds.w	r3, r3, r2, lsl #5
10004810:	d024      	beq.n	1000485c <configuration_reset+0x68>
10004812:	68db      	ldr	r3, [r3, #12]
10004814:	4620      	mov	r0, r4
10004816:	4798      	blx	r3
10004818:	f108 0801 	add.w	r8, r8, #1
1000481c:	782b      	ldrb	r3, [r5, #0]
1000481e:	fa5f f288 	uxtb.w	r2, r8
10004822:	4293      	cmp	r3, r2
10004824:	d306      	bcc.n	10004834 <configuration_reset+0x40>
10004826:	4293      	cmp	r3, r2
10004828:	eba2 0303 	sub.w	r3, r2, r3
1000482c:	d8ed      	bhi.n	1000480a <configuration_reset+0x16>
1000482e:	eb07 1343 	add.w	r3, r7, r3, lsl #5
10004832:	e7ee      	b.n	10004812 <configuration_reset+0x1e>
10004834:	2254      	movs	r2, #84	@ 0x54
10004836:	2100      	movs	r1, #0
10004838:	4810      	ldr	r0, [pc, #64]	@ (1000487c <configuration_reset+0x88>)
1000483a:	f008 fad5 	bl	1000cde8 <__memset_veneer>
1000483e:	f04f 33ff 	mov.w	r3, #4294967295	@ 0xffffffff
10004842:	480e      	ldr	r0, [pc, #56]	@ (1000487c <configuration_reset+0x88>)
10004844:	2220      	movs	r2, #32
10004846:	1d04      	adds	r4, r0, #4
10004848:	6043      	str	r3, [r0, #4]
1000484a:	e9c4 3301 	strd	r3, r3, [r4, #4]
1000484e:	60e3      	str	r3, [r4, #12]
10004850:	21ff      	movs	r1, #255	@ 0xff
10004852:	e8bd 41f0 	ldmia.w	sp!, {r4, r5, r6, r7, r8, lr}
10004856:	3014      	adds	r0, #20
10004858:	f008 bac6 	b.w	1000cde8 <__memset_veneer>
1000485c:	f04f 23e0 	mov.w	r3, #3758153728	@ 0xe000e000
10004860:	f8d3 3df0 	ldr.w	r3, [r3, #3568]	@ 0xdf0
10004864:	07db      	lsls	r3, r3, #31
10004866:	d500      	bpl.n	1000486a <configuration_reset+0x76>
10004868:	be00      	bkpt	0x0000
1000486a:	e8bd 81f0 	ldmia.w	sp!, {r4, r5, r6, r7, r8, pc}
1000486e:	bf00      	nop
10004870:	200028a5 	.word	0x200028a5
10004874:	1000d774 	.word	0x1000d774
10004878:	20001fec 	.word	0x20001fec
1000487c:	200021bc 	.word	0x200021bc

10004880 <tud_event_hook_cb>:
10004880:	4770      	bx	lr
10004882:	bf00      	nop

10004884 <tud_sof_cb>:
10004884:	4770      	bx	lr
10004886:	bf00      	nop

10004888 <tud_descriptor_device_qualifier_cb>:
10004888:	2000      	movs	r0, #0
1000488a:	4770      	bx	lr

1000488c <tud_descriptor_other_speed_configuration_cb>:
1000488c:	2000      	movs	r0, #0
1000488e:	4770      	bx	lr

10004890 <tud_mount_cb>:
10004890:	4770      	bx	lr
10004892:	bf00      	nop

10004894 <tud_umount_cb>:
10004894:	4770      	bx	lr
10004896:	bf00      	nop

10004898 <tud_suspend_cb>:
10004898:	4770      	bx	lr
1000489a:	bf00      	nop

1000489c <tud_resume_cb>:
1000489c:	4770      	bx	lr
1000489e:	bf00      	nop

100048a0 <tud_mounted>:
100048a0:	4b02      	ldr	r3, [pc, #8]	@ (100048ac <tud_mounted+0xc>)
100048a2:	7858      	ldrb	r0, [r3, #1]
100048a4:	3800      	subs	r0, #0
100048a6:	bf18      	it	ne
100048a8:	2001      	movne	r0, #1
100048aa:	4770      	bx	lr
100048ac:	200021bc 	.word	0x200021bc

100048b0 <tud_suspended>:
100048b0:	4b02      	ldr	r3, [pc, #8]	@ (100048bc <tud_suspended+0xc>)
100048b2:	7818      	ldrb	r0, [r3, #0]
100048b4:	f3c0 0080 	ubfx	r0, r0, #2, #1
100048b8:	4770      	bx	lr
100048ba:	bf00      	nop
100048bc:	200021bc 	.word	0x200021bc

100048c0 <tud_rhport_init>:
100048c0:	e92d 47f0 	stmdb	sp!, {r4, r5, r6, r7, r8, r9, sl, lr}
100048c4:	f8df 90e4 	ldr.w	r9, [pc, #228]	@ 100049ac <tud_rhport_init+0xec>
100048c8:	f899 3000 	ldrb.w	r3, [r9]
100048cc:	2bff      	cmp	r3, #255	@ 0xff
100048ce:	d155      	bne.n	1000497c <tud_rhport_init+0xbc>
100048d0:	460d      	mov	r5, r1
100048d2:	2900      	cmp	r1, #0
100048d4:	d03d      	beq.n	10004952 <tud_rhport_init+0x92>
100048d6:	2100      	movs	r1, #0
100048d8:	2254      	movs	r2, #84	@ 0x54
100048da:	4606      	mov	r6, r0
100048dc:	4829      	ldr	r0, [pc, #164]	@ (10004984 <tud_rhport_init+0xc4>)
100048de:	f008 fa83 	bl	1000cde8 <__memset_veneer>
100048e2:	2200      	movs	r2, #0
100048e4:	4c28      	ldr	r4, [pc, #160]	@ (10004988 <tud_rhport_init+0xc8>)
100048e6:	4b29      	ldr	r3, [pc, #164]	@ (1000498c <tud_rhport_init+0xcc>)
100048e8:	4620      	mov	r0, r4
100048ea:	701a      	strb	r2, [r3, #0]
100048ec:	f7fc fc6a 	bl	100011c4 <mutex_init>
100048f0:	4b27      	ldr	r3, [pc, #156]	@ (10004990 <tud_rhport_init+0xd0>)
100048f2:	4828      	ldr	r0, [pc, #160]	@ (10004994 <tud_rhport_init+0xd4>)
100048f4:	601c      	str	r4, [r3, #0]
100048f6:	4c28      	ldr	r4, [pc, #160]	@ (10004998 <tud_rhport_init+0xd8>)
100048f8:	f7fc fc72 	bl	100011e0 <critical_section_init>
100048fc:	4620      	mov	r0, r4
100048fe:	f001 fb8f 	bl	10006020 <tu_fifo_clear>
10004902:	4a26      	ldr	r2, [pc, #152]	@ (1000499c <tud_rhport_init+0xdc>)
10004904:	4b26      	ldr	r3, [pc, #152]	@ (100049a0 <tud_rhport_init+0xe0>)
10004906:	6014      	str	r4, [r2, #0]
10004908:	b123      	cbz	r3, 10004914 <tud_rhport_init+0x54>
1000490a:	4826      	ldr	r0, [pc, #152]	@ (100049a4 <tud_rhport_init+0xe4>)
1000490c:	f7ff fdf4 	bl	100044f8 <usbd_app_driver_get_cb>
10004910:	4b25      	ldr	r3, [pc, #148]	@ (100049a8 <tud_rhport_init+0xe8>)
10004912:	6018      	str	r0, [r3, #0]
10004914:	f04f 0a00 	mov.w	sl, #0
10004918:	4c22      	ldr	r4, [pc, #136]	@ (100049a4 <tud_rhport_init+0xe4>)
1000491a:	4653      	mov	r3, sl
1000491c:	7822      	ldrb	r2, [r4, #0]
1000491e:	f8df 8090 	ldr.w	r8, [pc, #144]	@ 100049b0 <tud_rhport_init+0xf0>
10004922:	4f21      	ldr	r7, [pc, #132]	@ (100049a8 <tud_rhport_init+0xe8>)
10004924:	e00d      	b.n	10004942 <tud_rhport_init+0x82>
10004926:	683a      	ldr	r2, [r7, #0]
10004928:	eb12 1343 	adds.w	r3, r2, r3, lsl #5
1000492c:	d011      	beq.n	10004952 <tud_rhport_init+0x92>
1000492e:	685b      	ldr	r3, [r3, #4]
10004930:	b17b      	cbz	r3, 10004952 <tud_rhport_init+0x92>
10004932:	4798      	blx	r3
10004934:	f10a 0a01 	add.w	sl, sl, #1
10004938:	7822      	ldrb	r2, [r4, #0]
1000493a:	fa5f f38a 	uxtb.w	r3, sl
1000493e:	4293      	cmp	r3, r2
10004940:	d811      	bhi.n	10004966 <tud_rhport_init+0xa6>
10004942:	4293      	cmp	r3, r2
10004944:	d3ef      	bcc.n	10004926 <tud_rhport_init+0x66>
10004946:	1a9b      	subs	r3, r3, r2
10004948:	eb08 1343 	add.w	r3, r8, r3, lsl #5
1000494c:	685b      	ldr	r3, [r3, #4]
1000494e:	2b00      	cmp	r3, #0
10004950:	d1ef      	bne.n	10004932 <tud_rhport_init+0x72>
10004952:	f04f 23e0 	mov.w	r3, #3758153728	@ 0xe000e000
10004956:	f8d3 3df0 	ldr.w	r3, [r3, #3568]	@ 0xdf0
1000495a:	07db      	lsls	r3, r3, #31
1000495c:	d500      	bpl.n	10004960 <tud_rhport_init+0xa0>
1000495e:	be00      	bkpt	0x0000
10004960:	2000      	movs	r0, #0
10004962:	e8bd 87f0 	ldmia.w	sp!, {r4, r5, r6, r7, r8, r9, sl, pc}
10004966:	4629      	mov	r1, r5
10004968:	4630      	mov	r0, r6
1000496a:	f889 6000 	strb.w	r6, [r9]
1000496e:	f7ff fdd7 	bl	10004520 <dcd_init>
10004972:	2800      	cmp	r0, #0
10004974:	d0ed      	beq.n	10004952 <tud_rhport_init+0x92>
10004976:	4630      	mov	r0, r6
10004978:	f7ff fe18 	bl	100045ac <dcd_int_enable>
1000497c:	2001      	movs	r0, #1
1000497e:	e8bd 87f0 	ldmia.w	sp!, {r4, r5, r6, r7, r8, r9, sl, pc}
10004982:	bf00      	nop
10004984:	200021bc 	.word	0x200021bc
10004988:	200021b4 	.word	0x200021b4
1000498c:	200028a7 	.word	0x200028a7
10004990:	20002210 	.word	0x20002210
10004994:	200016cc 	.word	0x200016cc
10004998:	200016b8 	.word	0x200016b8
1000499c:	20002214 	.word	0x20002214
100049a0:	100044f9 	.word	0x100044f9
100049a4:	200028a5 	.word	0x200028a5
100049a8:	20001fec 	.word	0x20001fec
100049ac:	200016d4 	.word	0x200016d4
100049b0:	1000d774 	.word	0x1000d774

100049b4 <tud_task_ext>:
100049b4:	e92d 4ff0 	stmdb	sp!, {r4, r5, r6, r7, r8, r9, sl, fp, lr}
100049b8:	f8df 92b0 	ldr.w	r9, [pc, #688]	@ 10004c6c <tud_task_ext+0x2b8>
100049bc:	b08b      	sub	sp, #44	@ 0x2c
100049be:	f899 3000 	ldrb.w	r3, [r9]
100049c2:	2bff      	cmp	r3, #255	@ 0xff
100049c4:	f000 80ed 	beq.w	10004ba2 <tud_task_ext+0x1ee>
100049c8:	4ca2      	ldr	r4, [pc, #648]	@ (10004c54 <tud_task_ext+0x2a0>)
100049ca:	4da3      	ldr	r5, [pc, #652]	@ (10004c58 <tud_task_ext+0x2a4>)
100049cc:	f8df a298 	ldr.w	sl, [pc, #664]	@ 10004c68 <tud_task_ext+0x2b4>
100049d0:	f8df b29c 	ldr.w	fp, [pc, #668]	@ 10004c70 <tud_task_ext+0x2bc>
100049d4:	6826      	ldr	r6, [r4, #0]
100049d6:	6973      	ldr	r3, [r6, #20]
100049d8:	f3ef 8210 	mrs	r2, PRIMASK
100049dc:	b672      	cpsid	i
100049de:	e8d3 0fcf 	ldaexb	r0, [r3]
100049e2:	2101      	movs	r1, #1
100049e4:	2800      	cmp	r0, #0
100049e6:	d1fa      	bne.n	100049de <tud_task_ext+0x2a>
100049e8:	e8c3 1f40 	strexb	r0, r1, [r3]
100049ec:	2800      	cmp	r0, #0
100049ee:	d1f6      	bne.n	100049de <tud_task_ext+0x2a>
100049f0:	f3bf 8f5f 	dmb	sy
100049f4:	61b2      	str	r2, [r6, #24]
100049f6:	4630      	mov	r0, r6
100049f8:	a907      	add	r1, sp, #28
100049fa:	f001 f95b 	bl	10005cb4 <tu_fifo_read>
100049fe:	2300      	movs	r3, #0
10004a00:	6972      	ldr	r2, [r6, #20]
10004a02:	e8c2 3f8f 	stlb	r3, [r2]
10004a06:	69b3      	ldr	r3, [r6, #24]
10004a08:	f383 8810 	msr	PRIMASK, r3
10004a0c:	2800      	cmp	r0, #0
10004a0e:	f000 80c8 	beq.w	10004ba2 <tud_task_ext+0x1ee>
10004a12:	f89d 301d 	ldrb.w	r3, [sp, #29]
10004a16:	3b01      	subs	r3, #1
10004a18:	2b07      	cmp	r3, #7
10004a1a:	f200 836b 	bhi.w	100050f4 <tud_task_ext+0x740>
10004a1e:	e8df f003 	tbb	[pc, r3]
10004a22:	afa5      	.short	0xafa5
10004a24:	358c9b93 	.word	0x358c9b93
10004a28:	040a      	.short	0x040a
10004a2a:	9b08      	ldr	r3, [sp, #32]
10004a2c:	2b00      	cmp	r3, #0
10004a2e:	d0d1      	beq.n	100049d4 <tud_task_ext+0x20>
10004a30:	9809      	ldr	r0, [sp, #36]	@ 0x24
10004a32:	4798      	blx	r3
10004a34:	e7ce      	b.n	100049d4 <tud_task_ext+0x20>
10004a36:	f89d 1020 	ldrb.w	r1, [sp, #32]
10004a3a:	f001 067f 	and.w	r6, r1, #127	@ 0x7f
10004a3e:	eb05 0046 	add.w	r0, r5, r6, lsl #1
10004a42:	eb00 10d1 	add.w	r0, r0, r1, lsr #7
10004a46:	f890 3034 	ldrb.w	r3, [r0, #52]	@ 0x34
10004a4a:	f023 0301 	bic.w	r3, r3, #1
10004a4e:	f880 3034 	strb.w	r3, [r0, #52]	@ 0x34
10004a52:	f890 3034 	ldrb.w	r3, [r0, #52]	@ 0x34
10004a56:	f023 0304 	bic.w	r3, r3, #4
10004a5a:	f880 3034 	strb.w	r3, [r0, #52]	@ 0x34
10004a5e:	2e00      	cmp	r6, #0
10004a60:	f000 80a2 	beq.w	10004ba8 <tud_task_ext+0x1f4>
10004a64:	7d02      	ldrb	r2, [r0, #20]
10004a66:	f89a 3000 	ldrb.w	r3, [sl]
10004a6a:	429a      	cmp	r2, r3
10004a6c:	f080 8091 	bcs.w	10004b92 <tud_task_ext+0x1de>
10004a70:	4b7a      	ldr	r3, [pc, #488]	@ (10004c5c <tud_task_ext+0x2a8>)
10004a72:	681b      	ldr	r3, [r3, #0]
10004a74:	eb13 1342 	adds.w	r3, r3, r2, lsl #5
10004a78:	f000 808c 	beq.w	10004b94 <tud_task_ext+0x1e0>
10004a7c:	699e      	ldr	r6, [r3, #24]
10004a7e:	f89d 2021 	ldrb.w	r2, [sp, #33]	@ 0x21
10004a82:	9b09      	ldr	r3, [sp, #36]	@ 0x24
10004a84:	f89d 001c 	ldrb.w	r0, [sp, #28]
10004a88:	47b0      	blx	r6
10004a8a:	e7a3      	b.n	100049d4 <tud_task_ext+0x20>
10004a8c:	f89b 3000 	ldrb.w	r3, [fp]
10004a90:	2b00      	cmp	r3, #0
10004a92:	d07f      	beq.n	10004b94 <tud_task_ext+0x1e0>
10004a94:	f89b 3000 	ldrb.w	r3, [fp]
10004a98:	3b01      	subs	r3, #1
10004a9a:	b2db      	uxtb	r3, r3
10004a9c:	f88b 3000 	strb.w	r3, [fp]
10004aa0:	f89b 3000 	ldrb.w	r3, [fp]
10004aa4:	f003 00ff 	and.w	r0, r3, #255	@ 0xff
10004aa8:	2b00      	cmp	r3, #0
10004aaa:	d193      	bne.n	100049d4 <tud_task_ext+0x20>
10004aac:	4f6a      	ldr	r7, [pc, #424]	@ (10004c58 <tud_task_ext+0x2a4>)
10004aae:	f89d 801c 	ldrb.w	r8, [sp, #28]
10004ab2:	783b      	ldrb	r3, [r7, #0]
10004ab4:	f043 0301 	orr.w	r3, r3, #1
10004ab8:	703b      	strb	r3, [r7, #0]
10004aba:	f897 3034 	ldrb.w	r3, [r7, #52]	@ 0x34
10004abe:	f360 0300 	bfi	r3, r0, #0, #1
10004ac2:	f887 3034 	strb.w	r3, [r7, #52]	@ 0x34
10004ac6:	f897 3034 	ldrb.w	r3, [r7, #52]	@ 0x34
10004aca:	f360 0382 	bfi	r3, r0, #2, #1
10004ace:	f887 3034 	strb.w	r3, [r7, #52]	@ 0x34
10004ad2:	f897 3035 	ldrb.w	r3, [r7, #53]	@ 0x35
10004ad6:	f360 0300 	bfi	r3, r0, #0, #1
10004ada:	f887 3035 	strb.w	r3, [r7, #53]	@ 0x35
10004ade:	f897 3035 	ldrb.w	r3, [r7, #53]	@ 0x35
10004ae2:	f360 0382 	bfi	r3, r0, #2, #1
10004ae6:	f887 3035 	strb.w	r3, [r7, #53]	@ 0x35
10004aea:	f000 fc5b 	bl	100053a4 <usbd_control_set_complete_callback>
10004aee:	f89d 3020 	ldrb.w	r3, [sp, #32]
10004af2:	f003 0260 	and.w	r2, r3, #96	@ 0x60
10004af6:	2a60      	cmp	r2, #96	@ 0x60
10004af8:	d066      	beq.n	10004bc8 <tud_task_ext+0x214>
10004afa:	2a40      	cmp	r2, #64	@ 0x40
10004afc:	d076      	beq.n	10004bec <tud_task_ext+0x238>
10004afe:	f003 031f 	and.w	r3, r3, #31
10004b02:	2b01      	cmp	r3, #1
10004b04:	f000 80b6 	beq.w	10004c74 <tud_task_ext+0x2c0>
10004b08:	2b02      	cmp	r3, #2
10004b0a:	d07b      	beq.n	10004c04 <tud_task_ext+0x250>
10004b0c:	2b00      	cmp	r3, #0
10004b0e:	d15b      	bne.n	10004bc8 <tud_task_ext+0x214>
10004b10:	2a20      	cmp	r2, #32
10004b12:	f000 81db 	beq.w	10004ecc <tud_task_ext+0x518>
10004b16:	2a00      	cmp	r2, #0
10004b18:	d156      	bne.n	10004bc8 <tud_task_ext+0x214>
10004b1a:	f89d 3021 	ldrb.w	r3, [sp, #33]	@ 0x21
10004b1e:	2b09      	cmp	r3, #9
10004b20:	d852      	bhi.n	10004bc8 <tud_task_ext+0x214>
10004b22:	e8df f013 	tbh	[pc, r3, lsl #1]
10004b26:	01a2      	.short	0x01a2
10004b28:	00510194 	.word	0x00510194
10004b2c:	005101b3 	.word	0x005101b3
10004b30:	015d0187 	.word	0x015d0187
10004b34:	01520051 	.word	0x01520051
10004b38:	00e5      	.short	0x00e5
10004b3a:	782b      	ldrb	r3, [r5, #0]
10004b3c:	07d9      	lsls	r1, r3, #31
10004b3e:	f57f af49 	bpl.w	100049d4 <tud_task_ext+0x20>
10004b42:	f7ff feab 	bl	1000489c <tud_resume_cb>
10004b46:	e745      	b.n	100049d4 <tud_task_ext+0x20>
10004b48:	78eb      	ldrb	r3, [r5, #3]
10004b4a:	07da      	lsls	r2, r3, #31
10004b4c:	f57f af42 	bpl.w	100049d4 <tud_task_ext+0x20>
10004b50:	9808      	ldr	r0, [sp, #32]
10004b52:	f7ff fe97 	bl	10004884 <tud_sof_cb>
10004b56:	e73d      	b.n	100049d4 <tud_task_ext+0x20>
10004b58:	782b      	ldrb	r3, [r5, #0]
10004b5a:	07d8      	lsls	r0, r3, #31
10004b5c:	f57f af3a 	bpl.w	100049d4 <tud_task_ext+0x20>
10004b60:	7828      	ldrb	r0, [r5, #0]
10004b62:	f3c0 00c0 	ubfx	r0, r0, #3, #1
10004b66:	f7ff fe97 	bl	10004898 <tud_suspend_cb>
10004b6a:	e733      	b.n	100049d4 <tud_task_ext+0x20>
10004b6c:	f89d 001c 	ldrb.w	r0, [sp, #28]
10004b70:	f7ff fe40 	bl	100047f4 <configuration_reset>
10004b74:	f000 fc0c 	bl	10005390 <usbd_control_reset>
10004b78:	f89d 3020 	ldrb.w	r3, [sp, #32]
10004b7c:	70ab      	strb	r3, [r5, #2]
10004b7e:	e729      	b.n	100049d4 <tud_task_ext+0x20>
10004b80:	f89d 001c 	ldrb.w	r0, [sp, #28]
10004b84:	f7ff fe36 	bl	100047f4 <configuration_reset>
10004b88:	f000 fc02 	bl	10005390 <usbd_control_reset>
10004b8c:	f7ff fe82 	bl	10004894 <tud_umount_cb>
10004b90:	e720      	b.n	100049d4 <tud_task_ext+0x20>
10004b92:	d011      	beq.n	10004bb8 <tud_task_ext+0x204>
10004b94:	f04f 23e0 	mov.w	r3, #3758153728	@ 0xe000e000
10004b98:	f8d3 3df0 	ldr.w	r3, [r3, #3568]	@ 0xdf0
10004b9c:	07dc      	lsls	r4, r3, #31
10004b9e:	d500      	bpl.n	10004ba2 <tud_task_ext+0x1ee>
10004ba0:	be00      	bkpt	0x0000
10004ba2:	b00b      	add	sp, #44	@ 0x2c
10004ba4:	e8bd 8ff0 	ldmia.w	sp!, {r4, r5, r6, r7, r8, r9, sl, fp, pc}
10004ba8:	9b09      	ldr	r3, [sp, #36]	@ 0x24
10004baa:	f89d 2021 	ldrb.w	r2, [sp, #33]	@ 0x21
10004bae:	f89d 001c 	ldrb.w	r0, [sp, #28]
10004bb2:	f000 fc0b 	bl	100053cc <usbd_control_xfer_cb>
10004bb6:	e70d      	b.n	100049d4 <tud_task_ext+0x20>
10004bb8:	4b29      	ldr	r3, [pc, #164]	@ (10004c60 <tud_task_ext+0x2ac>)
10004bba:	e75f      	b.n	10004a7c <tud_task_ext+0xc8>
10004bbc:	f7ff fb28 	bl	10004210 <tud_descriptor_configuration_cb>
10004bc0:	4602      	mov	r2, r0
10004bc2:	2800      	cmp	r0, #0
10004bc4:	f040 8179 	bne.w	10004eba <tud_task_ext+0x506>
10004bc8:	f04f 23e0 	mov.w	r3, #3758153728	@ 0xe000e000
10004bcc:	f8d3 3df0 	ldr.w	r3, [r3, #3568]	@ 0xdf0
10004bd0:	07de      	lsls	r6, r3, #31
10004bd2:	d500      	bpl.n	10004bd6 <tud_task_ext+0x222>
10004bd4:	be00      	bkpt	0x0000
10004bd6:	f89d 001c 	ldrb.w	r0, [sp, #28]
10004bda:	2100      	movs	r1, #0
10004bdc:	f7ff fda0 	bl	10004720 <dcd_edpt_stall>
10004be0:	2180      	movs	r1, #128	@ 0x80
10004be2:	f89d 001c 	ldrb.w	r0, [sp, #28]
10004be6:	f7ff fd9b 	bl	10004720 <dcd_edpt_stall>
10004bea:	e6f3      	b.n	100049d4 <tud_task_ext+0x20>
10004bec:	481d      	ldr	r0, [pc, #116]	@ (10004c64 <tud_task_ext+0x2b0>)
10004bee:	f000 fbd9 	bl	100053a4 <usbd_control_set_complete_callback>
10004bf2:	2101      	movs	r1, #1
10004bf4:	4640      	mov	r0, r8
10004bf6:	aa08      	add	r2, sp, #32
10004bf8:	f7ff fc6a 	bl	100044d0 <tud_vendor_control_xfer_cb>
10004bfc:	2800      	cmp	r0, #0
10004bfe:	f47f aee9 	bne.w	100049d4 <tud_task_ext+0x20>
10004c02:	e7e8      	b.n	10004bd6 <tud_task_ext+0x222>
10004c04:	f89d 1024 	ldrb.w	r1, [sp, #36]	@ 0x24
10004c08:	f011 0f70 	tst.w	r1, #112	@ 0x70
10004c0c:	d1dc      	bne.n	10004bc8 <tud_task_ext+0x214>
10004c0e:	f001 067f 	and.w	r6, r1, #127	@ 0x7f
10004c12:	eb07 0046 	add.w	r0, r7, r6, lsl #1
10004c16:	4b14      	ldr	r3, [pc, #80]	@ (10004c68 <tud_task_ext+0x2b4>)
10004c18:	eb00 10d1 	add.w	r0, r0, r1, lsr #7
10004c1c:	781b      	ldrb	r3, [r3, #0]
10004c1e:	7d00      	ldrb	r0, [r0, #20]
10004c20:	0076      	lsls	r6, r6, #1
10004c22:	9601      	str	r6, [sp, #4]
10004c24:	4298      	cmp	r0, r3
10004c26:	ea4f 16d1 	mov.w	r6, r1, lsr #7
10004c2a:	9600      	str	r6, [sp, #0]
10004c2c:	d34f      	bcc.n	10004cce <tud_task_ext+0x31a>
10004c2e:	f040 815f 	bne.w	10004ef0 <tud_task_ext+0x53c>
10004c32:	4e0b      	ldr	r6, [pc, #44]	@ (10004c60 <tud_task_ext+0x2ac>)
10004c34:	2a00      	cmp	r2, #0
10004c36:	f000 815f 	beq.w	10004ef8 <tud_task_ext+0x544>
10004c3a:	6970      	ldr	r0, [r6, #20]
10004c3c:	f000 fbb2 	bl	100053a4 <usbd_control_set_complete_callback>
10004c40:	2101      	movs	r1, #1
10004c42:	4640      	mov	r0, r8
10004c44:	6973      	ldr	r3, [r6, #20]
10004c46:	aa08      	add	r2, sp, #32
10004c48:	4798      	blx	r3
10004c4a:	2800      	cmp	r0, #0
10004c4c:	f47f aec2 	bne.w	100049d4 <tud_task_ext+0x20>
10004c50:	e7c1      	b.n	10004bd6 <tud_task_ext+0x222>
10004c52:	bf00      	nop
10004c54:	20002214 	.word	0x20002214
10004c58:	200021bc 	.word	0x200021bc
10004c5c:	20001fec 	.word	0x20001fec
10004c60:	1000d774 	.word	0x1000d774
10004c64:	100044d1 	.word	0x100044d1
10004c68:	200028a5 	.word	0x200028a5
10004c6c:	200016d4 	.word	0x200016d4
10004c70:	200028a7 	.word	0x200028a7
10004c74:	f89d 3024 	ldrb.w	r3, [sp, #36]	@ 0x24
10004c78:	2b0f      	cmp	r3, #15
10004c7a:	d8ac      	bhi.n	10004bd6 <tud_task_ext+0x222>
10004c7c:	4aaa      	ldr	r2, [pc, #680]	@ (10004f28 <tud_task_ext+0x574>)
10004c7e:	443b      	add	r3, r7
10004c80:	791b      	ldrb	r3, [r3, #4]
10004c82:	7812      	ldrb	r2, [r2, #0]
10004c84:	4293      	cmp	r3, r2
10004c86:	d32d      	bcc.n	10004ce4 <tud_task_ext+0x330>
10004c88:	d1a5      	bne.n	10004bd6 <tud_task_ext+0x222>
10004c8a:	4ea8      	ldr	r6, [pc, #672]	@ (10004f2c <tud_task_ext+0x578>)
10004c8c:	6970      	ldr	r0, [r6, #20]
10004c8e:	f000 fb89 	bl	100053a4 <usbd_control_set_complete_callback>
10004c92:	2101      	movs	r1, #1
10004c94:	4640      	mov	r0, r8
10004c96:	6973      	ldr	r3, [r6, #20]
10004c98:	aa08      	add	r2, sp, #32
10004c9a:	4798      	blx	r3
10004c9c:	2800      	cmp	r0, #0
10004c9e:	f47f ae99 	bne.w	100049d4 <tud_task_ext+0x20>
10004ca2:	f89d 3020 	ldrb.w	r3, [sp, #32]
10004ca6:	f013 0660 	ands.w	r6, r3, #96	@ 0x60
10004caa:	d194      	bne.n	10004bd6 <tud_task_ext+0x222>
10004cac:	f89d 3021 	ldrb.w	r3, [sp, #33]	@ 0x21
10004cb0:	3b0a      	subs	r3, #10
10004cb2:	2b01      	cmp	r3, #1
10004cb4:	d88f      	bhi.n	10004bd6 <tud_task_ext+0x222>
10004cb6:	f000 fb75 	bl	100053a4 <usbd_control_set_complete_callback>
10004cba:	f89d 3021 	ldrb.w	r3, [sp, #33]	@ 0x21
10004cbe:	2b0a      	cmp	r3, #10
10004cc0:	f000 81f1 	beq.w	100050a6 <tud_task_ext+0x6f2>
10004cc4:	4640      	mov	r0, r8
10004cc6:	a908      	add	r1, sp, #32
10004cc8:	f000 faf0 	bl	100052ac <tud_control_status>
10004ccc:	e682      	b.n	100049d4 <tud_task_ext+0x20>
10004cce:	4b98      	ldr	r3, [pc, #608]	@ (10004f30 <tud_task_ext+0x57c>)
10004cd0:	681b      	ldr	r3, [r3, #0]
10004cd2:	eb03 1640 	add.w	r6, r3, r0, lsl #5
10004cd6:	2a00      	cmp	r2, #0
10004cd8:	f000 810e 	beq.w	10004ef8 <tud_task_ext+0x544>
10004cdc:	2e00      	cmp	r6, #0
10004cde:	f43f af7a 	beq.w	10004bd6 <tud_task_ext+0x222>
10004ce2:	e7aa      	b.n	10004c3a <tud_task_ext+0x286>
10004ce4:	4a92      	ldr	r2, [pc, #584]	@ (10004f30 <tud_task_ext+0x57c>)
10004ce6:	6816      	ldr	r6, [r2, #0]
10004ce8:	eb16 1643 	adds.w	r6, r6, r3, lsl #5
10004cec:	d1ce      	bne.n	10004c8c <tud_task_ext+0x2d8>
10004cee:	e772      	b.n	10004bd6 <tud_task_ext+0x222>
10004cf0:	787b      	ldrb	r3, [r7, #1]
10004cf2:	f89d 6022 	ldrb.w	r6, [sp, #34]	@ 0x22
10004cf6:	429e      	cmp	r6, r3
10004cf8:	f000 814c 	beq.w	10004f94 <tud_task_ext+0x5e0>
10004cfc:	787b      	ldrb	r3, [r7, #1]
10004cfe:	2b00      	cmp	r3, #0
10004d00:	f040 81bd 	bne.w	1000507e <tud_task_ext+0x6ca>
10004d04:	707e      	strb	r6, [r7, #1]
10004d06:	2e00      	cmp	r6, #0
10004d08:	f000 8142 	beq.w	10004f90 <tud_task_ext+0x5dc>
10004d0c:	1e70      	subs	r0, r6, #1
10004d0e:	b2c0      	uxtb	r0, r0
10004d10:	f7ff fa7e 	bl	10004210 <tud_descriptor_configuration_cb>
10004d14:	4603      	mov	r3, r0
10004d16:	2800      	cmp	r0, #0
10004d18:	f000 815e 	beq.w	10004fd8 <tud_task_ext+0x624>
10004d1c:	7842      	ldrb	r2, [r0, #1]
10004d1e:	2a02      	cmp	r2, #2
10004d20:	f040 815a 	bne.w	10004fd8 <tud_task_ext+0x624>
10004d24:	79c1      	ldrb	r1, [r0, #7]
10004d26:	f103 0609 	add.w	r6, r3, #9
10004d2a:	f3c1 1240 	ubfx	r2, r1, #5, #1
10004d2e:	0112      	lsls	r2, r2, #4
10004d30:	f3c1 1180 	ubfx	r1, r1, #6, #1
10004d34:	ea42 1241 	orr.w	r2, r2, r1, lsl #5
10004d38:	4631      	mov	r1, r6
10004d3a:	7838      	ldrb	r0, [r7, #0]
10004d3c:	f020 0030 	bic.w	r0, r0, #48	@ 0x30
10004d40:	4302      	orrs	r2, r0
10004d42:	703a      	strb	r2, [r7, #0]
10004d44:	885a      	ldrh	r2, [r3, #2]
10004d46:	f8cd 8008 	str.w	r8, [sp, #8]
10004d4a:	189a      	adds	r2, r3, r2
10004d4c:	9200      	str	r2, [sp, #0]
10004d4e:	9b00      	ldr	r3, [sp, #0]
10004d50:	428b      	cmp	r3, r1
10004d52:	f240 81a3 	bls.w	1000509c <tud_task_ext+0x6e8>
10004d56:	784b      	ldrb	r3, [r1, #1]
10004d58:	2b0b      	cmp	r3, #11
10004d5a:	f000 81ae 	beq.w	100050ba <tud_task_ext+0x706>
10004d5e:	f04f 0c01 	mov.w	ip, #1
10004d62:	2b04      	cmp	r3, #4
10004d64:	f040 8138 	bne.w	10004fd8 <tud_task_ext+0x624>
10004d68:	2300      	movs	r3, #0
10004d6a:	9a00      	ldr	r2, [sp, #0]
10004d6c:	461e      	mov	r6, r3
10004d6e:	1a52      	subs	r2, r2, r1
10004d70:	b292      	uxth	r2, r2
10004d72:	9201      	str	r2, [sp, #4]
10004d74:	4a6c      	ldr	r2, [pc, #432]	@ (10004f28 <tud_task_ext+0x574>)
10004d76:	f8cd c00c 	str.w	ip, [sp, #12]
10004d7a:	7812      	ldrb	r2, [r2, #0]
10004d7c:	e01d      	b.n	10004dba <tud_task_ext+0x406>
10004d7e:	4a6c      	ldr	r2, [pc, #432]	@ (10004f30 <tud_task_ext+0x57c>)
10004d80:	6812      	ldr	r2, [r2, #0]
10004d82:	eb12 1846 	adds.w	r8, r2, r6, lsl #5
10004d86:	f000 8127 	beq.w	10004fd8 <tud_task_ext+0x624>
10004d8a:	9a01      	ldr	r2, [sp, #4]
10004d8c:	9305      	str	r3, [sp, #20]
10004d8e:	9802      	ldr	r0, [sp, #8]
10004d90:	f8d8 3010 	ldr.w	r3, [r8, #16]
10004d94:	9104      	str	r1, [sp, #16]
10004d96:	4798      	blx	r3
10004d98:	9b05      	ldr	r3, [sp, #20]
10004d9a:	2808      	cmp	r0, #8
10004d9c:	4602      	mov	r2, r0
10004d9e:	9904      	ldr	r1, [sp, #16]
10004da0:	f103 0301 	add.w	r3, r3, #1
10004da4:	d903      	bls.n	10004dae <tud_task_ext+0x3fa>
10004da6:	9801      	ldr	r0, [sp, #4]
10004da8:	4290      	cmp	r0, r2
10004daa:	f080 80f8 	bcs.w	10004f9e <tud_task_ext+0x5ea>
10004dae:	4a5e      	ldr	r2, [pc, #376]	@ (10004f28 <tud_task_ext+0x574>)
10004db0:	b2de      	uxtb	r6, r3
10004db2:	7812      	ldrb	r2, [r2, #0]
10004db4:	42b2      	cmp	r2, r6
10004db6:	f0c0 810f 	bcc.w	10004fd8 <tud_task_ext+0x624>
10004dba:	42b2      	cmp	r2, r6
10004dbc:	eba6 0202 	sub.w	r2, r6, r2
10004dc0:	d8dd      	bhi.n	10004d7e <tud_task_ext+0x3ca>
10004dc2:	485a      	ldr	r0, [pc, #360]	@ (10004f2c <tud_task_ext+0x578>)
10004dc4:	eb00 1842 	add.w	r8, r0, r2, lsl #5
10004dc8:	e7df      	b.n	10004d8a <tud_task_ext+0x3d6>
10004dca:	787b      	ldrb	r3, [r7, #1]
10004dcc:	4640      	mov	r0, r8
10004dce:	f88d 301a 	strb.w	r3, [sp, #26]
10004dd2:	f10d 021a 	add.w	r2, sp, #26
10004dd6:	2301      	movs	r3, #1
10004dd8:	a908      	add	r1, sp, #32
10004dda:	f000 fa81 	bl	100052e0 <tud_control_xfer>
10004dde:	e5f9      	b.n	100049d4 <tud_task_ext+0x20>
10004de0:	f8bd 0022 	ldrh.w	r0, [sp, #34]	@ 0x22
10004de4:	0a03      	lsrs	r3, r0, #8
10004de6:	3b01      	subs	r3, #1
10004de8:	0a02      	lsrs	r2, r0, #8
10004dea:	b2c0      	uxtb	r0, r0
10004dec:	2b0e      	cmp	r3, #14
10004dee:	f63f aef2 	bhi.w	10004bd6 <tud_task_ext+0x222>
10004df2:	a101      	add	r1, pc, #4	@ (adr r1, 10004df8 <tud_task_ext+0x444>)
10004df4:	f851 f023 	ldr.w	pc, [r1, r3, lsl #2]
10004df8:	10005009 	.word	0x10005009
10004dfc:	10004ea9 	.word	0x10004ea9
10004e00:	10005045 	.word	0x10005045
10004e04:	10004bd7 	.word	0x10004bd7
10004e08:	10004bd7 	.word	0x10004bd7
10004e0c:	10005027 	.word	0x10005027
10004e10:	10004ea9 	.word	0x10004ea9
10004e14:	10004bd7 	.word	0x10004bd7
10004e18:	10004bd7 	.word	0x10004bd7
10004e1c:	10004bd7 	.word	0x10004bd7
10004e20:	10004bd7 	.word	0x10004bd7
10004e24:	10004bd7 	.word	0x10004bd7
10004e28:	10004bd7 	.word	0x10004bd7
10004e2c:	10004bd7 	.word	0x10004bd7
10004e30:	10004ffb 	.word	0x10004ffb
10004e34:	a808      	add	r0, sp, #32
10004e36:	f000 fabb 	bl	100053b0 <usbd_control_set_request>
10004e3a:	4640      	mov	r0, r8
10004e3c:	f89d 1022 	ldrb.w	r1, [sp, #34]	@ 0x22
10004e40:	f7ff fbb8 	bl	100045b4 <dcd_set_address>
10004e44:	783b      	ldrb	r3, [r7, #0]
10004e46:	f043 0302 	orr.w	r3, r3, #2
10004e4a:	703b      	strb	r3, [r7, #0]
10004e4c:	e5c2      	b.n	100049d4 <tud_task_ext+0x20>
10004e4e:	f8bd 3022 	ldrh.w	r3, [sp, #34]	@ 0x22
10004e52:	2b01      	cmp	r3, #1
10004e54:	f47f aebf 	bne.w	10004bd6 <tud_task_ext+0x222>
10004e58:	783b      	ldrb	r3, [r7, #0]
10004e5a:	4640      	mov	r0, r8
10004e5c:	f023 0308 	bic.w	r3, r3, #8
10004e60:	a908      	add	r1, sp, #32
10004e62:	703b      	strb	r3, [r7, #0]
10004e64:	f000 fa22 	bl	100052ac <tud_control_status>
10004e68:	e5b4      	b.n	100049d4 <tud_task_ext+0x20>
10004e6a:	4640      	mov	r0, r8
10004e6c:	783b      	ldrb	r3, [r7, #0]
10004e6e:	089a      	lsrs	r2, r3, #2
10004e70:	f002 0202 	and.w	r2, r2, #2
10004e74:	f3c3 1340 	ubfx	r3, r3, #5, #1
10004e78:	4313      	orrs	r3, r2
10004e7a:	f8ad 301a 	strh.w	r3, [sp, #26]
10004e7e:	f10d 021a 	add.w	r2, sp, #26
10004e82:	2302      	movs	r3, #2
10004e84:	a908      	add	r1, sp, #32
10004e86:	f000 fa2b 	bl	100052e0 <tud_control_xfer>
10004e8a:	e5a3      	b.n	100049d4 <tud_task_ext+0x20>
10004e8c:	f8bd 3022 	ldrh.w	r3, [sp, #34]	@ 0x22
10004e90:	2b01      	cmp	r3, #1
10004e92:	f47f aea0 	bne.w	10004bd6 <tud_task_ext+0x222>
10004e96:	783b      	ldrb	r3, [r7, #0]
10004e98:	4640      	mov	r0, r8
10004e9a:	f043 0308 	orr.w	r3, r3, #8
10004e9e:	a908      	add	r1, sp, #32
10004ea0:	703b      	strb	r3, [r7, #0]
10004ea2:	f000 fa03 	bl	100052ac <tud_control_status>
10004ea6:	e595      	b.n	100049d4 <tud_task_ext+0x20>
10004ea8:	2a02      	cmp	r2, #2
10004eaa:	f43f ae87 	beq.w	10004bbc <tud_task_ext+0x208>
10004eae:	f7ff fced 	bl	1000488c <tud_descriptor_other_speed_configuration_cb>
10004eb2:	4602      	mov	r2, r0
10004eb4:	2800      	cmp	r0, #0
10004eb6:	f43f ae8e 	beq.w	10004bd6 <tud_task_ext+0x222>
10004eba:	4640      	mov	r0, r8
10004ebc:	8853      	ldrh	r3, [r2, #2]
10004ebe:	a908      	add	r1, sp, #32
10004ec0:	f000 fa0e 	bl	100052e0 <tud_control_xfer>
10004ec4:	2800      	cmp	r0, #0
10004ec6:	f47f ad85 	bne.w	100049d4 <tud_task_ext+0x20>
10004eca:	e684      	b.n	10004bd6 <tud_task_ext+0x222>
10004ecc:	f89d 3024 	ldrb.w	r3, [sp, #36]	@ 0x24
10004ed0:	2b0f      	cmp	r3, #15
10004ed2:	f63f ae80 	bhi.w	10004bd6 <tud_task_ext+0x222>
10004ed6:	4a14      	ldr	r2, [pc, #80]	@ (10004f28 <tud_task_ext+0x574>)
10004ed8:	443b      	add	r3, r7
10004eda:	791b      	ldrb	r3, [r3, #4]
10004edc:	7812      	ldrb	r2, [r2, #0]
10004ede:	4293      	cmp	r3, r2
10004ee0:	d21d      	bcs.n	10004f1e <tud_task_ext+0x56a>
10004ee2:	4a13      	ldr	r2, [pc, #76]	@ (10004f30 <tud_task_ext+0x57c>)
10004ee4:	6816      	ldr	r6, [r2, #0]
10004ee6:	eb16 1643 	adds.w	r6, r6, r3, lsl #5
10004eea:	f47f aea6 	bne.w	10004c3a <tud_task_ext+0x286>
10004eee:	e672      	b.n	10004bd6 <tud_task_ext+0x222>
10004ef0:	2a00      	cmp	r2, #0
10004ef2:	f47f ae70 	bne.w	10004bd6 <tud_task_ext+0x222>
10004ef6:	2600      	movs	r6, #0
10004ef8:	f89d 2021 	ldrb.w	r2, [sp, #33]	@ 0x21
10004efc:	f002 03fd 	and.w	r3, r2, #253	@ 0xfd
10004f00:	2b01      	cmp	r3, #1
10004f02:	d017      	beq.n	10004f34 <tud_task_ext+0x580>
10004f04:	2a00      	cmp	r2, #0
10004f06:	f47f ae5f 	bne.w	10004bc8 <tud_task_ext+0x214>
10004f0a:	9b01      	ldr	r3, [sp, #4]
10004f0c:	9a00      	ldr	r2, [sp, #0]
10004f0e:	443b      	add	r3, r7
10004f10:	4413      	add	r3, r2
10004f12:	f893 3034 	ldrb.w	r3, [r3, #52]	@ 0x34
10004f16:	4640      	mov	r0, r8
10004f18:	f3c3 0340 	ubfx	r3, r3, #1, #1
10004f1c:	e7ad      	b.n	10004e7a <tud_task_ext+0x4c6>
10004f1e:	f47f ae5a 	bne.w	10004bd6 <tud_task_ext+0x222>
10004f22:	4e02      	ldr	r6, [pc, #8]	@ (10004f2c <tud_task_ext+0x578>)
10004f24:	e689      	b.n	10004c3a <tud_task_ext+0x286>
10004f26:	bf00      	nop
10004f28:	200028a5 	.word	0x200028a5
10004f2c:	1000d774 	.word	0x1000d774
10004f30:	20001fec 	.word	0x20001fec
10004f34:	f8bd 3022 	ldrh.w	r3, [sp, #34]	@ 0x22
10004f38:	b9b3      	cbnz	r3, 10004f68 <tud_task_ext+0x5b4>
10004f3a:	2a01      	cmp	r2, #1
10004f3c:	f899 0000 	ldrb.w	r0, [r9]
10004f40:	f000 8088 	beq.w	10005054 <tud_task_ext+0x6a0>
10004f44:	f7ff fbec 	bl	10004720 <dcd_edpt_stall>
10004f48:	9b01      	ldr	r3, [sp, #4]
10004f4a:	9a00      	ldr	r2, [sp, #0]
10004f4c:	443b      	add	r3, r7
10004f4e:	4413      	add	r3, r2
10004f50:	f893 2034 	ldrb.w	r2, [r3, #52]	@ 0x34
10004f54:	f042 0202 	orr.w	r2, r2, #2
10004f58:	f883 2034 	strb.w	r2, [r3, #52]	@ 0x34
10004f5c:	f893 2034 	ldrb.w	r2, [r3, #52]	@ 0x34
10004f60:	f042 0201 	orr.w	r2, r2, #1
10004f64:	f883 2034 	strb.w	r2, [r3, #52]	@ 0x34
10004f68:	2e00      	cmp	r6, #0
10004f6a:	f43f ad33 	beq.w	100049d4 <tud_task_ext+0x20>
10004f6e:	6970      	ldr	r0, [r6, #20]
10004f70:	f000 fa18 	bl	100053a4 <usbd_control_set_complete_callback>
10004f74:	6973      	ldr	r3, [r6, #20]
10004f76:	2101      	movs	r1, #1
10004f78:	aa08      	add	r2, sp, #32
10004f7a:	4640      	mov	r0, r8
10004f7c:	4798      	blx	r3
10004f7e:	2000      	movs	r0, #0
10004f80:	f000 fa10 	bl	100053a4 <usbd_control_set_complete_callback>
10004f84:	f897 3035 	ldrb.w	r3, [r7, #53]	@ 0x35
10004f88:	07df      	lsls	r7, r3, #31
10004f8a:	f53f ad23 	bmi.w	100049d4 <tud_task_ext+0x20>
10004f8e:	e699      	b.n	10004cc4 <tud_task_ext+0x310>
10004f90:	f7ff fc80 	bl	10004894 <tud_umount_cb>
10004f94:	4640      	mov	r0, r8
10004f96:	a908      	add	r1, sp, #32
10004f98:	f000 f988 	bl	100052ac <tud_control_status>
10004f9c:	e51a      	b.n	100049d4 <tud_task_ext+0x20>
10004f9e:	f8dd c00c 	ldr.w	ip, [sp, #12]
10004fa2:	f1bc 0f01 	cmp.w	ip, #1
10004fa6:	f000 809d 	beq.w	100050e4 <tud_task_ext+0x730>
10004faa:	f1bc 0f00 	cmp.w	ip, #0
10004fae:	f000 808a 	beq.w	100050c6 <tud_task_ext+0x712>
10004fb2:	2300      	movs	r3, #0
10004fb4:	f891 8002 	ldrb.w	r8, [r1, #2]
10004fb8:	e004      	b.n	10004fc4 <tud_task_ext+0x610>
10004fba:	7106      	strb	r6, [r0, #4]
10004fbc:	b2d8      	uxtb	r0, r3
10004fbe:	4584      	cmp	ip, r0
10004fc0:	f240 8081 	bls.w	100050c6 <tud_task_ext+0x712>
10004fc4:	eb08 0003 	add.w	r0, r8, r3
10004fc8:	fa57 f080 	uxtab	r0, r7, r0
10004fcc:	f890 e004 	ldrb.w	lr, [r0, #4]
10004fd0:	3301      	adds	r3, #1
10004fd2:	f1be 0fff 	cmp.w	lr, #255	@ 0xff
10004fd6:	d0f0      	beq.n	10004fba <tud_task_ext+0x606>
10004fd8:	f04f 23e0 	mov.w	r3, #3758153728	@ 0xe000e000
10004fdc:	f8d3 3df0 	ldr.w	r3, [r3, #3568]	@ 0xdf0
10004fe0:	07da      	lsls	r2, r3, #31
10004fe2:	d500      	bpl.n	10004fe6 <tud_task_ext+0x632>
10004fe4:	be00      	bkpt	0x0000
10004fe6:	f04f 23e0 	mov.w	r3, #3758153728	@ 0xe000e000
10004fea:	f8d3 3df0 	ldr.w	r3, [r3, #3568]	@ 0xdf0
10004fee:	07db      	lsls	r3, r3, #31
10004ff0:	d500      	bpl.n	10004ff4 <tud_task_ext+0x640>
10004ff2:	be00      	bkpt	0x0000
10004ff4:	2300      	movs	r3, #0
10004ff6:	707b      	strb	r3, [r7, #1]
10004ff8:	e5ed      	b.n	10004bd6 <tud_task_ext+0x222>
10004ffa:	f7ff fa65 	bl	100044c8 <tud_descriptor_bos_cb>
10004ffe:	4602      	mov	r2, r0
10005000:	2800      	cmp	r0, #0
10005002:	f47f af5a 	bne.w	10004eba <tud_task_ext+0x506>
10005006:	e5e6      	b.n	10004bd6 <tud_task_ext+0x222>
10005008:	f7ff f8fe 	bl	10004208 <tud_descriptor_device_cb>
1000500c:	4602      	mov	r2, r0
1000500e:	2800      	cmp	r0, #0
10005010:	f43f adda 	beq.w	10004bc8 <tud_task_ext+0x214>
10005014:	4640      	mov	r0, r8
10005016:	2312      	movs	r3, #18
10005018:	a908      	add	r1, sp, #32
1000501a:	f000 f961 	bl	100052e0 <tud_control_xfer>
1000501e:	2800      	cmp	r0, #0
10005020:	f47f acd8 	bne.w	100049d4 <tud_task_ext+0x20>
10005024:	e5d7      	b.n	10004bd6 <tud_task_ext+0x222>
10005026:	f7ff fc2f 	bl	10004888 <tud_descriptor_device_qualifier_cb>
1000502a:	4602      	mov	r2, r0
1000502c:	2800      	cmp	r0, #0
1000502e:	f43f add2 	beq.w	10004bd6 <tud_task_ext+0x222>
10005032:	4640      	mov	r0, r8
10005034:	7813      	ldrb	r3, [r2, #0]
10005036:	a908      	add	r1, sp, #32
10005038:	f000 f952 	bl	100052e0 <tud_control_xfer>
1000503c:	2800      	cmp	r0, #0
1000503e:	f47f acc9 	bne.w	100049d4 <tud_task_ext+0x20>
10005042:	e5c8      	b.n	10004bd6 <tud_task_ext+0x222>
10005044:	f8bd 1024 	ldrh.w	r1, [sp, #36]	@ 0x24
10005048:	f7ff f8e6 	bl	10004218 <tud_descriptor_string_cb>
1000504c:	4602      	mov	r2, r0
1000504e:	2800      	cmp	r0, #0
10005050:	d1ef      	bne.n	10005032 <tud_task_ext+0x67e>
10005052:	e5c0      	b.n	10004bd6 <tud_task_ext+0x222>
10005054:	9302      	str	r3, [sp, #8]
10005056:	f7ff fb7b 	bl	10004750 <dcd_edpt_clear_stall>
1000505a:	9a01      	ldr	r2, [sp, #4]
1000505c:	9b00      	ldr	r3, [sp, #0]
1000505e:	443a      	add	r2, r7
10005060:	441a      	add	r2, r3
10005062:	f892 1034 	ldrb.w	r1, [r2, #52]	@ 0x34
10005066:	9b02      	ldr	r3, [sp, #8]
10005068:	f363 0141 	bfi	r1, r3, #1, #1
1000506c:	f882 1034 	strb.w	r1, [r2, #52]	@ 0x34
10005070:	f892 1034 	ldrb.w	r1, [r2, #52]	@ 0x34
10005074:	f363 0100 	bfi	r1, r3, #0, #1
10005078:	f882 1034 	strb.w	r1, [r2, #52]	@ 0x34
1000507c:	e774      	b.n	10004f68 <tud_task_ext+0x5b4>
1000507e:	2100      	movs	r1, #0
10005080:	4640      	mov	r0, r8
10005082:	f7ff fa9f 	bl	100045c4 <dcd_sof_enable>
10005086:	4640      	mov	r0, r8
10005088:	f7ff fb34 	bl	100046f4 <dcd_edpt_close_all>
1000508c:	78bb      	ldrb	r3, [r7, #2]
1000508e:	4640      	mov	r0, r8
10005090:	9300      	str	r3, [sp, #0]
10005092:	f7ff fbaf 	bl	100047f4 <configuration_reset>
10005096:	9b00      	ldr	r3, [sp, #0]
10005098:	70bb      	strb	r3, [r7, #2]
1000509a:	e633      	b.n	10004d04 <tud_task_ext+0x350>
1000509c:	f8dd 8008 	ldr.w	r8, [sp, #8]
100050a0:	f7ff fbf6 	bl	10004890 <tud_mount_cb>
100050a4:	e776      	b.n	10004f94 <tud_task_ext+0x5e0>
100050a6:	4640      	mov	r0, r8
100050a8:	2301      	movs	r3, #1
100050aa:	a908      	add	r1, sp, #32
100050ac:	f10d 021a 	add.w	r2, sp, #26
100050b0:	f88d 601a 	strb.w	r6, [sp, #26]
100050b4:	f000 f914 	bl	100052e0 <tud_control_xfer>
100050b8:	e48c      	b.n	100049d4 <tud_task_ext+0x20>
100050ba:	780b      	ldrb	r3, [r1, #0]
100050bc:	f891 c003 	ldrb.w	ip, [r1, #3]
100050c0:	4419      	add	r1, r3
100050c2:	784b      	ldrb	r3, [r1, #1]
100050c4:	e64d      	b.n	10004d62 <tud_task_ext+0x3ae>
100050c6:	4633      	mov	r3, r6
100050c8:	480f      	ldr	r0, [pc, #60]	@ (10005108 <tud_task_ext+0x754>)
100050ca:	9203      	str	r2, [sp, #12]
100050cc:	9101      	str	r1, [sp, #4]
100050ce:	f000 fd69 	bl	10005ba4 <tu_edpt_bind_driver>
100050d2:	4b0e      	ldr	r3, [pc, #56]	@ (1000510c <tud_task_ext+0x758>)
100050d4:	9901      	ldr	r1, [sp, #4]
100050d6:	781b      	ldrb	r3, [r3, #0]
100050d8:	9a03      	ldr	r2, [sp, #12]
100050da:	42b3      	cmp	r3, r6
100050dc:	4411      	add	r1, r2
100050de:	f4bf ae36 	bcs.w	10004d4e <tud_task_ext+0x39a>
100050e2:	e779      	b.n	10004fd8 <tud_task_ext+0x624>
100050e4:	f8d8 0010 	ldr.w	r0, [r8, #16]
100050e8:	4b09      	ldr	r3, [pc, #36]	@ (10005110 <tud_task_ext+0x75c>)
100050ea:	4298      	cmp	r0, r3
100050ec:	bf08      	it	eq
100050ee:	f04f 0c02 	moveq.w	ip, #2
100050f2:	e75e      	b.n	10004fb2 <tud_task_ext+0x5fe>
100050f4:	f04f 23e0 	mov.w	r3, #3758153728	@ 0xe000e000
100050f8:	f8d3 3df0 	ldr.w	r3, [r3, #3568]	@ 0xdf0
100050fc:	07db      	lsls	r3, r3, #31
100050fe:	f57f ac69 	bpl.w	100049d4 <tud_task_ext+0x20>
10005102:	be00      	bkpt	0x0000
10005104:	e466      	b.n	100049d4 <tud_task_ext+0x20>
10005106:	bf00      	nop
10005108:	200021d0 	.word	0x200021d0
1000510c:	200028a5 	.word	0x200028a5
10005110:	100057dd 	.word	0x100057dd

10005114 <usbd_open_edpt_pair>:
10005114:	e92d 4ff8 	stmdb	sp!, {r3, r4, r5, r6, r7, r8, r9, sl, fp, lr}
10005118:	9f0a      	ldr	r7, [sp, #40]	@ 0x28
1000511a:	2a00      	cmp	r2, #0
1000511c:	d040      	beq.n	100051a0 <usbd_open_edpt_pair+0x8c>
1000511e:	460c      	mov	r4, r1
10005120:	461e      	mov	r6, r3
10005122:	4615      	mov	r5, r2
10005124:	f04f 0a00 	mov.w	sl, #0
10005128:	f8df 907c 	ldr.w	r9, [pc, #124]	@ 100051a8 <usbd_open_edpt_pair+0x94>
1000512c:	f8df 807c 	ldr.w	r8, [pc, #124]	@ 100051ac <usbd_open_edpt_pair+0x98>
10005130:	e018      	b.n	10005164 <usbd_open_edpt_pair+0x50>
10005132:	4620      	mov	r0, r4
10005134:	f898 1002 	ldrb.w	r1, [r8, #2]
10005138:	f899 b000 	ldrb.w	fp, [r9]
1000513c:	f000 fd02 	bl	10005b44 <tu_edpt_validate>
10005140:	b1e0      	cbz	r0, 1000517c <usbd_open_edpt_pair+0x68>
10005142:	4621      	mov	r1, r4
10005144:	4658      	mov	r0, fp
10005146:	f7ff fa59 	bl	100045fc <dcd_edpt_open>
1000514a:	b1f0      	cbz	r0, 1000518a <usbd_open_edpt_pair+0x76>
1000514c:	78a2      	ldrb	r2, [r4, #2]
1000514e:	f10a 0a01 	add.w	sl, sl, #1
10005152:	09d1      	lsrs	r1, r2, #7
10005154:	bf16      	itet	ne
10005156:	9b0b      	ldrne	r3, [sp, #44]	@ 0x2c
10005158:	703a      	strbeq	r2, [r7, #0]
1000515a:	701a      	strbne	r2, [r3, #0]
1000515c:	7822      	ldrb	r2, [r4, #0]
1000515e:	45aa      	cmp	sl, r5
10005160:	4414      	add	r4, r2
10005162:	d01d      	beq.n	100051a0 <usbd_open_edpt_pair+0x8c>
10005164:	7862      	ldrb	r2, [r4, #1]
10005166:	2a05      	cmp	r2, #5
10005168:	d10f      	bne.n	1000518a <usbd_open_edpt_pair+0x76>
1000516a:	78e1      	ldrb	r1, [r4, #3]
1000516c:	f001 0103 	and.w	r1, r1, #3
10005170:	42b1      	cmp	r1, r6
10005172:	d10a      	bne.n	1000518a <usbd_open_edpt_pair+0x76>
10005174:	78a2      	ldrb	r2, [r4, #2]
10005176:	f012 0f70 	tst.w	r2, #112	@ 0x70
1000517a:	d0da      	beq.n	10005132 <usbd_open_edpt_pair+0x1e>
1000517c:	f04f 23e0 	mov.w	r3, #3758153728	@ 0xe000e000
10005180:	f8d3 3df0 	ldr.w	r3, [r3, #3568]	@ 0xdf0
10005184:	07da      	lsls	r2, r3, #31
10005186:	d500      	bpl.n	1000518a <usbd_open_edpt_pair+0x76>
10005188:	be00      	bkpt	0x0000
1000518a:	f04f 23e0 	mov.w	r3, #3758153728	@ 0xe000e000
1000518e:	f8d3 3df0 	ldr.w	r3, [r3, #3568]	@ 0xdf0
10005192:	07db      	lsls	r3, r3, #31
10005194:	d402      	bmi.n	1000519c <usbd_open_edpt_pair+0x88>
10005196:	2000      	movs	r0, #0
10005198:	e8bd 8ff8 	ldmia.w	sp!, {r3, r4, r5, r6, r7, r8, r9, sl, fp, pc}
1000519c:	be00      	bkpt	0x0000
1000519e:	e7fa      	b.n	10005196 <usbd_open_edpt_pair+0x82>
100051a0:	2001      	movs	r0, #1
100051a2:	e8bd 8ff8 	ldmia.w	sp!, {r3, r4, r5, r6, r7, r8, r9, sl, fp, pc}
100051a6:	bf00      	nop
100051a8:	200016d4 	.word	0x200016d4
100051ac:	200021bc 	.word	0x200021bc

100051b0 <usbd_edpt_open>:
100051b0:	b538      	push	{r3, r4, r5, lr}
100051b2:	788b      	ldrb	r3, [r1, #2]
100051b4:	f013 0f70 	tst.w	r3, #112	@ 0x70
100051b8:	d008      	beq.n	100051cc <usbd_edpt_open+0x1c>
100051ba:	f04f 23e0 	mov.w	r3, #3758153728	@ 0xe000e000
100051be:	f8d3 3df0 	ldr.w	r3, [r3, #3568]	@ 0xdf0
100051c2:	07db      	lsls	r3, r3, #31
100051c4:	d500      	bpl.n	100051c8 <usbd_edpt_open+0x18>
100051c6:	be00      	bkpt	0x0000
100051c8:	2000      	movs	r0, #0
100051ca:	bd38      	pop	{r3, r4, r5, pc}
100051cc:	4a07      	ldr	r2, [pc, #28]	@ (100051ec <usbd_edpt_open+0x3c>)
100051ce:	4b08      	ldr	r3, [pc, #32]	@ (100051f0 <usbd_edpt_open+0x40>)
100051d0:	460c      	mov	r4, r1
100051d2:	4608      	mov	r0, r1
100051d4:	7891      	ldrb	r1, [r2, #2]
100051d6:	781d      	ldrb	r5, [r3, #0]
100051d8:	f000 fcb4 	bl	10005b44 <tu_edpt_validate>
100051dc:	2800      	cmp	r0, #0
100051de:	d0ec      	beq.n	100051ba <usbd_edpt_open+0xa>
100051e0:	4621      	mov	r1, r4
100051e2:	4628      	mov	r0, r5
100051e4:	e8bd 4038 	ldmia.w	sp!, {r3, r4, r5, lr}
100051e8:	f7ff ba08 	b.w	100045fc <dcd_edpt_open>
100051ec:	200021bc 	.word	0x200021bc
100051f0:	200016d4 	.word	0x200016d4

100051f4 <usbd_edpt_claim>:
100051f4:	460b      	mov	r3, r1
100051f6:	4a06      	ldr	r2, [pc, #24]	@ (10005210 <usbd_edpt_claim+0x1c>)
100051f8:	4806      	ldr	r0, [pc, #24]	@ (10005214 <usbd_edpt_claim+0x20>)
100051fa:	6811      	ldr	r1, [r2, #0]
100051fc:	09da      	lsrs	r2, r3, #7
100051fe:	3234      	adds	r2, #52	@ 0x34
10005200:	f003 037f 	and.w	r3, r3, #127	@ 0x7f
10005204:	eb02 0343 	add.w	r3, r2, r3, lsl #1
10005208:	4418      	add	r0, r3
1000520a:	f000 bc55 	b.w	10005ab8 <tu_edpt_claim>
1000520e:	bf00      	nop
10005210:	20002210 	.word	0x20002210
10005214:	200021bc 	.word	0x200021bc

10005218 <usbd_edpt_release>:
10005218:	460b      	mov	r3, r1
1000521a:	4a06      	ldr	r2, [pc, #24]	@ (10005234 <usbd_edpt_release+0x1c>)
1000521c:	4806      	ldr	r0, [pc, #24]	@ (10005238 <usbd_edpt_release+0x20>)
1000521e:	6811      	ldr	r1, [r2, #0]
10005220:	09da      	lsrs	r2, r3, #7
10005222:	3234      	adds	r2, #52	@ 0x34
10005224:	f003 037f 	and.w	r3, r3, #127	@ 0x7f
10005228:	eb02 0343 	add.w	r3, r2, r3, lsl #1
1000522c:	4418      	add	r0, r3
1000522e:	f000 bc6d 	b.w	10005b0c <tu_edpt_release>
10005232:	bf00      	nop
10005234:	20002210 	.word	0x20002210
10005238:	200021bc 	.word	0x200021bc

1000523c <usbd_edpt_xfer>:
1000523c:	b510      	push	{r4, lr}
1000523e:	4819      	ldr	r0, [pc, #100]	@ (100052a4 <usbd_edpt_xfer+0x68>)
10005240:	f001 0c7f 	and.w	ip, r1, #127	@ 0x7f
10005244:	eb00 004c 	add.w	r0, r0, ip, lsl #1
10005248:	eb00 10d1 	add.w	r0, r0, r1, lsr #7
1000524c:	f890 c034 	ldrb.w	ip, [r0, #52]	@ 0x34
10005250:	f01c 0f01 	tst.w	ip, #1
10005254:	d008      	beq.n	10005268 <usbd_edpt_xfer+0x2c>
10005256:	f04f 23e0 	mov.w	r3, #3758153728	@ 0xe000e000
1000525a:	f8d3 3df0 	ldr.w	r3, [r3, #3568]	@ 0xdf0
1000525e:	07da      	lsls	r2, r3, #31
10005260:	d500      	bpl.n	10005264 <usbd_edpt_xfer+0x28>
10005262:	be00      	bkpt	0x0000
10005264:	2000      	movs	r0, #0
10005266:	bd10      	pop	{r4, pc}
10005268:	f100 0430 	add.w	r4, r0, #48	@ 0x30
1000526c:	f894 c004 	ldrb.w	ip, [r4, #4]
10005270:	480d      	ldr	r0, [pc, #52]	@ (100052a8 <usbd_edpt_xfer+0x6c>)
10005272:	f04c 0c01 	orr.w	ip, ip, #1
10005276:	7800      	ldrb	r0, [r0, #0]
10005278:	f884 c004 	strb.w	ip, [r4, #4]
1000527c:	f7ff fa3c 	bl	100046f8 <dcd_edpt_xfer>
10005280:	2800      	cmp	r0, #0
10005282:	d1f0      	bne.n	10005266 <usbd_edpt_xfer+0x2a>
10005284:	f04f 21e0 	mov.w	r1, #3758153728	@ 0xe000e000
10005288:	7922      	ldrb	r2, [r4, #4]
1000528a:	f360 0200 	bfi	r2, r0, #0, #1
1000528e:	7122      	strb	r2, [r4, #4]
10005290:	7922      	ldrb	r2, [r4, #4]
10005292:	f360 0282 	bfi	r2, r0, #2, #1
10005296:	7122      	strb	r2, [r4, #4]
10005298:	f8d1 3df0 	ldr.w	r3, [r1, #3568]	@ 0xdf0
1000529c:	07db      	lsls	r3, r3, #31
1000529e:	d5e1      	bpl.n	10005264 <usbd_edpt_xfer+0x28>
100052a0:	be00      	bkpt	0x0000
100052a2:	e7df      	b.n	10005264 <usbd_edpt_xfer+0x28>
100052a4:	200021bc 	.word	0x200021bc
100052a8:	200016d4 	.word	0x200016d4

100052ac <tud_control_status>:
100052ac:	b530      	push	{r4, r5, lr}
100052ae:	4c0b      	ldr	r4, [pc, #44]	@ (100052dc <tud_control_status+0x30>)
100052b0:	468c      	mov	ip, r1
100052b2:	46a6      	mov	lr, r4
100052b4:	4605      	mov	r5, r0
100052b6:	6808      	ldr	r0, [r1, #0]
100052b8:	6849      	ldr	r1, [r1, #4]
100052ba:	2300      	movs	r3, #0
100052bc:	e8ae 0003 	stmia.w	lr!, {r0, r1}
100052c0:	f89c 1000 	ldrb.w	r1, [ip]
100052c4:	4628      	mov	r0, r5
100052c6:	43c9      	mvns	r1, r1
100052c8:	e9c4 3302 	strd	r3, r3, [r4, #8]
100052cc:	e8bd 4030 	ldmia.w	sp!, {r4, r5, lr}
100052d0:	461a      	mov	r2, r3
100052d2:	f001 0180 	and.w	r1, r1, #128	@ 0x80
100052d6:	f7ff bfb1 	b.w	1000523c <usbd_edpt_xfer>
100052da:	bf00      	nop
100052dc:	2000217c 	.word	0x2000217c

100052e0 <tud_control_xfer>:
100052e0:	e92d 41f0 	stmdb	sp!, {r4, r5, r6, r7, r8, lr}
100052e4:	4f28      	ldr	r7, [pc, #160]	@ (10005388 <tud_control_xfer+0xa8>)
100052e6:	f04f 0800 	mov.w	r8, #0
100052ea:	46be      	mov	lr, r7
100052ec:	468c      	mov	ip, r1
100052ee:	4606      	mov	r6, r0
100052f0:	6808      	ldr	r0, [r1, #0]
100052f2:	6849      	ldr	r1, [r1, #4]
100052f4:	60ba      	str	r2, [r7, #8]
100052f6:	e8ae 0003 	stmia.w	lr!, {r0, r1}
100052fa:	f8a7 800e 	strh.w	r8, [r7, #14]
100052fe:	4615      	mov	r5, r2
10005300:	f8bc 2006 	ldrh.w	r2, [ip, #6]
10005304:	4293      	cmp	r3, r2
10005306:	bf28      	it	cs
10005308:	4613      	movcs	r3, r2
1000530a:	81bb      	strh	r3, [r7, #12]
1000530c:	b19a      	cbz	r2, 10005336 <tud_control_xfer+0x56>
1000530e:	461c      	mov	r4, r3
10005310:	b333      	cbz	r3, 10005360 <tud_control_xfer+0x80>
10005312:	b1dd      	cbz	r5, 1000534c <tud_control_xfer+0x6c>
10005314:	f997 3000 	ldrsb.w	r3, [r7]
10005318:	2c40      	cmp	r4, #64	@ 0x40
1000531a:	bf28      	it	cs
1000531c:	2440      	movcs	r4, #64	@ 0x40
1000531e:	2b00      	cmp	r3, #0
10005320:	db29      	blt.n	10005376 <tud_control_xfer+0x96>
10005322:	4641      	mov	r1, r8
10005324:	4623      	mov	r3, r4
10005326:	4630      	mov	r0, r6
10005328:	4a18      	ldr	r2, [pc, #96]	@ (1000538c <tud_control_xfer+0xac>)
1000532a:	f7ff ff87 	bl	1000523c <usbd_edpt_xfer>
1000532e:	b168      	cbz	r0, 1000534c <tud_control_xfer+0x6c>
10005330:	2001      	movs	r0, #1
10005332:	e8bd 81f0 	ldmia.w	sp!, {r4, r5, r6, r7, r8, pc}
10005336:	f89c 1000 	ldrb.w	r1, [ip]
1000533a:	4613      	mov	r3, r2
1000533c:	43c9      	mvns	r1, r1
1000533e:	4630      	mov	r0, r6
10005340:	f001 0180 	and.w	r1, r1, #128	@ 0x80
10005344:	f7ff ff7a 	bl	1000523c <usbd_edpt_xfer>
10005348:	2800      	cmp	r0, #0
1000534a:	d1f1      	bne.n	10005330 <tud_control_xfer+0x50>
1000534c:	f04f 23e0 	mov.w	r3, #3758153728	@ 0xe000e000
10005350:	f8d3 3df0 	ldr.w	r3, [r3, #3568]	@ 0xdf0
10005354:	07db      	lsls	r3, r3, #31
10005356:	d500      	bpl.n	1000535a <tud_control_xfer+0x7a>
10005358:	be00      	bkpt	0x0000
1000535a:	2000      	movs	r0, #0
1000535c:	e8bd 81f0 	ldmia.w	sp!, {r4, r5, r6, r7, r8, pc}
10005360:	461a      	mov	r2, r3
10005362:	7839      	ldrb	r1, [r7, #0]
10005364:	f001 0180 	and.w	r1, r1, #128	@ 0x80
10005368:	4623      	mov	r3, r4
1000536a:	4630      	mov	r0, r6
1000536c:	f7ff ff66 	bl	1000523c <usbd_edpt_xfer>
10005370:	2800      	cmp	r0, #0
10005372:	d1dd      	bne.n	10005330 <tud_control_xfer+0x50>
10005374:	e7ea      	b.n	1000534c <tud_control_xfer+0x6c>
10005376:	4622      	mov	r2, r4
10005378:	4629      	mov	r1, r5
1000537a:	4804      	ldr	r0, [pc, #16]	@ (1000538c <tud_control_xfer+0xac>)
1000537c:	f007 fd1c 	bl	1000cdb8 <__memcpy_veneer>
10005380:	2180      	movs	r1, #128	@ 0x80
10005382:	4a02      	ldr	r2, [pc, #8]	@ (1000538c <tud_control_xfer+0xac>)
10005384:	e7f0      	b.n	10005368 <tud_control_xfer+0x88>
10005386:	bf00      	nop
10005388:	2000217c 	.word	0x2000217c
1000538c:	2000213c 	.word	0x2000213c

10005390 <usbd_control_reset>:
10005390:	2200      	movs	r2, #0
10005392:	4b03      	ldr	r3, [pc, #12]	@ (100053a0 <usbd_control_reset+0x10>)
10005394:	e9c3 2200 	strd	r2, r2, [r3]
10005398:	e9c3 2202 	strd	r2, r2, [r3, #8]
1000539c:	611a      	str	r2, [r3, #16]
1000539e:	4770      	bx	lr
100053a0:	2000217c 	.word	0x2000217c

100053a4 <usbd_control_set_complete_callback>:
100053a4:	4b01      	ldr	r3, [pc, #4]	@ (100053ac <usbd_control_set_complete_callback+0x8>)
100053a6:	6118      	str	r0, [r3, #16]
100053a8:	4770      	bx	lr
100053aa:	bf00      	nop
100053ac:	2000217c 	.word	0x2000217c

100053b0 <usbd_control_set_request>:
100053b0:	b430      	push	{r4, r5}
100053b2:	4602      	mov	r2, r0
100053b4:	4c04      	ldr	r4, [pc, #16]	@ (100053c8 <usbd_control_set_request+0x18>)
100053b6:	2500      	movs	r5, #0
100053b8:	4623      	mov	r3, r4
100053ba:	6800      	ldr	r0, [r0, #0]
100053bc:	6851      	ldr	r1, [r2, #4]
100053be:	e9c4 5502 	strd	r5, r5, [r4, #8]
100053c2:	bc30      	pop	{r4, r5}
100053c4:	c303      	stmia	r3!, {r0, r1}
100053c6:	4770      	bx	lr
100053c8:	2000217c 	.word	0x2000217c

100053cc <usbd_control_xfer_cb>:
100053cc:	b570      	push	{r4, r5, r6, lr}
100053ce:	4c3d      	ldr	r4, [pc, #244]	@ (100054c4 <usbd_control_xfer_cb+0xf8>)
100053d0:	09c9      	lsrs	r1, r1, #7
100053d2:	7822      	ldrb	r2, [r4, #0]
100053d4:	4606      	mov	r6, r0
100053d6:	ebb1 1fd2 	cmp.w	r1, r2, lsr #7
100053da:	461d      	mov	r5, r3
100053dc:	b082      	sub	sp, #8
100053de:	d017      	beq.n	10005410 <usbd_control_xfer_cb+0x44>
100053e0:	b153      	cbz	r3, 100053f8 <usbd_control_xfer_cb+0x2c>
100053e2:	f04f 23e0 	mov.w	r3, #3758153728	@ 0xe000e000
100053e6:	f8d3 3df0 	ldr.w	r3, [r3, #3568]	@ 0xdf0
100053ea:	07db      	lsls	r3, r3, #31
100053ec:	d402      	bmi.n	100053f4 <usbd_control_xfer_cb+0x28>
100053ee:	2000      	movs	r0, #0
100053f0:	b002      	add	sp, #8
100053f2:	bd70      	pop	{r4, r5, r6, pc}
100053f4:	be00      	bkpt	0x0000
100053f6:	e7fa      	b.n	100053ee <usbd_control_xfer_cb+0x22>
100053f8:	4621      	mov	r1, r4
100053fa:	f7ff f8f1 	bl	100045e0 <dcd_edpt0_status_complete>
100053fe:	6923      	ldr	r3, [r4, #16]
10005400:	b11b      	cbz	r3, 1000540a <usbd_control_xfer_cb+0x3e>
10005402:	4622      	mov	r2, r4
10005404:	2103      	movs	r1, #3
10005406:	4630      	mov	r0, r6
10005408:	4798      	blx	r3
1000540a:	2001      	movs	r0, #1
1000540c:	b002      	add	sp, #8
1000540e:	bd70      	pop	{r4, r5, r6, pc}
10005410:	f994 3000 	ldrsb.w	r3, [r4]
10005414:	2b00      	cmp	r3, #0
10005416:	db06      	blt.n	10005426 <usbd_control_xfer_cb+0x5a>
10005418:	68a0      	ldr	r0, [r4, #8]
1000541a:	2800      	cmp	r0, #0
1000541c:	d0e7      	beq.n	100053ee <usbd_control_xfer_cb+0x22>
1000541e:	462a      	mov	r2, r5
10005420:	4929      	ldr	r1, [pc, #164]	@ (100054c8 <usbd_control_xfer_cb+0xfc>)
10005422:	f007 fcc9 	bl	1000cdb8 <__memcpy_veneer>
10005426:	89e0      	ldrh	r0, [r4, #14]
10005428:	68a1      	ldr	r1, [r4, #8]
1000542a:	88e3      	ldrh	r3, [r4, #6]
1000542c:	4428      	add	r0, r5
1000542e:	b280      	uxth	r0, r0
10005430:	4429      	add	r1, r5
10005432:	4283      	cmp	r3, r0
10005434:	81e0      	strh	r0, [r4, #14]
10005436:	60a1      	str	r1, [r4, #8]
10005438:	d016      	beq.n	10005468 <usbd_control_xfer_cb+0x9c>
1000543a:	2d3f      	cmp	r5, #63	@ 0x3f
1000543c:	d914      	bls.n	10005468 <usbd_control_xfer_cb+0x9c>
1000543e:	89a2      	ldrh	r2, [r4, #12]
10005440:	f994 4000 	ldrsb.w	r4, [r4]
10005444:	1a13      	subs	r3, r2, r0
10005446:	b29b      	uxth	r3, r3
10005448:	2b40      	cmp	r3, #64	@ 0x40
1000544a:	bf28      	it	cs
1000544c:	2340      	movcs	r3, #64	@ 0x40
1000544e:	2c00      	cmp	r4, #0
10005450:	db27      	blt.n	100054a2 <usbd_control_xfer_cb+0xd6>
10005452:	4290      	cmp	r0, r2
10005454:	f04f 0100 	mov.w	r1, #0
10005458:	d031      	beq.n	100054be <usbd_control_xfer_cb+0xf2>
1000545a:	4a1b      	ldr	r2, [pc, #108]	@ (100054c8 <usbd_control_xfer_cb+0xfc>)
1000545c:	4630      	mov	r0, r6
1000545e:	f7ff feed 	bl	1000523c <usbd_edpt_xfer>
10005462:	2800      	cmp	r0, #0
10005464:	d1d1      	bne.n	1000540a <usbd_control_xfer_cb+0x3e>
10005466:	e7bc      	b.n	100053e2 <usbd_control_xfer_cb+0x16>
10005468:	6923      	ldr	r3, [r4, #16]
1000546a:	b123      	cbz	r3, 10005476 <usbd_control_xfer_cb+0xaa>
1000546c:	2102      	movs	r1, #2
1000546e:	4630      	mov	r0, r6
10005470:	4a14      	ldr	r2, [pc, #80]	@ (100054c4 <usbd_control_xfer_cb+0xf8>)
10005472:	4798      	blx	r3
10005474:	b160      	cbz	r0, 10005490 <usbd_control_xfer_cb+0xc4>
10005476:	7821      	ldrb	r1, [r4, #0]
10005478:	2300      	movs	r3, #0
1000547a:	43c9      	mvns	r1, r1
1000547c:	4630      	mov	r0, r6
1000547e:	461a      	mov	r2, r3
10005480:	f001 0180 	and.w	r1, r1, #128	@ 0x80
10005484:	f7ff feda 	bl	1000523c <usbd_edpt_xfer>
10005488:	2800      	cmp	r0, #0
1000548a:	d0aa      	beq.n	100053e2 <usbd_control_xfer_cb+0x16>
1000548c:	2001      	movs	r0, #1
1000548e:	e7bd      	b.n	1000540c <usbd_control_xfer_cb+0x40>
10005490:	4601      	mov	r1, r0
10005492:	4630      	mov	r0, r6
10005494:	f7ff f944 	bl	10004720 <dcd_edpt_stall>
10005498:	2180      	movs	r1, #128	@ 0x80
1000549a:	4630      	mov	r0, r6
1000549c:	f7ff f940 	bl	10004720 <dcd_edpt_stall>
100054a0:	e7b3      	b.n	1000540a <usbd_control_xfer_cb+0x3e>
100054a2:	4290      	cmp	r0, r2
100054a4:	d008      	beq.n	100054b8 <usbd_control_xfer_cb+0xec>
100054a6:	461a      	mov	r2, r3
100054a8:	4807      	ldr	r0, [pc, #28]	@ (100054c8 <usbd_control_xfer_cb+0xfc>)
100054aa:	9301      	str	r3, [sp, #4]
100054ac:	f007 fc84 	bl	1000cdb8 <__memcpy_veneer>
100054b0:	2180      	movs	r1, #128	@ 0x80
100054b2:	4a05      	ldr	r2, [pc, #20]	@ (100054c8 <usbd_control_xfer_cb+0xfc>)
100054b4:	9b01      	ldr	r3, [sp, #4]
100054b6:	e7d1      	b.n	1000545c <usbd_control_xfer_cb+0x90>
100054b8:	2180      	movs	r1, #128	@ 0x80
100054ba:	2200      	movs	r2, #0
100054bc:	e7ce      	b.n	1000545c <usbd_control_xfer_cb+0x90>
100054be:	460a      	mov	r2, r1
100054c0:	e7cc      	b.n	1000545c <usbd_control_xfer_cb+0x90>
100054c2:	bf00      	nop
100054c4:	2000217c 	.word	0x2000217c
100054c8:	2000213c 	.word	0x2000213c

100054cc <_prep_out_transaction.isra.0>:
100054cc:	e92d 41f0 	stmdb	sp!, {r4, r5, r6, r7, r8, lr}
100054d0:	4604      	mov	r4, r0
100054d2:	f7ff f9e5 	bl	100048a0 <tud_mounted>
100054d6:	b908      	cbnz	r0, 100054dc <_prep_out_transaction.isra.0+0x10>
100054d8:	e8bd 81f0 	ldmia.w	sp!, {r4, r5, r6, r7, r8, pc}
100054dc:	f7ff f9e8 	bl	100048b0 <tud_suspended>
100054e0:	4605      	mov	r5, r0
100054e2:	2800      	cmp	r0, #0
100054e4:	d1f8      	bne.n	100054d8 <_prep_out_transaction.isra.0+0xc>
100054e6:	23c8      	movs	r3, #200	@ 0xc8
100054e8:	fb04 f303 	mul.w	r3, r4, r3
100054ec:	4e12      	ldr	r6, [pc, #72]	@ (10005538 <_prep_out_transaction.isra.0+0x6c>)
100054ee:	18f7      	adds	r7, r6, r3
100054f0:	78f9      	ldrb	r1, [r7, #3]
100054f2:	2900      	cmp	r1, #0
100054f4:	d0f0      	beq.n	100054d8 <_prep_out_transaction.isra.0+0xc>
100054f6:	3310      	adds	r3, #16
100054f8:	441e      	add	r6, r3
100054fa:	4630      	mov	r0, r6
100054fc:	f000 fbc8 	bl	10005c90 <tu_fifo_remaining>
10005500:	283f      	cmp	r0, #63	@ 0x3f
10005502:	d9e9      	bls.n	100054d8 <_prep_out_transaction.isra.0+0xc>
10005504:	4628      	mov	r0, r5
10005506:	78f9      	ldrb	r1, [r7, #3]
10005508:	f7ff fe74 	bl	100051f4 <usbd_edpt_claim>
1000550c:	2800      	cmp	r0, #0
1000550e:	d0e3      	beq.n	100054d8 <_prep_out_transaction.isra.0+0xc>
10005510:	4630      	mov	r0, r6
10005512:	f000 fbbd 	bl	10005c90 <tu_fifo_remaining>
10005516:	283f      	cmp	r0, #63	@ 0x3f
10005518:	78f9      	ldrb	r1, [r7, #3]
1000551a:	d908      	bls.n	1000552e <_prep_out_transaction.isra.0+0x62>
1000551c:	4a07      	ldr	r2, [pc, #28]	@ (1000553c <_prep_out_transaction.isra.0+0x70>)
1000551e:	4628      	mov	r0, r5
10005520:	eb02 12c4 	add.w	r2, r2, r4, lsl #7
10005524:	2340      	movs	r3, #64	@ 0x40
10005526:	e8bd 41f0 	ldmia.w	sp!, {r4, r5, r6, r7, r8, lr}
1000552a:	f7ff be87 	b.w	1000523c <usbd_edpt_xfer>
1000552e:	4628      	mov	r0, r5
10005530:	e8bd 41f0 	ldmia.w	sp!, {r4, r5, r6, r7, r8, lr}
10005534:	f7ff be70 	b.w	10005218 <usbd_edpt_release>
10005538:	20002074 	.word	0x20002074
1000553c:	20001ff0 	.word	0x20001ff0

10005540 <tud_cdc_n_connected>:
10005540:	b510      	push	{r4, lr}
10005542:	4604      	mov	r4, r0
10005544:	f7ff f9ac 	bl	100048a0 <tud_mounted>
10005548:	b908      	cbnz	r0, 1000554e <tud_cdc_n_connected+0xe>
1000554a:	2000      	movs	r0, #0
1000554c:	bd10      	pop	{r4, pc}
1000554e:	f7ff f9af 	bl	100048b0 <tud_suspended>
10005552:	2800      	cmp	r0, #0
10005554:	d1f9      	bne.n	1000554a <tud_cdc_n_connected+0xa>
10005556:	22c8      	movs	r2, #200	@ 0xc8
10005558:	4b03      	ldr	r3, [pc, #12]	@ (10005568 <tud_cdc_n_connected+0x28>)
1000555a:	fb02 3304 	mla	r3, r2, r4, r3
1000555e:	7918      	ldrb	r0, [r3, #4]
10005560:	f000 0001 	and.w	r0, r0, #1
10005564:	bd10      	pop	{r4, pc}
10005566:	bf00      	nop
10005568:	20002074 	.word	0x20002074

1000556c <tud_cdc_n_available>:
1000556c:	22c8      	movs	r2, #200	@ 0xc8
1000556e:	b508      	push	{r3, lr}
10005570:	4b02      	ldr	r3, [pc, #8]	@ (1000557c <tud_cdc_n_available+0x10>)
10005572:	fb02 3000 	mla	r0, r2, r0, r3
10005576:	f000 fb71 	bl	10005c5c <tu_fifo_count>
1000557a:	bd08      	pop	{r3, pc}
1000557c:	20002084 	.word	0x20002084

10005580 <tud_cdc_n_read>:
10005580:	e92d 43f8 	stmdb	sp!, {r3, r4, r5, r6, r7, r8, r9, lr}
10005584:	f64f 73ff 	movw	r3, #65535	@ 0xffff
10005588:	24c8      	movs	r4, #200	@ 0xc8
1000558a:	429a      	cmp	r2, r3
1000558c:	bf28      	it	cs
1000558e:	461a      	movcs	r2, r3
10005590:	fb00 f404 	mul.w	r4, r0, r4
10005594:	f8df 8074 	ldr.w	r8, [pc, #116]	@ 1000560c <tud_cdc_n_read+0x8c>
10005598:	f104 0510 	add.w	r5, r4, #16
1000559c:	4445      	add	r5, r8
1000559e:	4606      	mov	r6, r0
100055a0:	b292      	uxth	r2, r2
100055a2:	4628      	mov	r0, r5
100055a4:	f000 fbd0 	bl	10005d48 <tu_fifo_read_n>
100055a8:	4607      	mov	r7, r0
100055aa:	f7ff f979 	bl	100048a0 <tud_mounted>
100055ae:	b910      	cbnz	r0, 100055b6 <tud_cdc_n_read+0x36>
100055b0:	4638      	mov	r0, r7
100055b2:	e8bd 83f8 	ldmia.w	sp!, {r3, r4, r5, r6, r7, r8, r9, pc}
100055b6:	f7ff f97b 	bl	100048b0 <tud_suspended>
100055ba:	4681      	mov	r9, r0
100055bc:	2800      	cmp	r0, #0
100055be:	d1f7      	bne.n	100055b0 <tud_cdc_n_read+0x30>
100055c0:	44a0      	add	r8, r4
100055c2:	f898 3003 	ldrb.w	r3, [r8, #3]
100055c6:	2b00      	cmp	r3, #0
100055c8:	d0f2      	beq.n	100055b0 <tud_cdc_n_read+0x30>
100055ca:	4628      	mov	r0, r5
100055cc:	f000 fb60 	bl	10005c90 <tu_fifo_remaining>
100055d0:	283f      	cmp	r0, #63	@ 0x3f
100055d2:	d9ed      	bls.n	100055b0 <tud_cdc_n_read+0x30>
100055d4:	4648      	mov	r0, r9
100055d6:	f898 1003 	ldrb.w	r1, [r8, #3]
100055da:	f7ff fe0b 	bl	100051f4 <usbd_edpt_claim>
100055de:	2800      	cmp	r0, #0
100055e0:	d0e6      	beq.n	100055b0 <tud_cdc_n_read+0x30>
100055e2:	4628      	mov	r0, r5
100055e4:	f000 fb54 	bl	10005c90 <tu_fifo_remaining>
100055e8:	283f      	cmp	r0, #63	@ 0x3f
100055ea:	f898 1003 	ldrb.w	r1, [r8, #3]
100055ee:	d907      	bls.n	10005600 <tud_cdc_n_read+0x80>
100055f0:	4a05      	ldr	r2, [pc, #20]	@ (10005608 <tud_cdc_n_read+0x88>)
100055f2:	4648      	mov	r0, r9
100055f4:	2340      	movs	r3, #64	@ 0x40
100055f6:	eb02 12c6 	add.w	r2, r2, r6, lsl #7
100055fa:	f7ff fe1f 	bl	1000523c <usbd_edpt_xfer>
100055fe:	e7d7      	b.n	100055b0 <tud_cdc_n_read+0x30>
10005600:	4648      	mov	r0, r9
10005602:	f7ff fe09 	bl	10005218 <usbd_edpt_release>
10005606:	e7d3      	b.n	100055b0 <tud_cdc_n_read+0x30>
10005608:	20001ff0 	.word	0x20001ff0
1000560c:	20002074 	.word	0x20002074

10005610 <tud_cdc_n_write_flush>:
10005610:	e92d 41f0 	stmdb	sp!, {r4, r5, r6, r7, r8, lr}
10005614:	4604      	mov	r4, r0
10005616:	f7ff f943 	bl	100048a0 <tud_mounted>
1000561a:	b910      	cbnz	r0, 10005622 <tud_cdc_n_write_flush+0x12>
1000561c:	2000      	movs	r0, #0
1000561e:	e8bd 81f0 	ldmia.w	sp!, {r4, r5, r6, r7, r8, pc}
10005622:	f7ff f945 	bl	100048b0 <tud_suspended>
10005626:	4605      	mov	r5, r0
10005628:	2800      	cmp	r0, #0
1000562a:	d1f7      	bne.n	1000561c <tud_cdc_n_write_flush+0xc>
1000562c:	26c8      	movs	r6, #200	@ 0xc8
1000562e:	fb04 f606 	mul.w	r6, r4, r6
10005632:	f8df 8064 	ldr.w	r8, [pc, #100]	@ 10005698 <tud_cdc_n_write_flush+0x88>
10005636:	f106 0724 	add.w	r7, r6, #36	@ 0x24
1000563a:	4447      	add	r7, r8
1000563c:	4638      	mov	r0, r7
1000563e:	f000 fb0d 	bl	10005c5c <tu_fifo_count>
10005642:	2800      	cmp	r0, #0
10005644:	d0ea      	beq.n	1000561c <tud_cdc_n_write_flush+0xc>
10005646:	44b0      	add	r8, r6
10005648:	4628      	mov	r0, r5
1000564a:	f898 1002 	ldrb.w	r1, [r8, #2]
1000564e:	f7ff fdd1 	bl	100051f4 <usbd_edpt_claim>
10005652:	2800      	cmp	r0, #0
10005654:	d0e2      	beq.n	1000561c <tud_cdc_n_write_flush+0xc>
10005656:	4e0f      	ldr	r6, [pc, #60]	@ (10005694 <tud_cdc_n_write_flush+0x84>)
10005658:	4638      	mov	r0, r7
1000565a:	eb06 16c4 	add.w	r6, r6, r4, lsl #7
1000565e:	4631      	mov	r1, r6
10005660:	2240      	movs	r2, #64	@ 0x40
10005662:	f000 fb71 	bl	10005d48 <tu_fifo_read_n>
10005666:	f898 1002 	ldrb.w	r1, [r8, #2]
1000566a:	4604      	mov	r4, r0
1000566c:	b168      	cbz	r0, 1000568a <tud_cdc_n_write_flush+0x7a>
1000566e:	4603      	mov	r3, r0
10005670:	4632      	mov	r2, r6
10005672:	4628      	mov	r0, r5
10005674:	f7ff fde2 	bl	1000523c <usbd_edpt_xfer>
10005678:	b950      	cbnz	r0, 10005690 <tud_cdc_n_write_flush+0x80>
1000567a:	f04f 23e0 	mov.w	r3, #3758153728	@ 0xe000e000
1000567e:	f8d3 3df0 	ldr.w	r3, [r3, #3568]	@ 0xdf0
10005682:	07db      	lsls	r3, r3, #31
10005684:	d5ca      	bpl.n	1000561c <tud_cdc_n_write_flush+0xc>
10005686:	be00      	bkpt	0x0000
10005688:	e7c8      	b.n	1000561c <tud_cdc_n_write_flush+0xc>
1000568a:	f7ff fdc5 	bl	10005218 <usbd_edpt_release>
1000568e:	e7c5      	b.n	1000561c <tud_cdc_n_write_flush+0xc>
10005690:	4620      	mov	r0, r4
10005692:	e7c4      	b.n	1000561e <tud_cdc_n_write_flush+0xe>
10005694:	20002030 	.word	0x20002030
10005698:	20002074 	.word	0x20002074

1000569c <tud_cdc_n_write>:
1000569c:	b538      	push	{r3, r4, r5, lr}
1000569e:	f64f 75ff 	movw	r5, #65535	@ 0xffff
100056a2:	23c8      	movs	r3, #200	@ 0xc8
100056a4:	42aa      	cmp	r2, r5
100056a6:	bf28      	it	cs
100056a8:	462a      	movcs	r2, r5
100056aa:	4c0b      	ldr	r4, [pc, #44]	@ (100056d8 <tud_cdc_n_write+0x3c>)
100056ac:	b292      	uxth	r2, r2
100056ae:	fb03 4400 	mla	r4, r3, r0, r4
100056b2:	4605      	mov	r5, r0
100056b4:	4620      	mov	r0, r4
100056b6:	f000 fc05 	bl	10005ec4 <tu_fifo_write_n>
100056ba:	4603      	mov	r3, r0
100056bc:	4620      	mov	r0, r4
100056be:	461c      	mov	r4, r3
100056c0:	f000 facc 	bl	10005c5c <tu_fifo_count>
100056c4:	283f      	cmp	r0, #63	@ 0x3f
100056c6:	d801      	bhi.n	100056cc <tud_cdc_n_write+0x30>
100056c8:	4620      	mov	r0, r4
100056ca:	bd38      	pop	{r3, r4, r5, pc}
100056cc:	4628      	mov	r0, r5
100056ce:	f7ff ff9f 	bl	10005610 <tud_cdc_n_write_flush>
100056d2:	4620      	mov	r0, r4
100056d4:	bd38      	pop	{r3, r4, r5, pc}
100056d6:	bf00      	nop
100056d8:	20002098 	.word	0x20002098

100056dc <tud_cdc_n_write_available>:
100056dc:	22c8      	movs	r2, #200	@ 0xc8
100056de:	b508      	push	{r3, lr}
100056e0:	4b02      	ldr	r3, [pc, #8]	@ (100056ec <tud_cdc_n_write_available+0x10>)
100056e2:	fb02 3000 	mla	r0, r2, r0, r3
100056e6:	f000 fad3 	bl	10005c90 <tu_fifo_remaining>
100056ea:	bd08      	pop	{r3, pc}
100056ec:	20002098 	.word	0x20002098

100056f0 <cdcd_init>:
100056f0:	b5f0      	push	{r4, r5, r6, r7, lr}
100056f2:	2400      	movs	r4, #0
100056f4:	b083      	sub	sp, #12
100056f6:	22c8      	movs	r2, #200	@ 0xc8
100056f8:	2100      	movs	r1, #0
100056fa:	4817      	ldr	r0, [pc, #92]	@ (10005758 <cdcd_init+0x68>)
100056fc:	f007 fb74 	bl	1000cde8 <__memset_veneer>
10005700:	23ff      	movs	r3, #255	@ 0xff
10005702:	f44f 31e1 	mov.w	r1, #115200	@ 0x1c200
10005706:	2208      	movs	r2, #8
10005708:	4814      	ldr	r0, [pc, #80]	@ (1000575c <cdcd_init+0x6c>)
1000570a:	7004      	strb	r4, [r0, #0]
1000570c:	4812      	ldr	r0, [pc, #72]	@ (10005758 <cdcd_init+0x68>)
1000570e:	9400      	str	r4, [sp, #0]
10005710:	4607      	mov	r7, r0
10005712:	7143      	strb	r3, [r0, #5]
10005714:	6081      	str	r1, [r0, #8]
10005716:	7382      	strb	r2, [r0, #14]
10005718:	f100 0138 	add.w	r1, r0, #56	@ 0x38
1000571c:	2301      	movs	r3, #1
1000571e:	2240      	movs	r2, #64	@ 0x40
10005720:	3010      	adds	r0, #16
10005722:	f000 fa6b 	bl	10005bfc <tu_fifo_config>
10005726:	2301      	movs	r3, #1
10005728:	2240      	movs	r2, #64	@ 0x40
1000572a:	f107 0178 	add.w	r1, r7, #120	@ 0x78
1000572e:	9300      	str	r3, [sp, #0]
10005730:	f107 06b8 	add.w	r6, r7, #184	@ 0xb8
10005734:	f107 0024 	add.w	r0, r7, #36	@ 0x24
10005738:	f000 fa60 	bl	10005bfc <tu_fifo_config>
1000573c:	f107 05c0 	add.w	r5, r7, #192	@ 0xc0
10005740:	4630      	mov	r0, r6
10005742:	f7fb fd3f 	bl	100011c4 <mutex_init>
10005746:	4628      	mov	r0, r5
10005748:	f7fb fd3c 	bl	100011c4 <mutex_init>
1000574c:	e9c7 4607 	strd	r4, r6, [r7, #28]
10005750:	e9c7 540c 	strd	r5, r4, [r7, #48]	@ 0x30
10005754:	b003      	add	sp, #12
10005756:	bdf0      	pop	{r4, r5, r6, r7, pc}
10005758:	20002074 	.word	0x20002074
1000575c:	20002070 	.word	0x20002070

10005760 <cdcd_deinit>:
10005760:	4a0a      	ldr	r2, [pc, #40]	@ (1000578c <cdcd_deinit+0x2c>)
10005762:	6b11      	ldr	r1, [r2, #48]	@ 0x30
10005764:	6a13      	ldr	r3, [r2, #32]
10005766:	b161      	cbz	r1, 10005782 <cdcd_deinit+0x22>
10005768:	b13b      	cbz	r3, 1000577a <cdcd_deinit+0x1a>
1000576a:	2300      	movs	r3, #0
1000576c:	e9c2 330c 	strd	r3, r3, [r2, #48]	@ 0x30
10005770:	61d3      	str	r3, [r2, #28]
10005772:	2300      	movs	r3, #0
10005774:	6213      	str	r3, [r2, #32]
10005776:	2001      	movs	r0, #1
10005778:	4770      	bx	lr
1000577a:	2001      	movs	r0, #1
1000577c:	e9c2 330c 	strd	r3, r3, [r2, #48]	@ 0x30
10005780:	4770      	bx	lr
10005782:	2b00      	cmp	r3, #0
10005784:	d0f7      	beq.n	10005776 <cdcd_deinit+0x16>
10005786:	61d1      	str	r1, [r2, #28]
10005788:	e7f3      	b.n	10005772 <cdcd_deinit+0x12>
1000578a:	bf00      	nop
1000578c:	20002074 	.word	0x20002074

10005790 <cdcd_reset>:
10005790:	2200      	movs	r2, #0
10005792:	b510      	push	{r4, lr}
10005794:	4c0e      	ldr	r4, [pc, #56]	@ (100057d0 <cdcd_reset+0x40>)
10005796:	480f      	ldr	r0, [pc, #60]	@ (100057d4 <cdcd_reset+0x44>)
10005798:	7823      	ldrb	r3, [r4, #0]
1000579a:	6002      	str	r2, [r0, #0]
1000579c:	7102      	strb	r2, [r0, #4]
1000579e:	07da      	lsls	r2, r3, #31
100057a0:	d507      	bpl.n	100057b2 <cdcd_reset+0x22>
100057a2:	079b      	lsls	r3, r3, #30
100057a4:	d50b      	bpl.n	100057be <cdcd_reset+0x2e>
100057a6:	e8bd 4010 	ldmia.w	sp!, {r4, lr}
100057aa:	2101      	movs	r1, #1
100057ac:	480a      	ldr	r0, [pc, #40]	@ (100057d8 <cdcd_reset+0x48>)
100057ae:	f000 bc53 	b.w	10006058 <tu_fifo_set_overwritable>
100057b2:	3010      	adds	r0, #16
100057b4:	f000 fc34 	bl	10006020 <tu_fifo_clear>
100057b8:	7823      	ldrb	r3, [r4, #0]
100057ba:	079b      	lsls	r3, r3, #30
100057bc:	d4f3      	bmi.n	100057a6 <cdcd_reset+0x16>
100057be:	4806      	ldr	r0, [pc, #24]	@ (100057d8 <cdcd_reset+0x48>)
100057c0:	f000 fc2e 	bl	10006020 <tu_fifo_clear>
100057c4:	e8bd 4010 	ldmia.w	sp!, {r4, lr}
100057c8:	2101      	movs	r1, #1
100057ca:	4803      	ldr	r0, [pc, #12]	@ (100057d8 <cdcd_reset+0x48>)
100057cc:	f000 bc44 	b.w	10006058 <tu_fifo_set_overwritable>
100057d0:	20002070 	.word	0x20002070
100057d4:	20002074 	.word	0x20002074
100057d8:	20002098 	.word	0x20002098

100057dc <cdcd_open>:
100057dc:	b5f0      	push	{r4, r5, r6, r7, lr}
100057de:	794b      	ldrb	r3, [r1, #5]
100057e0:	b083      	sub	sp, #12
100057e2:	2b02      	cmp	r3, #2
100057e4:	d102      	bne.n	100057ec <cdcd_open+0x10>
100057e6:	798b      	ldrb	r3, [r1, #6]
100057e8:	2b02      	cmp	r3, #2
100057ea:	d003      	beq.n	100057f4 <cdcd_open+0x18>
100057ec:	2500      	movs	r5, #0
100057ee:	4628      	mov	r0, r5
100057f0:	b003      	add	sp, #12
100057f2:	bdf0      	pop	{r4, r5, r6, r7, pc}
100057f4:	4f27      	ldr	r7, [pc, #156]	@ (10005894 <cdcd_open+0xb8>)
100057f6:	78bb      	ldrb	r3, [r7, #2]
100057f8:	b13b      	cbz	r3, 1000580a <cdcd_open+0x2e>
100057fa:	f04f 23e0 	mov.w	r3, #3758153728	@ 0xe000e000
100057fe:	f8d3 3df0 	ldr.w	r3, [r3, #3568]	@ 0xdf0
10005802:	07db      	lsls	r3, r3, #31
10005804:	d5f2      	bpl.n	100057ec <cdcd_open+0x10>
10005806:	be00      	bkpt	0x0000
10005808:	e7f0      	b.n	100057ec <cdcd_open+0x10>
1000580a:	788b      	ldrb	r3, [r1, #2]
1000580c:	4606      	mov	r6, r0
1000580e:	703b      	strb	r3, [r7, #0]
10005810:	780b      	ldrb	r3, [r1, #0]
10005812:	18cc      	adds	r4, r1, r3
10005814:	7861      	ldrb	r1, [r4, #1]
10005816:	2924      	cmp	r1, #36	@ 0x24
10005818:	bf08      	it	eq
1000581a:	2509      	moveq	r5, #9
1000581c:	d007      	beq.n	1000582e <cdcd_open+0x52>
1000581e:	e036      	b.n	1000588e <cdcd_open+0xb2>
10005820:	7823      	ldrb	r3, [r4, #0]
10005822:	441c      	add	r4, r3
10005824:	7861      	ldrb	r1, [r4, #1]
10005826:	442b      	add	r3, r5
10005828:	2924      	cmp	r1, #36	@ 0x24
1000582a:	b29d      	uxth	r5, r3
1000582c:	d107      	bne.n	1000583e <cdcd_open+0x62>
1000582e:	42aa      	cmp	r2, r5
10005830:	d2f6      	bcs.n	10005820 <cdcd_open+0x44>
10005832:	2000      	movs	r0, #0
10005834:	f7ff fe4a 	bl	100054cc <_prep_out_transaction.isra.0>
10005838:	4628      	mov	r0, r5
1000583a:	b003      	add	sp, #12
1000583c:	bdf0      	pop	{r4, r5, r6, r7, pc}
1000583e:	460b      	mov	r3, r1
10005840:	2905      	cmp	r1, #5
10005842:	d016      	beq.n	10005872 <cdcd_open+0x96>
10005844:	2b04      	cmp	r3, #4
10005846:	d1f4      	bne.n	10005832 <cdcd_open+0x56>
10005848:	7963      	ldrb	r3, [r4, #5]
1000584a:	2b0a      	cmp	r3, #10
1000584c:	d1f1      	bne.n	10005832 <cdcd_open+0x56>
1000584e:	4b12      	ldr	r3, [pc, #72]	@ (10005898 <cdcd_open+0xbc>)
10005850:	7827      	ldrb	r7, [r4, #0]
10005852:	9301      	str	r3, [sp, #4]
10005854:	3301      	adds	r3, #1
10005856:	9300      	str	r3, [sp, #0]
10005858:	2302      	movs	r3, #2
1000585a:	4630      	mov	r0, r6
1000585c:	461a      	mov	r2, r3
1000585e:	19e1      	adds	r1, r4, r7
10005860:	f7ff fc58 	bl	10005114 <usbd_open_edpt_pair>
10005864:	2800      	cmp	r0, #0
10005866:	d0c8      	beq.n	100057fa <cdcd_open+0x1e>
10005868:	350e      	adds	r5, #14
1000586a:	fa17 f585 	uxtah	r5, r7, r5
1000586e:	b2ad      	uxth	r5, r5
10005870:	e7df      	b.n	10005832 <cdcd_open+0x56>
10005872:	4621      	mov	r1, r4
10005874:	4630      	mov	r0, r6
10005876:	f7ff fc9b 	bl	100051b0 <usbd_edpt_open>
1000587a:	2800      	cmp	r0, #0
1000587c:	d0bd      	beq.n	100057fa <cdcd_open+0x1e>
1000587e:	78a3      	ldrb	r3, [r4, #2]
10005880:	707b      	strb	r3, [r7, #1]
10005882:	7823      	ldrb	r3, [r4, #0]
10005884:	195a      	adds	r2, r3, r5
10005886:	441c      	add	r4, r3
10005888:	7863      	ldrb	r3, [r4, #1]
1000588a:	b295      	uxth	r5, r2
1000588c:	e7da      	b.n	10005844 <cdcd_open+0x68>
1000588e:	460b      	mov	r3, r1
10005890:	2509      	movs	r5, #9
10005892:	e7d5      	b.n	10005840 <cdcd_open+0x64>
10005894:	20002074 	.word	0x20002074
10005898:	20002076 	.word	0x20002076

1000589c <cdcd_control_xfer_cb>:
1000589c:	7813      	ldrb	r3, [r2, #0]
1000589e:	f003 0360 	and.w	r3, r3, #96	@ 0x60
100058a2:	2b20      	cmp	r3, #32
100058a4:	d108      	bne.n	100058b8 <cdcd_control_xfer_cb+0x1c>
100058a6:	b570      	push	{r4, r5, r6, lr}
100058a8:	4c26      	ldr	r4, [pc, #152]	@ (10005944 <cdcd_control_xfer_cb+0xa8>)
100058aa:	8893      	ldrh	r3, [r2, #4]
100058ac:	f894 c000 	ldrb.w	ip, [r4]
100058b0:	459c      	cmp	ip, r3
100058b2:	d003      	beq.n	100058bc <cdcd_control_xfer_cb+0x20>
100058b4:	2000      	movs	r0, #0
100058b6:	bd70      	pop	{r4, r5, r6, pc}
100058b8:	2000      	movs	r0, #0
100058ba:	4770      	bx	lr
100058bc:	7853      	ldrb	r3, [r2, #1]
100058be:	3b20      	subs	r3, #32
100058c0:	2b03      	cmp	r3, #3
100058c2:	d8f7      	bhi.n	100058b4 <cdcd_control_xfer_cb+0x18>
100058c4:	e8df f003 	tbb	[pc, r3]
100058c8:	020d2327 	.word	0x020d2327
100058cc:	2901      	cmp	r1, #1
100058ce:	d02e      	beq.n	1000592e <cdcd_control_xfer_cb+0x92>
100058d0:	2903      	cmp	r1, #3
100058d2:	d11e      	bne.n	10005912 <cdcd_control_xfer_cb+0x76>
100058d4:	4b1c      	ldr	r3, [pc, #112]	@ (10005948 <cdcd_control_xfer_cb+0xac>)
100058d6:	b1e3      	cbz	r3, 10005912 <cdcd_control_xfer_cb+0x76>
100058d8:	2000      	movs	r0, #0
100058da:	8851      	ldrh	r1, [r2, #2]
100058dc:	f3af 8000 	nop.w
100058e0:	e017      	b.n	10005912 <cdcd_control_xfer_cb+0x76>
100058e2:	2901      	cmp	r1, #1
100058e4:	d023      	beq.n	1000592e <cdcd_control_xfer_cb+0x92>
100058e6:	2903      	cmp	r1, #3
100058e8:	d113      	bne.n	10005912 <cdcd_control_xfer_cb+0x76>
100058ea:	8855      	ldrh	r5, [r2, #2]
100058ec:	4817      	ldr	r0, [pc, #92]	@ (1000594c <cdcd_control_xfer_cb+0xb0>)
100058ee:	f005 0601 	and.w	r6, r5, #1
100058f2:	f086 0101 	eor.w	r1, r6, #1
100058f6:	7125      	strb	r5, [r4, #4]
100058f8:	f000 fbae 	bl	10006058 <tu_fifo_set_overwritable>
100058fc:	4b14      	ldr	r3, [pc, #80]	@ (10005950 <cdcd_control_xfer_cb+0xb4>)
100058fe:	b143      	cbz	r3, 10005912 <cdcd_control_xfer_cb+0x76>
10005900:	4631      	mov	r1, r6
10005902:	2000      	movs	r0, #0
10005904:	f3c5 0240 	ubfx	r2, r5, #1, #1
10005908:	f3af 8000 	nop.w
1000590c:	e001      	b.n	10005912 <cdcd_control_xfer_cb+0x76>
1000590e:	2901      	cmp	r1, #1
10005910:	d011      	beq.n	10005936 <cdcd_control_xfer_cb+0x9a>
10005912:	2001      	movs	r0, #1
10005914:	bd70      	pop	{r4, r5, r6, pc}
10005916:	2901      	cmp	r1, #1
10005918:	d00d      	beq.n	10005936 <cdcd_control_xfer_cb+0x9a>
1000591a:	2903      	cmp	r1, #3
1000591c:	d1f9      	bne.n	10005912 <cdcd_control_xfer_cb+0x76>
1000591e:	4b0d      	ldr	r3, [pc, #52]	@ (10005954 <cdcd_control_xfer_cb+0xb8>)
10005920:	2b00      	cmp	r3, #0
10005922:	d0f6      	beq.n	10005912 <cdcd_control_xfer_cb+0x76>
10005924:	2000      	movs	r0, #0
10005926:	490c      	ldr	r1, [pc, #48]	@ (10005958 <cdcd_control_xfer_cb+0xbc>)
10005928:	f7fe fdee 	bl	10004508 <tud_cdc_line_coding_cb>
1000592c:	e7f1      	b.n	10005912 <cdcd_control_xfer_cb+0x76>
1000592e:	4611      	mov	r1, r2
10005930:	f7ff fcbc 	bl	100052ac <tud_control_status>
10005934:	e7ed      	b.n	10005912 <cdcd_control_xfer_cb+0x76>
10005936:	4611      	mov	r1, r2
10005938:	2307      	movs	r3, #7
1000593a:	4a07      	ldr	r2, [pc, #28]	@ (10005958 <cdcd_control_xfer_cb+0xbc>)
1000593c:	f7ff fcd0 	bl	100052e0 <tud_control_xfer>
10005940:	e7e7      	b.n	10005912 <cdcd_control_xfer_cb+0x76>
10005942:	bf00      	nop
10005944:	20002074 	.word	0x20002074
10005948:	00000000 	.word	0x00000000
1000594c:	20002098 	.word	0x20002098
10005950:	00000000 	.word	0x00000000
10005954:	10004509 	.word	0x10004509
10005958:	2000207c 	.word	0x2000207c

1000595c <cdcd_xfer_cb>:
1000595c:	e92d 43f8 	stmdb	sp!, {r3, r4, r5, r6, r7, r8, r9, lr}
10005960:	4e35      	ldr	r6, [pc, #212]	@ (10005a38 <cdcd_xfer_cb+0xdc>)
10005962:	460c      	mov	r4, r1
10005964:	78f2      	ldrb	r2, [r6, #3]
10005966:	4607      	mov	r7, r0
10005968:	428a      	cmp	r2, r1
1000596a:	461d      	mov	r5, r3
1000596c:	d03d      	beq.n	100059ea <cdcd_xfer_cb+0x8e>
1000596e:	78b3      	ldrb	r3, [r6, #2]
10005970:	428b      	cmp	r3, r1
10005972:	d012      	beq.n	1000599a <cdcd_xfer_cb+0x3e>
10005974:	f04f 23e0 	mov.w	r3, #3758153728	@ 0xe000e000
10005978:	f8d3 3df0 	ldr.w	r3, [r3, #3568]	@ 0xdf0
1000597c:	07db      	lsls	r3, r3, #31
1000597e:	d432      	bmi.n	100059e6 <cdcd_xfer_cb+0x8a>
10005980:	2000      	movs	r0, #0
10005982:	e8bd 83f8 	ldmia.w	sp!, {r3, r4, r5, r6, r7, r8, r9, pc}
10005986:	4b2d      	ldr	r3, [pc, #180]	@ (10005a3c <cdcd_xfer_cb+0xe0>)
10005988:	b123      	cbz	r3, 10005994 <cdcd_xfer_cb+0x38>
1000598a:	482d      	ldr	r0, [pc, #180]	@ (10005a40 <cdcd_xfer_cb+0xe4>)
1000598c:	f000 f976 	bl	10005c7c <tu_fifo_empty>
10005990:	2800      	cmp	r0, #0
10005992:	d04d      	beq.n	10005a30 <cdcd_xfer_cb+0xd4>
10005994:	2000      	movs	r0, #0
10005996:	f7ff fd99 	bl	100054cc <_prep_out_transaction.isra.0>
1000599a:	78b3      	ldrb	r3, [r6, #2]
1000599c:	42a3      	cmp	r3, r4
1000599e:	d001      	beq.n	100059a4 <cdcd_xfer_cb+0x48>
100059a0:	2001      	movs	r0, #1
100059a2:	e7ee      	b.n	10005982 <cdcd_xfer_cb+0x26>
100059a4:	4b27      	ldr	r3, [pc, #156]	@ (10005a44 <cdcd_xfer_cb+0xe8>)
100059a6:	b113      	cbz	r3, 100059ae <cdcd_xfer_cb+0x52>
100059a8:	2000      	movs	r0, #0
100059aa:	f3af 8000 	nop.w
100059ae:	2000      	movs	r0, #0
100059b0:	f7ff fe2e 	bl	10005610 <tud_cdc_n_write_flush>
100059b4:	2800      	cmp	r0, #0
100059b6:	d1f3      	bne.n	100059a0 <cdcd_xfer_cb+0x44>
100059b8:	4823      	ldr	r0, [pc, #140]	@ (10005a48 <cdcd_xfer_cb+0xec>)
100059ba:	f000 f94f 	bl	10005c5c <tu_fifo_count>
100059be:	2800      	cmp	r0, #0
100059c0:	d1ee      	bne.n	100059a0 <cdcd_xfer_cb+0x44>
100059c2:	2d00      	cmp	r5, #0
100059c4:	d0ec      	beq.n	100059a0 <cdcd_xfer_cb+0x44>
100059c6:	f015 053f 	ands.w	r5, r5, #63	@ 0x3f
100059ca:	d1e9      	bne.n	100059a0 <cdcd_xfer_cb+0x44>
100059cc:	4638      	mov	r0, r7
100059ce:	78b1      	ldrb	r1, [r6, #2]
100059d0:	f7ff fc10 	bl	100051f4 <usbd_edpt_claim>
100059d4:	2800      	cmp	r0, #0
100059d6:	d0e3      	beq.n	100059a0 <cdcd_xfer_cb+0x44>
100059d8:	462b      	mov	r3, r5
100059da:	462a      	mov	r2, r5
100059dc:	4638      	mov	r0, r7
100059de:	78b1      	ldrb	r1, [r6, #2]
100059e0:	f7ff fc2c 	bl	1000523c <usbd_edpt_xfer>
100059e4:	e7dc      	b.n	100059a0 <cdcd_xfer_cb+0x44>
100059e6:	be00      	bkpt	0x0000
100059e8:	e7ca      	b.n	10005980 <cdcd_xfer_cb+0x24>
100059ea:	b29a      	uxth	r2, r3
100059ec:	4917      	ldr	r1, [pc, #92]	@ (10005a4c <cdcd_xfer_cb+0xf0>)
100059ee:	f106 0010 	add.w	r0, r6, #16
100059f2:	f000 fa67 	bl	10005ec4 <tu_fifo_write_n>
100059f6:	4b16      	ldr	r3, [pc, #88]	@ (10005a50 <cdcd_xfer_cb+0xf4>)
100059f8:	2b00      	cmp	r3, #0
100059fa:	d0c4      	beq.n	10005986 <cdcd_xfer_cb+0x2a>
100059fc:	7973      	ldrb	r3, [r6, #5]
100059fe:	2bff      	cmp	r3, #255	@ 0xff
10005a00:	d0c1      	beq.n	10005986 <cdcd_xfer_cb+0x2a>
10005a02:	2d00      	cmp	r5, #0
10005a04:	d0bf      	beq.n	10005986 <cdcd_xfer_cb+0x2a>
10005a06:	f8df 8044 	ldr.w	r8, [pc, #68]	@ 10005a4c <cdcd_xfer_cb+0xf0>
10005a0a:	eb08 0905 	add.w	r9, r8, r5
10005a0e:	e002      	b.n	10005a16 <cdcd_xfer_cb+0xba>
10005a10:	45c8      	cmp	r8, r9
10005a12:	d0b8      	beq.n	10005986 <cdcd_xfer_cb+0x2a>
10005a14:	7973      	ldrb	r3, [r6, #5]
10005a16:	f818 2b01 	ldrb.w	r2, [r8], #1
10005a1a:	429a      	cmp	r2, r3
10005a1c:	d1f8      	bne.n	10005a10 <cdcd_xfer_cb+0xb4>
10005a1e:	4808      	ldr	r0, [pc, #32]	@ (10005a40 <cdcd_xfer_cb+0xe4>)
10005a20:	f000 f92c 	bl	10005c7c <tu_fifo_empty>
10005a24:	2800      	cmp	r0, #0
10005a26:	d1f3      	bne.n	10005a10 <cdcd_xfer_cb+0xb4>
10005a28:	7971      	ldrb	r1, [r6, #5]
10005a2a:	f3af 8000 	nop.w
10005a2e:	e7ef      	b.n	10005a10 <cdcd_xfer_cb+0xb4>
10005a30:	f3af 8000 	nop.w
10005a34:	e7ae      	b.n	10005994 <cdcd_xfer_cb+0x38>
10005a36:	bf00      	nop
10005a38:	20002074 	.word	0x20002074
10005a3c:	00000000 	.word	0x00000000
10005a40:	20002084 	.word	0x20002084
10005a44:	00000000 	.word	0x00000000
10005a48:	20002098 	.word	0x20002098
10005a4c:	20001ff0 	.word	0x20001ff0
10005a50:	00000000 	.word	0x00000000

10005a54 <tusb_rhport_init>:
10005a54:	b510      	push	{r4, lr}
10005a56:	b082      	sub	sp, #8
10005a58:	b1c9      	cbz	r1, 10005a8e <tusb_rhport_init+0x3a>
10005a5a:	2801      	cmp	r0, #1
10005a5c:	d80c      	bhi.n	10005a78 <tusb_rhport_init+0x24>
10005a5e:	780b      	ldrb	r3, [r1, #0]
10005a60:	b153      	cbz	r3, 10005a78 <tusb_rhport_init+0x24>
10005a62:	4c14      	ldr	r4, [pc, #80]	@ (10005ab4 <tusb_rhport_init+0x60>)
10005a64:	2b01      	cmp	r3, #1
10005a66:	5423      	strb	r3, [r4, r0]
10005a68:	d002      	beq.n	10005a70 <tusb_rhport_init+0x1c>
10005a6a:	2001      	movs	r0, #1
10005a6c:	b002      	add	sp, #8
10005a6e:	bd10      	pop	{r4, pc}
10005a70:	f7fe ff26 	bl	100048c0 <tud_rhport_init>
10005a74:	2800      	cmp	r0, #0
10005a76:	d1f8      	bne.n	10005a6a <tusb_rhport_init+0x16>
10005a78:	f04f 23e0 	mov.w	r3, #3758153728	@ 0xe000e000
10005a7c:	f8d3 3df0 	ldr.w	r3, [r3, #3568]	@ 0xdf0
10005a80:	07db      	lsls	r3, r3, #31
10005a82:	d402      	bmi.n	10005a8a <tusb_rhport_init+0x36>
10005a84:	2000      	movs	r0, #0
10005a86:	b002      	add	sp, #8
10005a88:	bd10      	pop	{r4, pc}
10005a8a:	be00      	bkpt	0x0000
10005a8c:	e7fa      	b.n	10005a84 <tusb_rhport_init+0x30>
10005a8e:	2401      	movs	r4, #1
10005a90:	4608      	mov	r0, r1
10005a92:	a901      	add	r1, sp, #4
10005a94:	f8ad 4004 	strh.w	r4, [sp, #4]
10005a98:	f7fe ff12 	bl	100048c0 <tud_rhport_init>
10005a9c:	b938      	cbnz	r0, 10005aae <tusb_rhport_init+0x5a>
10005a9e:	f04f 23e0 	mov.w	r3, #3758153728	@ 0xe000e000
10005aa2:	f8d3 3df0 	ldr.w	r3, [r3, #3568]	@ 0xdf0
10005aa6:	07da      	lsls	r2, r3, #31
10005aa8:	d5ed      	bpl.n	10005a86 <tusb_rhport_init+0x32>
10005aaa:	be00      	bkpt	0x0000
10005aac:	e7eb      	b.n	10005a86 <tusb_rhport_init+0x32>
10005aae:	4b01      	ldr	r3, [pc, #4]	@ (10005ab4 <tusb_rhport_init+0x60>)
10005ab0:	701c      	strb	r4, [r3, #0]
10005ab2:	e7e8      	b.n	10005a86 <tusb_rhport_init+0x32>
10005ab4:	200021b0 	.word	0x200021b0

10005ab8 <tu_edpt_claim>:
10005ab8:	b5f8      	push	{r3, r4, r5, r6, r7, lr}
10005aba:	7803      	ldrb	r3, [r0, #0]
10005abc:	f013 0401 	ands.w	r4, r3, #1
10005ac0:	d11a      	bne.n	10005af8 <tu_edpt_claim+0x40>
10005ac2:	7803      	ldrb	r3, [r0, #0]
10005ac4:	4605      	mov	r5, r0
10005ac6:	075a      	lsls	r2, r3, #29
10005ac8:	f3c3 0780 	ubfx	r7, r3, #2, #1
10005acc:	d501      	bpl.n	10005ad2 <tu_edpt_claim+0x1a>
10005ace:	4620      	mov	r0, r4
10005ad0:	bdf8      	pop	{r3, r4, r5, r6, r7, pc}
10005ad2:	460e      	mov	r6, r1
10005ad4:	f04f 31ff 	mov.w	r1, #4294967295	@ 0xffffffff
10005ad8:	4630      	mov	r0, r6
10005ada:	f007 f979 	bl	1000cdd0 <__mutex_enter_timeout_ms_veneer>
10005ade:	782b      	ldrb	r3, [r5, #0]
10005ae0:	f013 0401 	ands.w	r4, r3, #1
10005ae4:	d10b      	bne.n	10005afe <tu_edpt_claim+0x46>
10005ae6:	782b      	ldrb	r3, [r5, #0]
10005ae8:	075b      	lsls	r3, r3, #29
10005aea:	d409      	bmi.n	10005b00 <tu_edpt_claim+0x48>
10005aec:	782b      	ldrb	r3, [r5, #0]
10005aee:	2401      	movs	r4, #1
10005af0:	f043 0304 	orr.w	r3, r3, #4
10005af4:	702b      	strb	r3, [r5, #0]
10005af6:	e003      	b.n	10005b00 <tu_edpt_claim+0x48>
10005af8:	2400      	movs	r4, #0
10005afa:	4620      	mov	r0, r4
10005afc:	bdf8      	pop	{r3, r4, r5, r6, r7, pc}
10005afe:	463c      	mov	r4, r7
10005b00:	4630      	mov	r0, r6
10005b02:	f007 f975 	bl	1000cdf0 <__mutex_exit_veneer>
10005b06:	4620      	mov	r0, r4
10005b08:	bdf8      	pop	{r3, r4, r5, r6, r7, pc}
10005b0a:	bf00      	nop

10005b0c <tu_edpt_release>:
10005b0c:	b570      	push	{r4, r5, r6, lr}
10005b0e:	460c      	mov	r4, r1
10005b10:	4605      	mov	r5, r0
10005b12:	f04f 31ff 	mov.w	r1, #4294967295	@ 0xffffffff
10005b16:	4620      	mov	r0, r4
10005b18:	f007 f95a 	bl	1000cdd0 <__mutex_enter_timeout_ms_veneer>
10005b1c:	782b      	ldrb	r3, [r5, #0]
10005b1e:	f3c3 0680 	ubfx	r6, r3, #2, #1
10005b22:	075b      	lsls	r3, r3, #29
10005b24:	d508      	bpl.n	10005b38 <tu_edpt_release+0x2c>
10005b26:	782b      	ldrb	r3, [r5, #0]
10005b28:	f013 0301 	ands.w	r3, r3, #1
10005b2c:	bf11      	iteee	ne
10005b2e:	2600      	movne	r6, #0
10005b30:	782a      	ldrbeq	r2, [r5, #0]
10005b32:	f363 0282 	bfieq	r2, r3, #2, #1
10005b36:	702a      	strbeq	r2, [r5, #0]
10005b38:	4620      	mov	r0, r4
10005b3a:	f007 f959 	bl	1000cdf0 <__mutex_exit_veneer>
10005b3e:	4630      	mov	r0, r6
10005b40:	bd70      	pop	{r4, r5, r6, pc}
10005b42:	bf00      	nop

10005b44 <tu_edpt_validate>:
10005b44:	78c3      	ldrb	r3, [r0, #3]
10005b46:	8882      	ldrh	r2, [r0, #4]
10005b48:	f003 0003 	and.w	r0, r3, #3
10005b4c:	2802      	cmp	r0, #2
10005b4e:	f3c2 020a 	ubfx	r2, r2, #0, #11
10005b52:	d015      	beq.n	10005b80 <tu_edpt_validate+0x3c>
10005b54:	2803      	cmp	r0, #3
10005b56:	d00a      	beq.n	10005b6e <tu_edpt_validate+0x2a>
10005b58:	2801      	cmp	r0, #1
10005b5a:	d11c      	bne.n	10005b96 <tu_edpt_validate+0x52>
10005b5c:	2902      	cmp	r1, #2
10005b5e:	f240 33ff 	movw	r3, #1023	@ 0x3ff
10005b62:	bf08      	it	eq
10005b64:	f44f 6380 	moveq.w	r3, #1024	@ 0x400
10005b68:	4293      	cmp	r3, r2
10005b6a:	d30d      	bcc.n	10005b88 <tu_edpt_validate+0x44>
10005b6c:	4770      	bx	lr
10005b6e:	2902      	cmp	r1, #2
10005b70:	bf14      	ite	ne
10005b72:	2340      	movne	r3, #64	@ 0x40
10005b74:	f44f 6380 	moveq.w	r3, #1024	@ 0x400
10005b78:	4293      	cmp	r3, r2
10005b7a:	d305      	bcc.n	10005b88 <tu_edpt_validate+0x44>
10005b7c:	2001      	movs	r0, #1
10005b7e:	4770      	bx	lr
10005b80:	2902      	cmp	r1, #2
10005b82:	d00a      	beq.n	10005b9a <tu_edpt_validate+0x56>
10005b84:	2a40      	cmp	r2, #64	@ 0x40
10005b86:	d9f9      	bls.n	10005b7c <tu_edpt_validate+0x38>
10005b88:	f04f 23e0 	mov.w	r3, #3758153728	@ 0xe000e000
10005b8c:	f8d3 3df0 	ldr.w	r3, [r3, #3568]	@ 0xdf0
10005b90:	07db      	lsls	r3, r3, #31
10005b92:	d500      	bpl.n	10005b96 <tu_edpt_validate+0x52>
10005b94:	be00      	bkpt	0x0000
10005b96:	2000      	movs	r0, #0
10005b98:	4770      	bx	lr
10005b9a:	f5b2 7f00 	cmp.w	r2, #512	@ 0x200
10005b9e:	d0ed      	beq.n	10005b7c <tu_edpt_validate+0x38>
10005ba0:	e7f2      	b.n	10005b88 <tu_edpt_validate+0x44>
10005ba2:	bf00      	nop

10005ba4 <tu_edpt_bind_driver>:
10005ba4:	440a      	add	r2, r1
10005ba6:	4291      	cmp	r1, r2
10005ba8:	d226      	bcs.n	10005bf8 <tu_edpt_bind_driver+0x54>
10005baa:	f891 c001 	ldrb.w	ip, [r1, #1]
10005bae:	f1bc 0f05 	cmp.w	ip, #5
10005bb2:	d005      	beq.n	10005bc0 <tu_edpt_bind_driver+0x1c>
10005bb4:	f891 c000 	ldrb.w	ip, [r1]
10005bb8:	4461      	add	r1, ip
10005bba:	428a      	cmp	r2, r1
10005bbc:	d8f5      	bhi.n	10005baa <tu_edpt_bind_driver+0x6>
10005bbe:	4770      	bx	lr
10005bc0:	b500      	push	{lr}
10005bc2:	f891 c002 	ldrb.w	ip, [r1, #2]
10005bc6:	f00c 0e7f 	and.w	lr, ip, #127	@ 0x7f
10005bca:	eb00 0e4e 	add.w	lr, r0, lr, lsl #1
10005bce:	ea4f 1cdc 	mov.w	ip, ip, lsr #7
10005bd2:	f80e 300c 	strb.w	r3, [lr, ip]
10005bd6:	f891 c000 	ldrb.w	ip, [r1]
10005bda:	4461      	add	r1, ip
10005bdc:	428a      	cmp	r2, r1
10005bde:	d909      	bls.n	10005bf4 <tu_edpt_bind_driver+0x50>
10005be0:	f891 c001 	ldrb.w	ip, [r1, #1]
10005be4:	f1bc 0f05 	cmp.w	ip, #5
10005be8:	d0eb      	beq.n	10005bc2 <tu_edpt_bind_driver+0x1e>
10005bea:	f891 c000 	ldrb.w	ip, [r1]
10005bee:	4461      	add	r1, ip
10005bf0:	428a      	cmp	r2, r1
10005bf2:	d8f5      	bhi.n	10005be0 <tu_edpt_bind_driver+0x3c>
10005bf4:	f85d fb04 	ldr.w	pc, [sp], #4
10005bf8:	4770      	bx	lr
10005bfa:	bf00      	nop

10005bfc <tu_fifo_config>:
10005bfc:	e92d 41f0 	stmdb	sp!, {r4, r5, r6, r7, r8, lr}
10005c00:	f5b2 4f00 	cmp.w	r2, #32768	@ 0x8000
10005c04:	f89d 8018 	ldrb.w	r8, [sp, #24]
10005c08:	d824      	bhi.n	10005c54 <tu_fifo_config+0x58>
10005c0a:	4604      	mov	r4, r0
10005c0c:	68c0      	ldr	r0, [r0, #12]
10005c0e:	4617      	mov	r7, r2
10005c10:	460e      	mov	r6, r1
10005c12:	461d      	mov	r5, r3
10005c14:	b118      	cbz	r0, 10005c1e <tu_fifo_config+0x22>
10005c16:	f04f 31ff 	mov.w	r1, #4294967295	@ 0xffffffff
10005c1a:	f007 f8d9 	bl	1000cdd0 <__mutex_enter_timeout_ms_veneer>
10005c1e:	6920      	ldr	r0, [r4, #16]
10005c20:	b118      	cbz	r0, 10005c2a <tu_fifo_config+0x2e>
10005c22:	f04f 31ff 	mov.w	r1, #4294967295	@ 0xffffffff
10005c26:	f007 f8d3 	bl	1000cdd0 <__mutex_enter_timeout_ms_veneer>
10005c2a:	2200      	movs	r2, #0
10005c2c:	f3c5 030e 	ubfx	r3, r5, #0, #15
10005c30:	68e0      	ldr	r0, [r4, #12]
10005c32:	ea43 33c8 	orr.w	r3, r3, r8, lsl #15
10005c36:	8162      	strh	r2, [r4, #10]
10005c38:	6026      	str	r6, [r4, #0]
10005c3a:	80a7      	strh	r7, [r4, #4]
10005c3c:	80e3      	strh	r3, [r4, #6]
10005c3e:	8122      	strh	r2, [r4, #8]
10005c40:	b108      	cbz	r0, 10005c46 <tu_fifo_config+0x4a>
10005c42:	f007 f8d5 	bl	1000cdf0 <__mutex_exit_veneer>
10005c46:	6920      	ldr	r0, [r4, #16]
10005c48:	b108      	cbz	r0, 10005c4e <tu_fifo_config+0x52>
10005c4a:	f007 f8d1 	bl	1000cdf0 <__mutex_exit_veneer>
10005c4e:	2001      	movs	r0, #1
10005c50:	e8bd 81f0 	ldmia.w	sp!, {r4, r5, r6, r7, r8, pc}
10005c54:	2000      	movs	r0, #0
10005c56:	e8bd 81f0 	ldmia.w	sp!, {r4, r5, r6, r7, r8, pc}
10005c5a:	bf00      	nop

10005c5c <tu_fifo_count>:
10005c5c:	8903      	ldrh	r3, [r0, #8]
10005c5e:	8942      	ldrh	r2, [r0, #10]
10005c60:	b29b      	uxth	r3, r3
10005c62:	b292      	uxth	r2, r2
10005c64:	8880      	ldrh	r0, [r0, #4]
10005c66:	4293      	cmp	r3, r2
10005c68:	bf36      	itet	cc
10005c6a:	ebc2 0240 	rsbcc	r2, r2, r0, lsl #1
10005c6e:	1a9b      	subcs	r3, r3, r2
10005c70:	189b      	addcc	r3, r3, r2
10005c72:	b29b      	uxth	r3, r3
10005c74:	4298      	cmp	r0, r3
10005c76:	bf28      	it	cs
10005c78:	4618      	movcs	r0, r3
10005c7a:	4770      	bx	lr

10005c7c <tu_fifo_empty>:
10005c7c:	8902      	ldrh	r2, [r0, #8]
10005c7e:	8943      	ldrh	r3, [r0, #10]
10005c80:	b290      	uxth	r0, r2
10005c82:	b29b      	uxth	r3, r3
10005c84:	1ac0      	subs	r0, r0, r3
10005c86:	fab0 f080 	clz	r0, r0
10005c8a:	0940      	lsrs	r0, r0, #5
10005c8c:	4770      	bx	lr
10005c8e:	bf00      	nop

10005c90 <tu_fifo_remaining>:
10005c90:	8903      	ldrh	r3, [r0, #8]
10005c92:	8942      	ldrh	r2, [r0, #10]
10005c94:	b29b      	uxth	r3, r3
10005c96:	8880      	ldrh	r0, [r0, #4]
10005c98:	b292      	uxth	r2, r2
10005c9a:	4293      	cmp	r3, r2
10005c9c:	bf36      	itet	cc
10005c9e:	ebc2 0240 	rsbcc	r2, r2, r0, lsl #1
10005ca2:	1a9b      	subcs	r3, r3, r2
10005ca4:	189b      	addcc	r3, r3, r2
10005ca6:	b29b      	uxth	r3, r3
10005ca8:	4298      	cmp	r0, r3
10005caa:	bf86      	itte	hi
10005cac:	1ac0      	subhi	r0, r0, r3
10005cae:	b280      	uxthhi	r0, r0
10005cb0:	2000      	movls	r0, #0
10005cb2:	4770      	bx	lr

10005cb4 <tu_fifo_read>:
10005cb4:	b538      	push	{r3, r4, r5, lr}
10005cb6:	4604      	mov	r4, r0
10005cb8:	6900      	ldr	r0, [r0, #16]
10005cba:	460d      	mov	r5, r1
10005cbc:	b118      	cbz	r0, 10005cc6 <tu_fifo_read+0x12>
10005cbe:	f04f 31ff 	mov.w	r1, #4294967295	@ 0xffffffff
10005cc2:	f007 f885 	bl	1000cdd0 <__mutex_enter_timeout_ms_veneer>
10005cc6:	8921      	ldrh	r1, [r4, #8]
10005cc8:	8963      	ldrh	r3, [r4, #10]
10005cca:	b289      	uxth	r1, r1
10005ccc:	b29b      	uxth	r3, r3
10005cce:	88a2      	ldrh	r2, [r4, #4]
10005cd0:	4299      	cmp	r1, r3
10005cd2:	bf36      	itet	cc
10005cd4:	ebc3 0042 	rsbcc	r0, r3, r2, lsl #1
10005cd8:	1ac8      	subcs	r0, r1, r3
10005cda:	1840      	addcc	r0, r0, r1
10005cdc:	b280      	uxth	r0, r0
10005cde:	b350      	cbz	r0, 10005d36 <tu_fifo_read+0x82>
10005ce0:	4282      	cmp	r2, r0
10005ce2:	d209      	bcs.n	10005cf8 <tu_fifo_read+0x44>
10005ce4:	4291      	cmp	r1, r2
10005ce6:	bf2c      	ite	cs
10005ce8:	1a89      	subcs	r1, r1, r2
10005cea:	1889      	addcc	r1, r1, r2
10005cec:	b28b      	uxth	r3, r1
10005cee:	429a      	cmp	r2, r3
10005cf0:	8163      	strh	r3, [r4, #10]
10005cf2:	d803      	bhi.n	10005cfc <tu_fifo_read+0x48>
10005cf4:	1a9b      	subs	r3, r3, r2
10005cf6:	b29b      	uxth	r3, r3
10005cf8:	429a      	cmp	r2, r3
10005cfa:	d9fb      	bls.n	10005cf4 <tu_fifo_read+0x40>
10005cfc:	88e2      	ldrh	r2, [r4, #6]
10005cfe:	6821      	ldr	r1, [r4, #0]
10005d00:	f3c2 020e 	ubfx	r2, r2, #0, #15
10005d04:	fb02 1103 	mla	r1, r2, r3, r1
10005d08:	4628      	mov	r0, r5
10005d0a:	f007 f855 	bl	1000cdb8 <__memcpy_veneer>
10005d0e:	8961      	ldrh	r1, [r4, #10]
10005d10:	2501      	movs	r5, #1
10005d12:	b289      	uxth	r1, r1
10005d14:	1c4b      	adds	r3, r1, #1
10005d16:	b29b      	uxth	r3, r3
10005d18:	4299      	cmp	r1, r3
10005d1a:	88a2      	ldrh	r2, [r4, #4]
10005d1c:	d90e      	bls.n	10005d3c <tu_fifo_read+0x88>
10005d1e:	2300      	movs	r3, #0
10005d20:	fa02 f105 	lsl.w	r1, r2, r5
10005d24:	1a5b      	subs	r3, r3, r1
10005d26:	b29b      	uxth	r3, r3
10005d28:	6920      	ldr	r0, [r4, #16]
10005d2a:	8163      	strh	r3, [r4, #10]
10005d2c:	b108      	cbz	r0, 10005d32 <tu_fifo_read+0x7e>
10005d2e:	f007 f85f 	bl	1000cdf0 <__mutex_exit_veneer>
10005d32:	4628      	mov	r0, r5
10005d34:	bd38      	pop	{r3, r4, r5, pc}
10005d36:	4605      	mov	r5, r0
10005d38:	8963      	ldrh	r3, [r4, #10]
10005d3a:	b29b      	uxth	r3, r3
10005d3c:	ebb3 0f42 	cmp.w	r3, r2, lsl #1
10005d40:	ea4f 0142 	mov.w	r1, r2, lsl #1
10005d44:	dbf0      	blt.n	10005d28 <tu_fifo_read+0x74>
10005d46:	e7ed      	b.n	10005d24 <tu_fifo_read+0x70>

10005d48 <tu_fifo_read_n>:
10005d48:	e92d 47f0 	stmdb	sp!, {r4, r5, r6, r7, r8, r9, sl, lr}
10005d4c:	4606      	mov	r6, r0
10005d4e:	6900      	ldr	r0, [r0, #16]
10005d50:	4688      	mov	r8, r1
10005d52:	4691      	mov	r9, r2
10005d54:	b118      	cbz	r0, 10005d5e <tu_fifo_read_n+0x16>
10005d56:	f04f 31ff 	mov.w	r1, #4294967295	@ 0xffffffff
10005d5a:	f007 f839 	bl	1000cdd0 <__mutex_enter_timeout_ms_veneer>
10005d5e:	8933      	ldrh	r3, [r6, #8]
10005d60:	8974      	ldrh	r4, [r6, #10]
10005d62:	b29b      	uxth	r3, r3
10005d64:	b2a4      	uxth	r4, r4
10005d66:	88b5      	ldrh	r5, [r6, #4]
10005d68:	42a3      	cmp	r3, r4
10005d6a:	bf36      	itet	cc
10005d6c:	ebc4 0745 	rsbcc	r7, r4, r5, lsl #1
10005d70:	1b1f      	subcs	r7, r3, r4
10005d72:	18ff      	addcc	r7, r7, r3
10005d74:	b2bf      	uxth	r7, r7
10005d76:	2f00      	cmp	r7, #0
10005d78:	d04a      	beq.n	10005e10 <tu_fifo_read_n+0xc8>
10005d7a:	42bd      	cmp	r5, r7
10005d7c:	d340      	bcc.n	10005e00 <tu_fifo_read_n+0xb8>
10005d7e:	45b9      	cmp	r9, r7
10005d80:	bf28      	it	cs
10005d82:	46b9      	movcs	r9, r7
10005d84:	42a5      	cmp	r5, r4
10005d86:	fa1f f789 	uxth.w	r7, r9
10005d8a:	d803      	bhi.n	10005d94 <tu_fifo_read_n+0x4c>
10005d8c:	1b64      	subs	r4, r4, r5
10005d8e:	b2a4      	uxth	r4, r4
10005d90:	42a5      	cmp	r5, r4
10005d92:	d9fb      	bls.n	10005d8c <tu_fifo_read_n+0x44>
10005d94:	f8b6 a006 	ldrh.w	sl, [r6, #6]
10005d98:	1b2b      	subs	r3, r5, r4
10005d9a:	6831      	ldr	r1, [r6, #0]
10005d9c:	b29b      	uxth	r3, r3
10005d9e:	f3ca 020e 	ubfx	r2, sl, #0, #15
10005da2:	429f      	cmp	r7, r3
10005da4:	4692      	mov	sl, r2
10005da6:	fb02 1104 	mla	r1, r2, r4, r1
10005daa:	d923      	bls.n	10005df4 <tu_fifo_read_n+0xac>
10005dac:	fb13 f302 	smulbb	r3, r3, r2
10005db0:	fa1f f983 	uxth.w	r9, r3
10005db4:	464a      	mov	r2, r9
10005db6:	4640      	mov	r0, r8
10005db8:	1b7d      	subs	r5, r7, r5
10005dba:	f006 fffd 	bl	1000cdb8 <__memcpy_veneer>
10005dbe:	1962      	adds	r2, r4, r5
10005dc0:	fb12 f20a 	smulbb	r2, r2, sl
10005dc4:	6831      	ldr	r1, [r6, #0]
10005dc6:	eb08 0009 	add.w	r0, r8, r9
10005dca:	b292      	uxth	r2, r2
10005dcc:	f006 fff4 	bl	1000cdb8 <__memcpy_veneer>
10005dd0:	8972      	ldrh	r2, [r6, #10]
10005dd2:	88b5      	ldrh	r5, [r6, #4]
10005dd4:	b292      	uxth	r2, r2
10005dd6:	19d3      	adds	r3, r2, r7
10005dd8:	b29b      	uxth	r3, r3
10005dda:	429a      	cmp	r2, r3
10005ddc:	d91a      	bls.n	10005e14 <tu_fifo_read_n+0xcc>
10005dde:	006a      	lsls	r2, r5, #1
10005de0:	1a9b      	subs	r3, r3, r2
10005de2:	b29b      	uxth	r3, r3
10005de4:	6930      	ldr	r0, [r6, #16]
10005de6:	8173      	strh	r3, [r6, #10]
10005de8:	b108      	cbz	r0, 10005dee <tu_fifo_read_n+0xa6>
10005dea:	f007 f801 	bl	1000cdf0 <__mutex_exit_veneer>
10005dee:	4638      	mov	r0, r7
10005df0:	e8bd 87f0 	ldmia.w	sp!, {r4, r5, r6, r7, r8, r9, sl, pc}
10005df4:	4640      	mov	r0, r8
10005df6:	fb07 f202 	mul.w	r2, r7, r2
10005dfa:	f006 ffdd 	bl	1000cdb8 <__memcpy_veneer>
10005dfe:	e7e7      	b.n	10005dd0 <tu_fifo_read_n+0x88>
10005e00:	42ab      	cmp	r3, r5
10005e02:	bf2c      	ite	cs
10005e04:	1b5b      	subcs	r3, r3, r5
10005e06:	195b      	addcc	r3, r3, r5
10005e08:	b29c      	uxth	r4, r3
10005e0a:	462f      	mov	r7, r5
10005e0c:	8174      	strh	r4, [r6, #10]
10005e0e:	e7b6      	b.n	10005d7e <tu_fifo_read_n+0x36>
10005e10:	8973      	ldrh	r3, [r6, #10]
10005e12:	b29b      	uxth	r3, r3
10005e14:	ebb3 0f45 	cmp.w	r3, r5, lsl #1
10005e18:	ea4f 0245 	mov.w	r2, r5, lsl #1
10005e1c:	dbe2      	blt.n	10005de4 <tu_fifo_read_n+0x9c>
10005e1e:	e7df      	b.n	10005de0 <tu_fifo_read_n+0x98>

10005e20 <tu_fifo_write>:
10005e20:	b5f8      	push	{r3, r4, r5, r6, r7, lr}
10005e22:	4604      	mov	r4, r0
10005e24:	68c0      	ldr	r0, [r0, #12]
10005e26:	460e      	mov	r6, r1
10005e28:	b118      	cbz	r0, 10005e32 <tu_fifo_write+0x12>
10005e2a:	f04f 31ff 	mov.w	r1, #4294967295	@ 0xffffffff
10005e2e:	f006 ffcf 	bl	1000cdd0 <__mutex_enter_timeout_ms_veneer>
10005e32:	8925      	ldrh	r5, [r4, #8]
10005e34:	8923      	ldrh	r3, [r4, #8]
10005e36:	8961      	ldrh	r1, [r4, #10]
10005e38:	b29b      	uxth	r3, r3
10005e3a:	b289      	uxth	r1, r1
10005e3c:	88a2      	ldrh	r2, [r4, #4]
10005e3e:	428b      	cmp	r3, r1
10005e40:	bf36      	itet	cc
10005e42:	ebc1 0142 	rsbcc	r1, r1, r2, lsl #1
10005e46:	1a5b      	subcs	r3, r3, r1
10005e48:	185b      	addcc	r3, r3, r1
10005e4a:	b29b      	uxth	r3, r3
10005e4c:	429a      	cmp	r2, r3
10005e4e:	b2ad      	uxth	r5, r5
10005e50:	d808      	bhi.n	10005e64 <tu_fifo_write+0x44>
10005e52:	79e7      	ldrb	r7, [r4, #7]
10005e54:	09ff      	lsrs	r7, r7, #7
10005e56:	d105      	bne.n	10005e64 <tu_fifo_write+0x44>
10005e58:	68e0      	ldr	r0, [r4, #12]
10005e5a:	b108      	cbz	r0, 10005e60 <tu_fifo_write+0x40>
10005e5c:	f006 ffc8 	bl	1000cdf0 <__mutex_exit_veneer>
10005e60:	4638      	mov	r0, r7
10005e62:	bdf8      	pop	{r3, r4, r5, r6, r7, pc}
10005e64:	4295      	cmp	r5, r2
10005e66:	bf28      	it	cs
10005e68:	462b      	movcs	r3, r5
10005e6a:	d318      	bcc.n	10005e9e <tu_fifo_write+0x7e>
10005e6c:	1a9b      	subs	r3, r3, r2
10005e6e:	b29b      	uxth	r3, r3
10005e70:	4293      	cmp	r3, r2
10005e72:	d2fb      	bcs.n	10005e6c <tu_fifo_write+0x4c>
10005e74:	88e2      	ldrh	r2, [r4, #6]
10005e76:	6820      	ldr	r0, [r4, #0]
10005e78:	f3c2 020e 	ubfx	r2, r2, #0, #15
10005e7c:	fb02 0003 	mla	r0, r2, r3, r0
10005e80:	4631      	mov	r1, r6
10005e82:	f006 ff99 	bl	1000cdb8 <__memcpy_veneer>
10005e86:	1c6b      	adds	r3, r5, #1
10005e88:	b29b      	uxth	r3, r3
10005e8a:	429d      	cmp	r5, r3
10005e8c:	88a2      	ldrh	r2, [r4, #4]
10005e8e:	d912      	bls.n	10005eb6 <tu_fifo_write+0x96>
10005e90:	2300      	movs	r3, #0
10005e92:	0051      	lsls	r1, r2, #1
10005e94:	1a5b      	subs	r3, r3, r1
10005e96:	b29b      	uxth	r3, r3
10005e98:	2701      	movs	r7, #1
10005e9a:	8123      	strh	r3, [r4, #8]
10005e9c:	e7dc      	b.n	10005e58 <tu_fifo_write+0x38>
10005e9e:	88e2      	ldrh	r2, [r4, #6]
10005ea0:	6820      	ldr	r0, [r4, #0]
10005ea2:	f3c2 020e 	ubfx	r2, r2, #0, #15
10005ea6:	fb05 0002 	mla	r0, r5, r2, r0
10005eaa:	4631      	mov	r1, r6
10005eac:	f006 ff84 	bl	1000cdb8 <__memcpy_veneer>
10005eb0:	3501      	adds	r5, #1
10005eb2:	88a2      	ldrh	r2, [r4, #4]
10005eb4:	b2ab      	uxth	r3, r5
10005eb6:	ebb3 0f42 	cmp.w	r3, r2, lsl #1
10005eba:	ea4f 0142 	mov.w	r1, r2, lsl #1
10005ebe:	dbeb      	blt.n	10005e98 <tu_fifo_write+0x78>
10005ec0:	e7e8      	b.n	10005e94 <tu_fifo_write+0x74>
10005ec2:	bf00      	nop

10005ec4 <tu_fifo_write_n>:
10005ec4:	e92d 4ff0 	stmdb	sp!, {r4, r5, r6, r7, r8, r9, sl, fp, lr}
10005ec8:	4617      	mov	r7, r2
10005eca:	b083      	sub	sp, #12
10005ecc:	2a00      	cmp	r2, #0
10005ece:	d075      	beq.n	10005fbc <tu_fifo_write_n+0xf8>
10005ed0:	4606      	mov	r6, r0
10005ed2:	68c0      	ldr	r0, [r0, #12]
10005ed4:	4689      	mov	r9, r1
10005ed6:	b118      	cbz	r0, 10005ee0 <tu_fifo_write_n+0x1c>
10005ed8:	f04f 31ff 	mov.w	r1, #4294967295	@ 0xffffffff
10005edc:	f006 ff78 	bl	1000cdd0 <__mutex_enter_timeout_ms_veneer>
10005ee0:	79f3      	ldrb	r3, [r6, #7]
10005ee2:	f8b6 8008 	ldrh.w	r8, [r6, #8]
10005ee6:	8972      	ldrh	r2, [r6, #10]
10005ee8:	09db      	lsrs	r3, r3, #7
10005eea:	88b5      	ldrh	r5, [r6, #4]
10005eec:	fa1f f888 	uxth.w	r8, r8
10005ef0:	b292      	uxth	r2, r2
10005ef2:	d13c      	bne.n	10005f6e <tu_fifo_write_n+0xaa>
10005ef4:	4590      	cmp	r8, r2
10005ef6:	bf36      	itet	cc
10005ef8:	ebc2 0245 	rsbcc	r2, r2, r5, lsl #1
10005efc:	eba8 0202 	subcs.w	r2, r8, r2
10005f00:	4442      	addcc	r2, r8
10005f02:	b292      	uxth	r2, r2
10005f04:	42aa      	cmp	r2, r5
10005f06:	d25e      	bcs.n	10005fc6 <tu_fifo_write_n+0x102>
10005f08:	1aaa      	subs	r2, r5, r2
10005f0a:	b292      	uxth	r2, r2
10005f0c:	42ba      	cmp	r2, r7
10005f0e:	bf28      	it	cs
10005f10:	463a      	movcs	r2, r7
10005f12:	f8b6 b006 	ldrh.w	fp, [r6, #6]
10005f16:	b297      	uxth	r7, r2
10005f18:	1b7b      	subs	r3, r7, r5
10005f1a:	eb08 0a07 	add.w	sl, r8, r7
10005f1e:	f3cb 0b0e 	ubfx	fp, fp, #0, #15
10005f22:	b29b      	uxth	r3, r3
10005f24:	fa1f fa8a 	uxth.w	sl, sl
10005f28:	45a8      	cmp	r8, r5
10005f2a:	4644      	mov	r4, r8
10005f2c:	d303      	bcc.n	10005f36 <tu_fifo_write_n+0x72>
10005f2e:	1b64      	subs	r4, r4, r5
10005f30:	b2a4      	uxth	r4, r4
10005f32:	42ac      	cmp	r4, r5
10005f34:	d2fb      	bcs.n	10005f2e <tu_fifo_write_n+0x6a>
10005f36:	1b2d      	subs	r5, r5, r4
10005f38:	6830      	ldr	r0, [r6, #0]
10005f3a:	b2ad      	uxth	r5, r5
10005f3c:	42bd      	cmp	r5, r7
10005f3e:	fb0b 0004 	mla	r0, fp, r4, r0
10005f42:	d357      	bcc.n	10005ff4 <tu_fifo_write_n+0x130>
10005f44:	4649      	mov	r1, r9
10005f46:	fb0b f207 	mul.w	r2, fp, r7
10005f4a:	f006 ff35 	bl	1000cdb8 <__memcpy_veneer>
10005f4e:	88b2      	ldrh	r2, [r6, #4]
10005f50:	45d0      	cmp	r8, sl
10005f52:	ea4f 0342 	mov.w	r3, r2, lsl #1
10005f56:	d802      	bhi.n	10005f5e <tu_fifo_write_n+0x9a>
10005f58:	ebba 0f42 	cmp.w	sl, r2, lsl #1
10005f5c:	db03      	blt.n	10005f66 <tu_fifo_write_n+0xa2>
10005f5e:	ebaa 0303 	sub.w	r3, sl, r3
10005f62:	fa1f fa83 	uxth.w	sl, r3
10005f66:	463d      	mov	r5, r7
10005f68:	f8a6 a008 	strh.w	sl, [r6, #8]
10005f6c:	e02c      	b.n	10005fc8 <tu_fifo_write_n+0x104>
10005f6e:	f8b6 b006 	ldrh.w	fp, [r6, #6]
10005f72:	42af      	cmp	r7, r5
10005f74:	f3cb 0b0e 	ubfx	fp, fp, #0, #15
10005f78:	d22f      	bcs.n	10005fda <tu_fifo_write_n+0x116>
10005f7a:	4590      	cmp	r8, r2
10005f7c:	bf36      	itet	cc
10005f7e:	ebc2 0145 	rsbcc	r1, r2, r5, lsl #1
10005f82:	eba8 0102 	subcs.w	r1, r8, r2
10005f86:	4441      	addcc	r1, r8
10005f88:	b289      	uxth	r1, r1
10005f8a:	0068      	lsls	r0, r5, #1
10005f8c:	4439      	add	r1, r7
10005f8e:	1b7b      	subs	r3, r7, r5
10005f90:	4281      	cmp	r1, r0
10005f92:	b29b      	uxth	r3, r3
10005f94:	db0d      	blt.n	10005fb2 <tu_fifo_write_n+0xee>
10005f96:	eb02 0a05 	add.w	sl, r2, r5
10005f9a:	fa1f fa8a 	uxth.w	sl, sl
10005f9e:	ebaa 0807 	sub.w	r8, sl, r7
10005fa2:	fa1f f888 	uxth.w	r8, r8
10005fa6:	4542      	cmp	r2, r8
10005fa8:	d937      	bls.n	1000601a <tu_fifo_write_n+0x156>
10005faa:	eba8 0000 	sub.w	r0, r8, r0
10005fae:	fa1f f880 	uxth.w	r8, r0
10005fb2:	eb07 0a08 	add.w	sl, r7, r8
10005fb6:	fa1f fa8a 	uxth.w	sl, sl
10005fba:	e7b5      	b.n	10005f28 <tu_fifo_write_n+0x64>
10005fbc:	4615      	mov	r5, r2
10005fbe:	4628      	mov	r0, r5
10005fc0:	b003      	add	sp, #12
10005fc2:	e8bd 8ff0 	ldmia.w	sp!, {r4, r5, r6, r7, r8, r9, sl, fp, pc}
10005fc6:	2500      	movs	r5, #0
10005fc8:	68f0      	ldr	r0, [r6, #12]
10005fca:	2800      	cmp	r0, #0
10005fcc:	d0f7      	beq.n	10005fbe <tu_fifo_write_n+0xfa>
10005fce:	f006 ff0f 	bl	1000cdf0 <__mutex_exit_veneer>
10005fd2:	4628      	mov	r0, r5
10005fd4:	b003      	add	sp, #12
10005fd6:	e8bd 8ff0 	ldmia.w	sp!, {r4, r5, r6, r7, r8, r9, sl, fp, pc}
10005fda:	2d00      	cmp	r5, #0
10005fdc:	d0f4      	beq.n	10005fc8 <tu_fifo_write_n+0x104>
10005fde:	1b7f      	subs	r7, r7, r5
10005fe0:	eb02 0a05 	add.w	sl, r2, r5
10005fe4:	fb0b 9907 	mla	r9, fp, r7, r9
10005fe8:	4690      	mov	r8, r2
10005fea:	462f      	mov	r7, r5
10005fec:	2300      	movs	r3, #0
10005fee:	fa1f fa8a 	uxth.w	sl, sl
10005ff2:	e799      	b.n	10005f28 <tu_fifo_write_n+0x64>
10005ff4:	fb15 f50b 	smulbb	r5, r5, fp
10005ff8:	b2ad      	uxth	r5, r5
10005ffa:	462a      	mov	r2, r5
10005ffc:	4649      	mov	r1, r9
10005ffe:	9301      	str	r3, [sp, #4]
10006000:	f006 feda 	bl	1000cdb8 <__memcpy_veneer>
10006004:	9b01      	ldr	r3, [sp, #4]
10006006:	6830      	ldr	r0, [r6, #0]
10006008:	18e2      	adds	r2, r4, r3
1000600a:	fb12 f20b 	smulbb	r2, r2, fp
1000600e:	eb09 0105 	add.w	r1, r9, r5
10006012:	b292      	uxth	r2, r2
10006014:	f006 fed0 	bl	1000cdb8 <__memcpy_veneer>
10006018:	e799      	b.n	10005f4e <tu_fifo_write_n+0x8a>
1000601a:	4540      	cmp	r0, r8
1000601c:	dc84      	bgt.n	10005f28 <tu_fifo_write_n+0x64>
1000601e:	e7c4      	b.n	10005faa <tu_fifo_write_n+0xe6>

10006020 <tu_fifo_clear>:
10006020:	b510      	push	{r4, lr}
10006022:	4604      	mov	r4, r0
10006024:	68c0      	ldr	r0, [r0, #12]
10006026:	b118      	cbz	r0, 10006030 <tu_fifo_clear+0x10>
10006028:	f04f 31ff 	mov.w	r1, #4294967295	@ 0xffffffff
1000602c:	f006 fed0 	bl	1000cdd0 <__mutex_enter_timeout_ms_veneer>
10006030:	6920      	ldr	r0, [r4, #16]
10006032:	b118      	cbz	r0, 1000603c <tu_fifo_clear+0x1c>
10006034:	f04f 31ff 	mov.w	r1, #4294967295	@ 0xffffffff
10006038:	f006 feca 	bl	1000cdd0 <__mutex_enter_timeout_ms_veneer>
1000603c:	2300      	movs	r3, #0
1000603e:	68e0      	ldr	r0, [r4, #12]
10006040:	8163      	strh	r3, [r4, #10]
10006042:	8123      	strh	r3, [r4, #8]
10006044:	b108      	cbz	r0, 1000604a <tu_fifo_clear+0x2a>
10006046:	f006 fed3 	bl	1000cdf0 <__mutex_exit_veneer>
1000604a:	6920      	ldr	r0, [r4, #16]
1000604c:	b108      	cbz	r0, 10006052 <tu_fifo_clear+0x32>
1000604e:	f006 fecf 	bl	1000cdf0 <__mutex_exit_veneer>
10006052:	2001      	movs	r0, #1
10006054:	bd10      	pop	{r4, pc}
10006056:	bf00      	nop

10006058 <tu_fifo_set_overwritable>:
10006058:	b538      	push	{r3, r4, r5, lr}
1000605a:	4604      	mov	r4, r0
1000605c:	68c0      	ldr	r0, [r0, #12]
1000605e:	460d      	mov	r5, r1
10006060:	b118      	cbz	r0, 1000606a <tu_fifo_set_overwritable+0x12>
10006062:	f04f 31ff 	mov.w	r1, #4294967295	@ 0xffffffff
10006066:	f006 feb3 	bl	1000cdd0 <__mutex_enter_timeout_ms_veneer>
1000606a:	6920      	ldr	r0, [r4, #16]
1000606c:	b118      	cbz	r0, 10006076 <tu_fifo_set_overwritable+0x1e>
1000606e:	f04f 31ff 	mov.w	r1, #4294967295	@ 0xffffffff
10006072:	f006 fead 	bl	1000cdd0 <__mutex_enter_timeout_ms_veneer>
10006076:	79e3      	ldrb	r3, [r4, #7]
10006078:	68e0      	ldr	r0, [r4, #12]
1000607a:	f365 13c7 	bfi	r3, r5, #7, #1
1000607e:	71e3      	strb	r3, [r4, #7]
10006080:	b108      	cbz	r0, 10006086 <tu_fifo_set_overwritable+0x2e>
10006082:	f006 feb5 	bl	1000cdf0 <__mutex_exit_veneer>
10006086:	6920      	ldr	r0, [r4, #16]
10006088:	b108      	cbz	r0, 1000608e <tu_fifo_set_overwritable+0x36>
1000608a:	f006 feb1 	bl	1000cdf0 <__mutex_exit_veneer>
1000608e:	2001      	movs	r0, #1
10006090:	bd38      	pop	{r3, r4, r5, pc}
10006092:	bf00      	nop

10006094 <i2c_read_blocking_internal.constprop.0>:
10006094:	b570      	push	{r4, r5, r6, lr}
10006096:	2500      	movs	r5, #0
10006098:	2601      	movs	r6, #1
1000609a:	6804      	ldr	r4, [r0, #0]
1000609c:	2b00      	cmp	r3, #0
1000609e:	66e5      	str	r5, [r4, #108]	@ 0x6c
100060a0:	4684      	mov	ip, r0
100060a2:	6061      	str	r1, [r4, #4]
100060a4:	4628      	mov	r0, r5
100060a6:	f89d e010 	ldrb.w	lr, [sp, #16]
100060aa:	66e6      	str	r6, [r4, #108]	@ 0x6c
100060ac:	dd16      	ble.n	100060dc <i2c_read_blocking_internal.constprop.0+0x48>
100060ae:	1e5d      	subs	r5, r3, #1
100060b0:	6f61      	ldr	r1, [r4, #116]	@ 0x74
100060b2:	2910      	cmp	r1, #16
100060b4:	d0fc      	beq.n	100060b0 <i2c_read_blocking_internal.constprop.0+0x1c>
100060b6:	b300      	cbz	r0, 100060fa <i2c_read_blocking_internal.constprop.0+0x66>
100060b8:	2100      	movs	r1, #0
100060ba:	42a8      	cmp	r0, r5
100060bc:	bf04      	itt	eq
100060be:	f08e 0601 	eoreq.w	r6, lr, #1
100060c2:	ea41 2146 	orreq.w	r1, r1, r6, lsl #9
100060c6:	f441 7180 	orr.w	r1, r1, #256	@ 0x100
100060ca:	6121      	str	r1, [r4, #16]
100060cc:	f8d4 1080 	ldr.w	r1, [r4, #128]	@ 0x80
100060d0:	6b61      	ldr	r1, [r4, #52]	@ 0x34
100060d2:	0649      	lsls	r1, r1, #25
100060d4:	d505      	bpl.n	100060e2 <i2c_read_blocking_internal.constprop.0+0x4e>
100060d6:	f04f 30ff 	mov.w	r0, #4294967295	@ 0xffffffff
100060da:	6d63      	ldr	r3, [r4, #84]	@ 0x54
100060dc:	f88c e004 	strb.w	lr, [ip, #4]
100060e0:	bd70      	pop	{r4, r5, r6, pc}
100060e2:	6fa1      	ldr	r1, [r4, #120]	@ 0x78
100060e4:	2900      	cmp	r1, #0
100060e6:	d0f1      	beq.n	100060cc <i2c_read_blocking_internal.constprop.0+0x38>
100060e8:	6921      	ldr	r1, [r4, #16]
100060ea:	3001      	adds	r0, #1
100060ec:	4283      	cmp	r3, r0
100060ee:	f802 1b01 	strb.w	r1, [r2], #1
100060f2:	d0f3      	beq.n	100060dc <i2c_read_blocking_internal.constprop.0+0x48>
100060f4:	f8dc 4000 	ldr.w	r4, [ip]
100060f8:	e7da      	b.n	100060b0 <i2c_read_blocking_internal.constprop.0+0x1c>
100060fa:	f89c 1004 	ldrb.w	r1, [ip, #4]
100060fe:	0289      	lsls	r1, r1, #10
10006100:	e7db      	b.n	100060ba <i2c_read_blocking_internal.constprop.0+0x26>
10006102:	bf00      	nop

10006104 <i2c_write_blocking_internal.constprop.0>:
10006104:	e92d 41f0 	stmdb	sp!, {r4, r5, r6, r7, r8, lr}
10006108:	2700      	movs	r7, #0
1000610a:	2401      	movs	r4, #1
1000610c:	4694      	mov	ip, r2
1000610e:	6802      	ldr	r2, [r0, #0]
10006110:	4605      	mov	r5, r0
10006112:	66d7      	str	r7, [r2, #108]	@ 0x6c
10006114:	6051      	str	r1, [r2, #4]
10006116:	66d4      	str	r4, [r2, #108]	@ 0x6c
10006118:	1e1c      	subs	r4, r3, #0
1000611a:	4638      	mov	r0, r7
1000611c:	f89d 6018 	ldrb.w	r6, [sp, #24]
10006120:	dd1e      	ble.n	10006160 <i2c_write_blocking_internal.constprop.0+0x5c>
10006122:	7929      	ldrb	r1, [r5, #4]
10006124:	f086 0701 	eor.w	r7, r6, #1
10006128:	0289      	lsls	r1, r1, #10
1000612a:	027f      	lsls	r7, r7, #9
1000612c:	f104 3eff 	add.w	lr, r4, #4294967295	@ 0xffffffff
10006130:	4570      	cmp	r0, lr
10006132:	bf0c      	ite	eq
10006134:	46b8      	moveq	r8, r7
10006136:	f04f 0800 	movne.w	r8, #0
1000613a:	f81c 3b01 	ldrb.w	r3, [ip], #1
1000613e:	430b      	orrs	r3, r1
10006140:	ea43 0308 	orr.w	r3, r3, r8
10006144:	6113      	str	r3, [r2, #16]
10006146:	6b53      	ldr	r3, [r2, #52]	@ 0x34
10006148:	06d9      	lsls	r1, r3, #27
1000614a:	d5fc      	bpl.n	10006146 <i2c_write_blocking_internal.constprop.0+0x42>
1000614c:	f8d2 1080 	ldr.w	r1, [r2, #128]	@ 0x80
10006150:	b949      	cbnz	r1, 10006166 <i2c_write_blocking_internal.constprop.0+0x62>
10006152:	4570      	cmp	r0, lr
10006154:	d01c      	beq.n	10006190 <i2c_write_blocking_internal.constprop.0+0x8c>
10006156:	3001      	adds	r0, #1
10006158:	4284      	cmp	r4, r0
1000615a:	f04f 0100 	mov.w	r1, #0
1000615e:	d1e7      	bne.n	10006130 <i2c_write_blocking_internal.constprop.0+0x2c>
10006160:	712e      	strb	r6, [r5, #4]
10006162:	e8bd 81f0 	ldmia.w	sp!, {r4, r5, r6, r7, r8, pc}
10006166:	f04f 0801 	mov.w	r8, #1
1000616a:	6d53      	ldr	r3, [r2, #84]	@ 0x54
1000616c:	6b53      	ldr	r3, [r2, #52]	@ 0x34
1000616e:	059b      	lsls	r3, r3, #22
10006170:	d5fc      	bpl.n	1000616c <i2c_write_blocking_internal.constprop.0+0x68>
10006172:	6e13      	ldr	r3, [r2, #96]	@ 0x60
10006174:	f1b8 0f00 	cmp.w	r8, #0
10006178:	d0ed      	beq.n	10006156 <i2c_write_blocking_internal.constprop.0+0x52>
1000617a:	b169      	cbz	r1, 10006198 <i2c_write_blocking_internal.constprop.0+0x94>
1000617c:	07cb      	lsls	r3, r1, #31
1000617e:	d40b      	bmi.n	10006198 <i2c_write_blocking_internal.constprop.0+0x94>
10006180:	f011 0f08 	tst.w	r1, #8
10006184:	bf08      	it	eq
10006186:	f04f 30ff 	moveq.w	r0, #4294967295	@ 0xffffffff
1000618a:	712e      	strb	r6, [r5, #4]
1000618c:	e8bd 81f0 	ldmia.w	sp!, {r4, r5, r6, r7, r8, pc}
10006190:	2e00      	cmp	r6, #0
10006192:	d1e0      	bne.n	10006156 <i2c_write_blocking_internal.constprop.0+0x52>
10006194:	46b0      	mov	r8, r6
10006196:	e7e9      	b.n	1000616c <i2c_write_blocking_internal.constprop.0+0x68>
10006198:	f04f 30ff 	mov.w	r0, #4294967295	@ 0xffffffff
1000619c:	e7e0      	b.n	10006160 <i2c_write_blocking_internal.constprop.0+0x5c>
1000619e:	bf00      	nop

100061a0 <i2c_set_baudrate>:
100061a0:	b5f8      	push	{r3, r4, r5, r6, r7, lr}
100061a2:	4604      	mov	r4, r0
100061a4:	2005      	movs	r0, #5
100061a6:	460f      	mov	r7, r1
100061a8:	f7fb fcf2 	bl	10001b90 <clock_get_hz>
100061ac:	eb00 0c57 	add.w	ip, r0, r7, lsr #1
100061b0:	fbbc fcf7 	udiv	ip, ip, r7
100061b4:	4d20      	ldr	r5, [pc, #128]	@ (10006238 <i2c_set_baudrate+0x98>)
100061b6:	eb0c 024c 	add.w	r2, ip, ip, lsl #1
100061ba:	fba5 6502 	umull	r6, r5, r5, r2
100061be:	491f      	ldr	r1, [pc, #124]	@ (1000623c <i2c_set_baudrate+0x9c>)
100061c0:	08ae      	lsrs	r6, r5, #2
100061c2:	428f      	cmp	r7, r1
100061c4:	eb00 0340 	add.w	r3, r0, r0, lsl #1
100061c8:	ebac 0595 	sub.w	r5, ip, r5, lsr #2
100061cc:	d82e      	bhi.n	1000622c <i2c_set_baudrate+0x8c>
100061ce:	f101 41d6 	add.w	r1, r1, #1795162112	@ 0x6b000000
100061d2:	f501 01a1 	add.w	r1, r1, #5275648	@ 0x508000
100061d6:	f601 012c 	addw	r1, r1, #2092	@ 0x82c
100061da:	fba1 1303 	umull	r1, r3, r1, r3
100061de:	0d9b      	lsrs	r3, r3, #22
100061e0:	3301      	adds	r3, #1
100061e2:	2100      	movs	r1, #0
100061e4:	2a4f      	cmp	r2, #79	@ 0x4f
100061e6:	bf98      	it	ls
100061e8:	2201      	movls	r2, #1
100061ea:	6824      	ldr	r4, [r4, #0]
100061ec:	fbb0 f0fc 	udiv	r0, r0, ip
100061f0:	66e1      	str	r1, [r4, #108]	@ 0x6c
100061f2:	6821      	ldr	r1, [r4, #0]
100061f4:	f504 5780 	add.w	r7, r4, #4096	@ 0x1000
100061f8:	f081 0104 	eor.w	r1, r1, #4
100061fc:	f001 0106 	and.w	r1, r1, #6
10006200:	6039      	str	r1, [r7, #0]
10006202:	bf88      	it	hi
10006204:	490c      	ldrhi	r1, [pc, #48]	@ (10006238 <i2c_set_baudrate+0x98>)
10006206:	61e5      	str	r5, [r4, #28]
10006208:	bf84      	itt	hi
1000620a:	fba1 1202 	umullhi	r1, r2, r1, r2
1000620e:	0992      	lsrhi	r2, r2, #6
10006210:	6226      	str	r6, [r4, #32]
10006212:	f8c4 20a0 	str.w	r2, [r4, #160]	@ 0xa0
10006216:	4622      	mov	r2, r4
10006218:	2101      	movs	r1, #1
1000621a:	f852 5f7c 	ldr.w	r5, [r2, #124]!
1000621e:	406b      	eors	r3, r5
10006220:	b29b      	uxth	r3, r3
10006222:	f502 5280 	add.w	r2, r2, #4096	@ 0x1000
10006226:	6013      	str	r3, [r2, #0]
10006228:	66e1      	str	r1, [r4, #108]	@ 0x6c
1000622a:	bdf8      	pop	{r3, r4, r5, r6, r7, pc}
1000622c:	4904      	ldr	r1, [pc, #16]	@ (10006240 <i2c_set_baudrate+0xa0>)
1000622e:	fba1 1303 	umull	r1, r3, r1, r3
10006232:	0ddb      	lsrs	r3, r3, #23
10006234:	3301      	adds	r3, #1
10006236:	e7d4      	b.n	100061e2 <i2c_set_baudrate+0x42>
10006238:	cccccccd 	.word	0xcccccccd
1000623c:	000f423f 	.word	0x000f423f
10006240:	55e63b89 	.word	0x55e63b89

10006244 <i2c_init>:
10006244:	4a0e      	ldr	r2, [pc, #56]	@ (10006280 <i2c_init+0x3c>)
10006246:	b430      	push	{r4, r5}
10006248:	4290      	cmp	r0, r2
1000624a:	bf14      	ite	ne
1000624c:	2210      	movne	r2, #16
1000624e:	2220      	moveq	r2, #32
10006250:	4d0c      	ldr	r5, [pc, #48]	@ (10006284 <i2c_init+0x40>)
10006252:	4b0d      	ldr	r3, [pc, #52]	@ (10006288 <i2c_init+0x44>)
10006254:	4c0d      	ldr	r4, [pc, #52]	@ (1000628c <i2c_init+0x48>)
10006256:	602a      	str	r2, [r5, #0]
10006258:	601a      	str	r2, [r3, #0]
1000625a:	68a3      	ldr	r3, [r4, #8]
1000625c:	ea32 0303 	bics.w	r3, r2, r3
10006260:	d1fb      	bne.n	1000625a <i2c_init+0x16>
10006262:	f240 1565 	movw	r5, #357	@ 0x165
10006266:	2403      	movs	r4, #3
10006268:	6802      	ldr	r2, [r0, #0]
1000626a:	7103      	strb	r3, [r0, #4]
1000626c:	66d3      	str	r3, [r2, #108]	@ 0x6c
1000626e:	6015      	str	r5, [r2, #0]
10006270:	63d3      	str	r3, [r2, #60]	@ 0x3c
10006272:	6393      	str	r3, [r2, #56]	@ 0x38
10006274:	f8c2 4088 	str.w	r4, [r2, #136]	@ 0x88
10006278:	bc30      	pop	{r4, r5}
1000627a:	f7ff bf91 	b.w	100061a0 <i2c_set_baudrate>
1000627e:	bf00      	nop
10006280:	200016d8 	.word	0x200016d8
10006284:	40022000 	.word	0x40022000
10006288:	40023000 	.word	0x40023000
1000628c:	40020000 	.word	0x40020000

10006290 <i2c_write_blocking>:
10006290:	b410      	push	{r4}
10006292:	f89d 4004 	ldrb.w	r4, [sp, #4]
10006296:	9401      	str	r4, [sp, #4]
10006298:	f85d 4b04 	ldr.w	r4, [sp], #4
1000629c:	f7ff bf32 	b.w	10006104 <i2c_write_blocking_internal.constprop.0>

100062a0 <i2c_read_blocking>:
100062a0:	b410      	push	{r4}
100062a2:	f89d 4004 	ldrb.w	r4, [sp, #4]
100062a6:	9401      	str	r4, [sp, #4]
100062a8:	f85d 4b04 	ldr.w	r4, [sp], #4
100062ac:	f7ff bef2 	b.w	10006094 <i2c_read_blocking_internal.constprop.0>

100062b0 <lfs_dir_traverse_filter>:
100062b0:	00cb      	lsls	r3, r1, #3
100062b2:	6802      	ldr	r2, [r0, #0]
100062b4:	bf4c      	ite	mi
100062b6:	4b17      	ldrmi	r3, [pc, #92]	@ (10006314 <lfs_dir_traverse_filter+0x64>)
100062b8:	4b17      	ldrpl	r3, [pc, #92]	@ (10006318 <lfs_dir_traverse_filter+0x68>)
100062ba:	b410      	push	{r4}
100062bc:	ea82 0401 	eor.w	r4, r2, r1
100062c0:	421c      	tst	r4, r3
100062c2:	d017      	beq.n	100062f4 <lfs_dir_traverse_filter+0x44>
100062c4:	f342 0309 	sbfx	r3, r2, #0, #10
100062c8:	3301      	adds	r3, #1
100062ca:	d013      	beq.n	100062f4 <lfs_dir_traverse_filter+0x44>
100062cc:	4b13      	ldr	r3, [pc, #76]	@ (1000631c <lfs_dir_traverse_filter+0x6c>)
100062ce:	4c11      	ldr	r4, [pc, #68]	@ (10006314 <lfs_dir_traverse_filter+0x64>)
100062d0:	4013      	ands	r3, r2
100062d2:	f043 439f 	orr.w	r3, r3, #1333788672	@ 0x4f800000
100062d6:	400c      	ands	r4, r1
100062d8:	f443 03e0 	orr.w	r3, r3, #7340032	@ 0x700000
100062dc:	429c      	cmp	r4, r3
100062de:	d009      	beq.n	100062f4 <lfs_dir_traverse_filter+0x44>
100062e0:	0d0b      	lsrs	r3, r1, #20
100062e2:	f403 64e0 	and.w	r4, r3, #1792	@ 0x700
100062e6:	f5b4 6f80 	cmp.w	r4, #1024	@ 0x400
100062ea:	d007      	beq.n	100062fc <lfs_dir_traverse_filter+0x4c>
100062ec:	2000      	movs	r0, #0
100062ee:	f85d 4b04 	ldr.w	r4, [sp], #4
100062f2:	4770      	bx	lr
100062f4:	2001      	movs	r0, #1
100062f6:	f85d 4b04 	ldr.w	r4, [sp], #4
100062fa:	4770      	bx	lr
100062fc:	f3c2 2489 	ubfx	r4, r2, #10, #10
10006300:	f3c1 2189 	ubfx	r1, r1, #10, #10
10006304:	428c      	cmp	r4, r1
10006306:	d3f1      	bcc.n	100062ec <lfs_dir_traverse_filter+0x3c>
10006308:	b25b      	sxtb	r3, r3
1000630a:	eb02 2283 	add.w	r2, r2, r3, lsl #10
1000630e:	6002      	str	r2, [r0, #0]
10006310:	e7ec      	b.n	100062ec <lfs_dir_traverse_filter+0x3c>
10006312:	bf00      	nop
10006314:	7ffffc00 	.word	0x7ffffc00
10006318:	700ffc00 	.word	0x700ffc00
1000631c:	000ffc00 	.word	0x000ffc00

10006320 <lfs_dir_commit_size>:
10006320:	4603      	mov	r3, r0
10006322:	f341 0209 	sbfx	r2, r1, #0, #10
10006326:	f1b2 3fff 	cmp.w	r2, #4294967295	@ 0xffffffff
1000632a:	bf08      	it	eq
1000632c:	3101      	addeq	r1, #1
1000632e:	681a      	ldr	r2, [r3, #0]
10006330:	f3c1 0109 	ubfx	r1, r1, #0, #10
10006334:	3204      	adds	r2, #4
10006336:	4411      	add	r1, r2
10006338:	2000      	movs	r0, #0
1000633a:	6019      	str	r1, [r3, #0]
1000633c:	4770      	bx	lr
1000633e:	bf00      	nop

10006340 <lfs_bd_read.part.0.constprop.0>:
10006340:	e92d 4ff0 	stmdb	sp!, {r4, r5, r6, r7, r8, r9, sl, fp, lr}
10006344:	b083      	sub	sp, #12
10006346:	9f0d      	ldr	r7, [sp, #52]	@ 0x34
10006348:	2f00      	cmp	r7, #0
1000634a:	d064      	beq.n	10006416 <lfs_bd_read.part.0.constprop.0+0xd6>
1000634c:	4605      	mov	r5, r0
1000634e:	4689      	mov	r9, r1
10006350:	4616      	mov	r6, r2
10006352:	461c      	mov	r4, r3
10006354:	f8df b0f4 	ldr.w	fp, [pc, #244]	@ 1000644c <lfs_bd_read.part.0.constprop.0+0x10c>
10006358:	682b      	ldr	r3, [r5, #0]
1000635a:	429e      	cmp	r6, r3
1000635c:	d03f      	beq.n	100063de <lfs_bd_read.part.0.constprop.0+0x9e>
1000635e:	f8dd 8034 	ldr.w	r8, [sp, #52]	@ 0x34
10006362:	4642      	mov	r2, r8
10006364:	f8db c068 	ldr.w	ip, [fp, #104]	@ 0x68
10006368:	454a      	cmp	r2, r9
1000636a:	f8dc 0010 	ldr.w	r0, [ip, #16]
1000636e:	f8dc a004 	ldr.w	sl, [ip, #4]
10006372:	fbb4 f3f0 	udiv	r3, r4, r0
10006376:	fb00 4313 	mls	r3, r0, r3, r4
1000637a:	d311      	bcc.n	100063a0 <lfs_bd_read.part.0.constprop.0+0x60>
1000637c:	b983      	cbnz	r3, 100063a0 <lfs_bd_read.part.0.constprop.0+0x60>
1000637e:	4282      	cmp	r2, r0
10006380:	d30e      	bcc.n	100063a0 <lfs_bd_read.part.0.constprop.0+0x60>
10006382:	fbb8 f3f0 	udiv	r3, r8, r0
10006386:	fb00 f303 	mul.w	r3, r0, r3
1000638a:	4621      	mov	r1, r4
1000638c:	4630      	mov	r0, r6
1000638e:	9a0c      	ldr	r2, [sp, #48]	@ 0x30
10006390:	eba8 0703 	sub.w	r7, r8, r3
10006394:	9301      	str	r3, [sp, #4]
10006396:	47d0      	blx	sl
10006398:	b380      	cbz	r0, 100063fc <lfs_bd_read.part.0.constprop.0+0xbc>
1000639a:	b003      	add	sp, #12
1000639c:	e8bd 8ff0 	ldmia.w	sp!, {r4, r5, r6, r7, r8, r9, sl, fp, pc}
100063a0:	1e42      	subs	r2, r0, #1
100063a2:	444a      	add	r2, r9
100063a4:	4422      	add	r2, r4
100063a6:	fbb2 f2f0 	udiv	r2, r2, r0
100063aa:	fb00 f202 	mul.w	r2, r0, r2
100063ae:	f8dc 0018 	ldr.w	r0, [ip, #24]
100063b2:	1ae1      	subs	r1, r4, r3
100063b4:	1b1b      	subs	r3, r3, r4
100063b6:	4282      	cmp	r2, r0
100063b8:	bf94      	ite	ls
100063ba:	189b      	addls	r3, r3, r2
100063bc:	181b      	addhi	r3, r3, r0
100063be:	f8dc c024 	ldr.w	ip, [ip, #36]	@ 0x24
100063c2:	4630      	mov	r0, r6
100063c4:	4563      	cmp	r3, ip
100063c6:	bf28      	it	cs
100063c8:	4663      	movcs	r3, ip
100063ca:	e9c5 6100 	strd	r6, r1, [r5]
100063ce:	68ea      	ldr	r2, [r5, #12]
100063d0:	60ab      	str	r3, [r5, #8]
100063d2:	47d0      	blx	sl
100063d4:	2800      	cmp	r0, #0
100063d6:	d1e0      	bne.n	1000639a <lfs_bd_read.part.0.constprop.0+0x5a>
100063d8:	682b      	ldr	r3, [r5, #0]
100063da:	429e      	cmp	r6, r3
100063dc:	d1bf      	bne.n	1000635e <lfs_bd_read.part.0.constprop.0+0x1e>
100063de:	e9d5 1301 	ldrd	r1, r3, [r5, #4]
100063e2:	440b      	add	r3, r1
100063e4:	429c      	cmp	r4, r3
100063e6:	d2ba      	bcs.n	1000635e <lfs_bd_read.part.0.constprop.0+0x1e>
100063e8:	428c      	cmp	r4, r1
100063ea:	d218      	bcs.n	1000641e <lfs_bd_read.part.0.constprop.0+0xde>
100063ec:	9b0d      	ldr	r3, [sp, #52]	@ 0x34
100063ee:	eba1 0804 	sub.w	r8, r1, r4
100063f2:	4598      	cmp	r8, r3
100063f4:	bf28      	it	cs
100063f6:	4698      	movcs	r8, r3
100063f8:	461a      	mov	r2, r3
100063fa:	e7b3      	b.n	10006364 <lfs_bd_read.part.0.constprop.0+0x24>
100063fc:	9b0d      	ldr	r3, [sp, #52]	@ 0x34
100063fe:	eba7 0208 	sub.w	r2, r7, r8
10006402:	4413      	add	r3, r2
10006404:	930d      	str	r3, [sp, #52]	@ 0x34
10006406:	9a0c      	ldr	r2, [sp, #48]	@ 0x30
10006408:	9b01      	ldr	r3, [sp, #4]
1000640a:	441a      	add	r2, r3
1000640c:	920c      	str	r2, [sp, #48]	@ 0x30
1000640e:	441c      	add	r4, r3
10006410:	9b0d      	ldr	r3, [sp, #52]	@ 0x34
10006412:	2b00      	cmp	r3, #0
10006414:	d1a0      	bne.n	10006358 <lfs_bd_read.part.0.constprop.0+0x18>
10006416:	2000      	movs	r0, #0
10006418:	b003      	add	sp, #12
1000641a:	e8bd 8ff0 	ldmia.w	sp!, {r4, r5, r6, r7, r8, r9, sl, fp, pc}
1000641e:	eba3 0a04 	sub.w	sl, r3, r4
10006422:	9b0d      	ldr	r3, [sp, #52]	@ 0x34
10006424:	1a61      	subs	r1, r4, r1
10006426:	459a      	cmp	sl, r3
10006428:	bf28      	it	cs
1000642a:	469a      	movcs	sl, r3
1000642c:	68eb      	ldr	r3, [r5, #12]
1000642e:	4652      	mov	r2, sl
10006430:	4419      	add	r1, r3
10006432:	980c      	ldr	r0, [sp, #48]	@ 0x30
10006434:	f006 fcc0 	bl	1000cdb8 <__memcpy_veneer>
10006438:	9b0c      	ldr	r3, [sp, #48]	@ 0x30
1000643a:	4454      	add	r4, sl
1000643c:	4453      	add	r3, sl
1000643e:	930c      	str	r3, [sp, #48]	@ 0x30
10006440:	9b0d      	ldr	r3, [sp, #52]	@ 0x34
10006442:	eba3 030a 	sub.w	r3, r3, sl
10006446:	930d      	str	r3, [sp, #52]	@ 0x34
10006448:	e7e2      	b.n	10006410 <lfs_bd_read.part.0.constprop.0+0xd0>
1000644a:	bf00      	nop
1000644c:	20001e00 	.word	0x20001e00

10006450 <lfs_init>:
10006450:	e92d 41f0 	stmdb	sp!, {r4, r5, r6, r7, r8, lr}
10006454:	4c3d      	ldr	r4, [pc, #244]	@ (1000654c <lfs_init+0xfc>)
10006456:	6ac6      	ldr	r6, [r0, #44]	@ 0x2c
10006458:	f8d0 8024 	ldr.w	r8, [r0, #36]	@ 0x24
1000645c:	4605      	mov	r5, r0
1000645e:	66a0      	str	r0, [r4, #104]	@ 0x68
10006460:	2e00      	cmp	r6, #0
10006462:	d043      	beq.n	100064ec <lfs_init+0x9c>
10006464:	4637      	mov	r7, r6
10006466:	60e6      	str	r6, [r4, #12]
10006468:	6b2b      	ldr	r3, [r5, #48]	@ 0x30
1000646a:	2b00      	cmp	r3, #0
1000646c:	d04c      	beq.n	10006508 <lfs_init+0xb8>
1000646e:	61e3      	str	r3, [r4, #28]
10006470:	f04f 36ff 	mov.w	r6, #4294967295	@ 0xffffffff
10006474:	4642      	mov	r2, r8
10006476:	21ff      	movs	r1, #255	@ 0xff
10006478:	4638      	mov	r0, r7
1000647a:	f006 fcb5 	bl	1000cde8 <__memset_veneer>
1000647e:	6ea3      	ldr	r3, [r4, #104]	@ 0x68
10006480:	21ff      	movs	r1, #255	@ 0xff
10006482:	6a5a      	ldr	r2, [r3, #36]	@ 0x24
10006484:	69e0      	ldr	r0, [r4, #28]
10006486:	6026      	str	r6, [r4, #0]
10006488:	f006 fcae 	bl	1000cde8 <__memset_veneer>
1000648c:	6ea5      	ldr	r5, [r4, #104]	@ 0x68
1000648e:	6126      	str	r6, [r4, #16]
10006490:	6b6b      	ldr	r3, [r5, #52]	@ 0x34
10006492:	2b00      	cmp	r3, #0
10006494:	d047      	beq.n	10006526 <lfs_init+0xd6>
10006496:	6663      	str	r3, [r4, #100]	@ 0x64
10006498:	6baa      	ldr	r2, [r5, #56]	@ 0x38
1000649a:	f04f 30ff 	mov.w	r0, #4294967295	@ 0xffffffff
1000649e:	2a00      	cmp	r2, #0
100064a0:	bf08      	it	eq
100064a2:	22ff      	moveq	r2, #255	@ 0xff
100064a4:	f04f 31ff 	mov.w	r1, #4294967295	@ 0xffffffff
100064a8:	2300      	movs	r3, #0
100064aa:	66e2      	str	r2, [r4, #108]	@ 0x6c
100064ac:	e9c4 0108 	strd	r0, r1, [r4, #32]
100064b0:	6be9      	ldr	r1, [r5, #60]	@ 0x3c
100064b2:	f240 37fe 	movw	r7, #1022	@ 0x3fe
100064b6:	4299      	cmp	r1, r3
100064b8:	bf08      	it	eq
100064ba:	f06f 4100 	mvneq.w	r1, #2147483648	@ 0x80000000
100064be:	6721      	str	r1, [r4, #112]	@ 0x70
100064c0:	6c29      	ldr	r1, [r5, #64]	@ 0x40
100064c2:	4618      	mov	r0, r3
100064c4:	4299      	cmp	r1, r3
100064c6:	bf08      	it	eq
100064c8:	4639      	moveq	r1, r7
100064ca:	4a21      	ldr	r2, [pc, #132]	@ (10006550 <lfs_init+0x100>)
100064cc:	e9c4 330b 	strd	r3, r3, [r4, #44]	@ 0x2c
100064d0:	e9c2 3301 	strd	r3, r3, [r2, #4]
100064d4:	e9c2 3304 	strd	r3, r3, [r2, #16]
100064d8:	62a3      	str	r3, [r4, #40]	@ 0x28
100064da:	f842 3c08 	str.w	r3, [r2, #-8]
100064de:	f842 3c04 	str.w	r3, [r2, #-4]
100064e2:	63e3      	str	r3, [r4, #60]	@ 0x3c
100064e4:	64a3      	str	r3, [r4, #72]	@ 0x48
100064e6:	6761      	str	r1, [r4, #116]	@ 0x74
100064e8:	e8bd 81f0 	ldmia.w	sp!, {r4, r5, r6, r7, r8, pc}
100064ec:	4640      	mov	r0, r8
100064ee:	f7fb fed9 	bl	100022a4 <__wrap_malloc>
100064f2:	4607      	mov	r7, r0
100064f4:	60e0      	str	r0, [r4, #12]
100064f6:	2800      	cmp	r0, #0
100064f8:	d1b6      	bne.n	10006468 <lfs_init+0x18>
100064fa:	68e0      	ldr	r0, [r4, #12]
100064fc:	f7fb fee4 	bl	100022c8 <__wrap_free>
10006500:	6ea3      	ldr	r3, [r4, #104]	@ 0x68
10006502:	6b1b      	ldr	r3, [r3, #48]	@ 0x30
10006504:	b95b      	cbnz	r3, 1000651e <lfs_init+0xce>
10006506:	e007      	b.n	10006518 <lfs_init+0xc8>
10006508:	4640      	mov	r0, r8
1000650a:	f7fb fecb 	bl	100022a4 <__wrap_malloc>
1000650e:	61e0      	str	r0, [r4, #28]
10006510:	2800      	cmp	r0, #0
10006512:	d1ad      	bne.n	10006470 <lfs_init+0x20>
10006514:	2e00      	cmp	r6, #0
10006516:	d0f0      	beq.n	100064fa <lfs_init+0xaa>
10006518:	69e0      	ldr	r0, [r4, #28]
1000651a:	f7fb fed5 	bl	100022c8 <__wrap_free>
1000651e:	6ea3      	ldr	r3, [r4, #104]	@ 0x68
10006520:	6b5b      	ldr	r3, [r3, #52]	@ 0x34
10006522:	b983      	cbnz	r3, 10006546 <lfs_init+0xf6>
10006524:	e00c      	b.n	10006540 <lfs_init+0xf0>
10006526:	6aa8      	ldr	r0, [r5, #40]	@ 0x28
10006528:	f7fb febc 	bl	100022a4 <__wrap_malloc>
1000652c:	6660      	str	r0, [r4, #100]	@ 0x64
1000652e:	2800      	cmp	r0, #0
10006530:	d1b2      	bne.n	10006498 <lfs_init+0x48>
10006532:	6aeb      	ldr	r3, [r5, #44]	@ 0x2c
10006534:	2b00      	cmp	r3, #0
10006536:	d0e0      	beq.n	100064fa <lfs_init+0xaa>
10006538:	6ea3      	ldr	r3, [r4, #104]	@ 0x68
1000653a:	6b1b      	ldr	r3, [r3, #48]	@ 0x30
1000653c:	2b00      	cmp	r3, #0
1000653e:	d0eb      	beq.n	10006518 <lfs_init+0xc8>
10006540:	6e60      	ldr	r0, [r4, #100]	@ 0x64
10006542:	f7fb fec1 	bl	100022c8 <__wrap_free>
10006546:	f06f 000b 	mvn.w	r0, #11
1000654a:	e7cd      	b.n	100064e8 <lfs_init+0x98>
1000654c:	20001e00 	.word	0x20001e00
10006550:	20001e3c 	.word	0x20001e3c

10006554 <lfs_bd_read>:
10006554:	e92d 4ff0 	stmdb	sp!, {r4, r5, r6, r7, r8, r9, sl, fp, lr}
10006558:	461e      	mov	r6, r3
1000655a:	4d97      	ldr	r5, [pc, #604]	@ (100067b8 <lfs_bd_read+0x264>)
1000655c:	b083      	sub	sp, #12
1000655e:	f8d5 c068 	ldr.w	ip, [r5, #104]	@ 0x68
10006562:	9c0c      	ldr	r4, [sp, #48]	@ 0x30
10006564:	f8dc 301c 	ldr.w	r3, [ip, #28]
10006568:	9f0e      	ldr	r7, [sp, #56]	@ 0x38
1000656a:	42b3      	cmp	r3, r6
1000656c:	f240 8121 	bls.w	100067b2 <lfs_bd_read+0x25e>
10006570:	f8dc 3018 	ldr.w	r3, [ip, #24]
10006574:	4690      	mov	r8, r2
10006576:	19e2      	adds	r2, r4, r7
10006578:	429a      	cmp	r2, r3
1000657a:	f200 811a 	bhi.w	100067b2 <lfs_bd_read+0x25e>
1000657e:	2f00      	cmp	r7, #0
10006580:	f000 80b6 	beq.w	100066f0 <lfs_bd_read+0x19c>
10006584:	4682      	mov	sl, r0
10006586:	460d      	mov	r5, r1
10006588:	2800      	cmp	r0, #0
1000658a:	d059      	beq.n	10006640 <lfs_bd_read+0xec>
1000658c:	970e      	str	r7, [sp, #56]	@ 0x38
1000658e:	f8da 3000 	ldr.w	r3, [sl]
10006592:	429e      	cmp	r6, r3
10006594:	d078      	beq.n	10006688 <lfs_bd_read+0x134>
10006596:	682b      	ldr	r3, [r5, #0]
10006598:	f8dd 9038 	ldr.w	r9, [sp, #56]	@ 0x38
1000659c:	429e      	cmp	r6, r3
1000659e:	f000 8084 	beq.w	100066aa <lfs_bd_read+0x156>
100065a2:	4b85      	ldr	r3, [pc, #532]	@ (100067b8 <lfs_bd_read+0x264>)
100065a4:	9a0e      	ldr	r2, [sp, #56]	@ 0x38
100065a6:	6e98      	ldr	r0, [r3, #104]	@ 0x68
100065a8:	4542      	cmp	r2, r8
100065aa:	6903      	ldr	r3, [r0, #16]
100065ac:	f8d0 b004 	ldr.w	fp, [r0, #4]
100065b0:	fbb4 f1f3 	udiv	r1, r4, r3
100065b4:	fb03 4111 	mls	r1, r3, r1, r4
100065b8:	d346      	bcc.n	10006648 <lfs_bd_read+0xf4>
100065ba:	2900      	cmp	r1, #0
100065bc:	d144      	bne.n	10006648 <lfs_bd_read+0xf4>
100065be:	429a      	cmp	r2, r3
100065c0:	d342      	bcc.n	10006648 <lfs_bd_read+0xf4>
100065c2:	fbb9 f2f3 	udiv	r2, r9, r3
100065c6:	fb02 f303 	mul.w	r3, r2, r3
100065ca:	4621      	mov	r1, r4
100065cc:	4630      	mov	r0, r6
100065ce:	9a0d      	ldr	r2, [sp, #52]	@ 0x34
100065d0:	eba9 0703 	sub.w	r7, r9, r3
100065d4:	9301      	str	r3, [sp, #4]
100065d6:	47d8      	blx	fp
100065d8:	2800      	cmp	r0, #0
100065da:	d07b      	beq.n	100066d4 <lfs_bd_read+0x180>
100065dc:	b003      	add	sp, #12
100065de:	e8bd 8ff0 	ldmia.w	sp!, {r4, r5, r6, r7, r8, r9, sl, fp, pc}
100065e2:	e9d5 2301 	ldrd	r2, r3, [r5, #4]
100065e6:	4413      	add	r3, r2
100065e8:	42a3      	cmp	r3, r4
100065ea:	d86b      	bhi.n	100066c4 <lfs_bd_read+0x170>
100065ec:	46ba      	mov	sl, r7
100065ee:	4b72      	ldr	r3, [pc, #456]	@ (100067b8 <lfs_bd_read+0x264>)
100065f0:	45b8      	cmp	r8, r7
100065f2:	6e9b      	ldr	r3, [r3, #104]	@ 0x68
100065f4:	6918      	ldr	r0, [r3, #16]
100065f6:	f8d3 9004 	ldr.w	r9, [r3, #4]
100065fa:	fbb4 f1f0 	udiv	r1, r4, r0
100065fe:	fb00 4111 	mls	r1, r0, r1, r4
10006602:	d802      	bhi.n	1000660a <lfs_bd_read+0xb6>
10006604:	b909      	cbnz	r1, 1000660a <lfs_bd_read+0xb6>
10006606:	42b8      	cmp	r0, r7
10006608:	d976      	bls.n	100066f8 <lfs_bd_read+0x1a4>
1000660a:	1e42      	subs	r2, r0, #1
1000660c:	4442      	add	r2, r8
1000660e:	4422      	add	r2, r4
10006610:	fbb2 f2f0 	udiv	r2, r2, r0
10006614:	fb00 f202 	mul.w	r2, r0, r2
10006618:	f8d3 c018 	ldr.w	ip, [r3, #24]
1000661c:	6a58      	ldr	r0, [r3, #36]	@ 0x24
1000661e:	1b0b      	subs	r3, r1, r4
10006620:	4562      	cmp	r2, ip
10006622:	bf94      	ite	ls
10006624:	189b      	addls	r3, r3, r2
10006626:	4463      	addhi	r3, ip
10006628:	4283      	cmp	r3, r0
1000662a:	bf28      	it	cs
1000662c:	4603      	movcs	r3, r0
1000662e:	1a61      	subs	r1, r4, r1
10006630:	4630      	mov	r0, r6
10006632:	68ea      	ldr	r2, [r5, #12]
10006634:	602e      	str	r6, [r5, #0]
10006636:	6069      	str	r1, [r5, #4]
10006638:	60ab      	str	r3, [r5, #8]
1000663a:	47c8      	blx	r9
1000663c:	2800      	cmp	r0, #0
1000663e:	d1cd      	bne.n	100065dc <lfs_bd_read+0x88>
10006640:	682b      	ldr	r3, [r5, #0]
10006642:	429e      	cmp	r6, r3
10006644:	d1d2      	bne.n	100065ec <lfs_bd_read+0x98>
10006646:	e7cc      	b.n	100065e2 <lfs_bd_read+0x8e>
10006648:	1e5a      	subs	r2, r3, #1
1000664a:	4442      	add	r2, r8
1000664c:	4422      	add	r2, r4
1000664e:	fbb2 f2f3 	udiv	r2, r2, r3
10006652:	fb03 f202 	mul.w	r2, r3, r2
10006656:	f8d0 e018 	ldr.w	lr, [r0, #24]
1000665a:	1b0b      	subs	r3, r1, r4
1000665c:	4572      	cmp	r2, lr
1000665e:	bf94      	ite	ls
10006660:	189b      	addls	r3, r3, r2
10006662:	4473      	addhi	r3, lr
10006664:	f8d0 c024 	ldr.w	ip, [r0, #36]	@ 0x24
10006668:	1a61      	subs	r1, r4, r1
1000666a:	4563      	cmp	r3, ip
1000666c:	bf28      	it	cs
1000666e:	4663      	movcs	r3, ip
10006670:	4630      	mov	r0, r6
10006672:	68ea      	ldr	r2, [r5, #12]
10006674:	602e      	str	r6, [r5, #0]
10006676:	6069      	str	r1, [r5, #4]
10006678:	60ab      	str	r3, [r5, #8]
1000667a:	47d8      	blx	fp
1000667c:	2800      	cmp	r0, #0
1000667e:	d1ad      	bne.n	100065dc <lfs_bd_read+0x88>
10006680:	f8da 3000 	ldr.w	r3, [sl]
10006684:	429e      	cmp	r6, r3
10006686:	d186      	bne.n	10006596 <lfs_bd_read+0x42>
10006688:	e9da 2301 	ldrd	r2, r3, [sl, #4]
1000668c:	4413      	add	r3, r2
1000668e:	429c      	cmp	r4, r3
10006690:	d281      	bcs.n	10006596 <lfs_bd_read+0x42>
10006692:	4294      	cmp	r4, r2
10006694:	d261      	bcs.n	1000675a <lfs_bd_read+0x206>
10006696:	9b0e      	ldr	r3, [sp, #56]	@ 0x38
10006698:	eba2 0904 	sub.w	r9, r2, r4
1000669c:	4599      	cmp	r9, r3
1000669e:	bf28      	it	cs
100066a0:	4699      	movcs	r9, r3
100066a2:	682b      	ldr	r3, [r5, #0]
100066a4:	429e      	cmp	r6, r3
100066a6:	f47f af7c 	bne.w	100065a2 <lfs_bd_read+0x4e>
100066aa:	e9d5 1301 	ldrd	r1, r3, [r5, #4]
100066ae:	440b      	add	r3, r1
100066b0:	429c      	cmp	r4, r3
100066b2:	f4bf af76 	bcs.w	100065a2 <lfs_bd_read+0x4e>
100066b6:	428c      	cmp	r4, r1
100066b8:	d23b      	bcs.n	10006732 <lfs_bd_read+0x1de>
100066ba:	1b09      	subs	r1, r1, r4
100066bc:	4589      	cmp	r9, r1
100066be:	bf28      	it	cs
100066c0:	4689      	movcs	r9, r1
100066c2:	e76e      	b.n	100065a2 <lfs_bd_read+0x4e>
100066c4:	42a2      	cmp	r2, r4
100066c6:	d95f      	bls.n	10006788 <lfs_bd_read+0x234>
100066c8:	eba2 0a04 	sub.w	sl, r2, r4
100066cc:	45ba      	cmp	sl, r7
100066ce:	bf28      	it	cs
100066d0:	46ba      	movcs	sl, r7
100066d2:	e78c      	b.n	100065ee <lfs_bd_read+0x9a>
100066d4:	9b0e      	ldr	r3, [sp, #56]	@ 0x38
100066d6:	eba7 0209 	sub.w	r2, r7, r9
100066da:	4413      	add	r3, r2
100066dc:	930e      	str	r3, [sp, #56]	@ 0x38
100066de:	9a0d      	ldr	r2, [sp, #52]	@ 0x34
100066e0:	9b01      	ldr	r3, [sp, #4]
100066e2:	441a      	add	r2, r3
100066e4:	920d      	str	r2, [sp, #52]	@ 0x34
100066e6:	441c      	add	r4, r3
100066e8:	9b0e      	ldr	r3, [sp, #56]	@ 0x38
100066ea:	2b00      	cmp	r3, #0
100066ec:	f47f af4f 	bne.w	1000658e <lfs_bd_read+0x3a>
100066f0:	2000      	movs	r0, #0
100066f2:	b003      	add	sp, #12
100066f4:	e8bd 8ff0 	ldmia.w	sp!, {r4, r5, r6, r7, r8, r9, sl, fp, pc}
100066f8:	fbba f3f0 	udiv	r3, sl, r0
100066fc:	fb00 f303 	mul.w	r3, r0, r3
10006700:	4621      	mov	r1, r4
10006702:	4630      	mov	r0, r6
10006704:	9a0d      	ldr	r2, [sp, #52]	@ 0x34
10006706:	ebaa 0b03 	sub.w	fp, sl, r3
1000670a:	9301      	str	r3, [sp, #4]
1000670c:	47c8      	blx	r9
1000670e:	2800      	cmp	r0, #0
10006710:	f47f af64 	bne.w	100065dc <lfs_bd_read+0x88>
10006714:	9a0d      	ldr	r2, [sp, #52]	@ 0x34
10006716:	9b01      	ldr	r3, [sp, #4]
10006718:	ebab 0b0a 	sub.w	fp, fp, sl
1000671c:	441a      	add	r2, r3
1000671e:	445f      	add	r7, fp
10006720:	920d      	str	r2, [sp, #52]	@ 0x34
10006722:	441c      	add	r4, r3
10006724:	2f00      	cmp	r7, #0
10006726:	d0e3      	beq.n	100066f0 <lfs_bd_read+0x19c>
10006728:	682b      	ldr	r3, [r5, #0]
1000672a:	429e      	cmp	r6, r3
1000672c:	f47f af5e 	bne.w	100065ec <lfs_bd_read+0x98>
10006730:	e757      	b.n	100065e2 <lfs_bd_read+0x8e>
10006732:	1b1b      	subs	r3, r3, r4
10006734:	4599      	cmp	r9, r3
10006736:	bf28      	it	cs
10006738:	4699      	movcs	r9, r3
1000673a:	68eb      	ldr	r3, [r5, #12]
1000673c:	1a61      	subs	r1, r4, r1
1000673e:	4419      	add	r1, r3
10006740:	464a      	mov	r2, r9
10006742:	980d      	ldr	r0, [sp, #52]	@ 0x34
10006744:	f006 fb38 	bl	1000cdb8 <__memcpy_veneer>
10006748:	9b0d      	ldr	r3, [sp, #52]	@ 0x34
1000674a:	444c      	add	r4, r9
1000674c:	444b      	add	r3, r9
1000674e:	930d      	str	r3, [sp, #52]	@ 0x34
10006750:	9b0e      	ldr	r3, [sp, #56]	@ 0x38
10006752:	eba3 0309 	sub.w	r3, r3, r9
10006756:	930e      	str	r3, [sp, #56]	@ 0x38
10006758:	e7c6      	b.n	100066e8 <lfs_bd_read+0x194>
1000675a:	eba3 0b04 	sub.w	fp, r3, r4
1000675e:	9b0e      	ldr	r3, [sp, #56]	@ 0x38
10006760:	f8da 100c 	ldr.w	r1, [sl, #12]
10006764:	459b      	cmp	fp, r3
10006766:	bf28      	it	cs
10006768:	469b      	movcs	fp, r3
1000676a:	1aa2      	subs	r2, r4, r2
1000676c:	4411      	add	r1, r2
1000676e:	980d      	ldr	r0, [sp, #52]	@ 0x34
10006770:	465a      	mov	r2, fp
10006772:	f006 fb21 	bl	1000cdb8 <__memcpy_veneer>
10006776:	9b0d      	ldr	r3, [sp, #52]	@ 0x34
10006778:	445c      	add	r4, fp
1000677a:	445b      	add	r3, fp
1000677c:	930d      	str	r3, [sp, #52]	@ 0x34
1000677e:	9b0e      	ldr	r3, [sp, #56]	@ 0x38
10006780:	eba3 030b 	sub.w	r3, r3, fp
10006784:	930e      	str	r3, [sp, #56]	@ 0x38
10006786:	e7af      	b.n	100066e8 <lfs_bd_read+0x194>
10006788:	eba3 0904 	sub.w	r9, r3, r4
1000678c:	45b9      	cmp	r9, r7
1000678e:	bf28      	it	cs
10006790:	46b9      	movcs	r9, r7
10006792:	68e9      	ldr	r1, [r5, #12]
10006794:	1aa2      	subs	r2, r4, r2
10006796:	4411      	add	r1, r2
10006798:	980d      	ldr	r0, [sp, #52]	@ 0x34
1000679a:	464a      	mov	r2, r9
1000679c:	f006 fb0c 	bl	1000cdb8 <__memcpy_veneer>
100067a0:	9b0d      	ldr	r3, [sp, #52]	@ 0x34
100067a2:	eba7 0709 	sub.w	r7, r7, r9
100067a6:	444b      	add	r3, r9
100067a8:	930d      	str	r3, [sp, #52]	@ 0x34
100067aa:	444c      	add	r4, r9
100067ac:	2f00      	cmp	r7, #0
100067ae:	d1bb      	bne.n	10006728 <lfs_bd_read+0x1d4>
100067b0:	e79e      	b.n	100066f0 <lfs_bd_read+0x19c>
100067b2:	f06f 0001 	mvn.w	r0, #1
100067b6:	e711      	b.n	100065dc <lfs_bd_read+0x88>
100067b8:	20001e00 	.word	0x20001e00

100067bc <lfs_fs_parent_match>:
100067bc:	b530      	push	{r4, r5, lr}
100067be:	2508      	movs	r5, #8
100067c0:	4613      	mov	r3, r2
100067c2:	490f      	ldr	r1, [pc, #60]	@ (10006800 <lfs_fs_parent_match+0x44>)
100067c4:	b087      	sub	sp, #28
100067c6:	6e8a      	ldr	r2, [r1, #104]	@ 0x68
100067c8:	4604      	mov	r4, r0
100067ca:	a804      	add	r0, sp, #16
100067cc:	6992      	ldr	r2, [r2, #24]
100067ce:	9001      	str	r0, [sp, #4]
100067d0:	9502      	str	r5, [sp, #8]
100067d2:	685d      	ldr	r5, [r3, #4]
100067d4:	f101 0010 	add.w	r0, r1, #16
100067d8:	9500      	str	r5, [sp, #0]
100067da:	681b      	ldr	r3, [r3, #0]
100067dc:	f7ff feba 	bl	10006554 <lfs_bd_read>
100067e0:	b960      	cbnz	r0, 100067fc <lfs_fs_parent_match+0x40>
100067e2:	9b04      	ldr	r3, [sp, #16]
100067e4:	6822      	ldr	r2, [r4, #0]
100067e6:	429a      	cmp	r2, r3
100067e8:	d008      	beq.n	100067fc <lfs_fs_parent_match+0x40>
100067ea:	9d05      	ldr	r5, [sp, #20]
100067ec:	6861      	ldr	r1, [r4, #4]
100067ee:	428d      	cmp	r5, r1
100067f0:	d004      	beq.n	100067fc <lfs_fs_parent_match+0x40>
100067f2:	428b      	cmp	r3, r1
100067f4:	d002      	beq.n	100067fc <lfs_fs_parent_match+0x40>
100067f6:	1b50      	subs	r0, r2, r5
100067f8:	bf18      	it	ne
100067fa:	2001      	movne	r0, #1
100067fc:	b007      	add	sp, #28
100067fe:	bd30      	pop	{r4, r5, pc}
10006800:	20001e00 	.word	0x20001e00

10006804 <lfs_dir_find_match>:
10006804:	6843      	ldr	r3, [r0, #4]
10006806:	f3c1 0109 	ubfx	r1, r1, #0, #10
1000680a:	428b      	cmp	r3, r1
1000680c:	e92d 4ff0 	stmdb	sp!, {r4, r5, r6, r7, r8, r9, sl, fp, lr}
10006810:	e9d2 9a00 	ldrd	r9, sl, [r2]
10006814:	461e      	mov	r6, r3
10006816:	bf28      	it	cs
10006818:	460e      	movcs	r6, r1
1000681a:	f8d0 b000 	ldr.w	fp, [r0]
1000681e:	b087      	sub	sp, #28
10006820:	b37e      	cbz	r6, 10006882 <lfs_dir_find_match+0x7e>
10006822:	2400      	movs	r4, #0
10006824:	e9cd 1002 	strd	r1, r0, [sp, #8]
10006828:	4f1e      	ldr	r7, [pc, #120]	@ (100068a4 <lfs_dir_find_match+0xa0>)
1000682a:	f10d 0810 	add.w	r8, sp, #16
1000682e:	e001      	b.n	10006834 <lfs_dir_find_match+0x30>
10006830:	42a6      	cmp	r6, r4
10006832:	d923      	bls.n	1000687c <lfs_dir_find_match+0x78>
10006834:	6eba      	ldr	r2, [r7, #104]	@ 0x68
10006836:	1b31      	subs	r1, r6, r4
10006838:	69d0      	ldr	r0, [r2, #28]
1000683a:	2908      	cmp	r1, #8
1000683c:	460d      	mov	r5, r1
1000683e:	bf28      	it	cs
10006840:	2508      	movcs	r5, #8
10006842:	4581      	cmp	r9, r0
10006844:	eb0a 0304 	add.w	r3, sl, r4
10006848:	d226      	bcs.n	10006898 <lfs_dir_find_match+0x94>
1000684a:	6992      	ldr	r2, [r2, #24]
1000684c:	18e8      	adds	r0, r5, r3
1000684e:	4290      	cmp	r0, r2
10006850:	d822      	bhi.n	10006898 <lfs_dir_find_match+0x94>
10006852:	464a      	mov	r2, r9
10006854:	4638      	mov	r0, r7
10006856:	e9cd 8500 	strd	r8, r5, [sp]
1000685a:	f7ff fd71 	bl	10006340 <lfs_bd_read.part.0.constprop.0>
1000685e:	eb0b 0104 	add.w	r1, fp, r4
10006862:	b940      	cbnz	r0, 10006876 <lfs_dir_find_match+0x72>
10006864:	462a      	mov	r2, r5
10006866:	4640      	mov	r0, r8
10006868:	f006 fa9e 	bl	1000cda8 <__memcmp_veneer>
1000686c:	2800      	cmp	r0, #0
1000686e:	442c      	add	r4, r5
10006870:	d0de      	beq.n	10006830 <lfs_dir_find_match+0x2c>
10006872:	db09      	blt.n	10006888 <lfs_dir_find_match+0x84>
10006874:	2002      	movs	r0, #2
10006876:	b007      	add	sp, #28
10006878:	e8bd 8ff0 	ldmia.w	sp!, {r4, r5, r6, r7, r8, r9, sl, fp, pc}
1000687c:	e9dd 1502 	ldrd	r1, r5, [sp, #8]
10006880:	686b      	ldr	r3, [r5, #4]
10006882:	4299      	cmp	r1, r3
10006884:	d004      	beq.n	10006890 <lfs_dir_find_match+0x8c>
10006886:	d9f5      	bls.n	10006874 <lfs_dir_find_match+0x70>
10006888:	2001      	movs	r0, #1
1000688a:	b007      	add	sp, #28
1000688c:	e8bd 8ff0 	ldmia.w	sp!, {r4, r5, r6, r7, r8, r9, sl, fp, pc}
10006890:	2000      	movs	r0, #0
10006892:	b007      	add	sp, #28
10006894:	e8bd 8ff0 	ldmia.w	sp!, {r4, r5, r6, r7, r8, r9, sl, fp, pc}
10006898:	f06f 0001 	mvn.w	r0, #1
1000689c:	b007      	add	sp, #28
1000689e:	e8bd 8ff0 	ldmia.w	sp!, {r4, r5, r6, r7, r8, r9, sl, fp, pc}
100068a2:	bf00      	nop
100068a4:	20001e00 	.word	0x20001e00

100068a8 <lfs_ctz_traverse.part.0.constprop.0>:
100068a8:	e92d 47f0 	stmdb	sp!, {r4, r5, r6, r7, r8, r9, sl, lr}
100068ac:	f8df 8090 	ldr.w	r8, [pc, #144]	@ 10006940 <lfs_ctz_traverse.part.0.constprop.0+0x98>
100068b0:	461e      	mov	r6, r3
100068b2:	f8d8 4068 	ldr.w	r4, [r8, #104]	@ 0x68
100068b6:	b088      	sub	sp, #32
100068b8:	69a5      	ldr	r5, [r4, #24]
100068ba:	1e54      	subs	r4, r2, #1
100068bc:	3d08      	subs	r5, #8
100068be:	681a      	ldr	r2, [r3, #0]
100068c0:	42ac      	cmp	r4, r5
100068c2:	f102 0901 	add.w	r9, r2, #1
100068c6:	d32e      	bcc.n	10006926 <lfs_ctz_traverse.part.0.constprop.0+0x7e>
100068c8:	4607      	mov	r7, r0
100068ca:	fbb4 f0f5 	udiv	r0, r4, r5
100068ce:	3801      	subs	r0, #1
100068d0:	9105      	str	r1, [sp, #20]
100068d2:	f006 fa79 	bl	1000cdc8 <____popcountsi2_veneer>
100068d6:	3002      	adds	r0, #2
100068d8:	eba4 0280 	sub.w	r2, r4, r0, lsl #2
100068dc:	4295      	cmp	r5, r2
100068de:	fbb2 f4f5 	udiv	r4, r2, r5
100068e2:	f8c6 9000 	str.w	r9, [r6]
100068e6:	d820      	bhi.n	1000692a <lfs_ctz_traverse.part.0.constprop.0+0x82>
100068e8:	f04f 0a00 	mov.w	sl, #0
100068ec:	9b05      	ldr	r3, [sp, #20]
100068ee:	f10d 0918 	add.w	r9, sp, #24
100068f2:	e006      	b.n	10006902 <lfs_ctz_traverse.part.0.constprop.0+0x5a>
100068f4:	6833      	ldr	r3, [r6, #0]
100068f6:	b9e5      	cbnz	r5, 10006932 <lfs_ctz_traverse.part.0.constprop.0+0x8a>
100068f8:	3302      	adds	r3, #2
100068fa:	3c02      	subs	r4, #2
100068fc:	6033      	str	r3, [r6, #0]
100068fe:	9b07      	ldr	r3, [sp, #28]
10006900:	d013      	beq.n	1000692a <lfs_ctz_traverse.part.0.constprop.0+0x82>
10006902:	f004 0501 	and.w	r5, r4, #1
10006906:	f1c5 0202 	rsb	r2, r5, #2
1000690a:	0092      	lsls	r2, r2, #2
1000690c:	4641      	mov	r1, r8
1000690e:	4638      	mov	r0, r7
10006910:	e9cd 9201 	strd	r9, r2, [sp, #4]
10006914:	f8cd a000 	str.w	sl, [sp]
10006918:	f7ff fe1c 	bl	10006554 <lfs_bd_read>
1000691c:	2800      	cmp	r0, #0
1000691e:	d0e9      	beq.n	100068f4 <lfs_ctz_traverse.part.0.constprop.0+0x4c>
10006920:	b008      	add	sp, #32
10006922:	e8bd 87f0 	ldmia.w	sp!, {r4, r5, r6, r7, r8, r9, sl, pc}
10006926:	f8c3 9000 	str.w	r9, [r3]
1000692a:	2000      	movs	r0, #0
1000692c:	b008      	add	sp, #32
1000692e:	e8bd 87f0 	ldmia.w	sp!, {r4, r5, r6, r7, r8, r9, sl, pc}
10006932:	3301      	adds	r3, #1
10006934:	3c01      	subs	r4, #1
10006936:	6033      	str	r3, [r6, #0]
10006938:	9b06      	ldr	r3, [sp, #24]
1000693a:	d1e2      	bne.n	10006902 <lfs_ctz_traverse.part.0.constprop.0+0x5a>
1000693c:	e7f5      	b.n	1000692a <lfs_ctz_traverse.part.0.constprop.0+0x82>
1000693e:	bf00      	nop
10006940:	20001e00 	.word	0x20001e00

10006944 <lfs_ctz_find.constprop.0>:
10006944:	e92d 4ff0 	stmdb	sp!, {r4, r5, r6, r7, r8, r9, sl, fp, lr}
10006948:	b085      	sub	sp, #20
1000694a:	9103      	str	r1, [sp, #12]
1000694c:	b94a      	cbnz	r2, 10006962 <lfs_ctz_find.constprop.0+0x1e>
1000694e:	f04f 33ff 	mov.w	r3, #4294967295	@ 0xffffffff
10006952:	2000      	movs	r0, #0
10006954:	990e      	ldr	r1, [sp, #56]	@ 0x38
10006956:	600b      	str	r3, [r1, #0]
10006958:	9b0f      	ldr	r3, [sp, #60]	@ 0x3c
1000695a:	601a      	str	r2, [r3, #0]
1000695c:	b005      	add	sp, #20
1000695e:	e8bd 8ff0 	ldmia.w	sp!, {r4, r5, r6, r7, r8, r9, sl, fp, pc}
10006962:	f8df 80d0 	ldr.w	r8, [pc, #208]	@ 10006a34 <lfs_ctz_find.constprop.0+0xf0>
10006966:	461c      	mov	r4, r3
10006968:	f8d8 1068 	ldr.w	r1, [r8, #104]	@ 0x68
1000696c:	1e55      	subs	r5, r2, #1
1000696e:	698b      	ldr	r3, [r1, #24]
10006970:	4607      	mov	r7, r0
10006972:	f1a3 0908 	sub.w	r9, r3, #8
10006976:	454d      	cmp	r5, r9
10006978:	d353      	bcc.n	10006a22 <lfs_ctz_find.constprop.0+0xde>
1000697a:	fbb5 f0f9 	udiv	r0, r5, r9
1000697e:	3801      	subs	r0, #1
10006980:	9102      	str	r1, [sp, #8]
10006982:	f006 fa21 	bl	1000cdc8 <____popcountsi2_veneer>
10006986:	3002      	adds	r0, #2
10006988:	eba5 0580 	sub.w	r5, r5, r0, lsl #2
1000698c:	45a1      	cmp	r9, r4
1000698e:	fbb5 f5f9 	udiv	r5, r5, r9
10006992:	9902      	ldr	r1, [sp, #8]
10006994:	d849      	bhi.n	10006a2a <lfs_ctz_find.constprop.0+0xe6>
10006996:	fbb4 f0f9 	udiv	r0, r4, r9
1000699a:	3801      	subs	r0, #1
1000699c:	9102      	str	r1, [sp, #8]
1000699e:	f006 fa13 	bl	1000cdc8 <____popcountsi2_veneer>
100069a2:	1c86      	adds	r6, r0, #2
100069a4:	eba4 0686 	sub.w	r6, r4, r6, lsl #2
100069a8:	fbb6 f6f9 	udiv	r6, r6, r9
100069ac:	4630      	mov	r0, r6
100069ae:	f006 fa0b 	bl	1000cdc8 <____popcountsi2_veneer>
100069b2:	eba4 0080 	sub.w	r0, r4, r0, lsl #2
100069b6:	fb09 0416 	mls	r4, r9, r6, r0
100069ba:	9902      	ldr	r1, [sp, #8]
100069bc:	42b5      	cmp	r5, r6
100069be:	d92d      	bls.n	10006a1c <lfs_ctz_find.constprop.0+0xd8>
100069c0:	f04f 0b04 	mov.w	fp, #4
100069c4:	f04f 0a01 	mov.w	sl, #1
100069c8:	f10d 090c 	add.w	r9, sp, #12
100069cc:	9402      	str	r4, [sp, #8]
100069ce:	e001      	b.n	100069d4 <lfs_ctz_find.constprop.0+0x90>
100069d0:	f8d8 1068 	ldr.w	r1, [r8, #104]	@ 0x68
100069d4:	fa95 f3a5 	rbit	r3, r5
100069d8:	1bac      	subs	r4, r5, r6
100069da:	fab4 f484 	clz	r4, r4
100069de:	fab3 f383 	clz	r3, r3
100069e2:	f1c4 041f 	rsb	r4, r4, #31
100069e6:	429c      	cmp	r4, r3
100069e8:	bf28      	it	cs
100069ea:	461c      	movcs	r4, r3
100069ec:	69c8      	ldr	r0, [r1, #28]
100069ee:	9a03      	ldr	r2, [sp, #12]
100069f0:	00a3      	lsls	r3, r4, #2
100069f2:	4282      	cmp	r2, r0
100069f4:	f103 0c04 	add.w	ip, r3, #4
100069f8:	d219      	bcs.n	10006a2e <lfs_ctz_find.constprop.0+0xea>
100069fa:	6989      	ldr	r1, [r1, #24]
100069fc:	458c      	cmp	ip, r1
100069fe:	d816      	bhi.n	10006a2e <lfs_ctz_find.constprop.0+0xea>
10006a00:	2104      	movs	r1, #4
10006a02:	4638      	mov	r0, r7
10006a04:	e9cd 9b00 	strd	r9, fp, [sp]
10006a08:	f7ff fc9a 	bl	10006340 <lfs_bd_read.part.0.constprop.0>
10006a0c:	fa0a f404 	lsl.w	r4, sl, r4
10006a10:	1b2d      	subs	r5, r5, r4
10006a12:	2800      	cmp	r0, #0
10006a14:	d1a2      	bne.n	1000695c <lfs_ctz_find.constprop.0+0x18>
10006a16:	42b5      	cmp	r5, r6
10006a18:	d8da      	bhi.n	100069d0 <lfs_ctz_find.constprop.0+0x8c>
10006a1a:	9c02      	ldr	r4, [sp, #8]
10006a1c:	4622      	mov	r2, r4
10006a1e:	9b03      	ldr	r3, [sp, #12]
10006a20:	e797      	b.n	10006952 <lfs_ctz_find.constprop.0+0xe>
10006a22:	45a1      	cmp	r9, r4
10006a24:	d8fa      	bhi.n	10006a1c <lfs_ctz_find.constprop.0+0xd8>
10006a26:	2500      	movs	r5, #0
10006a28:	e7b5      	b.n	10006996 <lfs_ctz_find.constprop.0+0x52>
10006a2a:	2600      	movs	r6, #0
10006a2c:	e7c6      	b.n	100069bc <lfs_ctz_find.constprop.0+0x78>
10006a2e:	f06f 0001 	mvn.w	r0, #1
10006a32:	e793      	b.n	1000695c <lfs_ctz_find.constprop.0+0x18>
10006a34:	20001e00 	.word	0x20001e00

10006a38 <lfs_bd_flush.constprop.0>:
10006a38:	e92d 4ff0 	stmdb	sp!, {r4, r5, r6, r7, r8, r9, sl, fp, lr}
10006a3c:	4607      	mov	r7, r0
10006a3e:	6800      	ldr	r0, [r0, #0]
10006a40:	b087      	sub	sp, #28
10006a42:	1cc3      	adds	r3, r0, #3
10006a44:	d856      	bhi.n	10006af4 <lfs_bd_flush.constprop.0+0xbc>
10006a46:	f8df 80b8 	ldr.w	r8, [pc, #184]	@ 10006b00 <lfs_bd_flush.constprop.0+0xc8>
10006a4a:	460c      	mov	r4, r1
10006a4c:	f8d8 1068 	ldr.w	r1, [r8, #104]	@ 0x68
10006a50:	68ba      	ldr	r2, [r7, #8]
10006a52:	694b      	ldr	r3, [r1, #20]
10006a54:	688d      	ldr	r5, [r1, #8]
10006a56:	1e5e      	subs	r6, r3, #1
10006a58:	4416      	add	r6, r2
10006a5a:	fbb6 f6f3 	udiv	r6, r6, r3
10006a5e:	fb03 f606 	mul.w	r6, r3, r6
10006a62:	68fa      	ldr	r2, [r7, #12]
10006a64:	4633      	mov	r3, r6
10006a66:	6879      	ldr	r1, [r7, #4]
10006a68:	47a8      	blx	r5
10006a6a:	bb98      	cbnz	r0, 10006ad4 <lfs_bd_flush.constprop.0+0x9c>
10006a6c:	f8d7 c00c 	ldr.w	ip, [r7, #12]
10006a70:	b3b4      	cbz	r4, 10006ae0 <lfs_bd_flush.constprop.0+0xa8>
10006a72:	f04f 33ff 	mov.w	r3, #4294967295	@ 0xffffffff
10006a76:	f8c8 3000 	str.w	r3, [r8]
10006a7a:	e9d7 ab00 	ldrd	sl, fp, [r7]
10006a7e:	b37e      	cbz	r6, 10006ae0 <lfs_bd_flush.constprop.0+0xa8>
10006a80:	9703      	str	r7, [sp, #12]
10006a82:	4604      	mov	r4, r0
10006a84:	4667      	mov	r7, ip
10006a86:	f10d 0910 	add.w	r9, sp, #16
10006a8a:	e002      	b.n	10006a92 <lfs_bd_flush.constprop.0+0x5a>
10006a8c:	442c      	add	r4, r5
10006a8e:	42a6      	cmp	r6, r4
10006a90:	d923      	bls.n	10006ada <lfs_bd_flush.constprop.0+0xa2>
10006a92:	f8d8 2068 	ldr.w	r2, [r8, #104]	@ 0x68
10006a96:	1b31      	subs	r1, r6, r4
10006a98:	69d0      	ldr	r0, [r2, #28]
10006a9a:	2908      	cmp	r1, #8
10006a9c:	460d      	mov	r5, r1
10006a9e:	bf28      	it	cs
10006aa0:	2508      	movcs	r5, #8
10006aa2:	4582      	cmp	sl, r0
10006aa4:	eb0b 0304 	add.w	r3, fp, r4
10006aa8:	d212      	bcs.n	10006ad0 <lfs_bd_flush.constprop.0+0x98>
10006aaa:	6992      	ldr	r2, [r2, #24]
10006aac:	18e8      	adds	r0, r5, r3
10006aae:	4290      	cmp	r0, r2
10006ab0:	d80e      	bhi.n	10006ad0 <lfs_bd_flush.constprop.0+0x98>
10006ab2:	4652      	mov	r2, sl
10006ab4:	4640      	mov	r0, r8
10006ab6:	e9cd 9500 	strd	r9, r5, [sp]
10006aba:	f7ff fc41 	bl	10006340 <lfs_bd_read.part.0.constprop.0>
10006abe:	2800      	cmp	r0, #0
10006ac0:	d11c      	bne.n	10006afc <lfs_bd_flush.constprop.0+0xc4>
10006ac2:	462a      	mov	r2, r5
10006ac4:	4648      	mov	r0, r9
10006ac6:	1939      	adds	r1, r7, r4
10006ac8:	f006 f96e 	bl	1000cda8 <__memcmp_veneer>
10006acc:	2800      	cmp	r0, #0
10006ace:	d0dd      	beq.n	10006a8c <lfs_bd_flush.constprop.0+0x54>
10006ad0:	f06f 0001 	mvn.w	r0, #1
10006ad4:	b007      	add	sp, #28
10006ad6:	e8bd 8ff0 	ldmia.w	sp!, {r4, r5, r6, r7, r8, r9, sl, fp, pc}
10006ada:	9f03      	ldr	r7, [sp, #12]
10006adc:	f8d7 c00c 	ldr.w	ip, [r7, #12]
10006ae0:	f8d8 3068 	ldr.w	r3, [r8, #104]	@ 0x68
10006ae4:	21ff      	movs	r1, #255	@ 0xff
10006ae6:	6a5a      	ldr	r2, [r3, #36]	@ 0x24
10006ae8:	4660      	mov	r0, ip
10006aea:	f006 f97d 	bl	1000cde8 <__memset_veneer>
10006aee:	f04f 33ff 	mov.w	r3, #4294967295	@ 0xffffffff
10006af2:	603b      	str	r3, [r7, #0]
10006af4:	2000      	movs	r0, #0
10006af6:	b007      	add	sp, #28
10006af8:	e8bd 8ff0 	ldmia.w	sp!, {r4, r5, r6, r7, r8, r9, sl, fp, pc}
10006afc:	dae8      	bge.n	10006ad0 <lfs_bd_flush.constprop.0+0x98>
10006afe:	e7e9      	b.n	10006ad4 <lfs_bd_flush.constprop.0+0x9c>
10006b00:	20001e00 	.word	0x20001e00

10006b04 <lfs_bd_prog.constprop.1>:
10006b04:	e92d 47f0 	stmdb	sp!, {r4, r5, r6, r7, r8, r9, sl, lr}
10006b08:	f8dd 9020 	ldr.w	r9, [sp, #32]
10006b0c:	f1b9 0f00 	cmp.w	r9, #0
10006b10:	d038      	beq.n	10006b84 <lfs_bd_prog.constprop.1+0x80>
10006b12:	4616      	mov	r6, r2
10006b14:	4698      	mov	r8, r3
10006b16:	4604      	mov	r4, r0
10006b18:	460d      	mov	r5, r1
10006b1a:	2300      	movs	r3, #0
10006b1c:	4f21      	ldr	r7, [pc, #132]	@ (10006ba4 <lfs_bd_prog.constprop.1+0xa0>)
10006b1e:	6802      	ldr	r2, [r0, #0]
10006b20:	e008      	b.n	10006b34 <lfs_bd_prog.constprop.1+0x30>
10006b22:	694a      	ldr	r2, [r1, #20]
10006b24:	6025      	str	r5, [r4, #0]
10006b26:	fbb6 f0f2 	udiv	r0, r6, r2
10006b2a:	fb02 f000 	mul.w	r0, r2, r0
10006b2e:	462a      	mov	r2, r5
10006b30:	60a3      	str	r3, [r4, #8]
10006b32:	6060      	str	r0, [r4, #4]
10006b34:	42aa      	cmp	r2, r5
10006b36:	6eb9      	ldr	r1, [r7, #104]	@ 0x68
10006b38:	d1f3      	bne.n	10006b22 <lfs_bd_prog.constprop.1+0x1e>
10006b3a:	6860      	ldr	r0, [r4, #4]
10006b3c:	42b0      	cmp	r0, r6
10006b3e:	d8f0      	bhi.n	10006b22 <lfs_bd_prog.constprop.1+0x1e>
10006b40:	6a4a      	ldr	r2, [r1, #36]	@ 0x24
10006b42:	4402      	add	r2, r0
10006b44:	42b2      	cmp	r2, r6
10006b46:	d9ec      	bls.n	10006b22 <lfs_bd_prog.constprop.1+0x1e>
10006b48:	eba2 0a06 	sub.w	sl, r2, r6
10006b4c:	45ca      	cmp	sl, r9
10006b4e:	bf28      	it	cs
10006b50:	46ca      	movcs	sl, r9
10006b52:	68e2      	ldr	r2, [r4, #12]
10006b54:	1a30      	subs	r0, r6, r0
10006b56:	4641      	mov	r1, r8
10006b58:	4410      	add	r0, r2
10006b5a:	4652      	mov	r2, sl
10006b5c:	f006 f92c 	bl	1000cdb8 <__memcpy_veneer>
10006b60:	6862      	ldr	r2, [r4, #4]
10006b62:	68a1      	ldr	r1, [r4, #8]
10006b64:	4456      	add	r6, sl
10006b66:	1ab2      	subs	r2, r6, r2
10006b68:	428a      	cmp	r2, r1
10006b6a:	bf38      	it	cc
10006b6c:	460a      	movcc	r2, r1
10006b6e:	6eb9      	ldr	r1, [r7, #104]	@ 0x68
10006b70:	2300      	movs	r3, #0
10006b72:	6a49      	ldr	r1, [r1, #36]	@ 0x24
10006b74:	eba9 090a 	sub.w	r9, r9, sl
10006b78:	428a      	cmp	r2, r1
10006b7a:	60a2      	str	r2, [r4, #8]
10006b7c:	d005      	beq.n	10006b8a <lfs_bd_prog.constprop.1+0x86>
10006b7e:	f1b9 0f00 	cmp.w	r9, #0
10006b82:	d10b      	bne.n	10006b9c <lfs_bd_prog.constprop.1+0x98>
10006b84:	2000      	movs	r0, #0
10006b86:	e8bd 87f0 	ldmia.w	sp!, {r4, r5, r6, r7, r8, r9, sl, pc}
10006b8a:	2101      	movs	r1, #1
10006b8c:	4620      	mov	r0, r4
10006b8e:	f7ff ff53 	bl	10006a38 <lfs_bd_flush.constprop.0>
10006b92:	2300      	movs	r3, #0
10006b94:	2800      	cmp	r0, #0
10006b96:	d0f2      	beq.n	10006b7e <lfs_bd_prog.constprop.1+0x7a>
10006b98:	e8bd 87f0 	ldmia.w	sp!, {r4, r5, r6, r7, r8, r9, sl, pc}
10006b9c:	6822      	ldr	r2, [r4, #0]
10006b9e:	44d0      	add	r8, sl
10006ba0:	e7c8      	b.n	10006b34 <lfs_bd_prog.constprop.1+0x30>
10006ba2:	bf00      	nop
10006ba4:	20001e00 	.word	0x20001e00

10006ba8 <lfs_bd_prog.constprop.0>:
10006ba8:	e92d 47f0 	stmdb	sp!, {r4, r5, r6, r7, r8, r9, sl, lr}
10006bac:	f8dd a020 	ldr.w	sl, [sp, #32]
10006bb0:	f1ba 0f00 	cmp.w	sl, #0
10006bb4:	d037      	beq.n	10006c26 <lfs_bd_prog.constprop.0+0x7e>
10006bb6:	4c23      	ldr	r4, [pc, #140]	@ (10006c44 <lfs_bd_prog.constprop.0+0x9c>)
10006bb8:	4617      	mov	r7, r2
10006bba:	4698      	mov	r8, r3
10006bbc:	4681      	mov	r9, r0
10006bbe:	460e      	mov	r6, r1
10006bc0:	2300      	movs	r3, #0
10006bc2:	6922      	ldr	r2, [r4, #16]
10006bc4:	e008      	b.n	10006bd8 <lfs_bd_prog.constprop.0+0x30>
10006bc6:	694a      	ldr	r2, [r1, #20]
10006bc8:	6126      	str	r6, [r4, #16]
10006bca:	fbb7 f5f2 	udiv	r5, r7, r2
10006bce:	fb02 f505 	mul.w	r5, r2, r5
10006bd2:	4632      	mov	r2, r6
10006bd4:	61a3      	str	r3, [r4, #24]
10006bd6:	6165      	str	r5, [r4, #20]
10006bd8:	42b2      	cmp	r2, r6
10006bda:	6ea1      	ldr	r1, [r4, #104]	@ 0x68
10006bdc:	d1f3      	bne.n	10006bc6 <lfs_bd_prog.constprop.0+0x1e>
10006bde:	6960      	ldr	r0, [r4, #20]
10006be0:	42b8      	cmp	r0, r7
10006be2:	d8f0      	bhi.n	10006bc6 <lfs_bd_prog.constprop.0+0x1e>
10006be4:	6a4a      	ldr	r2, [r1, #36]	@ 0x24
10006be6:	4402      	add	r2, r0
10006be8:	42ba      	cmp	r2, r7
10006bea:	d9ec      	bls.n	10006bc6 <lfs_bd_prog.constprop.0+0x1e>
10006bec:	1bd5      	subs	r5, r2, r7
10006bee:	4555      	cmp	r5, sl
10006bf0:	bf28      	it	cs
10006bf2:	4655      	movcs	r5, sl
10006bf4:	69e2      	ldr	r2, [r4, #28]
10006bf6:	1a38      	subs	r0, r7, r0
10006bf8:	4641      	mov	r1, r8
10006bfa:	4410      	add	r0, r2
10006bfc:	462a      	mov	r2, r5
10006bfe:	f006 f8db 	bl	1000cdb8 <__memcpy_veneer>
10006c02:	6962      	ldr	r2, [r4, #20]
10006c04:	69a1      	ldr	r1, [r4, #24]
10006c06:	442f      	add	r7, r5
10006c08:	1aba      	subs	r2, r7, r2
10006c0a:	428a      	cmp	r2, r1
10006c0c:	bf38      	it	cc
10006c0e:	460a      	movcc	r2, r1
10006c10:	6ea1      	ldr	r1, [r4, #104]	@ 0x68
10006c12:	2300      	movs	r3, #0
10006c14:	6a49      	ldr	r1, [r1, #36]	@ 0x24
10006c16:	ebaa 0a05 	sub.w	sl, sl, r5
10006c1a:	428a      	cmp	r2, r1
10006c1c:	61a2      	str	r2, [r4, #24]
10006c1e:	d005      	beq.n	10006c2c <lfs_bd_prog.constprop.0+0x84>
10006c20:	f1ba 0f00 	cmp.w	sl, #0
10006c24:	d10b      	bne.n	10006c3e <lfs_bd_prog.constprop.0+0x96>
10006c26:	2000      	movs	r0, #0
10006c28:	e8bd 87f0 	ldmia.w	sp!, {r4, r5, r6, r7, r8, r9, sl, pc}
10006c2c:	4649      	mov	r1, r9
10006c2e:	4806      	ldr	r0, [pc, #24]	@ (10006c48 <lfs_bd_prog.constprop.0+0xa0>)
10006c30:	f7ff ff02 	bl	10006a38 <lfs_bd_flush.constprop.0>
10006c34:	2300      	movs	r3, #0
10006c36:	2800      	cmp	r0, #0
10006c38:	d0f2      	beq.n	10006c20 <lfs_bd_prog.constprop.0+0x78>
10006c3a:	e8bd 87f0 	ldmia.w	sp!, {r4, r5, r6, r7, r8, r9, sl, pc}
10006c3e:	6922      	ldr	r2, [r4, #16]
10006c40:	44a8      	add	r8, r5
10006c42:	e7c9      	b.n	10006bd8 <lfs_bd_prog.constprop.0+0x30>
10006c44:	20001e00 	.word	0x20001e00
10006c48:	20001e10 	.word	0x20001e10

10006c4c <lfs_dir_commitattr.constprop.0>:
10006c4c:	b5f0      	push	{r4, r5, r6, r7, lr}
10006c4e:	6842      	ldr	r2, [r0, #4]
10006c50:	6943      	ldr	r3, [r0, #20]
10006c52:	460e      	mov	r6, r1
10006c54:	f102 0110 	add.w	r1, r2, #16
10006c58:	4299      	cmp	r1, r3
10006c5a:	b085      	sub	sp, #20
10006c5c:	f200 813f 	bhi.w	10006ede <lfs_dir_commitattr.constprop.0+0x292>
10006c60:	4605      	mov	r5, r0
10006c62:	2404      	movs	r4, #4
10006c64:	6883      	ldr	r3, [r0, #8]
10006c66:	4f9f      	ldr	r7, [pc, #636]	@ (10006ee4 <lfs_dir_commitattr.constprop.0+0x298>)
10006c68:	6829      	ldr	r1, [r5, #0]
10006c6a:	407b      	eors	r3, r7
10006c6c:	ba1b      	rev	r3, r3
10006c6e:	9303      	str	r3, [sp, #12]
10006c70:	2000      	movs	r0, #0
10006c72:	ab03      	add	r3, sp, #12
10006c74:	9400      	str	r4, [sp, #0]
10006c76:	f7ff ff97 	bl	10006ba8 <lfs_bd_prog.constprop.0>
10006c7a:	4603      	mov	r3, r0
10006c7c:	2800      	cmp	r0, #0
10006c7e:	f040 812b 	bne.w	10006ed8 <lfs_dir_commitattr.constprop.0+0x28c>
10006c82:	68e9      	ldr	r1, [r5, #12]
10006c84:	f89d 300c 	ldrb.w	r3, [sp, #12]
10006c88:	4c97      	ldr	r4, [pc, #604]	@ (10006ee8 <lfs_dir_commitattr.constprop.0+0x29c>)
10006c8a:	ea83 0201 	eor.w	r2, r3, r1
10006c8e:	f002 020f 	and.w	r2, r2, #15
10006c92:	f854 2022 	ldr.w	r2, [r4, r2, lsl #2]
10006c96:	ea82 1211 	eor.w	r2, r2, r1, lsr #4
10006c9a:	ea82 1313 	eor.w	r3, r2, r3, lsr #4
10006c9e:	f003 030f 	and.w	r3, r3, #15
10006ca2:	f854 1023 	ldr.w	r1, [r4, r3, lsl #2]
10006ca6:	f89d 300d 	ldrb.w	r3, [sp, #13]
10006caa:	ea81 1112 	eor.w	r1, r1, r2, lsr #4
10006cae:	220c      	movs	r2, #12
10006cb0:	9200      	str	r2, [sp, #0]
10006cb2:	ea83 0201 	eor.w	r2, r3, r1
10006cb6:	f002 020f 	and.w	r2, r2, #15
10006cba:	f854 2022 	ldr.w	r2, [r4, r2, lsl #2]
10006cbe:	ea82 1211 	eor.w	r2, r2, r1, lsr #4
10006cc2:	ea82 1313 	eor.w	r3, r2, r3, lsr #4
10006cc6:	f003 030f 	and.w	r3, r3, #15
10006cca:	f854 3023 	ldr.w	r3, [r4, r3, lsl #2]
10006cce:	ea83 1c12 	eor.w	ip, r3, r2, lsr #4
10006cd2:	f89d 200e 	ldrb.w	r2, [sp, #14]
10006cd6:	f89d 300f 	ldrb.w	r3, [sp, #15]
10006cda:	ea82 010c 	eor.w	r1, r2, ip
10006cde:	f001 010f 	and.w	r1, r1, #15
10006ce2:	f854 1021 	ldr.w	r1, [r4, r1, lsl #2]
10006ce6:	ea81 1c1c 	eor.w	ip, r1, ip, lsr #4
10006cea:	ea8c 1212 	eor.w	r2, ip, r2, lsr #4
10006cee:	f002 020f 	and.w	r2, r2, #15
10006cf2:	f854 1022 	ldr.w	r1, [r4, r2, lsl #2]
10006cf6:	ea81 111c 	eor.w	r1, r1, ip, lsr #4
10006cfa:	ea83 0201 	eor.w	r2, r3, r1
10006cfe:	f002 020f 	and.w	r2, r2, #15
10006d02:	f854 2022 	ldr.w	r2, [r4, r2, lsl #2]
10006d06:	ea82 1211 	eor.w	r2, r2, r1, lsr #4
10006d0a:	ea82 1313 	eor.w	r3, r2, r3, lsr #4
10006d0e:	f003 030f 	and.w	r3, r3, #15
10006d12:	f854 3023 	ldr.w	r3, [r4, r3, lsl #2]
10006d16:	6829      	ldr	r1, [r5, #0]
10006d18:	ea83 1312 	eor.w	r3, r3, r2, lsr #4
10006d1c:	686a      	ldr	r2, [r5, #4]
10006d1e:	60eb      	str	r3, [r5, #12]
10006d20:	3204      	adds	r2, #4
10006d22:	4633      	mov	r3, r6
10006d24:	606a      	str	r2, [r5, #4]
10006d26:	f7ff ff3f 	bl	10006ba8 <lfs_bd_prog.constprop.0>
10006d2a:	4603      	mov	r3, r0
10006d2c:	2800      	cmp	r0, #0
10006d2e:	f040 80d3 	bne.w	10006ed8 <lfs_dir_commitattr.constprop.0+0x28c>
10006d32:	f8d5 c00c 	ldr.w	ip, [r5, #12]
10006d36:	7831      	ldrb	r1, [r6, #0]
10006d38:	7872      	ldrb	r2, [r6, #1]
10006d3a:	ea81 000c 	eor.w	r0, r1, ip
10006d3e:	f000 000f 	and.w	r0, r0, #15
10006d42:	f854 0020 	ldr.w	r0, [r4, r0, lsl #2]
10006d46:	ea80 1c1c 	eor.w	ip, r0, ip, lsr #4
10006d4a:	ea8c 1111 	eor.w	r1, ip, r1, lsr #4
10006d4e:	f001 010f 	and.w	r1, r1, #15
10006d52:	f854 0021 	ldr.w	r0, [r4, r1, lsl #2]
10006d56:	ea80 101c 	eor.w	r0, r0, ip, lsr #4
10006d5a:	ea82 0100 	eor.w	r1, r2, r0
10006d5e:	f001 010f 	and.w	r1, r1, #15
10006d62:	f854 1021 	ldr.w	r1, [r4, r1, lsl #2]
10006d66:	ea81 1110 	eor.w	r1, r1, r0, lsr #4
10006d6a:	ea81 1212 	eor.w	r2, r1, r2, lsr #4
10006d6e:	f002 020f 	and.w	r2, r2, #15
10006d72:	f854 2022 	ldr.w	r2, [r4, r2, lsl #2]
10006d76:	ea82 1c11 	eor.w	ip, r2, r1, lsr #4
10006d7a:	78b1      	ldrb	r1, [r6, #2]
10006d7c:	78f2      	ldrb	r2, [r6, #3]
10006d7e:	ea81 000c 	eor.w	r0, r1, ip
10006d82:	f000 000f 	and.w	r0, r0, #15
10006d86:	f854 0020 	ldr.w	r0, [r4, r0, lsl #2]
10006d8a:	ea80 1c1c 	eor.w	ip, r0, ip, lsr #4
10006d8e:	ea8c 1111 	eor.w	r1, ip, r1, lsr #4
10006d92:	f001 010f 	and.w	r1, r1, #15
10006d96:	f854 0021 	ldr.w	r0, [r4, r1, lsl #2]
10006d9a:	ea80 101c 	eor.w	r0, r0, ip, lsr #4
10006d9e:	ea82 0100 	eor.w	r1, r2, r0
10006da2:	f001 010f 	and.w	r1, r1, #15
10006da6:	f854 1021 	ldr.w	r1, [r4, r1, lsl #2]
10006daa:	ea81 1110 	eor.w	r1, r1, r0, lsr #4
10006dae:	ea81 1212 	eor.w	r2, r1, r2, lsr #4
10006db2:	f002 020f 	and.w	r2, r2, #15
10006db6:	f854 2022 	ldr.w	r2, [r4, r2, lsl #2]
10006dba:	ea82 1c11 	eor.w	ip, r2, r1, lsr #4
10006dbe:	7931      	ldrb	r1, [r6, #4]
10006dc0:	7972      	ldrb	r2, [r6, #5]
10006dc2:	ea81 000c 	eor.w	r0, r1, ip
10006dc6:	f000 000f 	and.w	r0, r0, #15
10006dca:	f854 0020 	ldr.w	r0, [r4, r0, lsl #2]
10006dce:	ea80 1c1c 	eor.w	ip, r0, ip, lsr #4
10006dd2:	ea8c 1111 	eor.w	r1, ip, r1, lsr #4
10006dd6:	f001 010f 	and.w	r1, r1, #15
10006dda:	f854 0021 	ldr.w	r0, [r4, r1, lsl #2]
10006dde:	ea80 101c 	eor.w	r0, r0, ip, lsr #4
10006de2:	ea82 0100 	eor.w	r1, r2, r0
10006de6:	f001 010f 	and.w	r1, r1, #15
10006dea:	f854 1021 	ldr.w	r1, [r4, r1, lsl #2]
10006dee:	ea81 1110 	eor.w	r1, r1, r0, lsr #4
10006df2:	ea81 1212 	eor.w	r2, r1, r2, lsr #4
10006df6:	f002 020f 	and.w	r2, r2, #15
10006dfa:	f854 2022 	ldr.w	r2, [r4, r2, lsl #2]
10006dfe:	ea82 1c11 	eor.w	ip, r2, r1, lsr #4
10006e02:	79b1      	ldrb	r1, [r6, #6]
10006e04:	79f2      	ldrb	r2, [r6, #7]
10006e06:	ea81 000c 	eor.w	r0, r1, ip
10006e0a:	f000 000f 	and.w	r0, r0, #15
10006e0e:	f854 0020 	ldr.w	r0, [r4, r0, lsl #2]
10006e12:	ea80 1c1c 	eor.w	ip, r0, ip, lsr #4
10006e16:	ea8c 1111 	eor.w	r1, ip, r1, lsr #4
10006e1a:	f001 010f 	and.w	r1, r1, #15
10006e1e:	f854 0021 	ldr.w	r0, [r4, r1, lsl #2]
10006e22:	ea80 101c 	eor.w	r0, r0, ip, lsr #4
10006e26:	ea82 0100 	eor.w	r1, r2, r0
10006e2a:	f001 010f 	and.w	r1, r1, #15
10006e2e:	f854 1021 	ldr.w	r1, [r4, r1, lsl #2]
10006e32:	ea81 1110 	eor.w	r1, r1, r0, lsr #4
10006e36:	ea81 1212 	eor.w	r2, r1, r2, lsr #4
10006e3a:	f002 020f 	and.w	r2, r2, #15
10006e3e:	f854 2022 	ldr.w	r2, [r4, r2, lsl #2]
10006e42:	ea82 1c11 	eor.w	ip, r2, r1, lsr #4
10006e46:	7a31      	ldrb	r1, [r6, #8]
10006e48:	7a72      	ldrb	r2, [r6, #9]
10006e4a:	ea81 000c 	eor.w	r0, r1, ip
10006e4e:	f000 000f 	and.w	r0, r0, #15
10006e52:	f854 0020 	ldr.w	r0, [r4, r0, lsl #2]
10006e56:	ea80 1c1c 	eor.w	ip, r0, ip, lsr #4
10006e5a:	ea8c 1111 	eor.w	r1, ip, r1, lsr #4
10006e5e:	f001 010f 	and.w	r1, r1, #15
10006e62:	f854 0021 	ldr.w	r0, [r4, r1, lsl #2]
10006e66:	ea80 101c 	eor.w	r0, r0, ip, lsr #4
10006e6a:	ea82 0100 	eor.w	r1, r2, r0
10006e6e:	f001 010f 	and.w	r1, r1, #15
10006e72:	f854 1021 	ldr.w	r1, [r4, r1, lsl #2]
10006e76:	ea81 1110 	eor.w	r1, r1, r0, lsr #4
10006e7a:	ea81 1212 	eor.w	r2, r1, r2, lsr #4
10006e7e:	f002 020f 	and.w	r2, r2, #15
10006e82:	f854 0022 	ldr.w	r0, [r4, r2, lsl #2]
10006e86:	7ab2      	ldrb	r2, [r6, #10]
10006e88:	ea80 1011 	eor.w	r0, r0, r1, lsr #4
10006e8c:	ea82 0100 	eor.w	r1, r2, r0
10006e90:	f001 010f 	and.w	r1, r1, #15
10006e94:	f854 1021 	ldr.w	r1, [r4, r1, lsl #2]
10006e98:	ea81 1110 	eor.w	r1, r1, r0, lsr #4
10006e9c:	ea81 1212 	eor.w	r2, r1, r2, lsr #4
10006ea0:	f002 020f 	and.w	r2, r2, #15
10006ea4:	f854 0022 	ldr.w	r0, [r4, r2, lsl #2]
10006ea8:	7af2      	ldrb	r2, [r6, #11]
10006eaa:	ea80 1011 	eor.w	r0, r0, r1, lsr #4
10006eae:	ea82 0100 	eor.w	r1, r2, r0
10006eb2:	f001 010f 	and.w	r1, r1, #15
10006eb6:	f854 1021 	ldr.w	r1, [r4, r1, lsl #2]
10006eba:	60af      	str	r7, [r5, #8]
10006ebc:	ea81 1110 	eor.w	r1, r1, r0, lsr #4
10006ec0:	ea81 1212 	eor.w	r2, r1, r2, lsr #4
10006ec4:	f002 020f 	and.w	r2, r2, #15
10006ec8:	f854 0022 	ldr.w	r0, [r4, r2, lsl #2]
10006ecc:	686a      	ldr	r2, [r5, #4]
10006ece:	ea80 1111 	eor.w	r1, r0, r1, lsr #4
10006ed2:	320c      	adds	r2, #12
10006ed4:	60e9      	str	r1, [r5, #12]
10006ed6:	606a      	str	r2, [r5, #4]
10006ed8:	4618      	mov	r0, r3
10006eda:	b005      	add	sp, #20
10006edc:	bdf0      	pop	{r4, r5, r6, r7, pc}
10006ede:	f06f 030a 	mvn.w	r3, #10
10006ee2:	e7f9      	b.n	10006ed8 <lfs_dir_commitattr.constprop.0+0x28c>
10006ee4:	7ffffc0c 	.word	0x7ffffc0c
10006ee8:	1000d794 	.word	0x1000d794

10006eec <lfs_dir_commitattr>:
10006eec:	f341 0309 	sbfx	r3, r1, #0, #10
10006ef0:	e92d 4ff0 	stmdb	sp!, {r4, r5, r6, r7, r8, r9, sl, fp, lr}
10006ef4:	f1b3 3fff 	cmp.w	r3, #4294967295	@ 0xffffffff
10006ef8:	bf14      	ite	ne
10006efa:	4688      	movne	r8, r1
10006efc:	f101 0801 	addeq.w	r8, r1, #1
10006f00:	4617      	mov	r7, r2
10006f02:	6842      	ldr	r2, [r0, #4]
10006f04:	460d      	mov	r5, r1
10006f06:	1d13      	adds	r3, r2, #4
10006f08:	6941      	ldr	r1, [r0, #20]
10006f0a:	f3c8 0809 	ubfx	r8, r8, #0, #10
10006f0e:	4443      	add	r3, r8
10006f10:	428b      	cmp	r3, r1
10006f12:	b087      	sub	sp, #28
10006f14:	f200 80e1 	bhi.w	100070da <lfs_dir_commitattr+0x1ee>
10006f18:	2304      	movs	r3, #4
10006f1a:	4604      	mov	r4, r0
10006f1c:	9300      	str	r3, [sp, #0]
10006f1e:	6883      	ldr	r3, [r0, #8]
10006f20:	f025 4100 	bic.w	r1, r5, #2147483648	@ 0x80000000
10006f24:	404b      	eors	r3, r1
10006f26:	ba1b      	rev	r3, r3
10006f28:	9103      	str	r1, [sp, #12]
10006f2a:	9305      	str	r3, [sp, #20]
10006f2c:	2000      	movs	r0, #0
10006f2e:	6821      	ldr	r1, [r4, #0]
10006f30:	ab05      	add	r3, sp, #20
10006f32:	f7ff fe39 	bl	10006ba8 <lfs_bd_prog.constprop.0>
10006f36:	9002      	str	r0, [sp, #8]
10006f38:	2800      	cmp	r0, #0
10006f3a:	f040 8099 	bne.w	10007070 <lfs_dir_commitattr+0x184>
10006f3e:	68e1      	ldr	r1, [r4, #12]
10006f40:	f89d 3014 	ldrb.w	r3, [sp, #20]
10006f44:	4e66      	ldr	r6, [pc, #408]	@ (100070e0 <lfs_dir_commitattr+0x1f4>)
10006f46:	ea83 0201 	eor.w	r2, r3, r1
10006f4a:	f002 020f 	and.w	r2, r2, #15
10006f4e:	f856 2022 	ldr.w	r2, [r6, r2, lsl #2]
10006f52:	2d00      	cmp	r5, #0
10006f54:	ea82 1211 	eor.w	r2, r2, r1, lsr #4
10006f58:	ea82 1313 	eor.w	r3, r2, r3, lsr #4
10006f5c:	f003 030f 	and.w	r3, r3, #15
10006f60:	f856 3023 	ldr.w	r3, [r6, r3, lsl #2]
10006f64:	ea83 1c12 	eor.w	ip, r3, r2, lsr #4
10006f68:	f89d 2015 	ldrb.w	r2, [sp, #21]
10006f6c:	f89d 3016 	ldrb.w	r3, [sp, #22]
10006f70:	ea82 010c 	eor.w	r1, r2, ip
10006f74:	f001 010f 	and.w	r1, r1, #15
10006f78:	f856 1021 	ldr.w	r1, [r6, r1, lsl #2]
10006f7c:	ea81 1c1c 	eor.w	ip, r1, ip, lsr #4
10006f80:	ea8c 1212 	eor.w	r2, ip, r2, lsr #4
10006f84:	f002 020f 	and.w	r2, r2, #15
10006f88:	f856 1022 	ldr.w	r1, [r6, r2, lsl #2]
10006f8c:	ea81 111c 	eor.w	r1, r1, ip, lsr #4
10006f90:	ea83 0201 	eor.w	r2, r3, r1
10006f94:	f002 020f 	and.w	r2, r2, #15
10006f98:	f856 2022 	ldr.w	r2, [r6, r2, lsl #2]
10006f9c:	ea82 1211 	eor.w	r2, r2, r1, lsr #4
10006fa0:	ea82 1313 	eor.w	r3, r2, r3, lsr #4
10006fa4:	f003 030f 	and.w	r3, r3, #15
10006fa8:	f856 3023 	ldr.w	r3, [r6, r3, lsl #2]
10006fac:	ea83 1c12 	eor.w	ip, r3, r2, lsr #4
10006fb0:	f89d 3017 	ldrb.w	r3, [sp, #23]
10006fb4:	6862      	ldr	r2, [r4, #4]
10006fb6:	ea83 010c 	eor.w	r1, r3, ip
10006fba:	f001 010f 	and.w	r1, r1, #15
10006fbe:	f856 1021 	ldr.w	r1, [r6, r1, lsl #2]
10006fc2:	f102 0204 	add.w	r2, r2, #4
10006fc6:	ea81 111c 	eor.w	r1, r1, ip, lsr #4
10006fca:	ea81 1313 	eor.w	r3, r1, r3, lsr #4
10006fce:	f003 030f 	and.w	r3, r3, #15
10006fd2:	f856 3023 	ldr.w	r3, [r6, r3, lsl #2]
10006fd6:	6062      	str	r2, [r4, #4]
10006fd8:	ea83 1311 	eor.w	r3, r3, r1, lsr #4
10006fdc:	60e3      	str	r3, [r4, #12]
10006fde:	da4b      	bge.n	10007078 <lfs_dir_commitattr+0x18c>
10006fe0:	f1b8 0f00 	cmp.w	r8, #0
10006fe4:	d06e      	beq.n	100070c4 <lfs_dir_commitattr+0x1d8>
10006fe6:	f04f 0b01 	mov.w	fp, #1
10006fea:	9d02      	ldr	r5, [sp, #8]
10006fec:	f8df 90f4 	ldr.w	r9, [pc, #244]	@ 100070e4 <lfs_dir_commitattr+0x1f8>
10006ff0:	f10d 0a13 	add.w	sl, sp, #19
10006ff4:	e019      	b.n	1000702a <lfs_dir_commitattr+0x13e>
10006ff6:	68e1      	ldr	r1, [r4, #12]
10006ff8:	f89d 3013 	ldrb.w	r3, [sp, #19]
10006ffc:	4545      	cmp	r5, r8
10006ffe:	ea83 0201 	eor.w	r2, r3, r1
10007002:	f002 020f 	and.w	r2, r2, #15
10007006:	f856 2022 	ldr.w	r2, [r6, r2, lsl #2]
1000700a:	ea82 1211 	eor.w	r2, r2, r1, lsr #4
1000700e:	ea82 1313 	eor.w	r3, r2, r3, lsr #4
10007012:	f003 030f 	and.w	r3, r3, #15
10007016:	6861      	ldr	r1, [r4, #4]
10007018:	f856 3023 	ldr.w	r3, [r6, r3, lsl #2]
1000701c:	f101 0101 	add.w	r1, r1, #1
10007020:	ea83 1312 	eor.w	r3, r3, r2, lsr #4
10007024:	60e3      	str	r3, [r4, #12]
10007026:	6061      	str	r1, [r4, #4]
10007028:	d04c      	beq.n	100070c4 <lfs_dir_commitattr+0x1d8>
1000702a:	e9d7 2300 	ldrd	r2, r3, [r7]
1000702e:	f8d9 0068 	ldr.w	r0, [r9, #104]	@ 0x68
10007032:	442b      	add	r3, r5
10007034:	69c1      	ldr	r1, [r0, #28]
10007036:	eba8 0e05 	sub.w	lr, r8, r5
1000703a:	428a      	cmp	r2, r1
1000703c:	f103 0c01 	add.w	ip, r3, #1
10007040:	d248      	bcs.n	100070d4 <lfs_dir_commitattr+0x1e8>
10007042:	6980      	ldr	r0, [r0, #24]
10007044:	4584      	cmp	ip, r0
10007046:	d845      	bhi.n	100070d4 <lfs_dir_commitattr+0x1e8>
10007048:	4671      	mov	r1, lr
1000704a:	4648      	mov	r0, r9
1000704c:	e9cd ab00 	strd	sl, fp, [sp]
10007050:	f7ff f976 	bl	10006340 <lfs_bd_read.part.0.constprop.0>
10007054:	4603      	mov	r3, r0
10007056:	b950      	cbnz	r0, 1000706e <lfs_dir_commitattr+0x182>
10007058:	6862      	ldr	r2, [r4, #4]
1000705a:	f8cd b000 	str.w	fp, [sp]
1000705e:	4653      	mov	r3, sl
10007060:	6821      	ldr	r1, [r4, #0]
10007062:	f7ff fda1 	bl	10006ba8 <lfs_bd_prog.constprop.0>
10007066:	3501      	adds	r5, #1
10007068:	4603      	mov	r3, r0
1000706a:	2800      	cmp	r0, #0
1000706c:	d0c3      	beq.n	10006ff6 <lfs_dir_commitattr+0x10a>
1000706e:	9302      	str	r3, [sp, #8]
10007070:	9802      	ldr	r0, [sp, #8]
10007072:	b007      	add	sp, #28
10007074:	e8bd 8ff0 	ldmia.w	sp!, {r4, r5, r6, r7, r8, r9, sl, fp, pc}
10007078:	f8cd 8000 	str.w	r8, [sp]
1000707c:	463b      	mov	r3, r7
1000707e:	6821      	ldr	r1, [r4, #0]
10007080:	f7ff fd92 	bl	10006ba8 <lfs_bd_prog.constprop.0>
10007084:	bb20      	cbnz	r0, 100070d0 <lfs_dir_commitattr+0x1e4>
10007086:	68e3      	ldr	r3, [r4, #12]
10007088:	f1b8 0f00 	cmp.w	r8, #0
1000708c:	d016      	beq.n	100070bc <lfs_dir_commitattr+0x1d0>
1000708e:	3f01      	subs	r7, #1
10007090:	eb07 0008 	add.w	r0, r7, r8
10007094:	f817 2f01 	ldrb.w	r2, [r7, #1]!
10007098:	ea82 0103 	eor.w	r1, r2, r3
1000709c:	f001 010f 	and.w	r1, r1, #15
100070a0:	f856 1021 	ldr.w	r1, [r6, r1, lsl #2]
100070a4:	42b8      	cmp	r0, r7
100070a6:	ea81 1313 	eor.w	r3, r1, r3, lsr #4
100070aa:	ea83 1212 	eor.w	r2, r3, r2, lsr #4
100070ae:	f002 020f 	and.w	r2, r2, #15
100070b2:	f856 2022 	ldr.w	r2, [r6, r2, lsl #2]
100070b6:	ea82 1313 	eor.w	r3, r2, r3, lsr #4
100070ba:	d1eb      	bne.n	10007094 <lfs_dir_commitattr+0x1a8>
100070bc:	60e3      	str	r3, [r4, #12]
100070be:	6863      	ldr	r3, [r4, #4]
100070c0:	4443      	add	r3, r8
100070c2:	6063      	str	r3, [r4, #4]
100070c4:	9b03      	ldr	r3, [sp, #12]
100070c6:	9802      	ldr	r0, [sp, #8]
100070c8:	60a3      	str	r3, [r4, #8]
100070ca:	b007      	add	sp, #28
100070cc:	e8bd 8ff0 	ldmia.w	sp!, {r4, r5, r6, r7, r8, r9, sl, fp, pc}
100070d0:	9002      	str	r0, [sp, #8]
100070d2:	e7cd      	b.n	10007070 <lfs_dir_commitattr+0x184>
100070d4:	f06f 0301 	mvn.w	r3, #1
100070d8:	e7c9      	b.n	1000706e <lfs_dir_commitattr+0x182>
100070da:	f06f 030a 	mvn.w	r3, #10
100070de:	e7c6      	b.n	1000706e <lfs_dir_commitattr+0x182>
100070e0:	1000d794 	.word	0x1000d794
100070e4:	20001e00 	.word	0x20001e00

100070e8 <lfs_dir_commit_commit>:
100070e8:	6800      	ldr	r0, [r0, #0]
100070ea:	f7ff beff 	b.w	10006eec <lfs_dir_commitattr>
100070ee:	bf00      	nop

100070f0 <lfs_dir_commitcrc>:
100070f0:	e92d 4ff0 	stmdb	sp!, {r4, r5, r6, r7, r8, r9, sl, fp, lr}
100070f4:	f8df a2d0 	ldr.w	sl, [pc, #720]	@ 100073c8 <lfs_dir_commitcrc+0x2d8>
100070f8:	6846      	ldr	r6, [r0, #4]
100070fa:	f8da 3068 	ldr.w	r3, [sl, #104]	@ 0x68
100070fe:	4605      	mov	r5, r0
10007100:	6959      	ldr	r1, [r3, #20]
10007102:	b08b      	sub	sp, #44	@ 0x2c
10007104:	1dca      	adds	r2, r1, #7
10007106:	eb02 0806 	add.w	r8, r2, r6
1000710a:	fbb8 f8f1 	udiv	r8, r8, r1
1000710e:	fb01 f808 	mul.w	r8, r1, r8
10007112:	4546      	cmp	r6, r8
10007114:	f080 8150 	bcs.w	100073b8 <lfs_dir_commitcrc+0x2c8>
10007118:	2200      	movs	r2, #0
1000711a:	4619      	mov	r1, r3
1000711c:	4ca8      	ldr	r4, [pc, #672]	@ (100073c0 <lfs_dir_commitcrc+0x2d0>)
1000711e:	f8df 92a4 	ldr.w	r9, [pc, #676]	@ 100073c4 <lfs_dir_commitcrc+0x2d4>
10007122:	9204      	str	r2, [sp, #16]
10007124:	9203      	str	r2, [sp, #12]
10007126:	e015      	b.n	10007154 <lfs_dir_commitcrc+0x64>
10007128:	f04f 32ff 	mov.w	r2, #4294967295	@ 0xffffffff
1000712c:	9907      	ldr	r1, [sp, #28]
1000712e:	f007 4700 	and.w	r7, r7, #2147483648	@ 0x80000000
10007132:	f3c1 0609 	ubfx	r6, r1, #0, #10
10007136:	3604      	adds	r6, #4
10007138:	441e      	add	r6, r3
1000713a:	404f      	eors	r7, r1
1000713c:	68e9      	ldr	r1, [r5, #12]
1000713e:	3304      	adds	r3, #4
10007140:	45b0      	cmp	r8, r6
10007142:	e9c5 6701 	strd	r6, r7, [r5, #4]
10007146:	9104      	str	r1, [sp, #16]
10007148:	9303      	str	r3, [sp, #12]
1000714a:	60ea      	str	r2, [r5, #12]
1000714c:	f240 80a8 	bls.w	100072a0 <lfs_dir_commitcrc+0x1b0>
10007150:	f8da 1068 	ldr.w	r1, [sl, #104]	@ 0x68
10007154:	f240 32fe 	movw	r2, #1022	@ 0x3fe
10007158:	3604      	adds	r6, #4
1000715a:	eba8 0006 	sub.w	r0, r8, r6
1000715e:	4290      	cmp	r0, r2
10007160:	bf94      	ite	ls
10007162:	eb06 0b00 	addls.w	fp, r6, r0
10007166:	eb06 0b02 	addhi.w	fp, r6, r2
1000716a:	45c3      	cmp	fp, r8
1000716c:	d204      	bcs.n	10007178 <lfs_dir_commitcrc+0x88>
1000716e:	f1a8 0208 	sub.w	r2, r8, #8
10007172:	4593      	cmp	fp, r2
10007174:	bf28      	it	cs
10007176:	4693      	movcs	fp, r2
10007178:	f04f 37ff 	mov.w	r7, #4294967295	@ 0xffffffff
1000717c:	682a      	ldr	r2, [r5, #0]
1000717e:	69c8      	ldr	r0, [r1, #28]
10007180:	9707      	str	r7, [sp, #28]
10007182:	4282      	cmp	r2, r0
10007184:	f080 8105 	bcs.w	10007392 <lfs_dir_commitcrc+0x2a2>
10007188:	6989      	ldr	r1, [r1, #24]
1000718a:	f10b 0004 	add.w	r0, fp, #4
1000718e:	4288      	cmp	r0, r1
10007190:	f200 80ff 	bhi.w	10007392 <lfs_dir_commitcrc+0x2a2>
10007194:	2104      	movs	r1, #4
10007196:	a807      	add	r0, sp, #28
10007198:	9000      	str	r0, [sp, #0]
1000719a:	465b      	mov	r3, fp
1000719c:	4650      	mov	r0, sl
1000719e:	9101      	str	r1, [sp, #4]
100071a0:	f7ff f8ce 	bl	10006340 <lfs_bd_read.part.0.constprop.0>
100071a4:	b110      	cbz	r0, 100071ac <lfs_dir_commitcrc+0xbc>
100071a6:	1c82      	adds	r2, r0, #2
100071a8:	f040 80f0 	bne.w	1000738c <lfs_dir_commitcrc+0x29c>
100071ac:	9f07      	ldr	r7, [sp, #28]
100071ae:	682a      	ldr	r2, [r5, #0]
100071b0:	ba3f      	rev	r7, r7
100071b2:	43ff      	mvns	r7, r7
100071b4:	0ff8      	lsrs	r0, r7, #31
100071b6:	f500 60a0 	add.w	r0, r0, #1280	@ 0x500
100071ba:	0500      	lsls	r0, r0, #20
100071bc:	ebab 0306 	sub.w	r3, fp, r6
100071c0:	68a9      	ldr	r1, [r5, #8]
100071c2:	4303      	orrs	r3, r0
100071c4:	f8d5 c00c 	ldr.w	ip, [r5, #12]
100071c8:	4323      	orrs	r3, r4
100071ca:	ea83 0601 	eor.w	r6, r3, r1
100071ce:	ba30      	rev	r0, r6
100071d0:	ea8c 6616 	eor.w	r6, ip, r6, lsr #24
100071d4:	f006 060f 	and.w	r6, r6, #15
100071d8:	4611      	mov	r1, r2
100071da:	f859 2026 	ldr.w	r2, [r9, r6, lsl #2]
100071de:	9307      	str	r3, [sp, #28]
100071e0:	ea82 121c 	eor.w	r2, r2, ip, lsr #4
100071e4:	ea82 1610 	eor.w	r6, r2, r0, lsr #4
100071e8:	f006 060f 	and.w	r6, r6, #15
100071ec:	f859 6026 	ldr.w	r6, [r9, r6, lsl #2]
100071f0:	f3c0 2307 	ubfx	r3, r0, #8, #8
100071f4:	ea86 1612 	eor.w	r6, r6, r2, lsr #4
100071f8:	ea83 0206 	eor.w	r2, r3, r6
100071fc:	f002 020f 	and.w	r2, r2, #15
10007200:	f859 2022 	ldr.w	r2, [r9, r2, lsl #2]
10007204:	9008      	str	r0, [sp, #32]
10007206:	ea82 1216 	eor.w	r2, r2, r6, lsr #4
1000720a:	ea82 1313 	eor.w	r3, r2, r3, lsr #4
1000720e:	f003 030f 	and.w	r3, r3, #15
10007212:	f859 6023 	ldr.w	r6, [r9, r3, lsl #2]
10007216:	f3c0 4307 	ubfx	r3, r0, #16, #8
1000721a:	ea86 1c12 	eor.w	ip, r6, r2, lsr #4
1000721e:	2608      	movs	r6, #8
10007220:	ea83 020c 	eor.w	r2, r3, ip
10007224:	f002 020f 	and.w	r2, r2, #15
10007228:	f859 2022 	ldr.w	r2, [r9, r2, lsl #2]
1000722c:	9600      	str	r6, [sp, #0]
1000722e:	ea82 121c 	eor.w	r2, r2, ip, lsr #4
10007232:	ea82 1313 	eor.w	r3, r2, r3, lsr #4
10007236:	f003 030f 	and.w	r3, r3, #15
1000723a:	f859 3023 	ldr.w	r3, [r9, r3, lsl #2]
1000723e:	ea83 1c12 	eor.w	ip, r3, r2, lsr #4
10007242:	ea8c 6310 	eor.w	r3, ip, r0, lsr #24
10007246:	f003 030f 	and.w	r3, r3, #15
1000724a:	f859 2023 	ldr.w	r2, [r9, r3, lsl #2]
1000724e:	ab08      	add	r3, sp, #32
10007250:	ea82 121c 	eor.w	r2, r2, ip, lsr #4
10007254:	ea82 7010 	eor.w	r0, r2, r0, lsr #28
10007258:	f000 000f 	and.w	r0, r0, #15
1000725c:	f859 6020 	ldr.w	r6, [r9, r0, lsl #2]
10007260:	2000      	movs	r0, #0
10007262:	ea86 1612 	eor.w	r6, r6, r2, lsr #4
10007266:	60ee      	str	r6, [r5, #12]
10007268:	686a      	ldr	r2, [r5, #4]
1000726a:	9609      	str	r6, [sp, #36]	@ 0x24
1000726c:	f7ff fc9c 	bl	10006ba8 <lfs_bd_prog.constprop.0>
10007270:	2800      	cmp	r0, #0
10007272:	f040 808b 	bne.w	1000738c <lfs_dir_commitcrc+0x29c>
10007276:	9a03      	ldr	r2, [sp, #12]
10007278:	686b      	ldr	r3, [r5, #4]
1000727a:	2a00      	cmp	r2, #0
1000727c:	f43f af54 	beq.w	10007128 <lfs_dir_commitcrc+0x38>
10007280:	f04f 32ff 	mov.w	r2, #4294967295	@ 0xffffffff
10007284:	9907      	ldr	r1, [sp, #28]
10007286:	f007 4700 	and.w	r7, r7, #2147483648	@ 0x80000000
1000728a:	f3c1 0609 	ubfx	r6, r1, #0, #10
1000728e:	3604      	adds	r6, #4
10007290:	441e      	add	r6, r3
10007292:	404f      	eors	r7, r1
10007294:	4546      	cmp	r6, r8
10007296:	e9c5 6701 	strd	r6, r7, [r5, #4]
1000729a:	60ea      	str	r2, [r5, #12]
1000729c:	f4ff af58 	bcc.w	10007150 <lfs_dir_commitcrc+0x60>
100072a0:	f04f 34ff 	mov.w	r4, #4294967295	@ 0xffffffff
100072a4:	f8da 0010 	ldr.w	r0, [sl, #16]
100072a8:	f8ca 4000 	str.w	r4, [sl]
100072ac:	1cc3      	adds	r3, r0, #3
100072ae:	d81c      	bhi.n	100072ea <lfs_dir_commitcrc+0x1fa>
100072b0:	f8da 1068 	ldr.w	r1, [sl, #104]	@ 0x68
100072b4:	f8da 3018 	ldr.w	r3, [sl, #24]
100072b8:	694a      	ldr	r2, [r1, #20]
100072ba:	4423      	add	r3, r4
100072bc:	4413      	add	r3, r2
100072be:	fbb3 f3f2 	udiv	r3, r3, r2
100072c2:	688e      	ldr	r6, [r1, #8]
100072c4:	fb02 f303 	mul.w	r3, r2, r3
100072c8:	f8da 1014 	ldr.w	r1, [sl, #20]
100072cc:	f8da 201c 	ldr.w	r2, [sl, #28]
100072d0:	47b0      	blx	r6
100072d2:	2800      	cmp	r0, #0
100072d4:	d15a      	bne.n	1000738c <lfs_dir_commitcrc+0x29c>
100072d6:	f8da 3068 	ldr.w	r3, [sl, #104]	@ 0x68
100072da:	21ff      	movs	r1, #255	@ 0xff
100072dc:	6a5a      	ldr	r2, [r3, #36]	@ 0x24
100072de:	f8da 001c 	ldr.w	r0, [sl, #28]
100072e2:	f005 fd81 	bl	1000cde8 <__memset_veneer>
100072e6:	f8ca 4010 	str.w	r4, [sl, #16]
100072ea:	692b      	ldr	r3, [r5, #16]
100072ec:	4543      	cmp	r3, r8
100072ee:	d24c      	bcs.n	1000738a <lfs_dir_commitcrc+0x29a>
100072f0:	9a03      	ldr	r2, [sp, #12]
100072f2:	46ab      	mov	fp, r5
100072f4:	4691      	mov	r9, r2
100072f6:	4f33      	ldr	r7, [pc, #204]	@ (100073c4 <lfs_dir_commitcrc+0x2d4>)
100072f8:	f8cd 8014 	str.w	r8, [sp, #20]
100072fc:	9a03      	ldr	r2, [sp, #12]
100072fe:	f102 0804 	add.w	r8, r2, #4
10007302:	4598      	cmp	r8, r3
10007304:	d949      	bls.n	1000739a <lfs_dir_commitcrc+0x2aa>
10007306:	f04f 34ff 	mov.w	r4, #4294967295	@ 0xffffffff
1000730a:	e000      	b.n	1000730e <lfs_dir_commitcrc+0x21e>
1000730c:	4633      	mov	r3, r6
1000730e:	454b      	cmp	r3, r9
10007310:	f103 0601 	add.w	r6, r3, #1
10007314:	eba8 0103 	sub.w	r1, r8, r3
10007318:	d102      	bne.n	10007320 <lfs_dir_commitcrc+0x230>
1000731a:	9a04      	ldr	r2, [sp, #16]
1000731c:	4294      	cmp	r4, r2
1000731e:	d13c      	bne.n	1000739a <lfs_dir_commitcrc+0x2aa>
10007320:	f8da 0068 	ldr.w	r0, [sl, #104]	@ 0x68
10007324:	f8db 2000 	ldr.w	r2, [fp]
10007328:	69c5      	ldr	r5, [r0, #28]
1000732a:	42aa      	cmp	r2, r5
1000732c:	d235      	bcs.n	1000739a <lfs_dir_commitcrc+0x2aa>
1000732e:	6980      	ldr	r0, [r0, #24]
10007330:	4286      	cmp	r6, r0
10007332:	d832      	bhi.n	1000739a <lfs_dir_commitcrc+0x2aa>
10007334:	2001      	movs	r0, #1
10007336:	9001      	str	r0, [sp, #4]
10007338:	a808      	add	r0, sp, #32
1000733a:	9000      	str	r0, [sp, #0]
1000733c:	4822      	ldr	r0, [pc, #136]	@ (100073c8 <lfs_dir_commitcrc+0x2d8>)
1000733e:	f7fe ffff 	bl	10006340 <lfs_bd_read.part.0.constprop.0>
10007342:	bb18      	cbnz	r0, 1000738c <lfs_dir_commitcrc+0x29c>
10007344:	f89d 3020 	ldrb.w	r3, [sp, #32]
10007348:	45b0      	cmp	r8, r6
1000734a:	ea83 0204 	eor.w	r2, r3, r4
1000734e:	f002 020f 	and.w	r2, r2, #15
10007352:	f857 1022 	ldr.w	r1, [r7, r2, lsl #2]
10007356:	ea81 1114 	eor.w	r1, r1, r4, lsr #4
1000735a:	ea81 1313 	eor.w	r3, r1, r3, lsr #4
1000735e:	f003 030f 	and.w	r3, r3, #15
10007362:	f857 3023 	ldr.w	r3, [r7, r3, lsl #2]
10007366:	ea4f 1211 	mov.w	r2, r1, lsr #4
1000736a:	ea83 1411 	eor.w	r4, r3, r1, lsr #4
1000736e:	d8cd      	bhi.n	1000730c <lfs_dir_commitcrc+0x21c>
10007370:	429a      	cmp	r2, r3
10007372:	d112      	bne.n	1000739a <lfs_dir_commitcrc+0x2aa>
10007374:	f240 33fe 	movw	r3, #1022	@ 0x3fe
10007378:	9805      	ldr	r0, [sp, #20]
1000737a:	9a03      	ldr	r2, [sp, #12]
1000737c:	1a81      	subs	r1, r0, r2
1000737e:	4299      	cmp	r1, r3
10007380:	bf94      	ite	ls
10007382:	1852      	addls	r2, r2, r1
10007384:	18d2      	addhi	r2, r2, r3
10007386:	4282      	cmp	r2, r0
10007388:	d30c      	bcc.n	100073a4 <lfs_dir_commitcrc+0x2b4>
1000738a:	2000      	movs	r0, #0
1000738c:	b00b      	add	sp, #44	@ 0x2c
1000738e:	e8bd 8ff0 	ldmia.w	sp!, {r4, r5, r6, r7, r8, r9, sl, fp, pc}
10007392:	f04f 40a0 	mov.w	r0, #1342177280	@ 0x50000000
10007396:	2700      	movs	r7, #0
10007398:	e710      	b.n	100071bc <lfs_dir_commitcrc+0xcc>
1000739a:	f06f 0001 	mvn.w	r0, #1
1000739e:	b00b      	add	sp, #44	@ 0x2c
100073a0:	e8bd 8ff0 	ldmia.w	sp!, {r4, r5, r6, r7, r8, r9, sl, fp, pc}
100073a4:	f1a0 0308 	sub.w	r3, r0, #8
100073a8:	4293      	cmp	r3, r2
100073aa:	bf28      	it	cs
100073ac:	4613      	movcs	r3, r2
100073ae:	1d1a      	adds	r2, r3, #4
100073b0:	4298      	cmp	r0, r3
100073b2:	9203      	str	r2, [sp, #12]
100073b4:	d8a2      	bhi.n	100072fc <lfs_dir_commitcrc+0x20c>
100073b6:	e7e8      	b.n	1000738a <lfs_dir_commitcrc+0x29a>
100073b8:	2300      	movs	r3, #0
100073ba:	e9cd 3303 	strd	r3, r3, [sp, #12]
100073be:	e76f      	b.n	100072a0 <lfs_dir_commitcrc+0x1b0>
100073c0:	000ffc00 	.word	0x000ffc00
100073c4:	1000d794 	.word	0x1000d794
100073c8:	20001e00 	.word	0x20001e00

100073cc <lfs_dir_fetchmatch>:
100073cc:	e92d 4ff0 	stmdb	sp!, {r4, r5, r6, r7, r8, r9, sl, fp, lr}
100073d0:	f8df a290 	ldr.w	sl, [pc, #656]	@ 10007664 <lfs_dir_fetchmatch+0x298>
100073d4:	460c      	mov	r4, r1
100073d6:	f8da 5068 	ldr.w	r5, [sl, #104]	@ 0x68
100073da:	6809      	ldr	r1, [r1, #0]
100073dc:	69ef      	ldr	r7, [r5, #28]
100073de:	b097      	sub	sp, #92	@ 0x5c
100073e0:	42b9      	cmp	r1, r7
100073e2:	e9cd 2308 	strd	r2, r3, [sp, #32]
100073e6:	9e20      	ldr	r6, [sp, #128]	@ 0x80
100073e8:	f080 81d7 	bcs.w	1000779a <lfs_dir_fetchmatch+0x3ce>
100073ec:	6862      	ldr	r2, [r4, #4]
100073ee:	4297      	cmp	r7, r2
100073f0:	f240 81d3 	bls.w	1000779a <lfs_dir_fetchmatch+0x3ce>
100073f4:	2300      	movs	r3, #0
100073f6:	4683      	mov	fp, r0
100073f8:	69a8      	ldr	r0, [r5, #24]
100073fa:	e9cd 3310 	strd	r3, r3, [sp, #64]	@ 0x40
100073fe:	2803      	cmp	r0, #3
10007400:	d90d      	bls.n	1000741e <lfs_dir_fetchmatch+0x52>
10007402:	460a      	mov	r2, r1
10007404:	2104      	movs	r1, #4
10007406:	a810      	add	r0, sp, #64	@ 0x40
10007408:	9000      	str	r0, [sp, #0]
1000740a:	9101      	str	r1, [sp, #4]
1000740c:	4650      	mov	r0, sl
1000740e:	f7fe ff97 	bl	10006340 <lfs_bd_read.part.0.constprop.0>
10007412:	4603      	mov	r3, r0
10007414:	4605      	mov	r5, r0
10007416:	2800      	cmp	r0, #0
10007418:	f040 81ca 	bne.w	100077b0 <lfs_dir_fetchmatch+0x3e4>
1000741c:	6862      	ldr	r2, [r4, #4]
1000741e:	f8da 3068 	ldr.w	r3, [sl, #104]	@ 0x68
10007422:	69d9      	ldr	r1, [r3, #28]
10007424:	428a      	cmp	r2, r1
10007426:	f080 81c1 	bcs.w	100077ac <lfs_dir_fetchmatch+0x3e0>
1000742a:	699b      	ldr	r3, [r3, #24]
1000742c:	2b03      	cmp	r3, #3
1000742e:	f240 81bd 	bls.w	100077ac <lfs_dir_fetchmatch+0x3e0>
10007432:	2104      	movs	r1, #4
10007434:	ab11      	add	r3, sp, #68	@ 0x44
10007436:	9300      	str	r3, [sp, #0]
10007438:	488a      	ldr	r0, [pc, #552]	@ (10007664 <lfs_dir_fetchmatch+0x298>)
1000743a:	2300      	movs	r3, #0
1000743c:	9101      	str	r1, [sp, #4]
1000743e:	f7fe ff7f 	bl	10006340 <lfs_bd_read.part.0.constprop.0>
10007442:	4603      	mov	r3, r0
10007444:	4605      	mov	r5, r0
10007446:	2800      	cmp	r0, #0
10007448:	f040 81ae 	bne.w	100077a8 <lfs_dir_fetchmatch+0x3dc>
1000744c:	e9dd 2310 	ldrd	r2, r3, [sp, #64]	@ 0x40
10007450:	1a9b      	subs	r3, r3, r2
10007452:	2b00      	cmp	r3, #0
10007454:	bfd4      	ite	le
10007456:	2300      	movle	r3, #0
10007458:	2301      	movgt	r3, #1
1000745a:	2000      	movs	r0, #0
1000745c:	f854 2023 	ldr.w	r2, [r4, r3, lsl #2]
10007460:	f083 0e01 	eor.w	lr, r3, #1
10007464:	eb0d 0383 	add.w	r3, sp, r3, lsl #2
10007468:	6c1b      	ldr	r3, [r3, #64]	@ 0x40
1000746a:	f8cb 2000 	str.w	r2, [fp]
1000746e:	f854 102e 	ldr.w	r1, [r4, lr, lsl #2]
10007472:	e9cb 3002 	strd	r3, r0, [fp, #8]
10007476:	f04f 33ff 	mov.w	r3, #4294967295	@ 0xffffffff
1000747a:	f04f 0802 	mov.w	r8, #2
1000747e:	469c      	mov	ip, r3
10007480:	f8df 91e8 	ldr.w	r9, [pc, #488]	@ 1000766c <lfs_dir_fetchmatch+0x2a0>
10007484:	f8cb 1004 	str.w	r1, [fp, #4]
10007488:	f8cd e034 	str.w	lr, [sp, #52]	@ 0x34
1000748c:	f8cd 802c 	str.w	r8, [sp, #44]	@ 0x2c
10007490:	9620      	str	r6, [sp, #128]	@ 0x80
10007492:	f89b e008 	ldrb.w	lr, [fp, #8]
10007496:	f89b 4009 	ldrb.w	r4, [fp, #9]
1000749a:	ea6f 070e 	mvn.w	r7, lr
1000749e:	f007 070f 	and.w	r7, r7, #15
100074a2:	f859 7027 	ldr.w	r7, [r9, r7, lsl #2]
100074a6:	f89b 000a 	ldrb.w	r0, [fp, #10]
100074aa:	f087 4770 	eor.w	r7, r7, #4026531840	@ 0xf0000000
100074ae:	43ff      	mvns	r7, r7
100074b0:	ea87 1e1e 	eor.w	lr, r7, lr, lsr #4
100074b4:	f00e 0e0f 	and.w	lr, lr, #15
100074b8:	f859 e02e 	ldr.w	lr, [r9, lr, lsl #2]
100074bc:	f89b 100b 	ldrb.w	r1, [fp, #11]
100074c0:	ea8e 1e17 	eor.w	lr, lr, r7, lsr #4
100074c4:	ea84 070e 	eor.w	r7, r4, lr
100074c8:	f007 070f 	and.w	r7, r7, #15
100074cc:	f859 7027 	ldr.w	r7, [r9, r7, lsl #2]
100074d0:	f8da 3068 	ldr.w	r3, [sl, #104]	@ 0x68
100074d4:	ea87 171e 	eor.w	r7, r7, lr, lsr #4
100074d8:	ea87 1414 	eor.w	r4, r7, r4, lsr #4
100074dc:	f004 040f 	and.w	r4, r4, #15
100074e0:	f859 4024 	ldr.w	r4, [r9, r4, lsl #2]
100074e4:	ae12      	add	r6, sp, #72	@ 0x48
100074e6:	ea84 1717 	eor.w	r7, r4, r7, lsr #4
100074ea:	ea80 0407 	eor.w	r4, r0, r7
100074ee:	f004 040f 	and.w	r4, r4, #15
100074f2:	f859 4024 	ldr.w	r4, [r9, r4, lsl #2]
100074f6:	e9d3 3506 	ldrd	r3, r5, [r3, #24]
100074fa:	ea84 1417 	eor.w	r4, r4, r7, lsr #4
100074fe:	ea84 1010 	eor.w	r0, r4, r0, lsr #4
10007502:	f000 000f 	and.w	r0, r0, #15
10007506:	f859 0020 	ldr.w	r0, [r9, r0, lsl #2]
1000750a:	4295      	cmp	r5, r2
1000750c:	ea80 1414 	eor.w	r4, r0, r4, lsr #4
10007510:	ea81 0004 	eor.w	r0, r1, r4
10007514:	f000 000f 	and.w	r0, r0, #15
10007518:	f859 0020 	ldr.w	r0, [r9, r0, lsl #2]
1000751c:	ea80 1014 	eor.w	r0, r0, r4, lsr #4
10007520:	ea80 1111 	eor.w	r1, r0, r1, lsr #4
10007524:	f001 010f 	and.w	r1, r1, #15
10007528:	f859 4021 	ldr.w	r4, [r9, r1, lsl #2]
1000752c:	494e      	ldr	r1, [pc, #312]	@ (10007668 <lfs_dir_fetchmatch+0x29c>)
1000752e:	ea84 1410 	eor.w	r4, r4, r0, lsr #4
10007532:	c903      	ldmia	r1, {r0, r1}
10007534:	e886 0003 	stmia.w	r6, {r0, r1}
10007538:	f240 82b9 	bls.w	10007aae <lfs_dir_fetchmatch+0x6e2>
1000753c:	2100      	movs	r1, #0
1000753e:	f04f 37ff 	mov.w	r7, #4294967295	@ 0xffffffff
10007542:	910c      	str	r1, [sp, #48]	@ 0x30
10007544:	9107      	str	r1, [sp, #28]
10007546:	f04f 0804 	mov.w	r8, #4
1000754a:	4619      	mov	r1, r3
1000754c:	f8cd c028 	str.w	ip, [sp, #40]	@ 0x28
10007550:	9703      	str	r7, [sp, #12]
10007552:	f8cd c018 	str.w	ip, [sp, #24]
10007556:	f108 0504 	add.w	r5, r8, #4
1000755a:	42a9      	cmp	r1, r5
1000755c:	f0c0 80fb 	bcc.w	10007756 <lfs_dir_fetchmatch+0x38a>
10007560:	2704      	movs	r7, #4
10007562:	ab0f      	add	r3, sp, #60	@ 0x3c
10007564:	9300      	str	r3, [sp, #0]
10007566:	483f      	ldr	r0, [pc, #252]	@ (10007664 <lfs_dir_fetchmatch+0x298>)
10007568:	4643      	mov	r3, r8
1000756a:	9701      	str	r7, [sp, #4]
1000756c:	f7fe fee8 	bl	10006340 <lfs_bd_read.part.0.constprop.0>
10007570:	2800      	cmp	r0, #0
10007572:	f040 824b 	bne.w	10007a0c <lfs_dir_fetchmatch+0x640>
10007576:	f89d 203c 	ldrb.w	r2, [sp, #60]	@ 0x3c
1000757a:	f89d 303d 	ldrb.w	r3, [sp, #61]	@ 0x3d
1000757e:	ea82 0104 	eor.w	r1, r2, r4
10007582:	f001 010f 	and.w	r1, r1, #15
10007586:	f859 1021 	ldr.w	r1, [r9, r1, lsl #2]
1000758a:	f8dd c03c 	ldr.w	ip, [sp, #60]	@ 0x3c
1000758e:	ea81 1414 	eor.w	r4, r1, r4, lsr #4
10007592:	ea84 1212 	eor.w	r2, r4, r2, lsr #4
10007596:	f002 020f 	and.w	r2, r2, #15
1000759a:	f859 1022 	ldr.w	r1, [r9, r2, lsl #2]
1000759e:	fa9c fc8c 	rev.w	ip, ip
100075a2:	ea81 1114 	eor.w	r1, r1, r4, lsr #4
100075a6:	ea83 0201 	eor.w	r2, r3, r1
100075aa:	f002 020f 	and.w	r2, r2, #15
100075ae:	f859 2022 	ldr.w	r2, [r9, r2, lsl #2]
100075b2:	ea82 1211 	eor.w	r2, r2, r1, lsr #4
100075b6:	ea82 1313 	eor.w	r3, r2, r3, lsr #4
100075ba:	f003 030f 	and.w	r3, r3, #15
100075be:	f859 1023 	ldr.w	r1, [r9, r3, lsl #2]
100075c2:	f89d 303f 	ldrb.w	r3, [sp, #63]	@ 0x3f
100075c6:	ea81 1112 	eor.w	r1, r1, r2, lsr #4
100075ca:	f89d 203e 	ldrb.w	r2, [sp, #62]	@ 0x3e
100075ce:	ea82 0401 	eor.w	r4, r2, r1
100075d2:	f004 040f 	and.w	r4, r4, #15
100075d6:	f859 4024 	ldr.w	r4, [r9, r4, lsl #2]
100075da:	ea84 1411 	eor.w	r4, r4, r1, lsr #4
100075de:	ea84 1212 	eor.w	r2, r4, r2, lsr #4
100075e2:	f002 020f 	and.w	r2, r2, #15
100075e6:	f859 1022 	ldr.w	r1, [r9, r2, lsl #2]
100075ea:	ea81 1114 	eor.w	r1, r1, r4, lsr #4
100075ee:	ea83 0201 	eor.w	r2, r3, r1
100075f2:	f002 020f 	and.w	r2, r2, #15
100075f6:	f859 2022 	ldr.w	r2, [r9, r2, lsl #2]
100075fa:	ea82 1211 	eor.w	r2, r2, r1, lsr #4
100075fe:	ea82 1313 	eor.w	r3, r2, r3, lsr #4
10007602:	f003 030f 	and.w	r3, r3, #15
10007606:	f859 4023 	ldr.w	r4, [r9, r3, lsl #2]
1000760a:	9b03      	ldr	r3, [sp, #12]
1000760c:	ea84 1412 	eor.w	r4, r4, r2, lsr #4
10007610:	ea8c 0603 	eor.w	r6, ip, r3
10007614:	2e00      	cmp	r6, #0
10007616:	46b4      	mov	ip, r6
10007618:	960f      	str	r6, [sp, #60]	@ 0x3c
1000761a:	f2c0 81e0 	blt.w	100079de <lfs_dir_fetchmatch+0x612>
1000761e:	f346 0209 	sbfx	r2, r6, #0, #10
10007622:	f1b2 3fff 	cmp.w	r2, #4294967295	@ 0xffffffff
10007626:	bf14      	ite	ne
10007628:	4633      	movne	r3, r6
1000762a:	1c73      	addeq	r3, r6, #1
1000762c:	f8da 2068 	ldr.w	r2, [sl, #104]	@ 0x68
10007630:	f3c3 0309 	ubfx	r3, r3, #0, #10
10007634:	6991      	ldr	r1, [r2, #24]
10007636:	f103 0e04 	add.w	lr, r3, #4
1000763a:	9304      	str	r3, [sp, #16]
1000763c:	eb08 030e 	add.w	r3, r8, lr
10007640:	428b      	cmp	r3, r1
10007642:	f200 81c5 	bhi.w	100079d0 <lfs_dir_fetchmatch+0x604>
10007646:	0d30      	lsrs	r0, r6, #20
10007648:	f400 63e0 	and.w	r3, r0, #1792	@ 0x700
1000764c:	f5b3 6fa0 	cmp.w	r3, #1280	@ 0x500
10007650:	f000 80e9 	beq.w	10007826 <lfs_dir_fetchmatch+0x45a>
10007654:	f1be 0f04 	cmp.w	lr, #4
10007658:	f000 81a8 	beq.w	100079ac <lfs_dir_fetchmatch+0x5e0>
1000765c:	9603      	str	r6, [sp, #12]
1000765e:	9505      	str	r5, [sp, #20]
10007660:	e00a      	b.n	10007678 <lfs_dir_fetchmatch+0x2ac>
10007662:	bf00      	nop
10007664:	20001e00 	.word	0x20001e00
10007668:	1000d7d4 	.word	0x1000d7d4
1000766c:	1000d794 	.word	0x1000d794
10007670:	463d      	mov	r5, r7
10007672:	f8da 2068 	ldr.w	r2, [sl, #104]	@ 0x68
10007676:	6991      	ldr	r1, [r2, #24]
10007678:	69d0      	ldr	r0, [r2, #28]
1000767a:	f8db 2000 	ldr.w	r2, [fp]
1000767e:	1c6f      	adds	r7, r5, #1
10007680:	4282      	cmp	r2, r0
10007682:	f080 815e 	bcs.w	10007942 <lfs_dir_fetchmatch+0x576>
10007686:	428f      	cmp	r7, r1
10007688:	f200 815b 	bhi.w	10007942 <lfs_dir_fetchmatch+0x576>
1000768c:	2601      	movs	r6, #1
1000768e:	9601      	str	r6, [sp, #4]
10007690:	ae14      	add	r6, sp, #80	@ 0x50
10007692:	462b      	mov	r3, r5
10007694:	48bd      	ldr	r0, [pc, #756]	@ (1000798c <lfs_dir_fetchmatch+0x5c0>)
10007696:	9600      	str	r6, [sp, #0]
10007698:	f7fe fe52 	bl	10006340 <lfs_bd_read.part.0.constprop.0>
1000769c:	2800      	cmp	r0, #0
1000769e:	f040 80b1 	bne.w	10007804 <lfs_dir_fetchmatch+0x438>
100076a2:	f89d 2050 	ldrb.w	r2, [sp, #80]	@ 0x50
100076a6:	990f      	ldr	r1, [sp, #60]	@ 0x3c
100076a8:	ea82 0004 	eor.w	r0, r2, r4
100076ac:	f000 000f 	and.w	r0, r0, #15
100076b0:	f859 0020 	ldr.w	r0, [r9, r0, lsl #2]
100076b4:	468c      	mov	ip, r1
100076b6:	ea80 1e14 	eor.w	lr, r0, r4, lsr #4
100076ba:	f341 0409 	sbfx	r4, r1, #0, #10
100076be:	f1b4 3fff 	cmp.w	r4, #4294967295	@ 0xffffffff
100076c2:	bf14      	ite	ne
100076c4:	4608      	movne	r0, r1
100076c6:	1c48      	addeq	r0, r1, #1
100076c8:	ea8e 1212 	eor.w	r2, lr, r2, lsr #4
100076cc:	f002 020f 	and.w	r2, r2, #15
100076d0:	f859 4022 	ldr.w	r4, [r9, r2, lsl #2]
100076d4:	f3c0 0009 	ubfx	r0, r0, #0, #10
100076d8:	f1c8 0201 	rsb	r2, r8, #1
100076dc:	442a      	add	r2, r5
100076de:	3004      	adds	r0, #4
100076e0:	4290      	cmp	r0, r2
100076e2:	ea84 141e 	eor.w	r4, r4, lr, lsr #4
100076e6:	d8c3      	bhi.n	10007670 <lfs_dir_fetchmatch+0x2a4>
100076e8:	0d08      	lsrs	r0, r1, #20
100076ea:	9e03      	ldr	r6, [sp, #12]
100076ec:	9d05      	ldr	r5, [sp, #20]
100076ee:	f8db 2000 	ldr.w	r2, [fp]
100076f2:	f400 63e0 	and.w	r3, r0, #1792	@ 0x700
100076f6:	2b00      	cmp	r3, #0
100076f8:	d15e      	bne.n	100077b8 <lfs_dir_fetchmatch+0x3ec>
100076fa:	9807      	ldr	r0, [sp, #28]
100076fc:	f3c1 2389 	ubfx	r3, r1, #10, #10
10007700:	4298      	cmp	r0, r3
10007702:	d801      	bhi.n	10007708 <lfs_dir_fetchmatch+0x33c>
10007704:	3301      	adds	r3, #1
10007706:	9307      	str	r3, [sp, #28]
10007708:	9b09      	ldr	r3, [sp, #36]	@ 0x24
1000770a:	ea83 0701 	eor.w	r7, r3, r1
1000770e:	9b08      	ldr	r3, [sp, #32]
10007710:	401f      	ands	r7, r3
10007712:	d115      	bne.n	10007740 <lfs_dir_fetchmatch+0x374>
10007714:	e9cd 2514 	strd	r2, r5, [sp, #80]	@ 0x50
10007718:	9822      	ldr	r0, [sp, #136]	@ 0x88
1000771a:	9b21      	ldr	r3, [sp, #132]	@ 0x84
1000771c:	aa14      	add	r2, sp, #80	@ 0x50
1000771e:	4798      	blx	r3
10007720:	2800      	cmp	r0, #0
10007722:	f2c0 8178 	blt.w	10007a16 <lfs_dir_fetchmatch+0x64a>
10007726:	9b0f      	ldr	r3, [sp, #60]	@ 0x3c
10007728:	d06a      	beq.n	10007800 <lfs_dir_fetchmatch+0x434>
1000772a:	9906      	ldr	r1, [sp, #24]
1000772c:	4a98      	ldr	r2, [pc, #608]	@ (10007990 <lfs_dir_fetchmatch+0x5c4>)
1000772e:	4059      	eors	r1, r3
10007730:	400a      	ands	r2, r1
10007732:	2a00      	cmp	r2, #0
10007734:	d062      	beq.n	100077fc <lfs_dir_fetchmatch+0x430>
10007736:	2802      	cmp	r0, #2
10007738:	f000 813c 	beq.w	100079b4 <lfs_dir_fetchmatch+0x5e8>
1000773c:	f8db 2000 	ldr.w	r2, [fp]
10007740:	9603      	str	r6, [sp, #12]
10007742:	9b04      	ldr	r3, [sp, #16]
10007744:	442b      	add	r3, r5
10007746:	4698      	mov	r8, r3
10007748:	f8da 3068 	ldr.w	r3, [sl, #104]	@ 0x68
1000774c:	e9d3 1006 	ldrd	r1, r0, [r3, #24]
10007750:	4282      	cmp	r2, r0
10007752:	f4ff af00 	bcc.w	10007556 <lfs_dir_fetchmatch+0x18a>
10007756:	2300      	movs	r3, #0
10007758:	f8dd c028 	ldr.w	ip, [sp, #40]	@ 0x28
1000775c:	f8db 200c 	ldr.w	r2, [fp, #12]
10007760:	f88b 3016 	strb.w	r3, [fp, #22]
10007764:	2a00      	cmp	r2, #0
10007766:	f040 815f 	bne.w	10007a28 <lfs_dir_fetchmatch+0x65c>
1000776a:	e9db 0200 	ldrd	r0, r2, [fp]
1000776e:	9b0d      	ldr	r3, [sp, #52]	@ 0x34
10007770:	e9cb 2000 	strd	r2, r0, [fp]
10007774:	eb0d 0383 	add.w	r3, sp, r3, lsl #2
10007778:	6c1b      	ldr	r3, [r3, #64]	@ 0x40
1000777a:	f8cb 3008 	str.w	r3, [fp, #8]
1000777e:	9b0b      	ldr	r3, [sp, #44]	@ 0x2c
10007780:	2b01      	cmp	r3, #1
10007782:	f040 80ff 	bne.w	10007984 <lfs_dir_fetchmatch+0x5b8>
10007786:	4c83      	ldr	r4, [pc, #524]	@ (10007994 <lfs_dir_fetchmatch+0x5c8>)
10007788:	4613      	mov	r3, r2
1000778a:	e9cd 0400 	strd	r0, r4, [sp]
1000778e:	f240 32e7 	movw	r2, #999	@ 0x3e7
10007792:	4981      	ldr	r1, [pc, #516]	@ (10007998 <lfs_dir_fetchmatch+0x5cc>)
10007794:	4881      	ldr	r0, [pc, #516]	@ (1000799c <lfs_dir_fetchmatch+0x5d0>)
10007796:	f7fc fb19 	bl	10003dcc <__wrap_printf>
1000779a:	f06f 0301 	mvn.w	r3, #1
1000779e:	461d      	mov	r5, r3
100077a0:	4628      	mov	r0, r5
100077a2:	b017      	add	sp, #92	@ 0x5c
100077a4:	e8bd 8ff0 	ldmia.w	sp!, {r4, r5, r6, r7, r8, r9, sl, fp, pc}
100077a8:	3302      	adds	r3, #2
100077aa:	d1f9      	bne.n	100077a0 <lfs_dir_fetchmatch+0x3d4>
100077ac:	2300      	movs	r3, #0
100077ae:	e654      	b.n	1000745a <lfs_dir_fetchmatch+0x8e>
100077b0:	3302      	adds	r3, #2
100077b2:	f43f ae33 	beq.w	1000741c <lfs_dir_fetchmatch+0x50>
100077b6:	e7f3      	b.n	100077a0 <lfs_dir_fetchmatch+0x3d4>
100077b8:	f5b3 6f80 	cmp.w	r3, #1024	@ 0x400
100077bc:	f000 80c4 	beq.w	10007948 <lfs_dir_fetchmatch+0x57c>
100077c0:	f5b3 6fc0 	cmp.w	r3, #1536	@ 0x600
100077c4:	d1a0      	bne.n	10007708 <lfs_dir_fetchmatch+0x33c>
100077c6:	f000 0301 	and.w	r3, r0, #1
100077ca:	930c      	str	r3, [sp, #48]	@ 0x30
100077cc:	f8da 3068 	ldr.w	r3, [sl, #104]	@ 0x68
100077d0:	e9d3 1006 	ldrd	r1, r0, [r3, #24]
100077d4:	4290      	cmp	r0, r2
100077d6:	d9be      	bls.n	10007756 <lfs_dir_fetchmatch+0x38a>
100077d8:	f108 080c 	add.w	r8, r8, #12
100077dc:	4541      	cmp	r1, r8
100077de:	d3ba      	bcc.n	10007756 <lfs_dir_fetchmatch+0x38a>
100077e0:	ab12      	add	r3, sp, #72	@ 0x48
100077e2:	9300      	str	r3, [sp, #0]
100077e4:	2308      	movs	r3, #8
100077e6:	4869      	ldr	r0, [pc, #420]	@ (1000798c <lfs_dir_fetchmatch+0x5c0>)
100077e8:	9301      	str	r3, [sp, #4]
100077ea:	462b      	mov	r3, r5
100077ec:	f7fe fda8 	bl	10006340 <lfs_bd_read.part.0.constprop.0>
100077f0:	3002      	adds	r0, #2
100077f2:	d0b0      	beq.n	10007756 <lfs_dir_fetchmatch+0x38a>
100077f4:	990f      	ldr	r1, [sp, #60]	@ 0x3c
100077f6:	f8db 2000 	ldr.w	r2, [fp]
100077fa:	e785      	b.n	10007708 <lfs_dir_fetchmatch+0x33c>
100077fc:	f04f 33ff 	mov.w	r3, #4294967295	@ 0xffffffff
10007800:	9306      	str	r3, [sp, #24]
10007802:	e79b      	b.n	1000773c <lfs_dir_fetchmatch+0x370>
10007804:	1c83      	adds	r3, r0, #2
10007806:	9e03      	ldr	r6, [sp, #12]
10007808:	9d05      	ldr	r5, [sp, #20]
1000780a:	f040 8102 	bne.w	10007a12 <lfs_dir_fetchmatch+0x646>
1000780e:	f8db 2000 	ldr.w	r2, [fp]
10007812:	f8dd c03c 	ldr.w	ip, [sp, #60]	@ 0x3c
10007816:	4661      	mov	r1, ip
10007818:	2300      	movs	r3, #0
1000781a:	0d08      	lsrs	r0, r1, #20
1000781c:	f88b 3016 	strb.w	r3, [fp, #22]
10007820:	f400 63e0 	and.w	r3, r0, #1792	@ 0x700
10007824:	e767      	b.n	100076f6 <lfs_dir_fetchmatch+0x32a>
10007826:	69d3      	ldr	r3, [r2, #28]
10007828:	f8db 2000 	ldr.w	r2, [fp]
1000782c:	4293      	cmp	r3, r2
1000782e:	d992      	bls.n	10007756 <lfs_dir_fetchmatch+0x38a>
10007830:	f108 0308 	add.w	r3, r8, #8
10007834:	4299      	cmp	r1, r3
10007836:	d38e      	bcc.n	10007756 <lfs_dir_fetchmatch+0x38a>
10007838:	ab14      	add	r3, sp, #80	@ 0x50
1000783a:	9300      	str	r3, [sp, #0]
1000783c:	4853      	ldr	r0, [pc, #332]	@ (1000798c <lfs_dir_fetchmatch+0x5c0>)
1000783e:	462b      	mov	r3, r5
10007840:	9701      	str	r7, [sp, #4]
10007842:	f7fe fd7d 	bl	10006340 <lfs_bd_read.part.0.constprop.0>
10007846:	2800      	cmp	r0, #0
10007848:	f040 80e0 	bne.w	10007a0c <lfs_dir_fetchmatch+0x640>
1000784c:	9b14      	ldr	r3, [sp, #80]	@ 0x50
1000784e:	42a3      	cmp	r3, r4
10007850:	d181      	bne.n	10007756 <lfs_dir_fetchmatch+0x38a>
10007852:	f8da 102c 	ldr.w	r1, [sl, #44]	@ 0x2c
10007856:	b2e3      	uxtb	r3, r4
10007858:	ea83 0201 	eor.w	r2, r3, r1
1000785c:	f002 020f 	and.w	r2, r2, #15
10007860:	f859 2022 	ldr.w	r2, [r9, r2, lsl #2]
10007864:	ea82 1211 	eor.w	r2, r2, r1, lsr #4
10007868:	ea82 1313 	eor.w	r3, r2, r3, lsr #4
1000786c:	f003 030f 	and.w	r3, r3, #15
10007870:	f859 1023 	ldr.w	r1, [r9, r3, lsl #2]
10007874:	f3c4 2307 	ubfx	r3, r4, #8, #8
10007878:	ea81 1112 	eor.w	r1, r1, r2, lsr #4
1000787c:	9a0f      	ldr	r2, [sp, #60]	@ 0x3c
1000787e:	f342 0709 	sbfx	r7, r2, #0, #10
10007882:	f1b7 3fff 	cmp.w	r7, #4294967295	@ 0xffffffff
10007886:	bf14      	ite	ne
10007888:	4610      	movne	r0, r2
1000788a:	1c50      	addeq	r0, r2, #1
1000788c:	0d12      	lsrs	r2, r2, #20
1000788e:	ea86 77c2 	eor.w	r7, r6, r2, lsl #31
10007892:	463a      	mov	r2, r7
10007894:	f347 0609 	sbfx	r6, r7, #0, #10
10007898:	f1b6 3fff 	cmp.w	r6, #4294967295	@ 0xffffffff
1000789c:	bf08      	it	eq
1000789e:	3201      	addeq	r2, #1
100078a0:	ea83 0601 	eor.w	r6, r3, r1
100078a4:	f006 060f 	and.w	r6, r6, #15
100078a8:	f859 6026 	ldr.w	r6, [r9, r6, lsl #2]
100078ac:	f3c2 0209 	ubfx	r2, r2, #0, #10
100078b0:	ea86 1611 	eor.w	r6, r6, r1, lsr #4
100078b4:	ea86 1313 	eor.w	r3, r6, r3, lsr #4
100078b8:	f003 030f 	and.w	r3, r3, #15
100078bc:	f859 1023 	ldr.w	r1, [r9, r3, lsl #2]
100078c0:	9204      	str	r2, [sp, #16]
100078c2:	ea81 1116 	eor.w	r1, r1, r6, lsr #4
100078c6:	f3c4 4207 	ubfx	r2, r4, #16, #8
100078ca:	f3c0 0309 	ubfx	r3, r0, #0, #10
100078ce:	ea82 0001 	eor.w	r0, r2, r1
100078d2:	f000 000f 	and.w	r0, r0, #15
100078d6:	f859 0020 	ldr.w	r0, [r9, r0, lsl #2]
100078da:	3304      	adds	r3, #4
100078dc:	ea80 1011 	eor.w	r0, r0, r1, lsr #4
100078e0:	ea80 1212 	eor.w	r2, r0, r2, lsr #4
100078e4:	f002 020f 	and.w	r2, r2, #15
100078e8:	f859 1022 	ldr.w	r1, [r9, r2, lsl #2]
100078ec:	4443      	add	r3, r8
100078ee:	ea81 1110 	eor.w	r1, r1, r0, lsr #4
100078f2:	ea81 6214 	eor.w	r2, r1, r4, lsr #24
100078f6:	f002 020f 	and.w	r2, r2, #15
100078fa:	f859 2022 	ldr.w	r2, [r9, r2, lsl #2]
100078fe:	9703      	str	r7, [sp, #12]
10007900:	ea82 1211 	eor.w	r2, r2, r1, lsr #4
10007904:	ea82 7114 	eor.w	r1, r2, r4, lsr #28
10007908:	f001 010f 	and.w	r1, r1, #15
1000790c:	f859 1021 	ldr.w	r1, [r9, r1, lsl #2]
10007910:	f04f 34ff 	mov.w	r4, #4294967295	@ 0xffffffff
10007914:	ea81 1212 	eor.w	r2, r1, r2, lsr #4
10007918:	f8ca 202c 	str.w	r2, [sl, #44]	@ 0x2c
1000791c:	e9cb 3703 	strd	r3, r7, [fp, #12]
10007920:	9b07      	ldr	r3, [sp, #28]
10007922:	f8db 2000 	ldr.w	r2, [fp]
10007926:	f8ab 3014 	strh.w	r3, [fp, #20]
1000792a:	9b0c      	ldr	r3, [sp, #48]	@ 0x30
1000792c:	f88b 3017 	strb.w	r3, [fp, #23]
10007930:	9b13      	ldr	r3, [sp, #76]	@ 0x4c
10007932:	f8cb 301c 	str.w	r3, [fp, #28]
10007936:	9b12      	ldr	r3, [sp, #72]	@ 0x48
10007938:	f8cb 3018 	str.w	r3, [fp, #24]
1000793c:	9b06      	ldr	r3, [sp, #24]
1000793e:	930a      	str	r3, [sp, #40]	@ 0x28
10007940:	e6ff      	b.n	10007742 <lfs_dir_fetchmatch+0x376>
10007942:	9e03      	ldr	r6, [sp, #12]
10007944:	9d05      	ldr	r5, [sp, #20]
10007946:	e766      	b.n	10007816 <lfs_dir_fetchmatch+0x44a>
10007948:	9b07      	ldr	r3, [sp, #28]
1000794a:	b240      	sxtb	r0, r0
1000794c:	4403      	add	r3, r0
1000794e:	b29b      	uxth	r3, r3
10007950:	9f06      	ldr	r7, [sp, #24]
10007952:	9307      	str	r3, [sp, #28]
10007954:	4b12      	ldr	r3, [pc, #72]	@ (100079a0 <lfs_dir_fetchmatch+0x5d4>)
10007956:	403b      	ands	r3, r7
10007958:	f043 439f 	orr.w	r3, r3, #1333788672	@ 0x4f800000
1000795c:	f443 03e0 	orr.w	r3, r3, #7340032	@ 0x700000
10007960:	428b      	cmp	r3, r1
10007962:	463b      	mov	r3, r7
10007964:	d01e      	beq.n	100079a4 <lfs_dir_fetchmatch+0x5d8>
10007966:	1c5f      	adds	r7, r3, #1
10007968:	f43f aece 	beq.w	10007708 <lfs_dir_fetchmatch+0x33c>
1000796c:	f3c3 2389 	ubfx	r3, r3, #10, #10
10007970:	f3c1 2789 	ubfx	r7, r1, #10, #10
10007974:	42bb      	cmp	r3, r7
10007976:	f4ff aec7 	bcc.w	10007708 <lfs_dir_fetchmatch+0x33c>
1000797a:	9b06      	ldr	r3, [sp, #24]
1000797c:	eb03 2380 	add.w	r3, r3, r0, lsl #10
10007980:	9306      	str	r3, [sp, #24]
10007982:	e6c1      	b.n	10007708 <lfs_dir_fetchmatch+0x33c>
10007984:	2301      	movs	r3, #1
10007986:	930b      	str	r3, [sp, #44]	@ 0x2c
10007988:	e583      	b.n	10007492 <lfs_dir_fetchmatch+0xc6>
1000798a:	bf00      	nop
1000798c:	20001e00 	.word	0x20001e00
10007990:	7ffffc00 	.word	0x7ffffc00
10007994:	1000d4e4 	.word	0x1000d4e4
10007998:	1000d2a8 	.word	0x1000d2a8
1000799c:	1000d2dc 	.word	0x1000d2dc
100079a0:	000ffc00 	.word	0x000ffc00
100079a4:	f047 4300 	orr.w	r3, r7, #2147483648	@ 0x80000000
100079a8:	9306      	str	r3, [sp, #24]
100079aa:	e6ad      	b.n	10007708 <lfs_dir_fetchmatch+0x33c>
100079ac:	4631      	mov	r1, r6
100079ae:	f8db 2000 	ldr.w	r2, [fp]
100079b2:	e6a0      	b.n	100076f6 <lfs_dir_fetchmatch+0x32a>
100079b4:	9a06      	ldr	r2, [sp, #24]
100079b6:	f3c3 2189 	ubfx	r1, r3, #10, #10
100079ba:	f3c2 2289 	ubfx	r2, r2, #10, #10
100079be:	428a      	cmp	r2, r1
100079c0:	f4ff aebc 	bcc.w	1000773c <lfs_dir_fetchmatch+0x370>
100079c4:	f043 4300 	orr.w	r3, r3, #2147483648	@ 0x80000000
100079c8:	f8db 2000 	ldr.w	r2, [fp]
100079cc:	9306      	str	r3, [sp, #24]
100079ce:	e6b7      	b.n	10007740 <lfs_dir_fetchmatch+0x374>
100079d0:	f8dd c028 	ldr.w	ip, [sp, #40]	@ 0x28
100079d4:	f8db 200c 	ldr.w	r2, [fp, #12]
100079d8:	f88b 0016 	strb.w	r0, [fp, #22]
100079dc:	e6c2      	b.n	10007764 <lfs_dir_fetchmatch+0x398>
100079de:	0d1b      	lsrs	r3, r3, #20
100079e0:	f403 63e0 	and.w	r3, r3, #1792	@ 0x700
100079e4:	f5b3 6fa0 	cmp.w	r3, #1280	@ 0x500
100079e8:	f8db 200c 	ldr.w	r2, [fp, #12]
100079ec:	d109      	bne.n	10007a02 <lfs_dir_fetchmatch+0x636>
100079ee:	f8da 3068 	ldr.w	r3, [sl, #104]	@ 0x68
100079f2:	695b      	ldr	r3, [r3, #20]
100079f4:	fbb2 f0f3 	udiv	r0, r2, r3
100079f8:	fb03 2010 	mls	r0, r3, r0, r2
100079fc:	fab0 f080 	clz	r0, r0
10007a00:	0940      	lsrs	r0, r0, #5
10007a02:	f8dd c028 	ldr.w	ip, [sp, #40]	@ 0x28
10007a06:	f88b 0016 	strb.w	r0, [fp, #22]
10007a0a:	e6ab      	b.n	10007764 <lfs_dir_fetchmatch+0x398>
10007a0c:	1c82      	adds	r2, r0, #2
10007a0e:	f43f aea2 	beq.w	10007756 <lfs_dir_fetchmatch+0x38a>
10007a12:	4605      	mov	r5, r0
10007a14:	e6c4      	b.n	100077a0 <lfs_dir_fetchmatch+0x3d4>
10007a16:	1c86      	adds	r6, r0, #2
10007a18:	d1fb      	bne.n	10007a12 <lfs_dir_fetchmatch+0x646>
10007a1a:	f8dd c028 	ldr.w	ip, [sp, #40]	@ 0x28
10007a1e:	f8db 200c 	ldr.w	r2, [fp, #12]
10007a22:	f88b 7016 	strb.w	r7, [fp, #22]
10007a26:	e69d      	b.n	10007764 <lfs_dir_fetchmatch+0x398>
10007a28:	f8da 203c 	ldr.w	r2, [sl, #60]	@ 0x3c
10007a2c:	4665      	mov	r5, ip
10007a2e:	0d13      	lsrs	r3, r2, #20
10007a30:	f413 6fe0 	tst.w	r3, #1792	@ 0x700
10007a34:	9e20      	ldr	r6, [sp, #128]	@ 0x80
10007a36:	d00f      	beq.n	10007a58 <lfs_dir_fetchmatch+0x68c>
10007a38:	f8da 4040 	ldr.w	r4, [sl, #64]	@ 0x40
10007a3c:	f8db 1000 	ldr.w	r1, [fp]
10007a40:	428c      	cmp	r4, r1
10007a42:	d020      	beq.n	10007a86 <lfs_dir_fetchmatch+0x6ba>
10007a44:	f8da 3044 	ldr.w	r3, [sl, #68]	@ 0x44
10007a48:	f8db 0004 	ldr.w	r0, [fp, #4]
10007a4c:	4283      	cmp	r3, r0
10007a4e:	d01a      	beq.n	10007a86 <lfs_dir_fetchmatch+0x6ba>
10007a50:	4284      	cmp	r4, r0
10007a52:	d018      	beq.n	10007a86 <lfs_dir_fetchmatch+0x6ba>
10007a54:	4299      	cmp	r1, r3
10007a56:	d016      	beq.n	10007a86 <lfs_dir_fetchmatch+0x6ba>
10007a58:	b13e      	cbz	r6, 10007a6a <lfs_dir_fetchmatch+0x69e>
10007a5a:	f8bb 2014 	ldrh.w	r2, [fp, #20]
10007a5e:	f3c5 2389 	ubfx	r3, r5, #10, #10
10007a62:	4293      	cmp	r3, r2
10007a64:	bf28      	it	cs
10007a66:	4613      	movcs	r3, r2
10007a68:	8033      	strh	r3, [r6, #0]
10007a6a:	2d00      	cmp	r5, #0
10007a6c:	f6bf ae98 	bge.w	100077a0 <lfs_dir_fetchmatch+0x3d4>
10007a70:	f3c5 2389 	ubfx	r3, r5, #10, #10
10007a74:	f8bb 2014 	ldrh.w	r2, [fp, #20]
10007a78:	429a      	cmp	r2, r3
10007a7a:	bf94      	ite	ls
10007a7c:	2300      	movls	r3, #0
10007a7e:	f06f 0302 	mvnhi.w	r3, #2
10007a82:	461d      	mov	r5, r3
10007a84:	e68c      	b.n	100077a0 <lfs_dir_fetchmatch+0x3d4>
10007a86:	9b0a      	ldr	r3, [sp, #40]	@ 0x28
10007a88:	f3c2 2289 	ubfx	r2, r2, #10, #10
10007a8c:	f3c3 2189 	ubfx	r1, r3, #10, #10
10007a90:	4291      	cmp	r1, r2
10007a92:	f240 30ff 	movw	r0, #1023	@ 0x3ff
10007a96:	ea4f 2393 	mov.w	r3, r3, lsr #10
10007a9a:	d016      	beq.n	10007aca <lfs_dir_fetchmatch+0x6fe>
10007a9c:	9b0a      	ldr	r3, [sp, #40]	@ 0x28
10007a9e:	1c5c      	adds	r4, r3, #1
10007aa0:	d009      	beq.n	10007ab6 <lfs_dir_fetchmatch+0x6ea>
10007aa2:	4291      	cmp	r1, r2
10007aa4:	bf84      	itt	hi
10007aa6:	f5a3 6380 	subhi.w	r3, r3, #1024	@ 0x400
10007aaa:	461d      	movhi	r5, r3
10007aac:	e7d4      	b.n	10007a58 <lfs_dir_fetchmatch+0x68c>
10007aae:	2300      	movs	r3, #0
10007ab0:	f88b 3016 	strb.w	r3, [fp, #22]
10007ab4:	e659      	b.n	1000776a <lfs_dir_fetchmatch+0x39e>
10007ab6:	b12e      	cbz	r6, 10007ac4 <lfs_dir_fetchmatch+0x6f8>
10007ab8:	f8bb 3014 	ldrh.w	r3, [fp, #20]
10007abc:	4283      	cmp	r3, r0
10007abe:	bf28      	it	cs
10007ac0:	4603      	movcs	r3, r0
10007ac2:	8033      	strh	r3, [r6, #0]
10007ac4:	f240 33ff 	movw	r3, #1023	@ 0x3ff
10007ac8:	e7d4      	b.n	10007a74 <lfs_dir_fetchmatch+0x6a8>
10007aca:	f3c3 0309 	ubfx	r3, r3, #0, #10
10007ace:	2e00      	cmp	r6, #0
10007ad0:	d0d0      	beq.n	10007a74 <lfs_dir_fetchmatch+0x6a8>
10007ad2:	f8bb 2014 	ldrh.w	r2, [fp, #20]
10007ad6:	429a      	cmp	r2, r3
10007ad8:	bf28      	it	cs
10007ada:	461a      	movcs	r2, r3
10007adc:	8032      	strh	r2, [r6, #0]
10007ade:	e7c9      	b.n	10007a74 <lfs_dir_fetchmatch+0x6a8>

10007ae0 <lfs_dir_getgstate>:
10007ae0:	e92d 4ff0 	stmdb	sp!, {r4, r5, r6, r7, r8, r9, sl, fp, lr}
10007ae4:	e9d0 b403 	ldrd	fp, r4, [r0, #12]
10007ae8:	b08b      	sub	sp, #44	@ 0x2c
10007aea:	4682      	mov	sl, r0
10007aec:	4d3b      	ldr	r5, [pc, #236]	@ (10007bdc <lfs_dir_getgstate+0xfc>)
10007aee:	f8df 90f4 	ldr.w	r9, [pc, #244]	@ 10007be4 <lfs_dir_getgstate+0x104>
10007af2:	9103      	str	r1, [sp, #12]
10007af4:	9405      	str	r4, [sp, #20]
10007af6:	e01f      	b.n	10007b38 <lfs_dir_getgstate+0x58>
10007af8:	6eab      	ldr	r3, [r5, #104]	@ 0x68
10007afa:	f8da 2000 	ldr.w	r2, [sl]
10007afe:	69d9      	ldr	r1, [r3, #28]
10007b00:	428a      	cmp	r2, r1
10007b02:	d263      	bcs.n	10007bcc <lfs_dir_getgstate+0xec>
10007b04:	699b      	ldr	r3, [r3, #24]
10007b06:	4598      	cmp	r8, r3
10007b08:	d860      	bhi.n	10007bcc <lfs_dir_getgstate+0xec>
10007b0a:	2104      	movs	r1, #4
10007b0c:	ae05      	add	r6, sp, #20
10007b0e:	465b      	mov	r3, fp
10007b10:	4628      	mov	r0, r5
10007b12:	e9cd 6100 	strd	r6, r1, [sp]
10007b16:	f7fe fc13 	bl	10006340 <lfs_bd_read.part.0.constprop.0>
10007b1a:	4b31      	ldr	r3, [pc, #196]	@ (10007be0 <lfs_dir_getgstate+0x100>)
10007b1c:	4063      	eors	r3, r4
10007b1e:	2800      	cmp	r0, #0
10007b20:	d13c      	bne.n	10007b9c <lfs_dir_getgstate+0xbc>
10007b22:	9a05      	ldr	r2, [sp, #20]
10007b24:	ea13 0f09 	tst.w	r3, r9
10007b28:	ba12      	rev	r2, r2
10007b2a:	ea82 0204 	eor.w	r2, r2, r4
10007b2e:	f022 4200 	bic.w	r2, r2, #2147483648	@ 0x80000000
10007b32:	9205      	str	r2, [sp, #20]
10007b34:	d017      	beq.n	10007b66 <lfs_dir_getgstate+0x86>
10007b36:	4614      	mov	r4, r2
10007b38:	f344 0709 	sbfx	r7, r4, #0, #10
10007b3c:	f1b7 3fff 	cmp.w	r7, #4294967295	@ 0xffffffff
10007b40:	bf14      	ite	ne
10007b42:	4623      	movne	r3, r4
10007b44:	1c63      	addeq	r3, r4, #1
10007b46:	f3c3 0309 	ubfx	r3, r3, #0, #10
10007b4a:	f1ab 0204 	sub.w	r2, fp, #4
10007b4e:	f103 0108 	add.w	r1, r3, #8
10007b52:	458b      	cmp	fp, r1
10007b54:	eba2 0b03 	sub.w	fp, r2, r3
10007b58:	f10b 0804 	add.w	r8, fp, #4
10007b5c:	d2cc      	bcs.n	10007af8 <lfs_dir_getgstate+0x18>
10007b5e:	2000      	movs	r0, #0
10007b60:	b00b      	add	sp, #44	@ 0x2c
10007b62:	e8bd 8ff0 	ldmia.w	sp!, {r4, r5, r6, r7, r8, r9, sl, fp, pc}
10007b66:	3701      	adds	r7, #1
10007b68:	d0f9      	beq.n	10007b5e <lfs_dir_getgstate+0x7e>
10007b6a:	6eab      	ldr	r3, [r5, #104]	@ 0x68
10007b6c:	f8da 2000 	ldr.w	r2, [sl]
10007b70:	f3c4 0509 	ubfx	r5, r4, #0, #10
10007b74:	69d9      	ldr	r1, [r3, #28]
10007b76:	2d0c      	cmp	r5, #12
10007b78:	bf28      	it	cs
10007b7a:	250c      	movcs	r5, #12
10007b7c:	428a      	cmp	r2, r1
10007b7e:	d225      	bcs.n	10007bcc <lfs_dir_getgstate+0xec>
10007b80:	699b      	ldr	r3, [r3, #24]
10007b82:	eb05 0108 	add.w	r1, r5, r8
10007b86:	4299      	cmp	r1, r3
10007b88:	d820      	bhi.n	10007bcc <lfs_dir_getgstate+0xec>
10007b8a:	ae06      	add	r6, sp, #24
10007b8c:	4643      	mov	r3, r8
10007b8e:	4629      	mov	r1, r5
10007b90:	4812      	ldr	r0, [pc, #72]	@ (10007bdc <lfs_dir_getgstate+0xfc>)
10007b92:	9501      	str	r5, [sp, #4]
10007b94:	9600      	str	r6, [sp, #0]
10007b96:	f7fe fbd3 	bl	10006340 <lfs_bd_read.part.0.constprop.0>
10007b9a:	b178      	cbz	r0, 10007bbc <lfs_dir_getgstate+0xdc>
10007b9c:	2800      	cmp	r0, #0
10007b9e:	db1a      	blt.n	10007bd6 <lfs_dir_getgstate+0xf6>
10007ba0:	9c03      	ldr	r4, [sp, #12]
10007ba2:	9a06      	ldr	r2, [sp, #24]
10007ba4:	e9d4 1000 	ldrd	r1, r0, [r4]
10007ba8:	4051      	eors	r1, r2
10007baa:	68a3      	ldr	r3, [r4, #8]
10007bac:	9a07      	ldr	r2, [sp, #28]
10007bae:	6021      	str	r1, [r4, #0]
10007bb0:	9908      	ldr	r1, [sp, #32]
10007bb2:	4042      	eors	r2, r0
10007bb4:	404b      	eors	r3, r1
10007bb6:	e9c4 2301 	strd	r2, r3, [r4, #4]
10007bba:	e7d0      	b.n	10007b5e <lfs_dir_getgstate+0x7e>
10007bbc:	4601      	mov	r1, r0
10007bbe:	f1c5 020c 	rsb	r2, r5, #12
10007bc2:	1970      	adds	r0, r6, r5
10007bc4:	f005 f910 	bl	1000cde8 <__memset_veneer>
10007bc8:	4620      	mov	r0, r4
10007bca:	e7e7      	b.n	10007b9c <lfs_dir_getgstate+0xbc>
10007bcc:	f06f 0001 	mvn.w	r0, #1
10007bd0:	b00b      	add	sp, #44	@ 0x2c
10007bd2:	e8bd 8ff0 	ldmia.w	sp!, {r4, r5, r6, r7, r8, r9, sl, fp, pc}
10007bd6:	1cc3      	adds	r3, r0, #3
10007bd8:	d0c1      	beq.n	10007b5e <lfs_dir_getgstate+0x7e>
10007bda:	e7c1      	b.n	10007b60 <lfs_dir_getgstate+0x80>
10007bdc:	20001e00 	.word	0x20001e00
10007be0:	7ff0000c 	.word	0x7ff0000c
10007be4:	7ff00000 	.word	0x7ff00000

10007be8 <lfs_dir_getslice.constprop.2>:
10007be8:	e92d 4ff0 	stmdb	sp!, {r4, r5, r6, r7, r8, r9, sl, fp, lr}
10007bec:	e9d0 5403 	ldrd	r5, r4, [r0, #12]
10007bf0:	f8df 8164 	ldr.w	r8, [pc, #356]	@ 10007d58 <lfs_dir_getslice.constprop.2+0x170>
10007bf4:	b087      	sub	sp, #28
10007bf6:	f8d8 603c 	ldr.w	r6, [r8, #60]	@ 0x3c
10007bfa:	468a      	mov	sl, r1
10007bfc:	0d37      	lsrs	r7, r6, #20
10007bfe:	f417 67e0 	ands.w	r7, r7, #1792	@ 0x700
10007c02:	4681      	mov	r9, r0
10007c04:	4611      	mov	r1, r2
10007c06:	469b      	mov	fp, r3
10007c08:	9405      	str	r4, [sp, #20]
10007c0a:	d00f      	beq.n	10007c2c <lfs_dir_getslice.constprop.2+0x44>
10007c0c:	f8d8 3040 	ldr.w	r3, [r8, #64]	@ 0x40
10007c10:	6802      	ldr	r2, [r0, #0]
10007c12:	4293      	cmp	r3, r2
10007c14:	f000 8083 	beq.w	10007d1e <lfs_dir_getslice.constprop.2+0x136>
10007c18:	f8d8 7044 	ldr.w	r7, [r8, #68]	@ 0x44
10007c1c:	6840      	ldr	r0, [r0, #4]
10007c1e:	4287      	cmp	r7, r0
10007c20:	d07d      	beq.n	10007d1e <lfs_dir_getslice.constprop.2+0x136>
10007c22:	4283      	cmp	r3, r0
10007c24:	d07b      	beq.n	10007d1e <lfs_dir_getslice.constprop.2+0x136>
10007c26:	42ba      	cmp	r2, r7
10007c28:	d079      	beq.n	10007d1e <lfs_dir_getslice.constprop.2+0x136>
10007c2a:	2700      	movs	r7, #0
10007c2c:	e9cd 1b02 	strd	r1, fp, [sp, #8]
10007c30:	e004      	b.n	10007c3c <lfs_dir_getslice.constprop.2+0x54>
10007c32:	4063      	eors	r3, r4
10007c34:	4019      	ands	r1, r3
10007c36:	2900      	cmp	r1, #0
10007c38:	d050      	beq.n	10007cdc <lfs_dir_getslice.constprop.2+0xf4>
10007c3a:	4614      	mov	r4, r2
10007c3c:	f344 0609 	sbfx	r6, r4, #0, #10
10007c40:	f1b6 3fff 	cmp.w	r6, #4294967295	@ 0xffffffff
10007c44:	bf14      	ite	ne
10007c46:	4623      	movne	r3, r4
10007c48:	1c63      	addeq	r3, r4, #1
10007c4a:	f3c3 0309 	ubfx	r3, r3, #0, #10
10007c4e:	1f2a      	subs	r2, r5, #4
10007c50:	f103 0108 	add.w	r1, r3, #8
10007c54:	428d      	cmp	r5, r1
10007c56:	eba2 0503 	sub.w	r5, r2, r3
10007c5a:	f105 0004 	add.w	r0, r5, #4
10007c5e:	d367      	bcc.n	10007d30 <lfs_dir_getslice.constprop.2+0x148>
10007c60:	f8d8 3068 	ldr.w	r3, [r8, #104]	@ 0x68
10007c64:	f8d9 2000 	ldr.w	r2, [r9]
10007c68:	69d9      	ldr	r1, [r3, #28]
10007c6a:	428a      	cmp	r2, r1
10007c6c:	d265      	bcs.n	10007d3a <lfs_dir_getslice.constprop.2+0x152>
10007c6e:	699b      	ldr	r3, [r3, #24]
10007c70:	4298      	cmp	r0, r3
10007c72:	d862      	bhi.n	10007d3a <lfs_dir_getslice.constprop.2+0x152>
10007c74:	2104      	movs	r1, #4
10007c76:	a805      	add	r0, sp, #20
10007c78:	462b      	mov	r3, r5
10007c7a:	9000      	str	r0, [sp, #0]
10007c7c:	9101      	str	r1, [sp, #4]
10007c7e:	4836      	ldr	r0, [pc, #216]	@ (10007d58 <lfs_dir_getslice.constprop.2+0x170>)
10007c80:	f7fe fb5e 	bl	10006340 <lfs_bd_read.part.0.constprop.0>
10007c84:	4935      	ldr	r1, [pc, #212]	@ (10007d5c <lfs_dir_getslice.constprop.2+0x174>)
10007c86:	ea4f 5e14 	mov.w	lr, r4, lsr #20
10007c8a:	ebaa 0307 	sub.w	r3, sl, r7
10007c8e:	2800      	cmp	r0, #0
10007c90:	d142      	bne.n	10007d18 <lfs_dir_getslice.constprop.2+0x130>
10007c92:	9a05      	ldr	r2, [sp, #20]
10007c94:	f40e 60e0 	and.w	r0, lr, #1792	@ 0x700
10007c98:	ba12      	rev	r2, r2
10007c9a:	4062      	eors	r2, r4
10007c9c:	f022 4200 	bic.w	r2, r2, #2147483648	@ 0x80000000
10007ca0:	f5b0 6f80 	cmp.w	r0, #1024	@ 0x400
10007ca4:	9205      	str	r2, [sp, #20]
10007ca6:	d1c4      	bne.n	10007c32 <lfs_dir_getslice.constprop.2+0x4a>
10007ca8:	fa4f f08e 	sxtb.w	r0, lr
10007cac:	f8df e0b4 	ldr.w	lr, [pc, #180]	@ 10007d64 <lfs_dir_getslice.constprop.2+0x17c>
10007cb0:	f3c4 2c89 	ubfx	ip, r4, #10, #10
10007cb4:	ea03 0e0e 	and.w	lr, r3, lr
10007cb8:	f3c3 2b89 	ubfx	fp, r3, #10, #10
10007cbc:	f04e 4e80 	orr.w	lr, lr, #1073741824	@ 0x40000000
10007cc0:	45dc      	cmp	ip, fp
10007cc2:	f44e 1e80 	orr.w	lr, lr, #1048576	@ 0x100000
10007cc6:	d8b4      	bhi.n	10007c32 <lfs_dir_getslice.constprop.2+0x4a>
10007cc8:	45a6      	cmp	lr, r4
10007cca:	eb07 2780 	add.w	r7, r7, r0, lsl #10
10007cce:	d02f      	beq.n	10007d30 <lfs_dir_getslice.constprop.2+0x148>
10007cd0:	ebaa 0307 	sub.w	r3, sl, r7
10007cd4:	4063      	eors	r3, r4
10007cd6:	4019      	ands	r1, r3
10007cd8:	2900      	cmp	r1, #0
10007cda:	d1ae      	bne.n	10007c3a <lfs_dir_getslice.constprop.2+0x52>
10007cdc:	3601      	adds	r6, #1
10007cde:	e9dd 1b02 	ldrd	r1, fp, [sp, #8]
10007ce2:	d025      	beq.n	10007d30 <lfs_dir_getslice.constprop.2+0x148>
10007ce4:	f8d8 0068 	ldr.w	r0, [r8, #104]	@ 0x68
10007ce8:	9e10      	ldr	r6, [sp, #64]	@ 0x40
10007cea:	1d0b      	adds	r3, r1, #4
10007cec:	f8d9 2000 	ldr.w	r2, [r9]
10007cf0:	69c1      	ldr	r1, [r0, #28]
10007cf2:	442b      	add	r3, r5
10007cf4:	f3c4 0509 	ubfx	r5, r4, #0, #10
10007cf8:	42b5      	cmp	r5, r6
10007cfa:	bf28      	it	cs
10007cfc:	4635      	movcs	r5, r6
10007cfe:	428a      	cmp	r2, r1
10007d00:	d21b      	bcs.n	10007d3a <lfs_dir_getslice.constprop.2+0x152>
10007d02:	6981      	ldr	r1, [r0, #24]
10007d04:	18e8      	adds	r0, r5, r3
10007d06:	4288      	cmp	r0, r1
10007d08:	d817      	bhi.n	10007d3a <lfs_dir_getslice.constprop.2+0x152>
10007d0a:	4629      	mov	r1, r5
10007d0c:	e9cd b500 	strd	fp, r5, [sp]
10007d10:	4811      	ldr	r0, [pc, #68]	@ (10007d58 <lfs_dir_getslice.constprop.2+0x170>)
10007d12:	f7fe fb15 	bl	10006340 <lfs_bd_read.part.0.constprop.0>
10007d16:	b1a8      	cbz	r0, 10007d44 <lfs_dir_getslice.constprop.2+0x15c>
10007d18:	b007      	add	sp, #28
10007d1a:	e8bd 8ff0 	ldmia.w	sp!, {r4, r5, r6, r7, r8, r9, sl, fp, pc}
10007d1e:	f3c6 2689 	ubfx	r6, r6, #10, #10
10007d22:	f3ca 2389 	ubfx	r3, sl, #10, #10
10007d26:	429e      	cmp	r6, r3
10007d28:	f63f af7f 	bhi.w	10007c2a <lfs_dir_getslice.constprop.2+0x42>
10007d2c:	4f0c      	ldr	r7, [pc, #48]	@ (10007d60 <lfs_dir_getslice.constprop.2+0x178>)
10007d2e:	e77d      	b.n	10007c2c <lfs_dir_getslice.constprop.2+0x44>
10007d30:	f06f 0002 	mvn.w	r0, #2
10007d34:	b007      	add	sp, #28
10007d36:	e8bd 8ff0 	ldmia.w	sp!, {r4, r5, r6, r7, r8, r9, sl, fp, pc}
10007d3a:	f06f 0001 	mvn.w	r0, #1
10007d3e:	b007      	add	sp, #28
10007d40:	e8bd 8ff0 	ldmia.w	sp!, {r4, r5, r6, r7, r8, r9, sl, fp, pc}
10007d44:	9b10      	ldr	r3, [sp, #64]	@ 0x40
10007d46:	4601      	mov	r1, r0
10007d48:	1b5a      	subs	r2, r3, r5
10007d4a:	eb0b 0005 	add.w	r0, fp, r5
10007d4e:	f005 f84b 	bl	1000cde8 <__memset_veneer>
10007d52:	19e0      	adds	r0, r4, r7
10007d54:	e7e0      	b.n	10007d18 <lfs_dir_getslice.constprop.2+0x130>
10007d56:	bf00      	nop
10007d58:	20001e00 	.word	0x20001e00
10007d5c:	fff7fc00 	.word	0xfff7fc00
10007d60:	fffffc00 	.word	0xfffffc00
10007d64:	000ffc00 	.word	0x000ffc00

10007d68 <lfs_dir_getslice.constprop.0>:
10007d68:	e92d 4ff0 	stmdb	sp!, {r4, r5, r6, r7, r8, r9, sl, fp, lr}
10007d6c:	e9d0 5403 	ldrd	r5, r4, [r0, #12]
10007d70:	f8df 9164 	ldr.w	r9, [pc, #356]	@ 10007ed8 <lfs_dir_getslice.constprop.0+0x170>
10007d74:	b089      	sub	sp, #36	@ 0x24
10007d76:	f8d9 603c 	ldr.w	r6, [r9, #60]	@ 0x3c
10007d7a:	4682      	mov	sl, r0
10007d7c:	ea4f 5816 	mov.w	r8, r6, lsr #20
10007d80:	f418 68e0 	ands.w	r8, r8, #1792	@ 0x700
10007d84:	468b      	mov	fp, r1
10007d86:	e9cd 2304 	strd	r2, r3, [sp, #16]
10007d8a:	9407      	str	r4, [sp, #28]
10007d8c:	d02f      	beq.n	10007dee <lfs_dir_getslice.constprop.0+0x86>
10007d8e:	f8d9 3040 	ldr.w	r3, [r9, #64]	@ 0x40
10007d92:	6802      	ldr	r2, [r0, #0]
10007d94:	4293      	cmp	r3, r2
10007d96:	f000 8082 	beq.w	10007e9e <lfs_dir_getslice.constprop.0+0x136>
10007d9a:	f8d9 0044 	ldr.w	r0, [r9, #68]	@ 0x44
10007d9e:	f8da 1004 	ldr.w	r1, [sl, #4]
10007da2:	4288      	cmp	r0, r1
10007da4:	d07b      	beq.n	10007e9e <lfs_dir_getslice.constprop.0+0x136>
10007da6:	428b      	cmp	r3, r1
10007da8:	d079      	beq.n	10007e9e <lfs_dir_getslice.constprop.0+0x136>
10007daa:	4282      	cmp	r2, r0
10007dac:	d077      	beq.n	10007e9e <lfs_dir_getslice.constprop.0+0x136>
10007dae:	f04f 0800 	mov.w	r8, #0
10007db2:	e01c      	b.n	10007dee <lfs_dir_getslice.constprop.0+0x86>
10007db4:	f8df e128 	ldr.w	lr, [pc, #296]	@ 10007ee0 <lfs_dir_getslice.constprop.0+0x178>
10007db8:	fa4f f08c 	sxtb.w	r0, ip
10007dbc:	9003      	str	r0, [sp, #12]
10007dbe:	ea03 0e0e 	and.w	lr, r3, lr
10007dc2:	f3c3 2c89 	ubfx	ip, r3, #10, #10
10007dc6:	f3c4 2089 	ubfx	r0, r4, #10, #10
10007dca:	f04e 4e80 	orr.w	lr, lr, #1073741824	@ 0x40000000
10007dce:	4560      	cmp	r0, ip
10007dd0:	f44e 1e80 	orr.w	lr, lr, #1048576	@ 0x100000
10007dd4:	d806      	bhi.n	10007de4 <lfs_dir_getslice.constprop.0+0x7c>
10007dd6:	9803      	ldr	r0, [sp, #12]
10007dd8:	45a6      	cmp	lr, r4
10007dda:	eb08 2880 	add.w	r8, r8, r0, lsl #10
10007dde:	d067      	beq.n	10007eb0 <lfs_dir_getslice.constprop.0+0x148>
10007de0:	ebab 0308 	sub.w	r3, fp, r8
10007de4:	4063      	eors	r3, r4
10007de6:	4019      	ands	r1, r3
10007de8:	2900      	cmp	r1, #0
10007dea:	d039      	beq.n	10007e60 <lfs_dir_getslice.constprop.0+0xf8>
10007dec:	4614      	mov	r4, r2
10007dee:	f344 0609 	sbfx	r6, r4, #0, #10
10007df2:	f1b6 3fff 	cmp.w	r6, #4294967295	@ 0xffffffff
10007df6:	bf14      	ite	ne
10007df8:	4623      	movne	r3, r4
10007dfa:	1c63      	addeq	r3, r4, #1
10007dfc:	f3c3 0309 	ubfx	r3, r3, #0, #10
10007e00:	1f2a      	subs	r2, r5, #4
10007e02:	f103 0108 	add.w	r1, r3, #8
10007e06:	428d      	cmp	r5, r1
10007e08:	eba2 0503 	sub.w	r5, r2, r3
10007e0c:	f105 0704 	add.w	r7, r5, #4
10007e10:	d34e      	bcc.n	10007eb0 <lfs_dir_getslice.constprop.0+0x148>
10007e12:	f8d9 3068 	ldr.w	r3, [r9, #104]	@ 0x68
10007e16:	f8da 2000 	ldr.w	r2, [sl]
10007e1a:	69d9      	ldr	r1, [r3, #28]
10007e1c:	428a      	cmp	r2, r1
10007e1e:	d24c      	bcs.n	10007eba <lfs_dir_getslice.constprop.0+0x152>
10007e20:	699b      	ldr	r3, [r3, #24]
10007e22:	429f      	cmp	r7, r3
10007e24:	d849      	bhi.n	10007eba <lfs_dir_getslice.constprop.0+0x152>
10007e26:	2104      	movs	r1, #4
10007e28:	ab07      	add	r3, sp, #28
10007e2a:	9300      	str	r3, [sp, #0]
10007e2c:	9101      	str	r1, [sp, #4]
10007e2e:	462b      	mov	r3, r5
10007e30:	4829      	ldr	r0, [pc, #164]	@ (10007ed8 <lfs_dir_getslice.constprop.0+0x170>)
10007e32:	f7fe fa85 	bl	10006340 <lfs_bd_read.part.0.constprop.0>
10007e36:	4929      	ldr	r1, [pc, #164]	@ (10007edc <lfs_dir_getslice.constprop.0+0x174>)
10007e38:	ea4f 5c14 	mov.w	ip, r4, lsr #20
10007e3c:	bb60      	cbnz	r0, 10007e98 <lfs_dir_getslice.constprop.0+0x130>
10007e3e:	9a07      	ldr	r2, [sp, #28]
10007e40:	f40c 60e0 	and.w	r0, ip, #1792	@ 0x700
10007e44:	ba12      	rev	r2, r2
10007e46:	4062      	eors	r2, r4
10007e48:	f022 4200 	bic.w	r2, r2, #2147483648	@ 0x80000000
10007e4c:	f5b0 6f80 	cmp.w	r0, #1024	@ 0x400
10007e50:	9207      	str	r2, [sp, #28]
10007e52:	ebab 0308 	sub.w	r3, fp, r8
10007e56:	d0ad      	beq.n	10007db4 <lfs_dir_getslice.constprop.0+0x4c>
10007e58:	4063      	eors	r3, r4
10007e5a:	4019      	ands	r1, r3
10007e5c:	2900      	cmp	r1, #0
10007e5e:	d1c5      	bne.n	10007dec <lfs_dir_getslice.constprop.0+0x84>
10007e60:	3601      	adds	r6, #1
10007e62:	d025      	beq.n	10007eb0 <lfs_dir_getslice.constprop.0+0x148>
10007e64:	f8d9 3068 	ldr.w	r3, [r9, #104]	@ 0x68
10007e68:	9805      	ldr	r0, [sp, #20]
10007e6a:	f3c4 0509 	ubfx	r5, r4, #0, #10
10007e6e:	f8da 2000 	ldr.w	r2, [sl]
10007e72:	69d9      	ldr	r1, [r3, #28]
10007e74:	4285      	cmp	r5, r0
10007e76:	bf28      	it	cs
10007e78:	4605      	movcs	r5, r0
10007e7a:	428a      	cmp	r2, r1
10007e7c:	d21d      	bcs.n	10007eba <lfs_dir_getslice.constprop.0+0x152>
10007e7e:	699b      	ldr	r3, [r3, #24]
10007e80:	19e9      	adds	r1, r5, r7
10007e82:	4299      	cmp	r1, r3
10007e84:	d819      	bhi.n	10007eba <lfs_dir_getslice.constprop.0+0x152>
10007e86:	9904      	ldr	r1, [sp, #16]
10007e88:	463b      	mov	r3, r7
10007e8a:	9100      	str	r1, [sp, #0]
10007e8c:	4812      	ldr	r0, [pc, #72]	@ (10007ed8 <lfs_dir_getslice.constprop.0+0x170>)
10007e8e:	4629      	mov	r1, r5
10007e90:	9501      	str	r5, [sp, #4]
10007e92:	f7fe fa55 	bl	10006340 <lfs_bd_read.part.0.constprop.0>
10007e96:	b1a8      	cbz	r0, 10007ec4 <lfs_dir_getslice.constprop.0+0x15c>
10007e98:	b009      	add	sp, #36	@ 0x24
10007e9a:	e8bd 8ff0 	ldmia.w	sp!, {r4, r5, r6, r7, r8, r9, sl, fp, pc}
10007e9e:	f3c6 2689 	ubfx	r6, r6, #10, #10
10007ea2:	f3cb 2389 	ubfx	r3, fp, #10, #10
10007ea6:	429e      	cmp	r6, r3
10007ea8:	d881      	bhi.n	10007dae <lfs_dir_getslice.constprop.0+0x46>
10007eaa:	f8df 8038 	ldr.w	r8, [pc, #56]	@ 10007ee4 <lfs_dir_getslice.constprop.0+0x17c>
10007eae:	e79e      	b.n	10007dee <lfs_dir_getslice.constprop.0+0x86>
10007eb0:	f06f 0002 	mvn.w	r0, #2
10007eb4:	b009      	add	sp, #36	@ 0x24
10007eb6:	e8bd 8ff0 	ldmia.w	sp!, {r4, r5, r6, r7, r8, r9, sl, fp, pc}
10007eba:	f06f 0001 	mvn.w	r0, #1
10007ebe:	b009      	add	sp, #36	@ 0x24
10007ec0:	e8bd 8ff0 	ldmia.w	sp!, {r4, r5, r6, r7, r8, r9, sl, fp, pc}
10007ec4:	4601      	mov	r1, r0
10007ec6:	9b05      	ldr	r3, [sp, #20]
10007ec8:	9804      	ldr	r0, [sp, #16]
10007eca:	1b5a      	subs	r2, r3, r5
10007ecc:	4428      	add	r0, r5
10007ece:	f004 ff8b 	bl	1000cde8 <__memset_veneer>
10007ed2:	eb04 0008 	add.w	r0, r4, r8
10007ed6:	e7df      	b.n	10007e98 <lfs_dir_getslice.constprop.0+0x130>
10007ed8:	20001e00 	.word	0x20001e00
10007edc:	7ffffc00 	.word	0x7ffffc00
10007ee0:	000ffc00 	.word	0x000ffc00
10007ee4:	fffffc00 	.word	0xfffffc00

10007ee8 <lfs_dir_getslice.constprop.1>:
10007ee8:	e92d 4ff0 	stmdb	sp!, {r4, r5, r6, r7, r8, r9, sl, fp, lr}
10007eec:	e9d0 5403 	ldrd	r5, r4, [r0, #12]
10007ef0:	f8df 915c 	ldr.w	r9, [pc, #348]	@ 10008050 <lfs_dir_getslice.constprop.1+0x168>
10007ef4:	b087      	sub	sp, #28
10007ef6:	f8d9 603c 	ldr.w	r6, [r9, #60]	@ 0x3c
10007efa:	4682      	mov	sl, r0
10007efc:	ea4f 5816 	mov.w	r8, r6, lsr #20
10007f00:	f418 68e0 	ands.w	r8, r8, #1792	@ 0x700
10007f04:	468b      	mov	fp, r1
10007f06:	e9cd 2302 	strd	r2, r3, [sp, #8]
10007f0a:	9405      	str	r4, [sp, #20]
10007f0c:	d029      	beq.n	10007f62 <lfs_dir_getslice.constprop.1+0x7a>
10007f0e:	f8d9 3040 	ldr.w	r3, [r9, #64]	@ 0x40
10007f12:	6802      	ldr	r2, [r0, #0]
10007f14:	4293      	cmp	r3, r2
10007f16:	d07a      	beq.n	1000800e <lfs_dir_getslice.constprop.1+0x126>
10007f18:	f8d9 0044 	ldr.w	r0, [r9, #68]	@ 0x44
10007f1c:	f8da 1004 	ldr.w	r1, [sl, #4]
10007f20:	4288      	cmp	r0, r1
10007f22:	d074      	beq.n	1000800e <lfs_dir_getslice.constprop.1+0x126>
10007f24:	428b      	cmp	r3, r1
10007f26:	d072      	beq.n	1000800e <lfs_dir_getslice.constprop.1+0x126>
10007f28:	4282      	cmp	r2, r0
10007f2a:	d070      	beq.n	1000800e <lfs_dir_getslice.constprop.1+0x126>
10007f2c:	f04f 0800 	mov.w	r8, #0
10007f30:	e017      	b.n	10007f62 <lfs_dir_getslice.constprop.1+0x7a>
10007f32:	4845      	ldr	r0, [pc, #276]	@ (10008048 <lfs_dir_getslice.constprop.1+0x160>)
10007f34:	f3c3 2c89 	ubfx	ip, r3, #10, #10
10007f38:	4018      	ands	r0, r3
10007f3a:	f3c4 2e89 	ubfx	lr, r4, #10, #10
10007f3e:	f040 4080 	orr.w	r0, r0, #1073741824	@ 0x40000000
10007f42:	45e6      	cmp	lr, ip
10007f44:	b249      	sxtb	r1, r1
10007f46:	f440 1080 	orr.w	r0, r0, #1048576	@ 0x100000
10007f4a:	d805      	bhi.n	10007f58 <lfs_dir_getslice.constprop.1+0x70>
10007f4c:	42a0      	cmp	r0, r4
10007f4e:	eb08 2881 	add.w	r8, r8, r1, lsl #10
10007f52:	d065      	beq.n	10008020 <lfs_dir_getslice.constprop.1+0x138>
10007f54:	ebab 0308 	sub.w	r3, fp, r8
10007f58:	493c      	ldr	r1, [pc, #240]	@ (1000804c <lfs_dir_getslice.constprop.1+0x164>)
10007f5a:	4063      	eors	r3, r4
10007f5c:	420b      	tst	r3, r1
10007f5e:	d037      	beq.n	10007fd0 <lfs_dir_getslice.constprop.1+0xe8>
10007f60:	4614      	mov	r4, r2
10007f62:	f344 0609 	sbfx	r6, r4, #0, #10
10007f66:	f1b6 3fff 	cmp.w	r6, #4294967295	@ 0xffffffff
10007f6a:	bf14      	ite	ne
10007f6c:	4623      	movne	r3, r4
10007f6e:	1c63      	addeq	r3, r4, #1
10007f70:	f3c3 0309 	ubfx	r3, r3, #0, #10
10007f74:	1f2a      	subs	r2, r5, #4
10007f76:	f103 0108 	add.w	r1, r3, #8
10007f7a:	428d      	cmp	r5, r1
10007f7c:	eba2 0503 	sub.w	r5, r2, r3
10007f80:	f105 0704 	add.w	r7, r5, #4
10007f84:	d34c      	bcc.n	10008020 <lfs_dir_getslice.constprop.1+0x138>
10007f86:	f8d9 3068 	ldr.w	r3, [r9, #104]	@ 0x68
10007f8a:	f8da 2000 	ldr.w	r2, [sl]
10007f8e:	69d9      	ldr	r1, [r3, #28]
10007f90:	428a      	cmp	r2, r1
10007f92:	d24a      	bcs.n	1000802a <lfs_dir_getslice.constprop.1+0x142>
10007f94:	699b      	ldr	r3, [r3, #24]
10007f96:	429f      	cmp	r7, r3
10007f98:	d847      	bhi.n	1000802a <lfs_dir_getslice.constprop.1+0x142>
10007f9a:	2104      	movs	r1, #4
10007f9c:	ab05      	add	r3, sp, #20
10007f9e:	9300      	str	r3, [sp, #0]
10007fa0:	9101      	str	r1, [sp, #4]
10007fa2:	462b      	mov	r3, r5
10007fa4:	482a      	ldr	r0, [pc, #168]	@ (10008050 <lfs_dir_getslice.constprop.1+0x168>)
10007fa6:	f7fe f9cb 	bl	10006340 <lfs_bd_read.part.0.constprop.0>
10007faa:	0d21      	lsrs	r1, r4, #20
10007fac:	ebab 0308 	sub.w	r3, fp, r8
10007fb0:	bb50      	cbnz	r0, 10008008 <lfs_dir_getslice.constprop.1+0x120>
10007fb2:	9a05      	ldr	r2, [sp, #20]
10007fb4:	f401 60e0 	and.w	r0, r1, #1792	@ 0x700
10007fb8:	ba12      	rev	r2, r2
10007fba:	4062      	eors	r2, r4
10007fbc:	f022 4200 	bic.w	r2, r2, #2147483648	@ 0x80000000
10007fc0:	f5b0 6f80 	cmp.w	r0, #1024	@ 0x400
10007fc4:	9205      	str	r2, [sp, #20]
10007fc6:	d0b4      	beq.n	10007f32 <lfs_dir_getslice.constprop.1+0x4a>
10007fc8:	4920      	ldr	r1, [pc, #128]	@ (1000804c <lfs_dir_getslice.constprop.1+0x164>)
10007fca:	4063      	eors	r3, r4
10007fcc:	420b      	tst	r3, r1
10007fce:	d1c7      	bne.n	10007f60 <lfs_dir_getslice.constprop.1+0x78>
10007fd0:	3601      	adds	r6, #1
10007fd2:	d025      	beq.n	10008020 <lfs_dir_getslice.constprop.1+0x138>
10007fd4:	f8d9 3068 	ldr.w	r3, [r9, #104]	@ 0x68
10007fd8:	9803      	ldr	r0, [sp, #12]
10007fda:	f3c4 0509 	ubfx	r5, r4, #0, #10
10007fde:	f8da 2000 	ldr.w	r2, [sl]
10007fe2:	69d9      	ldr	r1, [r3, #28]
10007fe4:	4285      	cmp	r5, r0
10007fe6:	bf28      	it	cs
10007fe8:	4605      	movcs	r5, r0
10007fea:	428a      	cmp	r2, r1
10007fec:	d21d      	bcs.n	1000802a <lfs_dir_getslice.constprop.1+0x142>
10007fee:	699b      	ldr	r3, [r3, #24]
10007ff0:	19e9      	adds	r1, r5, r7
10007ff2:	4299      	cmp	r1, r3
10007ff4:	d819      	bhi.n	1000802a <lfs_dir_getslice.constprop.1+0x142>
10007ff6:	9902      	ldr	r1, [sp, #8]
10007ff8:	463b      	mov	r3, r7
10007ffa:	9100      	str	r1, [sp, #0]
10007ffc:	4814      	ldr	r0, [pc, #80]	@ (10008050 <lfs_dir_getslice.constprop.1+0x168>)
10007ffe:	4629      	mov	r1, r5
10008000:	9501      	str	r5, [sp, #4]
10008002:	f7fe f99d 	bl	10006340 <lfs_bd_read.part.0.constprop.0>
10008006:	b1a8      	cbz	r0, 10008034 <lfs_dir_getslice.constprop.1+0x14c>
10008008:	b007      	add	sp, #28
1000800a:	e8bd 8ff0 	ldmia.w	sp!, {r4, r5, r6, r7, r8, r9, sl, fp, pc}
1000800e:	f3c6 2689 	ubfx	r6, r6, #10, #10
10008012:	f3cb 2389 	ubfx	r3, fp, #10, #10
10008016:	429e      	cmp	r6, r3
10008018:	d888      	bhi.n	10007f2c <lfs_dir_getslice.constprop.1+0x44>
1000801a:	f8df 8038 	ldr.w	r8, [pc, #56]	@ 10008054 <lfs_dir_getslice.constprop.1+0x16c>
1000801e:	e7a0      	b.n	10007f62 <lfs_dir_getslice.constprop.1+0x7a>
10008020:	f06f 0002 	mvn.w	r0, #2
10008024:	b007      	add	sp, #28
10008026:	e8bd 8ff0 	ldmia.w	sp!, {r4, r5, r6, r7, r8, r9, sl, fp, pc}
1000802a:	f06f 0001 	mvn.w	r0, #1
1000802e:	b007      	add	sp, #28
10008030:	e8bd 8ff0 	ldmia.w	sp!, {r4, r5, r6, r7, r8, r9, sl, fp, pc}
10008034:	4601      	mov	r1, r0
10008036:	9b03      	ldr	r3, [sp, #12]
10008038:	9802      	ldr	r0, [sp, #8]
1000803a:	1b5a      	subs	r2, r3, r5
1000803c:	4428      	add	r0, r5
1000803e:	f004 fed3 	bl	1000cde8 <__memset_veneer>
10008042:	eb04 0008 	add.w	r0, r4, r8
10008046:	e7df      	b.n	10008008 <lfs_dir_getslice.constprop.1+0x120>
10008048:	000ffc00 	.word	0x000ffc00
1000804c:	700ffc00 	.word	0x700ffc00
10008050:	20001e00 	.word	0x20001e00
10008054:	fffffc00 	.word	0xfffffc00

10008058 <lfs_fs_rawtraverse.constprop.0>:
10008058:	2300      	movs	r3, #0
1000805a:	e92d 4ff0 	stmdb	sp!, {r4, r5, r6, r7, r8, r9, sl, fp, lr}
1000805e:	2601      	movs	r6, #1
10008060:	469b      	mov	fp, r3
10008062:	4605      	mov	r5, r0
10008064:	469a      	mov	sl, r3
10008066:	461f      	mov	r7, r3
10008068:	b08f      	sub	sp, #60	@ 0x3c
1000806a:	e9cd 3306 	strd	r3, r3, [sp, #24]
1000806e:	e9cd 3308 	strd	r3, r3, [sp, #32]
10008072:	e9cd 330a 	strd	r3, r3, [sp, #40]	@ 0x28
10008076:	f8df 812c 	ldr.w	r8, [pc, #300]	@ 100081a4 <lfs_fs_rawtraverse.constprop.0+0x14c>
1000807a:	930c      	str	r3, [sp, #48]	@ 0x30
1000807c:	1c73      	adds	r3, r6, #1
1000807e:	d047      	beq.n	10008110 <lfs_fs_rawtraverse.constprop.0+0xb8>
10008080:	f8d8 2068 	ldr.w	r2, [r8, #104]	@ 0x68
10008084:	69d2      	ldr	r2, [r2, #28]
10008086:	ebb7 0f52 	cmp.w	r7, r2, lsr #1
1000808a:	f080 8087 	bcs.w	1000819c <lfs_fs_rawtraverse.constprop.0+0x144>
1000808e:	2200      	movs	r2, #0
10008090:	f04f 33ff 	mov.w	r3, #4294967295	@ 0xffffffff
10008094:	6829      	ldr	r1, [r5, #0]
10008096:	a806      	add	r0, sp, #24
10008098:	3102      	adds	r1, #2
1000809a:	6029      	str	r1, [r5, #0]
1000809c:	e9cd 2201 	strd	r2, r2, [sp, #4]
100080a0:	9200      	str	r2, [sp, #0]
100080a2:	a90c      	add	r1, sp, #48	@ 0x30
100080a4:	461a      	mov	r2, r3
100080a6:	f8ad b02c 	strh.w	fp, [sp, #44]	@ 0x2c
100080aa:	f8cd a030 	str.w	sl, [sp, #48]	@ 0x30
100080ae:	960d      	str	r6, [sp, #52]	@ 0x34
100080b0:	f7ff f98c 	bl	100073cc <lfs_dir_fetchmatch>
100080b4:	e9dd a60c 	ldrd	sl, r6, [sp, #48]	@ 0x30
100080b8:	f8bd b02c 	ldrh.w	fp, [sp, #44]	@ 0x2c
100080bc:	3701      	adds	r7, #1
100080be:	2800      	cmp	r0, #0
100080c0:	d155      	bne.n	1000816e <lfs_fs_rawtraverse.constprop.0+0x116>
100080c2:	f1bb 0f00 	cmp.w	fp, #0
100080c6:	d020      	beq.n	1000810a <lfs_fs_rawtraverse.constprop.0+0xb2>
100080c8:	4653      	mov	r3, sl
100080ca:	4604      	mov	r4, r0
100080cc:	46aa      	mov	sl, r5
100080ce:	461d      	mov	r5, r3
100080d0:	ea4f 298b 	mov.w	r9, fp, lsl #10
100080d4:	f044 5100 	orr.w	r1, r4, #536870912	@ 0x20000000
100080d8:	2308      	movs	r3, #8
100080da:	aa04      	add	r2, sp, #16
100080dc:	a806      	add	r0, sp, #24
100080de:	f041 0108 	orr.w	r1, r1, #8
100080e2:	e9cd 560c 	strd	r5, r6, [sp, #48]	@ 0x30
100080e6:	f8ad b02c 	strh.w	fp, [sp, #44]	@ 0x2c
100080ea:	f7ff fefd 	bl	10007ee8 <lfs_dir_getslice.constprop.1>
100080ee:	2800      	cmp	r0, #0
100080f0:	db44      	blt.n	1000817c <lfs_fs_rawtraverse.constprop.0+0x124>
100080f2:	f240 2302 	movw	r3, #514	@ 0x202
100080f6:	ebb3 5f10 	cmp.w	r3, r0, lsr #20
100080fa:	d044      	beq.n	10008186 <lfs_fs_rawtraverse.constprop.0+0x12e>
100080fc:	f504 6480 	add.w	r4, r4, #1024	@ 0x400
10008100:	45a1      	cmp	r9, r4
10008102:	d1e7      	bne.n	100080d4 <lfs_fs_rawtraverse.constprop.0+0x7c>
10008104:	462b      	mov	r3, r5
10008106:	4655      	mov	r5, sl
10008108:	469a      	mov	sl, r3
1000810a:	f1ba 3fff 	cmp.w	sl, #4294967295	@ 0xffffffff
1000810e:	d1b5      	bne.n	1000807c <lfs_fs_rawtraverse.constprop.0+0x24>
10008110:	f8d8 4028 	ldr.w	r4, [r8, #40]	@ 0x28
10008114:	b93c      	cbnz	r4, 10008126 <lfs_fs_rawtraverse.constprop.0+0xce>
10008116:	e02d      	b.n	10008174 <lfs_fs_rawtraverse.constprop.0+0x11c>
10008118:	f403 1390 	and.w	r3, r3, #1179648	@ 0x120000
1000811c:	f5b3 3f00 	cmp.w	r3, #131072	@ 0x20000
10008120:	d01a      	beq.n	10008158 <lfs_fs_rawtraverse.constprop.0+0x100>
10008122:	6824      	ldr	r4, [r4, #0]
10008124:	b334      	cbz	r4, 10008174 <lfs_fs_rawtraverse.constprop.0+0x11c>
10008126:	79a3      	ldrb	r3, [r4, #6]
10008128:	2b01      	cmp	r3, #1
1000812a:	d1fa      	bne.n	10008122 <lfs_fs_rawtraverse.constprop.0+0xca>
1000812c:	6b23      	ldr	r3, [r4, #48]	@ 0x30
1000812e:	f403 1288 	and.w	r2, r3, #1114112	@ 0x110000
10008132:	f5b2 3f80 	cmp.w	r2, #65536	@ 0x10000
10008136:	d1ef      	bne.n	10008118 <lfs_fs_rawtraverse.constprop.0+0xc0>
10008138:	6ae2      	ldr	r2, [r4, #44]	@ 0x2c
1000813a:	f104 0040 	add.w	r0, r4, #64	@ 0x40
1000813e:	2a00      	cmp	r2, #0
10008140:	d0ea      	beq.n	10008118 <lfs_fs_rawtraverse.constprop.0+0xc0>
10008142:	462b      	mov	r3, r5
10008144:	6aa1      	ldr	r1, [r4, #40]	@ 0x28
10008146:	f7fe fbaf 	bl	100068a8 <lfs_ctz_traverse.part.0.constprop.0>
1000814a:	b980      	cbnz	r0, 1000816e <lfs_fs_rawtraverse.constprop.0+0x116>
1000814c:	6b23      	ldr	r3, [r4, #48]	@ 0x30
1000814e:	f403 1390 	and.w	r3, r3, #1179648	@ 0x120000
10008152:	f5b3 3f00 	cmp.w	r3, #131072	@ 0x20000
10008156:	d1e4      	bne.n	10008122 <lfs_fs_rawtraverse.constprop.0+0xca>
10008158:	6b62      	ldr	r2, [r4, #52]	@ 0x34
1000815a:	f104 0040 	add.w	r0, r4, #64	@ 0x40
1000815e:	2a00      	cmp	r2, #0
10008160:	d0df      	beq.n	10008122 <lfs_fs_rawtraverse.constprop.0+0xca>
10008162:	462b      	mov	r3, r5
10008164:	6ba1      	ldr	r1, [r4, #56]	@ 0x38
10008166:	f7fe fb9f 	bl	100068a8 <lfs_ctz_traverse.part.0.constprop.0>
1000816a:	2800      	cmp	r0, #0
1000816c:	d0d9      	beq.n	10008122 <lfs_fs_rawtraverse.constprop.0+0xca>
1000816e:	b00f      	add	sp, #60	@ 0x3c
10008170:	e8bd 8ff0 	ldmia.w	sp!, {r4, r5, r6, r7, r8, r9, sl, fp, pc}
10008174:	2000      	movs	r0, #0
10008176:	b00f      	add	sp, #60	@ 0x3c
10008178:	e8bd 8ff0 	ldmia.w	sp!, {r4, r5, r6, r7, r8, r9, sl, fp, pc}
1000817c:	1cc2      	adds	r2, r0, #3
1000817e:	d0bd      	beq.n	100080fc <lfs_fs_rawtraverse.constprop.0+0xa4>
10008180:	b00f      	add	sp, #60	@ 0x3c
10008182:	e8bd 8ff0 	ldmia.w	sp!, {r4, r5, r6, r7, r8, r9, sl, fp, pc}
10008186:	9a05      	ldr	r2, [sp, #20]
10008188:	2a00      	cmp	r2, #0
1000818a:	d0b7      	beq.n	100080fc <lfs_fs_rawtraverse.constprop.0+0xa4>
1000818c:	4653      	mov	r3, sl
1000818e:	2000      	movs	r0, #0
10008190:	9904      	ldr	r1, [sp, #16]
10008192:	f7fe fb89 	bl	100068a8 <lfs_ctz_traverse.part.0.constprop.0>
10008196:	2800      	cmp	r0, #0
10008198:	d0b0      	beq.n	100080fc <lfs_fs_rawtraverse.constprop.0+0xa4>
1000819a:	e7e8      	b.n	1000816e <lfs_fs_rawtraverse.constprop.0+0x116>
1000819c:	f06f 0001 	mvn.w	r0, #1
100081a0:	e7e5      	b.n	1000816e <lfs_fs_rawtraverse.constprop.0+0x116>
100081a2:	bf00      	nop
100081a4:	20001e00 	.word	0x20001e00

100081a8 <lfs_alloc>:
100081a8:	e92d 4ff0 	stmdb	sp!, {r4, r5, r6, r7, r8, r9, sl, fp, lr}
100081ac:	f04f 0b01 	mov.w	fp, #1
100081b0:	4680      	mov	r8, r0
100081b2:	4cc7      	ldr	r4, [pc, #796]	@ (100084d0 <lfs_alloc+0x328>)
100081b4:	b097      	sub	sp, #92	@ 0x5c
100081b6:	6da3      	ldr	r3, [r4, #88]	@ 0x58
100081b8:	6de2      	ldr	r2, [r4, #92]	@ 0x5c
100081ba:	e9d4 5018 	ldrd	r5, r0, [r4, #96]	@ 0x60
100081be:	e008      	b.n	100081d2 <lfs_alloc+0x2a>
100081c0:	3d01      	subs	r5, #1
100081c2:	e9c4 6517 	strd	r6, r5, [r4, #92]	@ 0x5c
100081c6:	f850 7027 	ldr.w	r7, [r0, r7, lsl #2]
100081ca:	4239      	tst	r1, r7
100081cc:	f000 814c 	beq.w	10008468 <lfs_alloc+0x2c0>
100081d0:	4632      	mov	r2, r6
100081d2:	f002 011f 	and.w	r1, r2, #31
100081d6:	4293      	cmp	r3, r2
100081d8:	f102 0601 	add.w	r6, r2, #1
100081dc:	ea4f 1752 	mov.w	r7, r2, lsr #5
100081e0:	fa0b f101 	lsl.w	r1, fp, r1
100081e4:	d1ec      	bne.n	100081c0 <lfs_alloc+0x18>
100081e6:	6d66      	ldr	r6, [r4, #84]	@ 0x54
100081e8:	2d00      	cmp	r5, #0
100081ea:	f000 82ad 	beq.w	10008748 <lfs_alloc+0x5a0>
100081ee:	6ea2      	ldr	r2, [r4, #104]	@ 0x68
100081f0:	4433      	add	r3, r6
100081f2:	69d1      	ldr	r1, [r2, #28]
100081f4:	6a92      	ldr	r2, [r2, #40]	@ 0x28
100081f6:	fbb3 f7f1 	udiv	r7, r3, r1
100081fa:	fb01 3317 	mls	r3, r1, r7, r3
100081fe:	6563      	str	r3, [r4, #84]	@ 0x54
10008200:	00d3      	lsls	r3, r2, #3
10008202:	2600      	movs	r6, #0
10008204:	42ab      	cmp	r3, r5
10008206:	bf28      	it	cs
10008208:	462b      	movcs	r3, r5
1000820a:	4631      	mov	r1, r6
1000820c:	65e6      	str	r6, [r4, #92]	@ 0x5c
1000820e:	65a3      	str	r3, [r4, #88]	@ 0x58
10008210:	4637      	mov	r7, r6
10008212:	f004 fde9 	bl	1000cde8 <__memset_veneer>
10008216:	46b2      	mov	sl, r6
10008218:	2201      	movs	r2, #1
1000821a:	46b6      	mov	lr, r6
1000821c:	4635      	mov	r5, r6
1000821e:	e9cd 660e 	strd	r6, r6, [sp, #56]	@ 0x38
10008222:	e9cd 6610 	strd	r6, r6, [sp, #64]	@ 0x40
10008226:	e9cd 6612 	strd	r6, r6, [sp, #72]	@ 0x48
1000822a:	9614      	str	r6, [sp, #80]	@ 0x50
1000822c:	f8d4 c068 	ldr.w	ip, [r4, #104]	@ 0x68
10008230:	f8dc 101c 	ldr.w	r1, [ip, #28]
10008234:	ebb5 0f51 	cmp.w	r5, r1, lsr #1
10008238:	f080 8292 	bcs.w	10008760 <lfs_alloc+0x5b8>
1000823c:	6d63      	ldr	r3, [r4, #84]	@ 0x54
1000823e:	3501      	adds	r5, #1
10008240:	1acb      	subs	r3, r1, r3
10008242:	19d8      	adds	r0, r3, r7
10008244:	fbb0 f6f1 	udiv	r6, r0, r1
10008248:	fb01 0016 	mls	r0, r1, r6, r0
1000824c:	6da6      	ldr	r6, [r4, #88]	@ 0x58
1000824e:	42b0      	cmp	r0, r6
10008250:	d210      	bcs.n	10008274 <lfs_alloc+0xcc>
10008252:	2301      	movs	r3, #1
10008254:	6e61      	ldr	r1, [r4, #100]	@ 0x64
10008256:	0946      	lsrs	r6, r0, #5
10008258:	f000 001f 	and.w	r0, r0, #31
1000825c:	fa03 f000 	lsl.w	r0, r3, r0
10008260:	f851 3026 	ldr.w	r3, [r1, r6, lsl #2]
10008264:	4303      	orrs	r3, r0
10008266:	f841 3026 	str.w	r3, [r1, r6, lsl #2]
1000826a:	f8dc 101c 	ldr.w	r1, [ip, #28]
1000826e:	6d63      	ldr	r3, [r4, #84]	@ 0x54
10008270:	6da6      	ldr	r6, [r4, #88]	@ 0x58
10008272:	1acb      	subs	r3, r1, r3
10008274:	4413      	add	r3, r2
10008276:	fbb3 f0f1 	udiv	r0, r3, r1
1000827a:	fb01 3310 	mls	r3, r1, r0, r3
1000827e:	42b3      	cmp	r3, r6
10008280:	d20a      	bcs.n	10008298 <lfs_alloc+0xf0>
10008282:	2601      	movs	r6, #1
10008284:	6e61      	ldr	r1, [r4, #100]	@ 0x64
10008286:	0958      	lsrs	r0, r3, #5
10008288:	f003 031f 	and.w	r3, r3, #31
1000828c:	409e      	lsls	r6, r3
1000828e:	f851 3020 	ldr.w	r3, [r1, r0, lsl #2]
10008292:	4333      	orrs	r3, r6
10008294:	f841 3020 	str.w	r3, [r1, r0, lsl #2]
10008298:	e9cd 7214 	strd	r7, r2, [sp, #80]	@ 0x50
1000829c:	f04f 33ff 	mov.w	r3, #4294967295	@ 0xffffffff
100082a0:	2200      	movs	r2, #0
100082a2:	a80e      	add	r0, sp, #56	@ 0x38
100082a4:	e9cd 2201 	strd	r2, r2, [sp, #4]
100082a8:	9200      	str	r2, [sp, #0]
100082aa:	a914      	add	r1, sp, #80	@ 0x50
100082ac:	461a      	mov	r2, r3
100082ae:	f8ad e04c 	strh.w	lr, [sp, #76]	@ 0x4c
100082b2:	f7ff f88b 	bl	100073cc <lfs_dir_fetchmatch>
100082b6:	e9dd 7214 	ldrd	r7, r2, [sp, #80]	@ 0x50
100082ba:	4684      	mov	ip, r0
100082bc:	f8bd e04c 	ldrh.w	lr, [sp, #76]	@ 0x4c
100082c0:	2800      	cmp	r0, #0
100082c2:	f040 80fb 	bne.w	100084bc <lfs_alloc+0x314>
100082c6:	f1be 0f00 	cmp.w	lr, #0
100082ca:	d033      	beq.n	10008334 <lfs_alloc+0x18c>
100082cc:	e9cd 7204 	strd	r7, r2, [sp, #16]
100082d0:	4681      	mov	r9, r0
100082d2:	4677      	mov	r7, lr
100082d4:	ea4f 238e 	mov.w	r3, lr, lsl #10
100082d8:	e9cd 3506 	strd	r3, r5, [sp, #24]
100082dc:	f8cd 8020 	str.w	r8, [sp, #32]
100082e0:	9b04      	ldr	r3, [sp, #16]
100082e2:	f049 5100 	orr.w	r1, r9, #536870912	@ 0x20000000
100082e6:	9314      	str	r3, [sp, #80]	@ 0x50
100082e8:	9b05      	ldr	r3, [sp, #20]
100082ea:	aa0a      	add	r2, sp, #40	@ 0x28
100082ec:	9315      	str	r3, [sp, #84]	@ 0x54
100082ee:	a80e      	add	r0, sp, #56	@ 0x38
100082f0:	2308      	movs	r3, #8
100082f2:	f041 0108 	orr.w	r1, r1, #8
100082f6:	f8ad 704c 	strh.w	r7, [sp, #76]	@ 0x4c
100082fa:	f7ff fdf5 	bl	10007ee8 <lfs_dir_getslice.constprop.1>
100082fe:	f1b0 0c00 	subs.w	ip, r0, #0
10008302:	f2c0 80d7 	blt.w	100084b4 <lfs_alloc+0x30c>
10008306:	f240 2202 	movw	r2, #514	@ 0x202
1000830a:	ebb2 5f1c 	cmp.w	r2, ip, lsr #20
1000830e:	ea4f 531c 	mov.w	r3, ip, lsr #20
10008312:	f000 80df 	beq.w	100084d4 <lfs_alloc+0x32c>
10008316:	f5b3 7f00 	cmp.w	r3, #512	@ 0x200
1000831a:	f000 8152 	beq.w	100085c2 <lfs_alloc+0x41a>
1000831e:	9b06      	ldr	r3, [sp, #24]
10008320:	f509 6980 	add.w	r9, r9, #1024	@ 0x400
10008324:	4599      	cmp	r9, r3
10008326:	d1db      	bne.n	100082e0 <lfs_alloc+0x138>
10008328:	46be      	mov	lr, r7
1000832a:	9d07      	ldr	r5, [sp, #28]
1000832c:	9a05      	ldr	r2, [sp, #20]
1000832e:	9f04      	ldr	r7, [sp, #16]
10008330:	f8dd 8020 	ldr.w	r8, [sp, #32]
10008334:	1c79      	adds	r1, r7, #1
10008336:	d002      	beq.n	1000833e <lfs_alloc+0x196>
10008338:	1c53      	adds	r3, r2, #1
1000833a:	f47f af77 	bne.w	1000822c <lfs_alloc+0x84>
1000833e:	6aa7      	ldr	r7, [r4, #40]	@ 0x28
10008340:	2f00      	cmp	r7, #0
10008342:	f43f af38 	beq.w	100081b6 <lfs_alloc+0xe>
10008346:	2501      	movs	r5, #1
10008348:	46c2      	mov	sl, r8
1000834a:	e009      	b.n	10008360 <lfs_alloc+0x1b8>
1000834c:	f403 1390 	and.w	r3, r3, #1179648	@ 0x120000
10008350:	f5b3 3f00 	cmp.w	r3, #131072	@ 0x20000
10008354:	f000 816d 	beq.w	10008632 <lfs_alloc+0x48a>
10008358:	683f      	ldr	r7, [r7, #0]
1000835a:	2f00      	cmp	r7, #0
1000835c:	f000 81ec 	beq.w	10008738 <lfs_alloc+0x590>
10008360:	79bb      	ldrb	r3, [r7, #6]
10008362:	2b01      	cmp	r3, #1
10008364:	d1f8      	bne.n	10008358 <lfs_alloc+0x1b0>
10008366:	6b3b      	ldr	r3, [r7, #48]	@ 0x30
10008368:	f403 1288 	and.w	r2, r3, #1114112	@ 0x110000
1000836c:	f5b2 3f80 	cmp.w	r2, #65536	@ 0x10000
10008370:	d1ec      	bne.n	1000834c <lfs_alloc+0x1a4>
10008372:	6afe      	ldr	r6, [r7, #44]	@ 0x2c
10008374:	2e00      	cmp	r6, #0
10008376:	d0e9      	beq.n	1000834c <lfs_alloc+0x1a4>
10008378:	f8d4 9068 	ldr.w	r9, [r4, #104]	@ 0x68
1000837c:	3e01      	subs	r6, #1
1000837e:	f8d9 3018 	ldr.w	r3, [r9, #24]
10008382:	f1a3 0808 	sub.w	r8, r3, #8
10008386:	4546      	cmp	r6, r8
10008388:	f0c0 81da 	bcc.w	10008740 <lfs_alloc+0x598>
1000838c:	fbb6 f0f8 	udiv	r0, r6, r8
10008390:	3801      	subs	r0, #1
10008392:	f004 fd19 	bl	1000cdc8 <____popcountsi2_veneer>
10008396:	1c83      	adds	r3, r0, #2
10008398:	eba6 0683 	sub.w	r6, r6, r3, lsl #2
1000839c:	fbb6 f6f8 	udiv	r6, r6, r8
100083a0:	f8d9 101c 	ldr.w	r1, [r9, #28]
100083a4:	e9d4 9c15 	ldrd	r9, ip, [r4, #84]	@ 0x54
100083a8:	4660      	mov	r0, ip
100083aa:	6abb      	ldr	r3, [r7, #40]	@ 0x28
100083ac:	f107 0840 	add.w	r8, r7, #64	@ 0x40
100083b0:	9705      	str	r7, [sp, #20]
100083b2:	eb03 0c01 	add.w	ip, r3, r1
100083b6:	ebac 0c09 	sub.w	ip, ip, r9
100083ba:	fbbc fef1 	udiv	lr, ip, r1
100083be:	fb01 cc1e 	mls	ip, r1, lr, ip
100083c2:	f006 0201 	and.w	r2, r6, #1
100083c6:	9204      	str	r2, [sp, #16]
100083c8:	4584      	cmp	ip, r0
100083ca:	f1c2 0202 	rsb	r2, r2, #2
100083ce:	ea4f 0282 	mov.w	r2, r2, lsl #2
100083d2:	d20c      	bcs.n	100083ee <lfs_alloc+0x246>
100083d4:	6e60      	ldr	r0, [r4, #100]	@ 0x64
100083d6:	ea4f 1e5c 	mov.w	lr, ip, lsr #5
100083da:	f850 102e 	ldr.w	r1, [r0, lr, lsl #2]
100083de:	f00c 0c1f 	and.w	ip, ip, #31
100083e2:	fa05 fc0c 	lsl.w	ip, r5, ip
100083e6:	ea41 010c 	orr.w	r1, r1, ip
100083ea:	f840 102e 	str.w	r1, [r0, lr, lsl #2]
100083ee:	2e00      	cmp	r6, #0
100083f0:	f000 819a 	beq.w	10008728 <lfs_alloc+0x580>
100083f4:	f04f 0c00 	mov.w	ip, #0
100083f8:	af0c      	add	r7, sp, #48	@ 0x30
100083fa:	4621      	mov	r1, r4
100083fc:	e9cd c700 	strd	ip, r7, [sp]
10008400:	4640      	mov	r0, r8
10008402:	9202      	str	r2, [sp, #8]
10008404:	f7fe f8a6 	bl	10006554 <lfs_bd_read>
10008408:	f8d4 c068 	ldr.w	ip, [r4, #104]	@ 0x68
1000840c:	4603      	mov	r3, r0
1000840e:	f8dc 101c 	ldr.w	r1, [ip, #28]
10008412:	2800      	cmp	r0, #0
10008414:	f040 8186 	bne.w	10008724 <lfs_alloc+0x57c>
10008418:	e9d4 9015 	ldrd	r9, r0, [r4, #84]	@ 0x54
1000841c:	9f04      	ldr	r7, [sp, #16]
1000841e:	eba1 0209 	sub.w	r2, r1, r9
10008422:	b9d7      	cbnz	r7, 1000845a <lfs_alloc+0x2b2>
10008424:	9b0c      	ldr	r3, [sp, #48]	@ 0x30
10008426:	4413      	add	r3, r2
10008428:	fbb3 f2f1 	udiv	r2, r3, r1
1000842c:	fb01 3312 	mls	r3, r1, r2, r3
10008430:	f003 021f 	and.w	r2, r3, #31
10008434:	4283      	cmp	r3, r0
10008436:	ea4f 1e53 	mov.w	lr, r3, lsr #5
1000843a:	fa05 f202 	lsl.w	r2, r5, r2
1000843e:	f080 80f6 	bcs.w	1000862e <lfs_alloc+0x486>
10008442:	6e61      	ldr	r1, [r4, #100]	@ 0x64
10008444:	f851 302e 	ldr.w	r3, [r1, lr, lsl #2]
10008448:	4313      	orrs	r3, r2
1000844a:	f841 302e 	str.w	r3, [r1, lr, lsl #2]
1000844e:	2301      	movs	r3, #1
10008450:	f8d4 9054 	ldr.w	r9, [r4, #84]	@ 0x54
10008454:	f8dc 101c 	ldr.w	r1, [ip, #28]
10008458:	6da0      	ldr	r0, [r4, #88]	@ 0x58
1000845a:	9a04      	ldr	r2, [sp, #16]
1000845c:	eb0d 0383 	add.w	r3, sp, r3, lsl #2
10008460:	3e02      	subs	r6, #2
10008462:	6b1b      	ldr	r3, [r3, #48]	@ 0x30
10008464:	4416      	add	r6, r2
10008466:	e7a4      	b.n	100083b2 <lfs_alloc+0x20a>
10008468:	6d63      	ldr	r3, [r4, #84]	@ 0x54
1000846a:	441a      	add	r2, r3
1000846c:	6ea3      	ldr	r3, [r4, #104]	@ 0x68
1000846e:	69db      	ldr	r3, [r3, #28]
10008470:	fbb2 f1f3 	udiv	r1, r2, r3
10008474:	fb03 2211 	mls	r2, r3, r1, r2
10008478:	f8c8 2000 	str.w	r2, [r8]
1000847c:	e9d4 6316 	ldrd	r6, r3, [r4, #88]	@ 0x58
10008480:	42b3      	cmp	r3, r6
10008482:	d013      	beq.n	100084ac <lfs_alloc+0x304>
10008484:	2701      	movs	r7, #1
10008486:	6e21      	ldr	r1, [r4, #96]	@ 0x60
10008488:	e003      	b.n	10008492 <lfs_alloc+0x2ea>
1000848a:	42b3      	cmp	r3, r6
1000848c:	e9c4 3117 	strd	r3, r1, [r4, #92]	@ 0x5c
10008490:	d00c      	beq.n	100084ac <lfs_alloc+0x304>
10008492:	095a      	lsrs	r2, r3, #5
10008494:	f850 5022 	ldr.w	r5, [r0, r2, lsl #2]
10008498:	f003 021f 	and.w	r2, r3, #31
1000849c:	fa07 f202 	lsl.w	r2, r7, r2
100084a0:	422a      	tst	r2, r5
100084a2:	f103 0301 	add.w	r3, r3, #1
100084a6:	f101 31ff 	add.w	r1, r1, #4294967295	@ 0xffffffff
100084aa:	d1ee      	bne.n	1000848a <lfs_alloc+0x2e2>
100084ac:	2000      	movs	r0, #0
100084ae:	b017      	add	sp, #92	@ 0x5c
100084b0:	e8bd 8ff0 	ldmia.w	sp!, {r4, r5, r6, r7, r8, r9, sl, fp, pc}
100084b4:	f11c 0f03 	cmn.w	ip, #3
100084b8:	f43f af31 	beq.w	1000831e <lfs_alloc+0x176>
100084bc:	4660      	mov	r0, ip
100084be:	6ea3      	ldr	r3, [r4, #104]	@ 0x68
100084c0:	69d9      	ldr	r1, [r3, #28]
100084c2:	2200      	movs	r2, #0
100084c4:	2300      	movs	r3, #0
100084c6:	6621      	str	r1, [r4, #96]	@ 0x60
100084c8:	e9c4 2316 	strd	r2, r3, [r4, #88]	@ 0x58
100084cc:	e7ef      	b.n	100084ae <lfs_alloc+0x306>
100084ce:	bf00      	nop
100084d0:	20001e00 	.word	0x20001e00
100084d4:	9d0b      	ldr	r5, [sp, #44]	@ 0x2c
100084d6:	2d00      	cmp	r5, #0
100084d8:	f43f af21 	beq.w	1000831e <lfs_alloc+0x176>
100084dc:	6ea3      	ldr	r3, [r4, #104]	@ 0x68
100084de:	3d01      	subs	r5, #1
100084e0:	699a      	ldr	r2, [r3, #24]
100084e2:	f1a2 0608 	sub.w	r6, r2, #8
100084e6:	42b5      	cmp	r5, r6
100084e8:	f0c0 812c 	bcc.w	10008744 <lfs_alloc+0x59c>
100084ec:	fbb5 f0f6 	udiv	r0, r5, r6
100084f0:	3801      	subs	r0, #1
100084f2:	9309      	str	r3, [sp, #36]	@ 0x24
100084f4:	f004 fc68 	bl	1000cdc8 <____popcountsi2_veneer>
100084f8:	1c82      	adds	r2, r0, #2
100084fa:	eba5 0582 	sub.w	r5, r5, r2, lsl #2
100084fe:	fbb5 f6f6 	udiv	r6, r5, r6
10008502:	9b09      	ldr	r3, [sp, #36]	@ 0x24
10008504:	f8cd 9024 	str.w	r9, [sp, #36]	@ 0x24
10008508:	2501      	movs	r5, #1
1000850a:	e9d4 8015 	ldrd	r8, r0, [r4, #84]	@ 0x54
1000850e:	46b9      	mov	r9, r7
10008510:	69d9      	ldr	r1, [r3, #28]
10008512:	9b0a      	ldr	r3, [sp, #40]	@ 0x28
10008514:	eb03 0c01 	add.w	ip, r3, r1
10008518:	ebac 0c08 	sub.w	ip, ip, r8
1000851c:	fbbc fef1 	udiv	lr, ip, r1
10008520:	fb01 cc1e 	mls	ip, r1, lr, ip
10008524:	f006 0701 	and.w	r7, r6, #1
10008528:	f1c7 0202 	rsb	r2, r7, #2
1000852c:	4584      	cmp	ip, r0
1000852e:	ea4f 0282 	mov.w	r2, r2, lsl #2
10008532:	d20c      	bcs.n	1000854e <lfs_alloc+0x3a6>
10008534:	6e60      	ldr	r0, [r4, #100]	@ 0x64
10008536:	ea4f 1e5c 	mov.w	lr, ip, lsr #5
1000853a:	f850 102e 	ldr.w	r1, [r0, lr, lsl #2]
1000853e:	f00c 0c1f 	and.w	ip, ip, #31
10008542:	fa05 fc0c 	lsl.w	ip, r5, ip
10008546:	ea41 010c 	orr.w	r1, r1, ip
1000854a:	f840 102e 	str.w	r1, [r0, lr, lsl #2]
1000854e:	2e00      	cmp	r6, #0
10008550:	d069      	beq.n	10008626 <lfs_alloc+0x47e>
10008552:	a90c      	add	r1, sp, #48	@ 0x30
10008554:	e9cd a100 	strd	sl, r1, [sp]
10008558:	2000      	movs	r0, #0
1000855a:	4983      	ldr	r1, [pc, #524]	@ (10008768 <lfs_alloc+0x5c0>)
1000855c:	9202      	str	r2, [sp, #8]
1000855e:	f7fd fff9 	bl	10006554 <lfs_bd_read>
10008562:	f8d4 e068 	ldr.w	lr, [r4, #104]	@ 0x68
10008566:	4684      	mov	ip, r0
10008568:	f8de 101c 	ldr.w	r1, [lr, #28]
1000856c:	2800      	cmp	r0, #0
1000856e:	d1a5      	bne.n	100084bc <lfs_alloc+0x314>
10008570:	e9d4 8015 	ldrd	r8, r0, [r4, #84]	@ 0x54
10008574:	eba1 0208 	sub.w	r2, r1, r8
10008578:	b9cf      	cbnz	r7, 100085ae <lfs_alloc+0x406>
1000857a:	9b0c      	ldr	r3, [sp, #48]	@ 0x30
1000857c:	4413      	add	r3, r2
1000857e:	fbb3 f2f1 	udiv	r2, r3, r1
10008582:	fb01 3312 	mls	r3, r1, r2, r3
10008586:	095a      	lsrs	r2, r3, #5
10008588:	4283      	cmp	r3, r0
1000858a:	f003 031f 	and.w	r3, r3, #31
1000858e:	fa05 f303 	lsl.w	r3, r5, r3
10008592:	d213      	bcs.n	100085bc <lfs_alloc+0x414>
10008594:	f04f 0c01 	mov.w	ip, #1
10008598:	6e60      	ldr	r0, [r4, #100]	@ 0x64
1000859a:	f850 1022 	ldr.w	r1, [r0, r2, lsl #2]
1000859e:	4319      	orrs	r1, r3
100085a0:	f840 1022 	str.w	r1, [r0, r2, lsl #2]
100085a4:	f8d4 8054 	ldr.w	r8, [r4, #84]	@ 0x54
100085a8:	f8de 101c 	ldr.w	r1, [lr, #28]
100085ac:	6da0      	ldr	r0, [r4, #88]	@ 0x58
100085ae:	eb0d 0c8c 	add.w	ip, sp, ip, lsl #2
100085b2:	3e02      	subs	r6, #2
100085b4:	f8dc 3030 	ldr.w	r3, [ip, #48]	@ 0x30
100085b8:	443e      	add	r6, r7
100085ba:	e7ab      	b.n	10008514 <lfs_alloc+0x36c>
100085bc:	f04f 0c01 	mov.w	ip, #1
100085c0:	e7f5      	b.n	100085ae <lfs_alloc+0x406>
100085c2:	6ea5      	ldr	r5, [r4, #104]	@ 0x68
100085c4:	6d63      	ldr	r3, [r4, #84]	@ 0x54
100085c6:	69e9      	ldr	r1, [r5, #28]
100085c8:	9a0a      	ldr	r2, [sp, #40]	@ 0x28
100085ca:	1acb      	subs	r3, r1, r3
100085cc:	441a      	add	r2, r3
100085ce:	fbb2 f0f1 	udiv	r0, r2, r1
100085d2:	fb01 2210 	mls	r2, r1, r0, r2
100085d6:	6da0      	ldr	r0, [r4, #88]	@ 0x58
100085d8:	4282      	cmp	r2, r0
100085da:	d20f      	bcs.n	100085fc <lfs_alloc+0x454>
100085dc:	2301      	movs	r3, #1
100085de:	6e61      	ldr	r1, [r4, #100]	@ 0x64
100085e0:	0950      	lsrs	r0, r2, #5
100085e2:	f002 021f 	and.w	r2, r2, #31
100085e6:	fa03 f202 	lsl.w	r2, r3, r2
100085ea:	f851 3020 	ldr.w	r3, [r1, r0, lsl #2]
100085ee:	4313      	orrs	r3, r2
100085f0:	f841 3020 	str.w	r3, [r1, r0, lsl #2]
100085f4:	69e9      	ldr	r1, [r5, #28]
100085f6:	6d63      	ldr	r3, [r4, #84]	@ 0x54
100085f8:	6da0      	ldr	r0, [r4, #88]	@ 0x58
100085fa:	1acb      	subs	r3, r1, r3
100085fc:	9a0b      	ldr	r2, [sp, #44]	@ 0x2c
100085fe:	4413      	add	r3, r2
10008600:	fbb3 f2f1 	udiv	r2, r3, r1
10008604:	fb01 3312 	mls	r3, r1, r2, r3
10008608:	4283      	cmp	r3, r0
1000860a:	f4bf ae88 	bcs.w	1000831e <lfs_alloc+0x176>
1000860e:	2001      	movs	r0, #1
10008610:	6e62      	ldr	r2, [r4, #100]	@ 0x64
10008612:	0959      	lsrs	r1, r3, #5
10008614:	f003 031f 	and.w	r3, r3, #31
10008618:	4098      	lsls	r0, r3
1000861a:	f852 3021 	ldr.w	r3, [r2, r1, lsl #2]
1000861e:	4303      	orrs	r3, r0
10008620:	f842 3021 	str.w	r3, [r2, r1, lsl #2]
10008624:	e67b      	b.n	1000831e <lfs_alloc+0x176>
10008626:	464f      	mov	r7, r9
10008628:	f8dd 9024 	ldr.w	r9, [sp, #36]	@ 0x24
1000862c:	e677      	b.n	1000831e <lfs_alloc+0x176>
1000862e:	2301      	movs	r3, #1
10008630:	e713      	b.n	1000845a <lfs_alloc+0x2b2>
10008632:	6b7e      	ldr	r6, [r7, #52]	@ 0x34
10008634:	2e00      	cmp	r6, #0
10008636:	f43f ae8f 	beq.w	10008358 <lfs_alloc+0x1b0>
1000863a:	f8d4 9068 	ldr.w	r9, [r4, #104]	@ 0x68
1000863e:	3e01      	subs	r6, #1
10008640:	f8d9 3018 	ldr.w	r3, [r9, #24]
10008644:	f1a3 0808 	sub.w	r8, r3, #8
10008648:	4546      	cmp	r6, r8
1000864a:	d377      	bcc.n	1000873c <lfs_alloc+0x594>
1000864c:	fbb6 f0f8 	udiv	r0, r6, r8
10008650:	3801      	subs	r0, #1
10008652:	f004 fbb9 	bl	1000cdc8 <____popcountsi2_veneer>
10008656:	1c83      	adds	r3, r0, #2
10008658:	eba6 0683 	sub.w	r6, r6, r3, lsl #2
1000865c:	fbb6 f6f8 	udiv	r6, r6, r8
10008660:	f8d9 101c 	ldr.w	r1, [r9, #28]
10008664:	e9d4 9c15 	ldrd	r9, ip, [r4, #84]	@ 0x54
10008668:	4660      	mov	r0, ip
1000866a:	6bbb      	ldr	r3, [r7, #56]	@ 0x38
1000866c:	f107 0840 	add.w	r8, r7, #64	@ 0x40
10008670:	9705      	str	r7, [sp, #20]
10008672:	eb03 0c01 	add.w	ip, r3, r1
10008676:	ebac 0c09 	sub.w	ip, ip, r9
1000867a:	fbbc fef1 	udiv	lr, ip, r1
1000867e:	fb01 cc1e 	mls	ip, r1, lr, ip
10008682:	f006 0201 	and.w	r2, r6, #1
10008686:	9204      	str	r2, [sp, #16]
10008688:	4584      	cmp	ip, r0
1000868a:	f1c2 0202 	rsb	r2, r2, #2
1000868e:	ea4f 0282 	mov.w	r2, r2, lsl #2
10008692:	d20c      	bcs.n	100086ae <lfs_alloc+0x506>
10008694:	6e60      	ldr	r0, [r4, #100]	@ 0x64
10008696:	ea4f 1e5c 	mov.w	lr, ip, lsr #5
1000869a:	f850 102e 	ldr.w	r1, [r0, lr, lsl #2]
1000869e:	f00c 0c1f 	and.w	ip, ip, #31
100086a2:	fa05 fc0c 	lsl.w	ip, r5, ip
100086a6:	ea41 010c 	orr.w	r1, r1, ip
100086aa:	f840 102e 	str.w	r1, [r0, lr, lsl #2]
100086ae:	2e00      	cmp	r6, #0
100086b0:	d03d      	beq.n	1000872e <lfs_alloc+0x586>
100086b2:	f04f 0c00 	mov.w	ip, #0
100086b6:	af0c      	add	r7, sp, #48	@ 0x30
100086b8:	4621      	mov	r1, r4
100086ba:	e9cd c700 	strd	ip, r7, [sp]
100086be:	4640      	mov	r0, r8
100086c0:	9202      	str	r2, [sp, #8]
100086c2:	f7fd ff47 	bl	10006554 <lfs_bd_read>
100086c6:	f8d4 c068 	ldr.w	ip, [r4, #104]	@ 0x68
100086ca:	4603      	mov	r3, r0
100086cc:	f8dc 101c 	ldr.w	r1, [ip, #28]
100086d0:	bb40      	cbnz	r0, 10008724 <lfs_alloc+0x57c>
100086d2:	e9d4 9015 	ldrd	r9, r0, [r4, #84]	@ 0x54
100086d6:	9f04      	ldr	r7, [sp, #16]
100086d8:	eba1 0209 	sub.w	r2, r1, r9
100086dc:	b9cf      	cbnz	r7, 10008712 <lfs_alloc+0x56a>
100086de:	9b0c      	ldr	r3, [sp, #48]	@ 0x30
100086e0:	4413      	add	r3, r2
100086e2:	fbb3 f2f1 	udiv	r2, r3, r1
100086e6:	fb01 3312 	mls	r3, r1, r2, r3
100086ea:	f003 021f 	and.w	r2, r3, #31
100086ee:	4283      	cmp	r3, r0
100086f0:	ea4f 1e53 	mov.w	lr, r3, lsr #5
100086f4:	fa05 f202 	lsl.w	r2, r5, r2
100086f8:	d212      	bcs.n	10008720 <lfs_alloc+0x578>
100086fa:	6e61      	ldr	r1, [r4, #100]	@ 0x64
100086fc:	f851 302e 	ldr.w	r3, [r1, lr, lsl #2]
10008700:	4313      	orrs	r3, r2
10008702:	f841 302e 	str.w	r3, [r1, lr, lsl #2]
10008706:	2301      	movs	r3, #1
10008708:	f8d4 9054 	ldr.w	r9, [r4, #84]	@ 0x54
1000870c:	f8dc 101c 	ldr.w	r1, [ip, #28]
10008710:	6da0      	ldr	r0, [r4, #88]	@ 0x58
10008712:	9a04      	ldr	r2, [sp, #16]
10008714:	eb0d 0383 	add.w	r3, sp, r3, lsl #2
10008718:	3e02      	subs	r6, #2
1000871a:	6b1b      	ldr	r3, [r3, #48]	@ 0x30
1000871c:	4416      	add	r6, r2
1000871e:	e7a8      	b.n	10008672 <lfs_alloc+0x4ca>
10008720:	2301      	movs	r3, #1
10008722:	e7f6      	b.n	10008712 <lfs_alloc+0x56a>
10008724:	4618      	mov	r0, r3
10008726:	e6cc      	b.n	100084c2 <lfs_alloc+0x31a>
10008728:	9f05      	ldr	r7, [sp, #20]
1000872a:	6b3b      	ldr	r3, [r7, #48]	@ 0x30
1000872c:	e60e      	b.n	1000834c <lfs_alloc+0x1a4>
1000872e:	9f05      	ldr	r7, [sp, #20]
10008730:	683f      	ldr	r7, [r7, #0]
10008732:	2f00      	cmp	r7, #0
10008734:	f47f ae14 	bne.w	10008360 <lfs_alloc+0x1b8>
10008738:	46d0      	mov	r8, sl
1000873a:	e53c      	b.n	100081b6 <lfs_alloc+0xe>
1000873c:	2600      	movs	r6, #0
1000873e:	e78f      	b.n	10008660 <lfs_alloc+0x4b8>
10008740:	2600      	movs	r6, #0
10008742:	e62d      	b.n	100083a0 <lfs_alloc+0x1f8>
10008744:	2600      	movs	r6, #0
10008746:	e6dd      	b.n	10008504 <lfs_alloc+0x35c>
10008748:	4808      	ldr	r0, [pc, #32]	@ (1000876c <lfs_alloc+0x5c4>)
1000874a:	f240 2202 	movw	r2, #514	@ 0x202
1000874e:	9000      	str	r0, [sp, #0]
10008750:	4907      	ldr	r1, [pc, #28]	@ (10008770 <lfs_alloc+0x5c8>)
10008752:	4808      	ldr	r0, [pc, #32]	@ (10008774 <lfs_alloc+0x5cc>)
10008754:	4433      	add	r3, r6
10008756:	f7fb fb39 	bl	10003dcc <__wrap_printf>
1000875a:	f06f 000a 	mvn.w	r0, #10
1000875e:	e6a6      	b.n	100084ae <lfs_alloc+0x306>
10008760:	f06f 0001 	mvn.w	r0, #1
10008764:	e6ad      	b.n	100084c2 <lfs_alloc+0x31a>
10008766:	bf00      	nop
10008768:	20001e00 	.word	0x20001e00
1000876c:	1000d4e4 	.word	0x1000d4e4
10008770:	1000d2a8 	.word	0x1000d2a8
10008774:	1000d314 	.word	0x1000d314

10008778 <lfs_dir_alloc>:
10008778:	b570      	push	{r4, r5, r6, lr}
1000877a:	4604      	mov	r4, r0
1000877c:	b082      	sub	sp, #8
1000877e:	3004      	adds	r0, #4
10008780:	f7ff fd12 	bl	100081a8 <lfs_alloc>
10008784:	4605      	mov	r5, r0
10008786:	bb80      	cbnz	r0, 100087ea <lfs_dir_alloc+0x72>
10008788:	4620      	mov	r0, r4
1000878a:	f7ff fd0d 	bl	100081a8 <lfs_alloc>
1000878e:	4605      	mov	r5, r0
10008790:	bb58      	cbnz	r0, 100087ea <lfs_dir_alloc+0x72>
10008792:	4623      	mov	r3, r4
10008794:	4e1a      	ldr	r6, [pc, #104]	@ (10008800 <lfs_dir_alloc+0x88>)
10008796:	f853 2b08 	ldr.w	r2, [r3], #8
1000879a:	6eb1      	ldr	r1, [r6, #104]	@ 0x68
1000879c:	60a0      	str	r0, [r4, #8]
1000879e:	69c8      	ldr	r0, [r1, #28]
100087a0:	4282      	cmp	r2, r0
100087a2:	d22b      	bcs.n	100087fc <lfs_dir_alloc+0x84>
100087a4:	6988      	ldr	r0, [r1, #24]
100087a6:	2803      	cmp	r0, #3
100087a8:	d928      	bls.n	100087fc <lfs_dir_alloc+0x84>
100087aa:	2104      	movs	r1, #4
100087ac:	9300      	str	r3, [sp, #0]
100087ae:	4630      	mov	r0, r6
100087b0:	462b      	mov	r3, r5
100087b2:	9101      	str	r1, [sp, #4]
100087b4:	f7fd fdc4 	bl	10006340 <lfs_bd_read.part.0.constprop.0>
100087b8:	68a3      	ldr	r3, [r4, #8]
100087ba:	b9c8      	cbnz	r0, 100087f0 <lfs_dir_alloc+0x78>
100087bc:	6eb1      	ldr	r1, [r6, #104]	@ 0x68
100087be:	6a0a      	ldr	r2, [r1, #32]
100087c0:	2a00      	cmp	r2, #0
100087c2:	dd09      	ble.n	100087d8 <lfs_dir_alloc+0x60>
100087c4:	3201      	adds	r2, #1
100087c6:	f042 0201 	orr.w	r2, r2, #1
100087ca:	3b01      	subs	r3, #1
100087cc:	4413      	add	r3, r2
100087ce:	fbb3 f3f2 	udiv	r3, r3, r2
100087d2:	fb02 f303 	mul.w	r3, r2, r3
100087d6:	60a3      	str	r3, [r4, #8]
100087d8:	f04f 33ff 	mov.w	r3, #4294967295	@ 0xffffffff
100087dc:	2104      	movs	r1, #4
100087de:	2200      	movs	r2, #0
100087e0:	e9c4 1303 	strd	r1, r3, [r4, #12]
100087e4:	e9c4 2305 	strd	r2, r3, [r4, #20]
100087e8:	61e3      	str	r3, [r4, #28]
100087ea:	4628      	mov	r0, r5
100087ec:	b002      	add	sp, #8
100087ee:	bd70      	pop	{r4, r5, r6, pc}
100087f0:	1c82      	adds	r2, r0, #2
100087f2:	d0e3      	beq.n	100087bc <lfs_dir_alloc+0x44>
100087f4:	4605      	mov	r5, r0
100087f6:	4628      	mov	r0, r5
100087f8:	b002      	add	sp, #8
100087fa:	bd70      	pop	{r4, r5, r6, pc}
100087fc:	462b      	mov	r3, r5
100087fe:	e7de      	b.n	100087be <lfs_dir_alloc+0x46>
10008800:	20001e00 	.word	0x20001e00

10008804 <lfs_file_relocate>:
10008804:	e92d 4ff0 	stmdb	sp!, {r4, r5, r6, r7, r8, r9, sl, fp, lr}
10008808:	b08d      	sub	sp, #52	@ 0x34
1000880a:	4683      	mov	fp, r0
1000880c:	a80b      	add	r0, sp, #44	@ 0x2c
1000880e:	f7ff fccb 	bl	100081a8 <lfs_alloc>
10008812:	f8df a1e0 	ldr.w	sl, [pc, #480]	@ 100089f4 <lfs_file_relocate+0x1f0>
10008816:	4604      	mov	r4, r0
10008818:	b9d8      	cbnz	r0, 10008852 <lfs_file_relocate+0x4e>
1000881a:	f8da 3068 	ldr.w	r3, [sl, #104]	@ 0x68
1000881e:	980b      	ldr	r0, [sp, #44]	@ 0x2c
10008820:	68db      	ldr	r3, [r3, #12]
10008822:	4798      	blx	r3
10008824:	4604      	mov	r4, r0
10008826:	b1c0      	cbz	r0, 1000885a <lfs_file_relocate+0x56>
10008828:	1c81      	adds	r1, r0, #2
1000882a:	d112      	bne.n	10008852 <lfs_file_relocate+0x4e>
1000882c:	4c6d      	ldr	r4, [pc, #436]	@ (100089e4 <lfs_file_relocate+0x1e0>)
1000882e:	f640 12ff 	movw	r2, #2559	@ 0x9ff
10008832:	9b0b      	ldr	r3, [sp, #44]	@ 0x2c
10008834:	496c      	ldr	r1, [pc, #432]	@ (100089e8 <lfs_file_relocate+0x1e4>)
10008836:	9400      	str	r4, [sp, #0]
10008838:	486c      	ldr	r0, [pc, #432]	@ (100089ec <lfs_file_relocate+0x1e8>)
1000883a:	f7fb fac7 	bl	10003dcc <__wrap_printf>
1000883e:	f04f 33ff 	mov.w	r3, #4294967295	@ 0xffffffff
10008842:	a80b      	add	r0, sp, #44	@ 0x2c
10008844:	f8ca 3010 	str.w	r3, [sl, #16]
10008848:	f7ff fcae 	bl	100081a8 <lfs_alloc>
1000884c:	4604      	mov	r4, r0
1000884e:	2800      	cmp	r0, #0
10008850:	d0e3      	beq.n	1000881a <lfs_file_relocate+0x16>
10008852:	4620      	mov	r0, r4
10008854:	b00d      	add	sp, #52	@ 0x34
10008856:	e8bd 8ff0 	ldmia.w	sp!, {r4, r5, r6, r7, r8, r9, sl, fp, pc}
1000885a:	f8db 703c 	ldr.w	r7, [fp, #60]	@ 0x3c
1000885e:	2f00      	cmp	r7, #0
10008860:	d073      	beq.n	1000894a <lfs_file_relocate+0x146>
10008862:	f10b 0340 	add.w	r3, fp, #64	@ 0x40
10008866:	9308      	str	r3, [sp, #32]
10008868:	9405      	str	r4, [sp, #20]
1000886a:	9409      	str	r4, [sp, #36]	@ 0x24
1000886c:	f8db 3030 	ldr.w	r3, [fp, #48]	@ 0x30
10008870:	9e05      	ldr	r6, [sp, #20]
10008872:	02da      	lsls	r2, r3, #11
10008874:	eba7 0706 	sub.w	r7, r7, r6
10008878:	f140 8095 	bpl.w	100089a6 <lfs_file_relocate+0x1a2>
1000887c:	f8da 3068 	ldr.w	r3, [sl, #104]	@ 0x68
10008880:	f10b 0108 	add.w	r1, fp, #8
10008884:	699a      	ldr	r2, [r3, #24]
10008886:	f8bb 8004 	ldrh.w	r8, [fp, #4]
1000888a:	1c73      	adds	r3, r6, #1
1000888c:	9104      	str	r1, [sp, #16]
1000888e:	4958      	ldr	r1, [pc, #352]	@ (100089f0 <lfs_file_relocate+0x1ec>)
10008890:	4293      	cmp	r3, r2
10008892:	ea41 2888 	orr.w	r8, r1, r8, lsl #10
10008896:	f200 809b 	bhi.w	100089d0 <lfs_file_relocate+0x1cc>
1000889a:	2301      	movs	r3, #1
1000889c:	f06f 0401 	mvn.w	r4, #1
100088a0:	f10d 092b 	add.w	r9, sp, #43	@ 0x2b
100088a4:	f8cd 901c 	str.w	r9, [sp, #28]
100088a8:	9306      	str	r3, [sp, #24]
100088aa:	f8db 2040 	ldr.w	r2, [fp, #64]	@ 0x40
100088ae:	f8db 304c 	ldr.w	r3, [fp, #76]	@ 0x4c
100088b2:	3202      	adds	r2, #2
100088b4:	d106      	bne.n	100088c4 <lfs_file_relocate+0xc0>
100088b6:	e9db 1211 	ldrd	r1, r2, [fp, #68]	@ 0x44
100088ba:	440a      	add	r2, r1
100088bc:	4296      	cmp	r6, r2
100088be:	d201      	bcs.n	100088c4 <lfs_file_relocate+0xc0>
100088c0:	428e      	cmp	r6, r1
100088c2:	d222      	bcs.n	1000890a <lfs_file_relocate+0x106>
100088c4:	f8da 0068 	ldr.w	r0, [sl, #104]	@ 0x68
100088c8:	4641      	mov	r1, r8
100088ca:	6902      	ldr	r2, [r0, #16]
100088cc:	f8d0 e024 	ldr.w	lr, [r0, #36]	@ 0x24
100088d0:	1e55      	subs	r5, r2, #1
100088d2:	443d      	add	r5, r7
100088d4:	4435      	add	r5, r6
100088d6:	fbb5 f5f2 	udiv	r5, r5, r2
100088da:	fb02 f505 	mul.w	r5, r2, r5
100088de:	fbb6 fcf2 	udiv	ip, r6, r2
100088e2:	4575      	cmp	r5, lr
100088e4:	bf28      	it	cs
100088e6:	4675      	movcs	r5, lr
100088e8:	fb02 f20c 	mul.w	r2, r2, ip
100088ec:	f8cb 4040 	str.w	r4, [fp, #64]	@ 0x40
100088f0:	e9cb 2511 	strd	r2, r5, [fp, #68]	@ 0x44
100088f4:	9804      	ldr	r0, [sp, #16]
100088f6:	9500      	str	r5, [sp, #0]
100088f8:	f7ff f976 	bl	10007be8 <lfs_dir_getslice.constprop.2>
100088fc:	2800      	cmp	r0, #0
100088fe:	dad4      	bge.n	100088aa <lfs_file_relocate+0xa6>
10008900:	4604      	mov	r4, r0
10008902:	4620      	mov	r0, r4
10008904:	b00d      	add	sp, #52	@ 0x34
10008906:	e8bd 8ff0 	ldmia.w	sp!, {r4, r5, r6, r7, r8, r9, sl, fp, pc}
1000890a:	1b95      	subs	r5, r2, r6
1000890c:	9a06      	ldr	r2, [sp, #24]
1000890e:	1a71      	subs	r1, r6, r1
10008910:	4295      	cmp	r5, r2
10008912:	bf28      	it	cs
10008914:	4615      	movcs	r5, r2
10008916:	4419      	add	r1, r3
10008918:	462a      	mov	r2, r5
1000891a:	9807      	ldr	r0, [sp, #28]
1000891c:	f004 fa4c 	bl	1000cdb8 <__memcpy_veneer>
10008920:	9a06      	ldr	r2, [sp, #24]
10008922:	1b53      	subs	r3, r2, r5
10008924:	9306      	str	r3, [sp, #24]
10008926:	d157      	bne.n	100089d8 <lfs_file_relocate+0x1d4>
10008928:	2001      	movs	r0, #1
1000892a:	464b      	mov	r3, r9
1000892c:	9a05      	ldr	r2, [sp, #20]
1000892e:	990b      	ldr	r1, [sp, #44]	@ 0x2c
10008930:	9000      	str	r0, [sp, #0]
10008932:	f7fe f939 	bl	10006ba8 <lfs_bd_prog.constprop.0>
10008936:	2800      	cmp	r0, #0
10008938:	d145      	bne.n	100089c6 <lfs_file_relocate+0x1c2>
1000893a:	9b05      	ldr	r3, [sp, #20]
1000893c:	f8db 703c 	ldr.w	r7, [fp, #60]	@ 0x3c
10008940:	3301      	adds	r3, #1
10008942:	429f      	cmp	r7, r3
10008944:	9305      	str	r3, [sp, #20]
10008946:	d891      	bhi.n	1000886c <lfs_file_relocate+0x68>
10008948:	9c09      	ldr	r4, [sp, #36]	@ 0x24
1000894a:	f8da 3068 	ldr.w	r3, [sl, #104]	@ 0x68
1000894e:	f8da 101c 	ldr.w	r1, [sl, #28]
10008952:	6a5a      	ldr	r2, [r3, #36]	@ 0x24
10008954:	f8db 004c 	ldr.w	r0, [fp, #76]	@ 0x4c
10008958:	f004 fa2e 	bl	1000cdb8 <__memcpy_veneer>
1000895c:	f8da 3014 	ldr.w	r3, [sl, #20]
10008960:	f8da 2018 	ldr.w	r2, [sl, #24]
10008964:	f8cb 3044 	str.w	r3, [fp, #68]	@ 0x44
10008968:	f8da 3068 	ldr.w	r3, [sl, #104]	@ 0x68
1000896c:	f8cb 2048 	str.w	r2, [fp, #72]	@ 0x48
10008970:	f8da 2010 	ldr.w	r2, [sl, #16]
10008974:	21ff      	movs	r1, #255	@ 0xff
10008976:	f8cb 2040 	str.w	r2, [fp, #64]	@ 0x40
1000897a:	6a5a      	ldr	r2, [r3, #36]	@ 0x24
1000897c:	f8da 001c 	ldr.w	r0, [sl, #28]
10008980:	f004 fa32 	bl	1000cde8 <__memset_veneer>
10008984:	f04f 32ff 	mov.w	r2, #4294967295	@ 0xffffffff
10008988:	4620      	mov	r0, r4
1000898a:	f8db 3030 	ldr.w	r3, [fp, #48]	@ 0x30
1000898e:	990b      	ldr	r1, [sp, #44]	@ 0x2c
10008990:	f443 3300 	orr.w	r3, r3, #131072	@ 0x20000
10008994:	f8cb 1038 	str.w	r1, [fp, #56]	@ 0x38
10008998:	f8ca 2010 	str.w	r2, [sl, #16]
1000899c:	f8cb 3030 	str.w	r3, [fp, #48]	@ 0x30
100089a0:	b00d      	add	sp, #52	@ 0x34
100089a2:	e8bd 8ff0 	ldmia.w	sp!, {r4, r5, r6, r7, r8, r9, sl, fp, pc}
100089a6:	2401      	movs	r4, #1
100089a8:	f10d 092b 	add.w	r9, sp, #43	@ 0x2b
100089ac:	f8db 3038 	ldr.w	r3, [fp, #56]	@ 0x38
100089b0:	463a      	mov	r2, r7
100089b2:	4651      	mov	r1, sl
100089b4:	e9cd 6900 	strd	r6, r9, [sp]
100089b8:	9808      	ldr	r0, [sp, #32]
100089ba:	9402      	str	r4, [sp, #8]
100089bc:	f7fd fdca 	bl	10006554 <lfs_bd_read>
100089c0:	2800      	cmp	r0, #0
100089c2:	d0b1      	beq.n	10008928 <lfs_file_relocate+0x124>
100089c4:	e79c      	b.n	10008900 <lfs_file_relocate+0xfc>
100089c6:	1c83      	adds	r3, r0, #2
100089c8:	f43f af30 	beq.w	1000882c <lfs_file_relocate+0x28>
100089cc:	4604      	mov	r4, r0
100089ce:	e798      	b.n	10008902 <lfs_file_relocate+0xfe>
100089d0:	f06f 0001 	mvn.w	r0, #1
100089d4:	4604      	mov	r4, r0
100089d6:	e794      	b.n	10008902 <lfs_file_relocate+0xfe>
100089d8:	9b07      	ldr	r3, [sp, #28]
100089da:	442e      	add	r6, r5
100089dc:	442b      	add	r3, r5
100089de:	9307      	str	r3, [sp, #28]
100089e0:	e763      	b.n	100088aa <lfs_file_relocate+0xa6>
100089e2:	bf00      	nop
100089e4:	1000d4e4 	.word	0x1000d4e4
100089e8:	1000d2a8 	.word	0x1000d2a8
100089ec:	1000d33c 	.word	0x1000d33c
100089f0:	20100000 	.word	0x20100000
100089f4:	20001e00 	.word	0x20001e00

100089f8 <lfs_file_rawwrite>:
100089f8:	e92d 4ff0 	stmdb	sp!, {r4, r5, r6, r7, r8, r9, sl, fp, lr}
100089fc:	6b03      	ldr	r3, [r0, #48]	@ 0x30
100089fe:	4688      	mov	r8, r1
10008a00:	b08f      	sub	sp, #60	@ 0x3c
10008a02:	0359      	lsls	r1, r3, #13
10008a04:	4616      	mov	r6, r2
10008a06:	9004      	str	r0, [sp, #16]
10008a08:	f100 8137 	bmi.w	10008c7a <lfs_file_rawwrite+0x282>
10008a0c:	9904      	ldr	r1, [sp, #16]
10008a0e:	051a      	lsls	r2, r3, #20
10008a10:	6b4c      	ldr	r4, [r1, #52]	@ 0x34
10008a12:	d476      	bmi.n	10008b02 <lfs_file_rawwrite+0x10a>
10008a14:	f8df b398 	ldr.w	fp, [pc, #920]	@ 10008db0 <lfs_file_rawwrite+0x3b8>
10008a18:	1932      	adds	r2, r6, r4
10008a1a:	f8db 1070 	ldr.w	r1, [fp, #112]	@ 0x70
10008a1e:	428a      	cmp	r2, r1
10008a20:	f200 81c2 	bhi.w	10008da8 <lfs_file_rawwrite+0x3b0>
10008a24:	f413 3700 	ands.w	r7, r3, #131072	@ 0x20000
10008a28:	d116      	bne.n	10008a58 <lfs_file_rawwrite+0x60>
10008a2a:	9904      	ldr	r1, [sp, #16]
10008a2c:	6aca      	ldr	r2, [r1, #44]	@ 0x2c
10008a2e:	42a2      	cmp	r2, r4
10008a30:	d212      	bcs.n	10008a58 <lfs_file_rawwrite+0x60>
10008a32:	4689      	mov	r9, r1
10008a34:	634a      	str	r2, [r1, #52]	@ 0x34
10008a36:	ad0d      	add	r5, sp, #52	@ 0x34
10008a38:	2201      	movs	r2, #1
10008a3a:	4629      	mov	r1, r5
10008a3c:	4648      	mov	r0, r9
10008a3e:	f88d 7034 	strb.w	r7, [sp, #52]	@ 0x34
10008a42:	f7ff ffd9 	bl	100089f8 <lfs_file_rawwrite>
10008a46:	2800      	cmp	r0, #0
10008a48:	db49      	blt.n	10008ade <lfs_file_rawwrite+0xe6>
10008a4a:	f8d9 3034 	ldr.w	r3, [r9, #52]	@ 0x34
10008a4e:	42a3      	cmp	r3, r4
10008a50:	d3f2      	bcc.n	10008a38 <lfs_file_rawwrite+0x40>
10008a52:	461c      	mov	r4, r3
10008a54:	9b04      	ldr	r3, [sp, #16]
10008a56:	6b1b      	ldr	r3, [r3, #48]	@ 0x30
10008a58:	02df      	lsls	r7, r3, #11
10008a5a:	d458      	bmi.n	10008b0e <lfs_file_rawwrite+0x116>
10008a5c:	2e00      	cmp	r6, #0
10008a5e:	d039      	beq.n	10008ad4 <lfs_file_rawwrite+0xdc>
10008a60:	46c1      	mov	r9, r8
10008a62:	46b2      	mov	sl, r6
10008a64:	46b0      	mov	r8, r6
10008a66:	9d04      	ldr	r5, [sp, #16]
10008a68:	f105 0740 	add.w	r7, r5, #64	@ 0x40
10008a6c:	039e      	lsls	r6, r3, #14
10008a6e:	d539      	bpl.n	10008ae4 <lfs_file_rawwrite+0xec>
10008a70:	f8db 0068 	ldr.w	r0, [fp, #104]	@ 0x68
10008a74:	6bea      	ldr	r2, [r5, #60]	@ 0x3c
10008a76:	6981      	ldr	r1, [r0, #24]
10008a78:	428a      	cmp	r2, r1
10008a7a:	f000 8108 	beq.w	10008c8e <lfs_file_rawwrite+0x296>
10008a7e:	6bae      	ldr	r6, [r5, #56]	@ 0x38
10008a80:	1a89      	subs	r1, r1, r2
10008a82:	4551      	cmp	r1, sl
10008a84:	bf28      	it	cs
10008a86:	4651      	movcs	r1, sl
10008a88:	460c      	mov	r4, r1
10008a8a:	4631      	mov	r1, r6
10008a8c:	e00a      	b.n	10008aa4 <lfs_file_rawwrite+0xac>
10008a8e:	1c83      	adds	r3, r0, #2
10008a90:	f040 80eb 	bne.w	10008c6a <lfs_file_rawwrite+0x272>
10008a94:	4628      	mov	r0, r5
10008a96:	f7ff feb5 	bl	10008804 <lfs_file_relocate>
10008a9a:	2800      	cmp	r0, #0
10008a9c:	f040 80e5 	bne.w	10008c6a <lfs_file_rawwrite+0x272>
10008aa0:	e9d5 120e 	ldrd	r1, r2, [r5, #56]	@ 0x38
10008aa4:	464b      	mov	r3, r9
10008aa6:	4638      	mov	r0, r7
10008aa8:	9400      	str	r4, [sp, #0]
10008aaa:	f7fe f82b 	bl	10006b04 <lfs_bd_prog.constprop.1>
10008aae:	2800      	cmp	r0, #0
10008ab0:	d1ed      	bne.n	10008a8e <lfs_file_rawwrite+0x96>
10008ab2:	f8db 3068 	ldr.w	r3, [fp, #104]	@ 0x68
10008ab6:	ebba 0a04 	subs.w	sl, sl, r4
10008aba:	69da      	ldr	r2, [r3, #28]
10008abc:	6b6b      	ldr	r3, [r5, #52]	@ 0x34
10008abe:	44a1      	add	r9, r4
10008ac0:	4423      	add	r3, r4
10008ac2:	636b      	str	r3, [r5, #52]	@ 0x34
10008ac4:	6beb      	ldr	r3, [r5, #60]	@ 0x3c
10008ac6:	4423      	add	r3, r4
10008ac8:	63eb      	str	r3, [r5, #60]	@ 0x3c
10008aca:	6b2b      	ldr	r3, [r5, #48]	@ 0x30
10008acc:	f8cb 2060 	str.w	r2, [fp, #96]	@ 0x60
10008ad0:	d1cc      	bne.n	10008a6c <lfs_file_rawwrite+0x74>
10008ad2:	4646      	mov	r6, r8
10008ad4:	4630      	mov	r0, r6
10008ad6:	9a04      	ldr	r2, [sp, #16]
10008ad8:	f423 2300 	bic.w	r3, r3, #524288	@ 0x80000
10008adc:	6313      	str	r3, [r2, #48]	@ 0x30
10008ade:	b00f      	add	sp, #60	@ 0x3c
10008ae0:	e8bd 8ff0 	ldmia.w	sp!, {r4, r5, r6, r7, r8, r9, sl, fp, pc}
10008ae4:	02d9      	lsls	r1, r3, #11
10008ae6:	d53d      	bpl.n	10008b64 <lfs_file_rawwrite+0x16c>
10008ae8:	f8db 2068 	ldr.w	r2, [fp, #104]	@ 0x68
10008aec:	6991      	ldr	r1, [r2, #24]
10008aee:	f06f 0601 	mvn.w	r6, #1
10008af2:	6b6a      	ldr	r2, [r5, #52]	@ 0x34
10008af4:	63ae      	str	r6, [r5, #56]	@ 0x38
10008af6:	63ea      	str	r2, [r5, #60]	@ 0x3c
10008af8:	1a89      	subs	r1, r1, r2
10008afa:	f443 3300 	orr.w	r3, r3, #131072	@ 0x20000
10008afe:	632b      	str	r3, [r5, #48]	@ 0x30
10008b00:	e7bf      	b.n	10008a82 <lfs_file_rawwrite+0x8a>
10008b02:	6aca      	ldr	r2, [r1, #44]	@ 0x2c
10008b04:	42a2      	cmp	r2, r4
10008b06:	bf84      	itt	hi
10008b08:	4614      	movhi	r4, r2
10008b0a:	634a      	strhi	r2, [r1, #52]	@ 0x34
10008b0c:	e782      	b.n	10008a14 <lfs_file_rawwrite+0x1c>
10008b0e:	9a04      	ldr	r2, [sp, #16]
10008b10:	f8db 0068 	ldr.w	r0, [fp, #104]	@ 0x68
10008b14:	6ad2      	ldr	r2, [r2, #44]	@ 0x2c
10008b16:	1935      	adds	r5, r6, r4
10008b18:	6c41      	ldr	r1, [r0, #68]	@ 0x44
10008b1a:	4295      	cmp	r5, r2
10008b1c:	bf38      	it	cc
10008b1e:	4615      	movcc	r5, r2
10008b20:	6a47      	ldr	r7, [r0, #36]	@ 0x24
10008b22:	2900      	cmp	r1, #0
10008b24:	f040 80b1 	bne.w	10008c8a <lfs_file_rawwrite+0x292>
10008b28:	6982      	ldr	r2, [r0, #24]
10008b2a:	08d1      	lsrs	r1, r2, #3
10008b2c:	f240 32fe 	movw	r2, #1022	@ 0x3fe
10008b30:	42ba      	cmp	r2, r7
10008b32:	bf28      	it	cs
10008b34:	463a      	movcs	r2, r7
10008b36:	428a      	cmp	r2, r1
10008b38:	bf28      	it	cs
10008b3a:	460a      	movcs	r2, r1
10008b3c:	42aa      	cmp	r2, r5
10008b3e:	d28d      	bcs.n	10008a5c <lfs_file_rawwrite+0x64>
10008b40:	9a04      	ldr	r2, [sp, #16]
10008b42:	69c3      	ldr	r3, [r0, #28]
10008b44:	63d4      	str	r4, [r2, #60]	@ 0x3c
10008b46:	4610      	mov	r0, r2
10008b48:	4614      	mov	r4, r2
10008b4a:	f8cb 3060 	str.w	r3, [fp, #96]	@ 0x60
10008b4e:	f7ff fe59 	bl	10008804 <lfs_file_relocate>
10008b52:	6b23      	ldr	r3, [r4, #48]	@ 0x30
10008b54:	2800      	cmp	r0, #0
10008b56:	f040 8117 	bne.w	10008d88 <lfs_file_rawwrite+0x390>
10008b5a:	9a04      	ldr	r2, [sp, #16]
10008b5c:	f423 1380 	bic.w	r3, r3, #1048576	@ 0x100000
10008b60:	6313      	str	r3, [r2, #48]	@ 0x30
10008b62:	e77b      	b.n	10008a5c <lfs_file_rawwrite+0x64>
10008b64:	6b69      	ldr	r1, [r5, #52]	@ 0x34
10008b66:	2900      	cmp	r1, #0
10008b68:	f040 8096 	bne.w	10008c98 <lfs_file_rawwrite+0x2a0>
10008b6c:	f8db 0068 	ldr.w	r0, [fp, #104]	@ 0x68
10008b70:	69c3      	ldr	r3, [r0, #28]
10008b72:	e9cd 1505 	strd	r1, r5, [sp, #20]
10008b76:	f8cb 3060 	str.w	r3, [fp, #96]	@ 0x60
10008b7a:	e9cd 980a 	strd	r9, r8, [sp, #40]	@ 0x28
10008b7e:	6bab      	ldr	r3, [r5, #56]	@ 0x38
10008b80:	f8cd a024 	str.w	sl, [sp, #36]	@ 0x24
10008b84:	9307      	str	r3, [sp, #28]
10008b86:	9703      	str	r7, [sp, #12]
10008b88:	a80c      	add	r0, sp, #48	@ 0x30
10008b8a:	f7ff fb0d 	bl	100081a8 <lfs_alloc>
10008b8e:	2800      	cmp	r0, #0
10008b90:	f040 80ec 	bne.w	10008d6c <lfs_file_rawwrite+0x374>
10008b94:	9e0c      	ldr	r6, [sp, #48]	@ 0x30
10008b96:	f8db 3068 	ldr.w	r3, [fp, #104]	@ 0x68
10008b9a:	4630      	mov	r0, r6
10008b9c:	68db      	ldr	r3, [r3, #12]
10008b9e:	4798      	blx	r3
10008ba0:	2800      	cmp	r0, #0
10008ba2:	d151      	bne.n	10008c48 <lfs_file_rawwrite+0x250>
10008ba4:	9a05      	ldr	r2, [sp, #20]
10008ba6:	f8db 3068 	ldr.w	r3, [fp, #104]	@ 0x68
10008baa:	2a00      	cmp	r2, #0
10008bac:	f000 80f1 	beq.w	10008d92 <lfs_file_rawwrite+0x39a>
10008bb0:	699f      	ldr	r7, [r3, #24]
10008bb2:	1e54      	subs	r4, r2, #1
10008bb4:	f1a7 0908 	sub.w	r9, r7, #8
10008bb8:	454c      	cmp	r4, r9
10008bba:	f0c0 8094 	bcc.w	10008ce6 <lfs_file_rawwrite+0x2ee>
10008bbe:	fbb4 f0f9 	udiv	r0, r4, r9
10008bc2:	3801      	subs	r0, #1
10008bc4:	9308      	str	r3, [sp, #32]
10008bc6:	f004 f8ff 	bl	1000cdc8 <____popcountsi2_veneer>
10008bca:	3002      	adds	r0, #2
10008bcc:	eba4 0480 	sub.w	r4, r4, r0, lsl #2
10008bd0:	fbb4 f4f9 	udiv	r4, r4, r9
10008bd4:	4620      	mov	r0, r4
10008bd6:	f004 f8f7 	bl	1000cdc8 <____popcountsi2_veneer>
10008bda:	9b05      	ldr	r3, [sp, #20]
10008bdc:	eba3 0280 	sub.w	r2, r3, r0, lsl #2
10008be0:	fb04 2919 	mls	r9, r4, r9, r2
10008be4:	45b9      	cmp	r9, r7
10008be6:	9b08      	ldr	r3, [sp, #32]
10008be8:	f000 8081 	beq.w	10008cee <lfs_file_rawwrite+0x2f6>
10008bec:	f1b9 0f00 	cmp.w	r9, #0
10008bf0:	d06c      	beq.n	10008ccc <lfs_file_rawwrite+0x2d4>
10008bf2:	2400      	movs	r4, #0
10008bf4:	f04f 0a01 	mov.w	sl, #1
10008bf8:	f8dd 801c 	ldr.w	r8, [sp, #28]
10008bfc:	af0d      	add	r7, sp, #52	@ 0x34
10008bfe:	e004      	b.n	10008c0a <lfs_file_rawwrite+0x212>
10008c00:	454d      	cmp	r5, r9
10008c02:	f8db 3068 	ldr.w	r3, [fp, #104]	@ 0x68
10008c06:	d061      	beq.n	10008ccc <lfs_file_rawwrite+0x2d4>
10008c08:	462c      	mov	r4, r5
10008c0a:	69da      	ldr	r2, [r3, #28]
10008c0c:	1c65      	adds	r5, r4, #1
10008c0e:	4590      	cmp	r8, r2
10008c10:	eba9 0104 	sub.w	r1, r9, r4
10008c14:	f080 80ae 	bcs.w	10008d74 <lfs_file_rawwrite+0x37c>
10008c18:	699b      	ldr	r3, [r3, #24]
10008c1a:	429d      	cmp	r5, r3
10008c1c:	f200 80aa 	bhi.w	10008d74 <lfs_file_rawwrite+0x37c>
10008c20:	4623      	mov	r3, r4
10008c22:	4642      	mov	r2, r8
10008c24:	e9cd 7a00 	strd	r7, sl, [sp]
10008c28:	4861      	ldr	r0, [pc, #388]	@ (10008db0 <lfs_file_rawwrite+0x3b8>)
10008c2a:	f7fd fb89 	bl	10006340 <lfs_bd_read.part.0.constprop.0>
10008c2e:	2800      	cmp	r0, #0
10008c30:	f040 809c 	bne.w	10008d6c <lfs_file_rawwrite+0x374>
10008c34:	463b      	mov	r3, r7
10008c36:	4622      	mov	r2, r4
10008c38:	4631      	mov	r1, r6
10008c3a:	9803      	ldr	r0, [sp, #12]
10008c3c:	f8cd a000 	str.w	sl, [sp]
10008c40:	f7fd ff60 	bl	10006b04 <lfs_bd_prog.constprop.1>
10008c44:	2800      	cmp	r0, #0
10008c46:	d0db      	beq.n	10008c00 <lfs_file_rawwrite+0x208>
10008c48:	1c82      	adds	r2, r0, #2
10008c4a:	f040 808f 	bne.w	10008d6c <lfs_file_rawwrite+0x374>
10008c4e:	4a59      	ldr	r2, [pc, #356]	@ (10008db4 <lfs_file_rawwrite+0x3bc>)
10008c50:	4633      	mov	r3, r6
10008c52:	9200      	str	r2, [sp, #0]
10008c54:	4958      	ldr	r1, [pc, #352]	@ (10008db8 <lfs_file_rawwrite+0x3c0>)
10008c56:	f640 02db 	movw	r2, #2267	@ 0x8db
10008c5a:	4858      	ldr	r0, [pc, #352]	@ (10008dbc <lfs_file_rawwrite+0x3c4>)
10008c5c:	f7fb f8b6 	bl	10003dcc <__wrap_printf>
10008c60:	f04f 33ff 	mov.w	r3, #4294967295	@ 0xffffffff
10008c64:	9a06      	ldr	r2, [sp, #24]
10008c66:	6413      	str	r3, [r2, #64]	@ 0x40
10008c68:	e78e      	b.n	10008b88 <lfs_file_rawwrite+0x190>
10008c6a:	9a04      	ldr	r2, [sp, #16]
10008c6c:	6b13      	ldr	r3, [r2, #48]	@ 0x30
10008c6e:	f443 2300 	orr.w	r3, r3, #524288	@ 0x80000
10008c72:	6313      	str	r3, [r2, #48]	@ 0x30
10008c74:	b00f      	add	sp, #60	@ 0x3c
10008c76:	e8bd 8ff0 	ldmia.w	sp!, {r4, r5, r6, r7, r8, r9, sl, fp, pc}
10008c7a:	f000 f8a1 	bl	10008dc0 <lfs_file_flush>
10008c7e:	2800      	cmp	r0, #0
10008c80:	f47f af2d 	bne.w	10008ade <lfs_file_rawwrite+0xe6>
10008c84:	9b04      	ldr	r3, [sp, #16]
10008c86:	6b1b      	ldr	r3, [r3, #48]	@ 0x30
10008c88:	e6c0      	b.n	10008a0c <lfs_file_rawwrite+0x14>
10008c8a:	08c9      	lsrs	r1, r1, #3
10008c8c:	e74e      	b.n	10008b2c <lfs_file_rawwrite+0x134>
10008c8e:	02dc      	lsls	r4, r3, #11
10008c90:	f53f af2d 	bmi.w	10008aee <lfs_file_rawwrite+0xf6>
10008c94:	6b69      	ldr	r1, [r5, #52]	@ 0x34
10008c96:	e76b      	b.n	10008b70 <lfs_file_rawwrite+0x178>
10008c98:	f105 023c 	add.w	r2, r5, #60	@ 0x3c
10008c9c:	9201      	str	r2, [sp, #4]
10008c9e:	f105 0238 	add.w	r2, r5, #56	@ 0x38
10008ca2:	9200      	str	r2, [sp, #0]
10008ca4:	1e4b      	subs	r3, r1, #1
10008ca6:	4638      	mov	r0, r7
10008ca8:	e9d5 120a 	ldrd	r1, r2, [r5, #40]	@ 0x28
10008cac:	f7fd fe4a 	bl	10006944 <lfs_ctz_find.constprop.0>
10008cb0:	2800      	cmp	r0, #0
10008cb2:	d1da      	bne.n	10008c6a <lfs_file_rawwrite+0x272>
10008cb4:	f8db 3068 	ldr.w	r3, [fp, #104]	@ 0x68
10008cb8:	21ff      	movs	r1, #255	@ 0xff
10008cba:	6a5a      	ldr	r2, [r3, #36]	@ 0x24
10008cbc:	6ce8      	ldr	r0, [r5, #76]	@ 0x4c
10008cbe:	f004 f893 	bl	1000cde8 <__memset_veneer>
10008cc2:	f04f 33ff 	mov.w	r3, #4294967295	@ 0xffffffff
10008cc6:	6b69      	ldr	r1, [r5, #52]	@ 0x34
10008cc8:	642b      	str	r3, [r5, #64]	@ 0x40
10008cca:	e74f      	b.n	10008b6c <lfs_file_rawwrite+0x174>
10008ccc:	464a      	mov	r2, r9
10008cce:	e9dd 980a 	ldrd	r9, r8, [sp, #40]	@ 0x28
10008cd2:	9d06      	ldr	r5, [sp, #24]
10008cd4:	f8dd a024 	ldr.w	sl, [sp, #36]	@ 0x24
10008cd8:	e9c5 620e 	strd	r6, r2, [r5, #56]	@ 0x38
10008cdc:	6999      	ldr	r1, [r3, #24]
10008cde:	9f03      	ldr	r7, [sp, #12]
10008ce0:	6b2b      	ldr	r3, [r5, #48]	@ 0x30
10008ce2:	1a89      	subs	r1, r1, r2
10008ce4:	e709      	b.n	10008afa <lfs_file_rawwrite+0x102>
10008ce6:	4297      	cmp	r7, r2
10008ce8:	d04a      	beq.n	10008d80 <lfs_file_rawwrite+0x388>
10008cea:	4691      	mov	r9, r2
10008cec:	e781      	b.n	10008bf2 <lfs_file_rawwrite+0x1fa>
10008cee:	1c63      	adds	r3, r4, #1
10008cf0:	fa93 f9a3 	rbit	r9, r3
10008cf4:	fab9 f989 	clz	r9, r9
10008cf8:	f109 0a01 	add.w	sl, r9, #1
10008cfc:	2400      	movs	r4, #0
10008cfe:	2704      	movs	r7, #4
10008d00:	9b07      	ldr	r3, [sp, #28]
10008d02:	ad0d      	add	r5, sp, #52	@ 0x34
10008d04:	930d      	str	r3, [sp, #52]	@ 0x34
10008d06:	ea4f 0884 	mov.w	r8, r4, lsl #2
10008d0a:	4631      	mov	r1, r6
10008d0c:	462b      	mov	r3, r5
10008d0e:	4642      	mov	r2, r8
10008d10:	9803      	ldr	r0, [sp, #12]
10008d12:	9700      	str	r7, [sp, #0]
10008d14:	f7fd fef6 	bl	10006b04 <lfs_bd_prog.constprop.1>
10008d18:	f108 0104 	add.w	r1, r8, #4
10008d1c:	2800      	cmp	r0, #0
10008d1e:	d193      	bne.n	10008c48 <lfs_file_rawwrite+0x250>
10008d20:	454c      	cmp	r4, r9
10008d22:	d011      	beq.n	10008d48 <lfs_file_rawwrite+0x350>
10008d24:	f8db 3068 	ldr.w	r3, [fp, #104]	@ 0x68
10008d28:	980d      	ldr	r0, [sp, #52]	@ 0x34
10008d2a:	69da      	ldr	r2, [r3, #28]
10008d2c:	4290      	cmp	r0, r2
10008d2e:	d221      	bcs.n	10008d74 <lfs_file_rawwrite+0x37c>
10008d30:	699b      	ldr	r3, [r3, #24]
10008d32:	428b      	cmp	r3, r1
10008d34:	d31e      	bcc.n	10008d74 <lfs_file_rawwrite+0x37c>
10008d36:	4602      	mov	r2, r0
10008d38:	4643      	mov	r3, r8
10008d3a:	2104      	movs	r1, #4
10008d3c:	e9cd 5700 	strd	r5, r7, [sp]
10008d40:	481b      	ldr	r0, [pc, #108]	@ (10008db0 <lfs_file_rawwrite+0x3b8>)
10008d42:	f7fd fafd 	bl	10006340 <lfs_bd_read.part.0.constprop.0>
10008d46:	b988      	cbnz	r0, 10008d6c <lfs_file_rawwrite+0x374>
10008d48:	3401      	adds	r4, #1
10008d4a:	4554      	cmp	r4, sl
10008d4c:	d1db      	bne.n	10008d06 <lfs_file_rawwrite+0x30e>
10008d4e:	9d06      	ldr	r5, [sp, #24]
10008d50:	00a2      	lsls	r2, r4, #2
10008d52:	e9c5 620e 	strd	r6, r2, [r5, #56]	@ 0x38
10008d56:	e9dd 980a 	ldrd	r9, r8, [sp, #40]	@ 0x28
10008d5a:	f8db 3068 	ldr.w	r3, [fp, #104]	@ 0x68
10008d5e:	f8dd a024 	ldr.w	sl, [sp, #36]	@ 0x24
10008d62:	6999      	ldr	r1, [r3, #24]
10008d64:	9f03      	ldr	r7, [sp, #12]
10008d66:	6b2b      	ldr	r3, [r5, #48]	@ 0x30
10008d68:	1a89      	subs	r1, r1, r2
10008d6a:	e6c6      	b.n	10008afa <lfs_file_rawwrite+0x102>
10008d6c:	9b06      	ldr	r3, [sp, #24]
10008d6e:	461a      	mov	r2, r3
10008d70:	9304      	str	r3, [sp, #16]
10008d72:	e77b      	b.n	10008c6c <lfs_file_rawwrite+0x274>
10008d74:	9b06      	ldr	r3, [sp, #24]
10008d76:	f06f 0001 	mvn.w	r0, #1
10008d7a:	461a      	mov	r2, r3
10008d7c:	9304      	str	r3, [sp, #16]
10008d7e:	e775      	b.n	10008c6c <lfs_file_rawwrite+0x274>
10008d80:	4681      	mov	r9, r0
10008d82:	f04f 0a01 	mov.w	sl, #1
10008d86:	e7b9      	b.n	10008cfc <lfs_file_rawwrite+0x304>
10008d88:	9a04      	ldr	r2, [sp, #16]
10008d8a:	f443 2300 	orr.w	r3, r3, #524288	@ 0x80000
10008d8e:	6313      	str	r3, [r2, #48]	@ 0x30
10008d90:	e6a5      	b.n	10008ade <lfs_file_rawwrite+0xe6>
10008d92:	9d06      	ldr	r5, [sp, #24]
10008d94:	f8dd a024 	ldr.w	sl, [sp, #36]	@ 0x24
10008d98:	e9c5 620e 	strd	r6, r2, [r5, #56]	@ 0x38
10008d9c:	e9dd 980a 	ldrd	r9, r8, [sp, #40]	@ 0x28
10008da0:	6999      	ldr	r1, [r3, #24]
10008da2:	9f03      	ldr	r7, [sp, #12]
10008da4:	6b2b      	ldr	r3, [r5, #48]	@ 0x30
10008da6:	e6a8      	b.n	10008afa <lfs_file_rawwrite+0x102>
10008da8:	f06f 0008 	mvn.w	r0, #8
10008dac:	e697      	b.n	10008ade <lfs_file_rawwrite+0xe6>
10008dae:	bf00      	nop
10008db0:	20001e00 	.word	0x20001e00
10008db4:	1000d4e4 	.word	0x1000d4e4
10008db8:	1000d2a8 	.word	0x1000d2a8
10008dbc:	1000d33c 	.word	0x1000d33c

10008dc0 <lfs_file_flush>:
10008dc0:	e92d 41f0 	stmdb	sp!, {r4, r5, r6, r7, r8, lr}
10008dc4:	6b03      	ldr	r3, [r0, #48]	@ 0x30
10008dc6:	4604      	mov	r4, r0
10008dc8:	0358      	lsls	r0, r3, #13
10008dca:	b09a      	sub	sp, #104	@ 0x68
10008dcc:	d508      	bpl.n	10008de0 <lfs_file_flush+0x20>
10008dce:	02d9      	lsls	r1, r3, #11
10008dd0:	bf58      	it	pl
10008dd2:	f04f 32ff 	movpl.w	r2, #4294967295	@ 0xffffffff
10008dd6:	f423 2380 	bic.w	r3, r3, #262144	@ 0x40000
10008dda:	bf58      	it	pl
10008ddc:	6422      	strpl	r2, [r4, #64]	@ 0x40
10008dde:	6323      	str	r3, [r4, #48]	@ 0x30
10008de0:	039a      	lsls	r2, r3, #14
10008de2:	d403      	bmi.n	10008dec <lfs_file_flush+0x2c>
10008de4:	2000      	movs	r0, #0
10008de6:	b01a      	add	sp, #104	@ 0x68
10008de8:	e8bd 81f0 	ldmia.w	sp!, {r4, r5, r6, r7, r8, pc}
10008dec:	f413 1180 	ands.w	r1, r3, #1048576	@ 0x100000
10008df0:	6b65      	ldr	r5, [r4, #52]	@ 0x34
10008df2:	f8d4 802c 	ldr.w	r8, [r4, #44]	@ 0x2c
10008df6:	d14a      	bne.n	10008e8e <lfs_file_flush+0xce>
10008df8:	2254      	movs	r2, #84	@ 0x54
10008dfa:	a804      	add	r0, sp, #16
10008dfc:	f003 fff4 	bl	1000cde8 <__memset_veneer>
10008e00:	f04f 37ff 	mov.w	r7, #4294967295	@ 0xffffffff
10008e04:	2201      	movs	r2, #1
10008e06:	4e2a      	ldr	r6, [pc, #168]	@ (10008eb0 <lfs_file_flush+0xf0>)
10008e08:	6aa3      	ldr	r3, [r4, #40]	@ 0x28
10008e0a:	f10d 0c50 	add.w	ip, sp, #80	@ 0x50
10008e0e:	4545      	cmp	r5, r8
10008e10:	e9cd 380e 	strd	r3, r8, [sp, #56]	@ 0x38
10008e14:	9210      	str	r2, [sp, #64]	@ 0x40
10008e16:	9511      	str	r5, [sp, #68]	@ 0x44
10008e18:	e896 000f 	ldmia.w	r6, {r0, r1, r2, r3}
10008e1c:	6037      	str	r7, [r6, #0]
10008e1e:	e88c 000f 	stmia.w	ip, {r0, r1, r2, r3}
10008e22:	d218      	bcs.n	10008e56 <lfs_file_flush+0x96>
10008e24:	2201      	movs	r2, #1
10008e26:	f10d 010f 	add.w	r1, sp, #15
10008e2a:	a804      	add	r0, sp, #16
10008e2c:	f000 f848 	bl	10008ec0 <lfs_file_rawread>
10008e30:	2800      	cmp	r0, #0
10008e32:	dbd8      	blt.n	10008de6 <lfs_file_flush+0x26>
10008e34:	2201      	movs	r2, #1
10008e36:	4620      	mov	r0, r4
10008e38:	f10d 010f 	add.w	r1, sp, #15
10008e3c:	f7ff fddc 	bl	100089f8 <lfs_file_rawwrite>
10008e40:	2800      	cmp	r0, #0
10008e42:	dbd0      	blt.n	10008de6 <lfs_file_flush+0x26>
10008e44:	6833      	ldr	r3, [r6, #0]
10008e46:	6b62      	ldr	r2, [r4, #52]	@ 0x34
10008e48:	3301      	adds	r3, #1
10008e4a:	6ae3      	ldr	r3, [r4, #44]	@ 0x2c
10008e4c:	d02d      	beq.n	10008eaa <lfs_file_flush+0xea>
10008e4e:	429a      	cmp	r2, r3
10008e50:	9714      	str	r7, [sp, #80]	@ 0x50
10008e52:	6037      	str	r7, [r6, #0]
10008e54:	d3e6      	bcc.n	10008e24 <lfs_file_flush+0x64>
10008e56:	4f17      	ldr	r7, [pc, #92]	@ (10008eb4 <lfs_file_flush+0xf4>)
10008e58:	f104 0640 	add.w	r6, r4, #64	@ 0x40
10008e5c:	e00e      	b.n	10008e7c <lfs_file_flush+0xbc>
10008e5e:	1c83      	adds	r3, r0, #2
10008e60:	d1c1      	bne.n	10008de6 <lfs_file_flush+0x26>
10008e62:	6ba3      	ldr	r3, [r4, #56]	@ 0x38
10008e64:	f640 224e 	movw	r2, #2638	@ 0xa4e
10008e68:	4913      	ldr	r1, [pc, #76]	@ (10008eb8 <lfs_file_flush+0xf8>)
10008e6a:	4814      	ldr	r0, [pc, #80]	@ (10008ebc <lfs_file_flush+0xfc>)
10008e6c:	9700      	str	r7, [sp, #0]
10008e6e:	f7fa ffad 	bl	10003dcc <__wrap_printf>
10008e72:	4620      	mov	r0, r4
10008e74:	f7ff fcc6 	bl	10008804 <lfs_file_relocate>
10008e78:	2800      	cmp	r0, #0
10008e7a:	d1b4      	bne.n	10008de6 <lfs_file_flush+0x26>
10008e7c:	2101      	movs	r1, #1
10008e7e:	4630      	mov	r0, r6
10008e80:	f7fd fdda 	bl	10006a38 <lfs_bd_flush.constprop.0>
10008e84:	2800      	cmp	r0, #0
10008e86:	d1ea      	bne.n	10008e5e <lfs_file_flush+0x9e>
10008e88:	e9d4 320c 	ldrd	r3, r2, [r4, #48]	@ 0x30
10008e8c:	e003      	b.n	10008e96 <lfs_file_flush+0xd6>
10008e8e:	45a8      	cmp	r8, r5
10008e90:	4642      	mov	r2, r8
10008e92:	bf38      	it	cc
10008e94:	462a      	movcc	r2, r5
10008e96:	6ba1      	ldr	r1, [r4, #56]	@ 0x38
10008e98:	f423 3300 	bic.w	r3, r3, #131072	@ 0x20000
10008e9c:	f443 3380 	orr.w	r3, r3, #65536	@ 0x10000
10008ea0:	e9c4 120a 	strd	r1, r2, [r4, #40]	@ 0x28
10008ea4:	e9c4 350c 	strd	r3, r5, [r4, #48]	@ 0x30
10008ea8:	e79c      	b.n	10008de4 <lfs_file_flush+0x24>
10008eaa:	429a      	cmp	r2, r3
10008eac:	d3ba      	bcc.n	10008e24 <lfs_file_flush+0x64>
10008eae:	e7d2      	b.n	10008e56 <lfs_file_flush+0x96>
10008eb0:	20001e00 	.word	0x20001e00
10008eb4:	1000d4e4 	.word	0x1000d4e4
10008eb8:	1000d2a8 	.word	0x1000d2a8
10008ebc:	1000d33c 	.word	0x1000d33c

10008ec0 <lfs_file_rawread>:
10008ec0:	e92d 4ff0 	stmdb	sp!, {r4, r5, r6, r7, r8, r9, sl, fp, lr}
10008ec4:	6b03      	ldr	r3, [r0, #48]	@ 0x30
10008ec6:	b08b      	sub	sp, #44	@ 0x2c
10008ec8:	9104      	str	r1, [sp, #16]
10008eca:	0399      	lsls	r1, r3, #14
10008ecc:	4605      	mov	r5, r0
10008ece:	4614      	mov	r4, r2
10008ed0:	f100 813f 	bmi.w	10009152 <lfs_file_rawread+0x292>
10008ed4:	f8d5 a034 	ldr.w	sl, [r5, #52]	@ 0x34
10008ed8:	6aeb      	ldr	r3, [r5, #44]	@ 0x2c
10008eda:	459a      	cmp	sl, r3
10008edc:	f080 8144 	bcs.w	10009168 <lfs_file_rawread+0x2a8>
10008ee0:	eba3 030a 	sub.w	r3, r3, sl
10008ee4:	42a3      	cmp	r3, r4
10008ee6:	bf28      	it	cs
10008ee8:	4623      	movcs	r3, r4
10008eea:	461f      	mov	r7, r3
10008eec:	2b00      	cmp	r3, #0
10008eee:	f000 80a5 	beq.w	1000903c <lfs_file_rawread+0x17c>
10008ef2:	4657      	mov	r7, sl
10008ef4:	4ca2      	ldr	r4, [pc, #648]	@ (10009180 <lfs_file_rawread+0x2c0>)
10008ef6:	9307      	str	r3, [sp, #28]
10008ef8:	9303      	str	r3, [sp, #12]
10008efa:	6b2e      	ldr	r6, [r5, #48]	@ 0x30
10008efc:	6ea1      	ldr	r1, [r4, #104]	@ 0x68
10008efe:	0372      	lsls	r2, r6, #13
10008f00:	d54d      	bpl.n	10008f9e <lfs_file_rawread+0xde>
10008f02:	f8d5 c03c 	ldr.w	ip, [r5, #60]	@ 0x3c
10008f06:	f8d1 9018 	ldr.w	r9, [r1, #24]
10008f0a:	45cc      	cmp	ip, r9
10008f0c:	d047      	beq.n	10008f9e <lfs_file_rawread+0xde>
10008f0e:	9b03      	ldr	r3, [sp, #12]
10008f10:	eba9 080c 	sub.w	r8, r9, ip
10008f14:	4598      	cmp	r8, r3
10008f16:	bf28      	it	cs
10008f18:	4698      	movcs	r8, r3
10008f1a:	02f3      	lsls	r3, r6, #11
10008f1c:	d568      	bpl.n	10008ff0 <lfs_file_rawread+0x130>
10008f1e:	4667      	mov	r7, ip
10008f20:	f8b5 a004 	ldrh.w	sl, [r5, #4]
10008f24:	4a97      	ldr	r2, [pc, #604]	@ (10009184 <lfs_file_rawread+0x2c4>)
10008f26:	eb07 0308 	add.w	r3, r7, r8
10008f2a:	454b      	cmp	r3, r9
10008f2c:	f105 0b08 	add.w	fp, r5, #8
10008f30:	ea42 2a8a 	orr.w	sl, r2, sl, lsl #10
10008f34:	f200 811c 	bhi.w	10009170 <lfs_file_rawread+0x2b0>
10008f38:	f1b8 0f00 	cmp.w	r8, #0
10008f3c:	f000 8106 	beq.w	1000914c <lfs_file_rawread+0x28c>
10008f40:	9b04      	ldr	r3, [sp, #16]
10008f42:	e9cd 8305 	strd	r8, r3, [sp, #20]
10008f46:	6c2a      	ldr	r2, [r5, #64]	@ 0x40
10008f48:	6ceb      	ldr	r3, [r5, #76]	@ 0x4c
10008f4a:	3202      	adds	r2, #2
10008f4c:	d106      	bne.n	10008f5c <lfs_file_rawread+0x9c>
10008f4e:	e9d5 1211 	ldrd	r1, r2, [r5, #68]	@ 0x44
10008f52:	440a      	add	r2, r1
10008f54:	4297      	cmp	r7, r2
10008f56:	d201      	bcs.n	10008f5c <lfs_file_rawread+0x9c>
10008f58:	428f      	cmp	r7, r1
10008f5a:	d273      	bcs.n	10009044 <lfs_file_rawread+0x184>
10008f5c:	6ea0      	ldr	r0, [r4, #104]	@ 0x68
10008f5e:	f06f 0101 	mvn.w	r1, #1
10008f62:	6902      	ldr	r2, [r0, #16]
10008f64:	f8d0 e024 	ldr.w	lr, [r0, #36]	@ 0x24
10008f68:	1e56      	subs	r6, r2, #1
10008f6a:	444e      	add	r6, r9
10008f6c:	443e      	add	r6, r7
10008f6e:	fbb6 f6f2 	udiv	r6, r6, r2
10008f72:	fb02 f606 	mul.w	r6, r2, r6
10008f76:	fbb7 fcf2 	udiv	ip, r7, r2
10008f7a:	4576      	cmp	r6, lr
10008f7c:	bf28      	it	cs
10008f7e:	4676      	movcs	r6, lr
10008f80:	fb02 f20c 	mul.w	r2, r2, ip
10008f84:	6429      	str	r1, [r5, #64]	@ 0x40
10008f86:	e9c5 2611 	strd	r2, r6, [r5, #68]	@ 0x44
10008f8a:	4651      	mov	r1, sl
10008f8c:	4658      	mov	r0, fp
10008f8e:	9600      	str	r6, [sp, #0]
10008f90:	f7fe fe2a 	bl	10007be8 <lfs_dir_getslice.constprop.2>
10008f94:	2800      	cmp	r0, #0
10008f96:	dad6      	bge.n	10008f46 <lfs_file_rawread+0x86>
10008f98:	b00b      	add	sp, #44	@ 0x2c
10008f9a:	e8bd 8ff0 	ldmia.w	sp!, {r4, r5, r6, r7, r8, r9, sl, fp, pc}
10008f9e:	f416 1980 	ands.w	r9, r6, #1048576	@ 0x100000
10008fa2:	d00f      	beq.n	10008fc4 <lfs_file_rawread+0x104>
10008fa4:	f8d1 9018 	ldr.w	r9, [r1, #24]
10008fa8:	9b03      	ldr	r3, [sp, #12]
10008faa:	eba9 0807 	sub.w	r8, r9, r7
10008fae:	4598      	cmp	r8, r3
10008fb0:	bf28      	it	cs
10008fb2:	4698      	movcs	r8, r3
10008fb4:	f06f 0301 	mvn.w	r3, #1
10008fb8:	f446 2680 	orr.w	r6, r6, #262144	@ 0x40000
10008fbc:	e9c5 370e 	strd	r3, r7, [r5, #56]	@ 0x38
10008fc0:	632e      	str	r6, [r5, #48]	@ 0x30
10008fc2:	e7ad      	b.n	10008f20 <lfs_file_rawread+0x60>
10008fc4:	6aaa      	ldr	r2, [r5, #40]	@ 0x28
10008fc6:	f8d5 c02c 	ldr.w	ip, [r5, #44]	@ 0x2c
10008fca:	9209      	str	r2, [sp, #36]	@ 0x24
10008fcc:	f1bc 0f00 	cmp.w	ip, #0
10008fd0:	d14c      	bne.n	1000906c <lfs_file_rawread+0x1ac>
10008fd2:	f04f 33ff 	mov.w	r3, #4294967295	@ 0xffffffff
10008fd6:	f8c5 c03c 	str.w	ip, [r5, #60]	@ 0x3c
10008fda:	63ab      	str	r3, [r5, #56]	@ 0x38
10008fdc:	f8d1 9018 	ldr.w	r9, [r1, #24]
10008fe0:	9b03      	ldr	r3, [sp, #12]
10008fe2:	f446 2680 	orr.w	r6, r6, #262144	@ 0x40000
10008fe6:	454b      	cmp	r3, r9
10008fe8:	bf28      	it	cs
10008fea:	464b      	movcs	r3, r9
10008fec:	4698      	mov	r8, r3
10008fee:	632e      	str	r6, [r5, #48]	@ 0x30
10008ff0:	69cb      	ldr	r3, [r1, #28]
10008ff2:	6baa      	ldr	r2, [r5, #56]	@ 0x38
10008ff4:	f105 0040 	add.w	r0, r5, #64	@ 0x40
10008ff8:	429a      	cmp	r2, r3
10008ffa:	f080 80b9 	bcs.w	10009170 <lfs_file_rawread+0x2b0>
10008ffe:	eb0c 0308 	add.w	r3, ip, r8
10009002:	454b      	cmp	r3, r9
10009004:	f200 80b4 	bhi.w	10009170 <lfs_file_rawread+0x2b0>
10009008:	9e04      	ldr	r6, [sp, #16]
1000900a:	4663      	mov	r3, ip
1000900c:	4649      	mov	r1, r9
1000900e:	f8cd 8004 	str.w	r8, [sp, #4]
10009012:	9600      	str	r6, [sp, #0]
10009014:	f7fd f994 	bl	10006340 <lfs_bd_read.part.0.constprop.0>
10009018:	2800      	cmp	r0, #0
1000901a:	d1bd      	bne.n	10008f98 <lfs_file_rawread+0xd8>
1000901c:	6beb      	ldr	r3, [r5, #60]	@ 0x3c
1000901e:	6b6f      	ldr	r7, [r5, #52]	@ 0x34
10009020:	4443      	add	r3, r8
10009022:	63eb      	str	r3, [r5, #60]	@ 0x3c
10009024:	9b04      	ldr	r3, [sp, #16]
10009026:	4447      	add	r7, r8
10009028:	4443      	add	r3, r8
1000902a:	9304      	str	r3, [sp, #16]
1000902c:	9b03      	ldr	r3, [sp, #12]
1000902e:	636f      	str	r7, [r5, #52]	@ 0x34
10009030:	ebb3 0308 	subs.w	r3, r3, r8
10009034:	9303      	str	r3, [sp, #12]
10009036:	f47f af60 	bne.w	10008efa <lfs_file_rawread+0x3a>
1000903a:	9f07      	ldr	r7, [sp, #28]
1000903c:	4638      	mov	r0, r7
1000903e:	b00b      	add	sp, #44	@ 0x2c
10009040:	e8bd 8ff0 	ldmia.w	sp!, {r4, r5, r6, r7, r8, r9, sl, fp, pc}
10009044:	1bd6      	subs	r6, r2, r7
10009046:	9a05      	ldr	r2, [sp, #20]
10009048:	1a79      	subs	r1, r7, r1
1000904a:	4296      	cmp	r6, r2
1000904c:	bf28      	it	cs
1000904e:	4616      	movcs	r6, r2
10009050:	4419      	add	r1, r3
10009052:	4632      	mov	r2, r6
10009054:	9806      	ldr	r0, [sp, #24]
10009056:	f003 feaf 	bl	1000cdb8 <__memcpy_veneer>
1000905a:	9a05      	ldr	r2, [sp, #20]
1000905c:	1b93      	subs	r3, r2, r6
1000905e:	9305      	str	r3, [sp, #20]
10009060:	d0dc      	beq.n	1000901c <lfs_file_rawread+0x15c>
10009062:	9b06      	ldr	r3, [sp, #24]
10009064:	4437      	add	r7, r6
10009066:	4433      	add	r3, r6
10009068:	9306      	str	r3, [sp, #24]
1000906a:	e76c      	b.n	10008f46 <lfs_file_rawread+0x86>
1000906c:	698b      	ldr	r3, [r1, #24]
1000906e:	f10c 38ff 	add.w	r8, ip, #4294967295	@ 0xffffffff
10009072:	f1a3 0a08 	sub.w	sl, r3, #8
10009076:	45d0      	cmp	r8, sl
10009078:	d364      	bcc.n	10009144 <lfs_file_rawread+0x284>
1000907a:	fbb8 f0fa 	udiv	r0, r8, sl
1000907e:	3801      	subs	r0, #1
10009080:	e9cd 2105 	strd	r2, r1, [sp, #20]
10009084:	f003 fea0 	bl	1000cdc8 <____popcountsi2_veneer>
10009088:	e9dd 2105 	ldrd	r2, r1, [sp, #20]
1000908c:	1c83      	adds	r3, r0, #2
1000908e:	eba8 0883 	sub.w	r8, r8, r3, lsl #2
10009092:	45ba      	cmp	sl, r7
10009094:	fbb8 f8fa 	udiv	r8, r8, sl
10009098:	d852      	bhi.n	10009140 <lfs_file_rawread+0x280>
1000909a:	fbb7 f0fa 	udiv	r0, r7, sl
1000909e:	3801      	subs	r0, #1
100090a0:	e9cd 2105 	strd	r2, r1, [sp, #20]
100090a4:	f003 fe90 	bl	1000cdc8 <____popcountsi2_veneer>
100090a8:	f100 0902 	add.w	r9, r0, #2
100090ac:	eba7 0989 	sub.w	r9, r7, r9, lsl #2
100090b0:	fbb9 f9fa 	udiv	r9, r9, sl
100090b4:	4648      	mov	r0, r9
100090b6:	f003 fe87 	bl	1000cdc8 <____popcountsi2_veneer>
100090ba:	e9dd 2105 	ldrd	r2, r1, [sp, #20]
100090be:	eba7 0c80 	sub.w	ip, r7, r0, lsl #2
100090c2:	fb0a cc19 	mls	ip, sl, r9, ip
100090c6:	45c8      	cmp	r8, r9
100090c8:	d932      	bls.n	10009130 <lfs_file_rawread+0x270>
100090ca:	f04f 0a04 	mov.w	sl, #4
100090ce:	f04f 0b01 	mov.w	fp, #1
100090d2:	e9cd c505 	strd	ip, r5, [sp, #20]
100090d6:	f105 0640 	add.w	r6, r5, #64	@ 0x40
100090da:	af09      	add	r7, sp, #36	@ 0x24
100090dc:	fa98 f3a8 	rbit	r3, r8
100090e0:	eba8 0509 	sub.w	r5, r8, r9
100090e4:	fab5 f585 	clz	r5, r5
100090e8:	fab3 f383 	clz	r3, r3
100090ec:	f1c5 051f 	rsb	r5, r5, #31
100090f0:	429d      	cmp	r5, r3
100090f2:	bf28      	it	cs
100090f4:	461d      	movcs	r5, r3
100090f6:	69c8      	ldr	r0, [r1, #28]
100090f8:	00ab      	lsls	r3, r5, #2
100090fa:	4290      	cmp	r0, r2
100090fc:	f103 0c04 	add.w	ip, r3, #4
10009100:	d936      	bls.n	10009170 <lfs_file_rawread+0x2b0>
10009102:	6989      	ldr	r1, [r1, #24]
10009104:	458c      	cmp	ip, r1
10009106:	d833      	bhi.n	10009170 <lfs_file_rawread+0x2b0>
10009108:	2104      	movs	r1, #4
1000910a:	4630      	mov	r0, r6
1000910c:	e9cd 7a00 	strd	r7, sl, [sp]
10009110:	f7fd f916 	bl	10006340 <lfs_bd_read.part.0.constprop.0>
10009114:	fa0b f505 	lsl.w	r5, fp, r5
10009118:	eba8 0805 	sub.w	r8, r8, r5
1000911c:	2800      	cmp	r0, #0
1000911e:	f47f af3b 	bne.w	10008f98 <lfs_file_rawread+0xd8>
10009122:	45c8      	cmp	r8, r9
10009124:	9a09      	ldr	r2, [sp, #36]	@ 0x24
10009126:	6ea1      	ldr	r1, [r4, #104]	@ 0x68
10009128:	d8d8      	bhi.n	100090dc <lfs_file_rawread+0x21c>
1000912a:	e9dd c505 	ldrd	ip, r5, [sp, #20]
1000912e:	6b2e      	ldr	r6, [r5, #48]	@ 0x30
10009130:	e9c5 2c0e 	strd	r2, ip, [r5, #56]	@ 0x38
10009134:	f446 2680 	orr.w	r6, r6, #262144	@ 0x40000
10009138:	f8d1 9018 	ldr.w	r9, [r1, #24]
1000913c:	632e      	str	r6, [r5, #48]	@ 0x30
1000913e:	e6e6      	b.n	10008f0e <lfs_file_rawread+0x4e>
10009140:	46bc      	mov	ip, r7
10009142:	e7c0      	b.n	100090c6 <lfs_file_rawread+0x206>
10009144:	45ba      	cmp	sl, r7
10009146:	d818      	bhi.n	1000917a <lfs_file_rawread+0x2ba>
10009148:	46c8      	mov	r8, r9
1000914a:	e7a6      	b.n	1000909a <lfs_file_rawread+0x1da>
1000914c:	63ef      	str	r7, [r5, #60]	@ 0x3c
1000914e:	6b6f      	ldr	r7, [r5, #52]	@ 0x34
10009150:	e6d3      	b.n	10008efa <lfs_file_rawread+0x3a>
10009152:	f7ff fe35 	bl	10008dc0 <lfs_file_flush>
10009156:	2800      	cmp	r0, #0
10009158:	f47f af1e 	bne.w	10008f98 <lfs_file_rawread+0xd8>
1000915c:	f8d5 a034 	ldr.w	sl, [r5, #52]	@ 0x34
10009160:	6aeb      	ldr	r3, [r5, #44]	@ 0x2c
10009162:	459a      	cmp	sl, r3
10009164:	f4ff aebc 	bcc.w	10008ee0 <lfs_file_rawread+0x20>
10009168:	2000      	movs	r0, #0
1000916a:	b00b      	add	sp, #44	@ 0x2c
1000916c:	e8bd 8ff0 	ldmia.w	sp!, {r4, r5, r6, r7, r8, r9, sl, fp, pc}
10009170:	f06f 0001 	mvn.w	r0, #1
10009174:	b00b      	add	sp, #44	@ 0x2c
10009176:	e8bd 8ff0 	ldmia.w	sp!, {r4, r5, r6, r7, r8, r9, sl, fp, pc}
1000917a:	46bc      	mov	ip, r7
1000917c:	e7d8      	b.n	10009130 <lfs_file_rawread+0x270>
1000917e:	bf00      	nop
10009180:	20001e00 	.word	0x20001e00
10009184:	20100000 	.word	0x20100000

10009188 <lfs_dir_traverse.constprop.2>:
10009188:	469c      	mov	ip, r3
1000918a:	68c3      	ldr	r3, [r0, #12]
1000918c:	2b04      	cmp	r3, #4
1000918e:	d801      	bhi.n	10009194 <lfs_dir_traverse.constprop.2+0xc>
10009190:	2000      	movs	r0, #0
10009192:	4770      	bx	lr
10009194:	e92d 4ff0 	stmdb	sp!, {r4, r5, r6, r7, r8, r9, sl, fp, lr}
10009198:	f04f 3aff 	mov.w	sl, #4294967295	@ 0xffffffff
1000919c:	4604      	mov	r4, r0
1000919e:	460f      	mov	r7, r1
100091a0:	4696      	mov	lr, r2
100091a2:	f04f 0b04 	mov.w	fp, #4
100091a6:	4655      	mov	r5, sl
100091a8:	b08f      	sub	sp, #60	@ 0x3c
100091aa:	e9cd 2c03 	strd	r2, ip, [sp, #12]
100091ae:	f8df 9294 	ldr.w	r9, [pc, #660]	@ 10009444 <lfs_dir_traverse.constprop.2+0x2bc>
100091b2:	f10d 0820 	add.w	r8, sp, #32
100091b6:	f8d9 3068 	ldr.w	r3, [r9, #104]	@ 0x68
100091ba:	6822      	ldr	r2, [r4, #0]
100091bc:	69d9      	ldr	r1, [r3, #28]
100091be:	428a      	cmp	r2, r1
100091c0:	f080 80ff 	bcs.w	100093c2 <lfs_dir_traverse.constprop.2+0x23a>
100091c4:	699b      	ldr	r3, [r3, #24]
100091c6:	f10b 0604 	add.w	r6, fp, #4
100091ca:	429e      	cmp	r6, r3
100091cc:	f200 80f9 	bhi.w	100093c2 <lfs_dir_traverse.constprop.2+0x23a>
100091d0:	2104      	movs	r1, #4
100091d2:	465b      	mov	r3, fp
100091d4:	4648      	mov	r0, r9
100091d6:	e9cd 8100 	strd	r8, r1, [sp]
100091da:	f7fd f8b1 	bl	10006340 <lfs_bd_read.part.0.constprop.0>
100091de:	2800      	cmp	r0, #0
100091e0:	d13d      	bne.n	1000925e <lfs_dir_traverse.constprop.2+0xd6>
100091e2:	9b08      	ldr	r3, [sp, #32]
100091e4:	6822      	ldr	r2, [r4, #0]
100091e6:	ba1b      	rev	r3, r3
100091e8:	406b      	eors	r3, r5
100091ea:	f043 4500 	orr.w	r5, r3, #2147483648	@ 0x80000000
100091ee:	f345 0309 	sbfx	r3, r5, #0, #10
100091f2:	f1b3 3fff 	cmp.w	r3, #4294967295	@ 0xffffffff
100091f6:	bf14      	ite	ne
100091f8:	46ab      	movne	fp, r5
100091fa:	f105 0b01 	addeq.w	fp, r5, #1
100091fe:	f085 5300 	eor.w	r3, r5, #536870912	@ 0x20000000
10009202:	f3cb 0b09 	ubfx	fp, fp, #0, #10
10009206:	f013 4ec0 	ands.w	lr, r3, #1610612736	@ 0x60000000
1000920a:	68e0      	ldr	r0, [r4, #12]
1000920c:	960b      	str	r6, [sp, #44]	@ 0x2c
1000920e:	9508      	str	r5, [sp, #32]
10009210:	920a      	str	r2, [sp, #40]	@ 0x28
10009212:	44b3      	add	fp, r6
10009214:	d120      	bne.n	10009258 <lfs_dir_traverse.constprop.2+0xd0>
10009216:	4558      	cmp	r0, fp
10009218:	d824      	bhi.n	10009264 <lfs_dir_traverse.constprop.2+0xdc>
1000921a:	4629      	mov	r1, r5
1000921c:	f3c1 2689 	ubfx	r6, r1, #10, #10
10009220:	42be      	cmp	r6, r7
10009222:	ea4f 2391 	mov.w	r3, r1, lsr #10
10009226:	d317      	bcc.n	10009258 <lfs_dir_traverse.constprop.2+0xd0>
10009228:	9a03      	ldr	r2, [sp, #12]
1000922a:	4296      	cmp	r6, r2
1000922c:	d214      	bcs.n	10009258 <lfs_dir_traverse.constprop.2+0xd0>
1000922e:	f3c1 520a 	ubfx	r2, r1, #20, #11
10009232:	b18a      	cbz	r2, 10009258 <lfs_dir_traverse.constprop.2+0xd0>
10009234:	f240 1c01 	movw	ip, #257	@ 0x101
10009238:	4562      	cmp	r2, ip
1000923a:	f000 80c5 	beq.w	100093c8 <lfs_dir_traverse.constprop.2+0x240>
1000923e:	f5b2 7f81 	cmp.w	r2, #258	@ 0x102
10009242:	f000 80d3 	beq.w	100093ec <lfs_dir_traverse.constprop.2+0x264>
10009246:	9b04      	ldr	r3, [sp, #16]
10009248:	9819      	ldr	r0, [sp, #100]	@ 0x64
1000924a:	eb01 2183 	add.w	r1, r1, r3, lsl #10
1000924e:	aa0a      	add	r2, sp, #40	@ 0x28
10009250:	9b18      	ldr	r3, [sp, #96]	@ 0x60
10009252:	4798      	blx	r3
10009254:	b918      	cbnz	r0, 1000925e <lfs_dir_traverse.constprop.2+0xd6>
10009256:	68e0      	ldr	r0, [r4, #12]
10009258:	4558      	cmp	r0, fp
1000925a:	d8ac      	bhi.n	100091b6 <lfs_dir_traverse.constprop.2+0x2e>
1000925c:	2000      	movs	r0, #0
1000925e:	b00f      	add	sp, #60	@ 0x3c
10009260:	e8bd 8ff0 	ldmia.w	sp!, {r4, r5, r6, r7, r8, r9, sl, fp, pc}
10009264:	465b      	mov	r3, fp
10009266:	46aa      	mov	sl, r5
10009268:	f8cd e014 	str.w	lr, [sp, #20]
1000926c:	f8d9 1068 	ldr.w	r1, [r9, #104]	@ 0x68
10009270:	69c8      	ldr	r0, [r1, #28]
10009272:	4290      	cmp	r0, r2
10009274:	f240 80a5 	bls.w	100093c2 <lfs_dir_traverse.constprop.2+0x23a>
10009278:	6989      	ldr	r1, [r1, #24]
1000927a:	1d1e      	adds	r6, r3, #4
1000927c:	428e      	cmp	r6, r1
1000927e:	f200 80a0 	bhi.w	100093c2 <lfs_dir_traverse.constprop.2+0x23a>
10009282:	2104      	movs	r1, #4
10009284:	9101      	str	r1, [sp, #4]
10009286:	a909      	add	r1, sp, #36	@ 0x24
10009288:	9100      	str	r1, [sp, #0]
1000928a:	486e      	ldr	r0, [pc, #440]	@ (10009444 <lfs_dir_traverse.constprop.2+0x2bc>)
1000928c:	2104      	movs	r1, #4
1000928e:	f7fd f857 	bl	10006340 <lfs_bd_read.part.0.constprop.0>
10009292:	2800      	cmp	r0, #0
10009294:	f040 8090 	bne.w	100093b8 <lfs_dir_traverse.constprop.2+0x230>
10009298:	9b09      	ldr	r3, [sp, #36]	@ 0x24
1000929a:	6822      	ldr	r2, [r4, #0]
1000929c:	ba1b      	rev	r3, r3
1000929e:	406b      	eors	r3, r5
100092a0:	f043 4500 	orr.w	r5, r3, #2147483648	@ 0x80000000
100092a4:	920c      	str	r2, [sp, #48]	@ 0x30
100092a6:	f3c5 520a 	ubfx	r2, r5, #20, #11
100092aa:	960d      	str	r6, [sp, #52]	@ 0x34
100092ac:	9509      	str	r5, [sp, #36]	@ 0x24
100092ae:	0d28      	lsrs	r0, r5, #20
100092b0:	b39a      	cbz	r2, 1000931a <lfs_dir_traverse.constprop.2+0x192>
100092b2:	f240 1c01 	movw	ip, #257	@ 0x101
100092b6:	4562      	cmp	r2, ip
100092b8:	d06f      	beq.n	1000939a <lfs_dir_traverse.constprop.2+0x212>
100092ba:	f5b2 7f81 	cmp.w	r2, #258	@ 0x102
100092be:	d03e      	beq.n	1000933e <lfs_dir_traverse.constprop.2+0x1b6>
100092c0:	00da      	lsls	r2, r3, #3
100092c2:	f8dd c020 	ldr.w	ip, [sp, #32]
100092c6:	bf4c      	ite	mi
100092c8:	f8df e180 	ldrmi.w	lr, [pc, #384]	@ 1000944c <lfs_dir_traverse.constprop.2+0x2c4>
100092cc:	f8df e184 	ldrpl.w	lr, [pc, #388]	@ 10009454 <lfs_dir_traverse.constprop.2+0x2cc>
100092d0:	ea85 020c 	eor.w	r2, r5, ip
100092d4:	ea12 0f0e 	tst.w	r2, lr
100092d8:	d05a      	beq.n	10009390 <lfs_dir_traverse.constprop.2+0x208>
100092da:	f34c 0209 	sbfx	r2, ip, #0, #10
100092de:	3201      	adds	r2, #1
100092e0:	d056      	beq.n	10009390 <lfs_dir_traverse.constprop.2+0x208>
100092e2:	4a59      	ldr	r2, [pc, #356]	@ (10009448 <lfs_dir_traverse.constprop.2+0x2c0>)
100092e4:	f8df e164 	ldr.w	lr, [pc, #356]	@ 1000944c <lfs_dir_traverse.constprop.2+0x2c4>
100092e8:	ea0c 0202 	and.w	r2, ip, r2
100092ec:	f042 429f 	orr.w	r2, r2, #1333788672	@ 0x4f800000
100092f0:	f442 02e0 	orr.w	r2, r2, #7340032	@ 0x700000
100092f4:	ea03 0e0e 	and.w	lr, r3, lr
100092f8:	4572      	cmp	r2, lr
100092fa:	d049      	beq.n	10009390 <lfs_dir_traverse.constprop.2+0x208>
100092fc:	f400 61e0 	and.w	r1, r0, #1792	@ 0x700
10009300:	f5b1 6f80 	cmp.w	r1, #1024	@ 0x400
10009304:	d109      	bne.n	1000931a <lfs_dir_traverse.constprop.2+0x192>
10009306:	f3c5 2389 	ubfx	r3, r5, #10, #10
1000930a:	f3cc 2289 	ubfx	r2, ip, #10, #10
1000930e:	4293      	cmp	r3, r2
10009310:	d803      	bhi.n	1000931a <lfs_dir_traverse.constprop.2+0x192>
10009312:	b240      	sxtb	r0, r0
10009314:	eb0c 2080 	add.w	r0, ip, r0, lsl #10
10009318:	9008      	str	r0, [sp, #32]
1000931a:	f345 0209 	sbfx	r2, r5, #0, #10
1000931e:	f1b2 3fff 	cmp.w	r2, #4294967295	@ 0xffffffff
10009322:	bf14      	ite	ne
10009324:	462b      	movne	r3, r5
10009326:	1c6b      	addeq	r3, r5, #1
10009328:	68e0      	ldr	r0, [r4, #12]
1000932a:	f3c3 0309 	ubfx	r3, r3, #0, #10
1000932e:	4433      	add	r3, r6
10009330:	4283      	cmp	r3, r0
10009332:	d330      	bcc.n	10009396 <lfs_dir_traverse.constprop.2+0x20e>
10009334:	4655      	mov	r5, sl
10009336:	f8dd e014 	ldr.w	lr, [sp, #20]
1000933a:	9908      	ldr	r1, [sp, #32]
1000933c:	e76e      	b.n	1000921c <lfs_dir_traverse.constprop.2+0x94>
1000933e:	f3c3 0309 	ubfx	r3, r3, #0, #10
10009342:	2b00      	cmp	r3, #0
10009344:	d0e9      	beq.n	1000931a <lfs_dir_traverse.constprop.2+0x192>
10009346:	f8dd e020 	ldr.w	lr, [sp, #32]
1000934a:	eb03 0343 	add.w	r3, r3, r3, lsl #1
1000934e:	a90c      	add	r1, sp, #48	@ 0x30
10009350:	f3c5 2c89 	ubfx	ip, r5, #10, #10
10009354:	eb01 0283 	add.w	r2, r1, r3, lsl #2
10009358:	f34e 0009 	sbfx	r0, lr, #0, #10
1000935c:	e9cd 5606 	strd	r5, r6, [sp, #24]
10009360:	4b3a      	ldr	r3, [pc, #232]	@ (1000944c <lfs_dir_traverse.constprop.2+0x2c4>)
10009362:	4615      	mov	r5, r2
10009364:	4606      	mov	r6, r0
10009366:	ea4f 2c8c 	mov.w	ip, ip, lsl #10
1000936a:	e003      	b.n	10009374 <lfs_dir_traverse.constprop.2+0x1ec>
1000936c:	1c70      	adds	r0, r6, #1
1000936e:	d00f      	beq.n	10009390 <lfs_dir_traverse.constprop.2+0x208>
10009370:	42a9      	cmp	r1, r5
10009372:	d064      	beq.n	1000943e <lfs_dir_traverse.constprop.2+0x2b6>
10009374:	7808      	ldrb	r0, [r1, #0]
10009376:	688a      	ldr	r2, [r1, #8]
10009378:	f500 7040 	add.w	r0, r0, #768	@ 0x300
1000937c:	ea4c 0202 	orr.w	r2, ip, r2
10009380:	ea42 5200 	orr.w	r2, r2, r0, lsl #20
10009384:	ea82 020e 	eor.w	r2, r2, lr
10009388:	421a      	tst	r2, r3
1000938a:	f101 010c 	add.w	r1, r1, #12
1000938e:	d1ed      	bne.n	1000936c <lfs_dir_traverse.constprop.2+0x1e4>
10009390:	4655      	mov	r5, sl
10009392:	68e0      	ldr	r0, [r4, #12]
10009394:	e760      	b.n	10009258 <lfs_dir_traverse.constprop.2+0xd0>
10009396:	6822      	ldr	r2, [r4, #0]
10009398:	e768      	b.n	1000926c <lfs_dir_traverse.constprop.2+0xe4>
1000939a:	f3c3 0109 	ubfx	r1, r3, #0, #10
1000939e:	4b2c      	ldr	r3, [pc, #176]	@ (10009450 <lfs_dir_traverse.constprop.2+0x2c8>)
100093a0:	f8cd 8004 	str.w	r8, [sp, #4]
100093a4:	9300      	str	r3, [sp, #0]
100093a6:	f3c5 2389 	ubfx	r3, r5, #10, #10
100093aa:	1a5b      	subs	r3, r3, r1
100093ac:	1c4a      	adds	r2, r1, #1
100093ae:	a80c      	add	r0, sp, #48	@ 0x30
100093b0:	f7ff feea 	bl	10009188 <lfs_dir_traverse.constprop.2>
100093b4:	2800      	cmp	r0, #0
100093b6:	d0b0      	beq.n	1000931a <lfs_dir_traverse.constprop.2+0x192>
100093b8:	2800      	cmp	r0, #0
100093ba:	4655      	mov	r5, sl
100093bc:	f6ff af4f 	blt.w	1000925e <lfs_dir_traverse.constprop.2+0xd6>
100093c0:	e749      	b.n	10009256 <lfs_dir_traverse.constprop.2+0xce>
100093c2:	f06f 0001 	mvn.w	r0, #1
100093c6:	e74a      	b.n	1000925e <lfs_dir_traverse.constprop.2+0xd6>
100093c8:	9a04      	ldr	r2, [sp, #16]
100093ca:	f3c1 0109 	ubfx	r1, r1, #0, #10
100093ce:	1a73      	subs	r3, r6, r1
100093d0:	4413      	add	r3, r2
100093d2:	9a19      	ldr	r2, [sp, #100]	@ 0x64
100093d4:	b21b      	sxth	r3, r3
100093d6:	9201      	str	r2, [sp, #4]
100093d8:	9a18      	ldr	r2, [sp, #96]	@ 0x60
100093da:	a80a      	add	r0, sp, #40	@ 0x28
100093dc:	9200      	str	r2, [sp, #0]
100093de:	1c4a      	adds	r2, r1, #1
100093e0:	f7ff fed2 	bl	10009188 <lfs_dir_traverse.constprop.2>
100093e4:	2800      	cmp	r0, #0
100093e6:	f43f af36 	beq.w	10009256 <lfs_dir_traverse.constprop.2+0xce>
100093ea:	e738      	b.n	1000925e <lfs_dir_traverse.constprop.2+0xd6>
100093ec:	f3c1 0109 	ubfx	r1, r1, #0, #10
100093f0:	2900      	cmp	r1, #0
100093f2:	f43f af31 	beq.w	10009258 <lfs_dir_traverse.constprop.2+0xd0>
100093f6:	9405      	str	r4, [sp, #20]
100093f8:	461a      	mov	r2, r3
100093fa:	4674      	mov	r4, lr
100093fc:	f8dd a010 	ldr.w	sl, [sp, #16]
10009400:	ae0a      	add	r6, sp, #40	@ 0x28
10009402:	e000      	b.n	10009406 <lfs_dir_traverse.constprop.2+0x27e>
10009404:	0a92      	lsrs	r2, r2, #10
10009406:	7830      	ldrb	r0, [r6, #0]
10009408:	68b1      	ldr	r1, [r6, #8]
1000940a:	f500 7040 	add.w	r0, r0, #768	@ 0x300
1000940e:	f3c2 0209 	ubfx	r2, r2, #0, #10
10009412:	ea41 5100 	orr.w	r1, r1, r0, lsl #20
10009416:	4452      	add	r2, sl
10009418:	ea41 2182 	orr.w	r1, r1, r2, lsl #10
1000941c:	9819      	ldr	r0, [sp, #100]	@ 0x64
1000941e:	6872      	ldr	r2, [r6, #4]
10009420:	9b18      	ldr	r3, [sp, #96]	@ 0x60
10009422:	4798      	blx	r3
10009424:	3401      	adds	r4, #1
10009426:	360c      	adds	r6, #12
10009428:	2800      	cmp	r0, #0
1000942a:	f47f af18 	bne.w	1000925e <lfs_dir_traverse.constprop.2+0xd6>
1000942e:	9a08      	ldr	r2, [sp, #32]
10009430:	f3c2 0109 	ubfx	r1, r2, #0, #10
10009434:	428c      	cmp	r4, r1
10009436:	d3e5      	bcc.n	10009404 <lfs_dir_traverse.constprop.2+0x27c>
10009438:	9c05      	ldr	r4, [sp, #20]
1000943a:	68e0      	ldr	r0, [r4, #12]
1000943c:	e70c      	b.n	10009258 <lfs_dir_traverse.constprop.2+0xd0>
1000943e:	e9dd 5606 	ldrd	r5, r6, [sp, #24]
10009442:	e76a      	b.n	1000931a <lfs_dir_traverse.constprop.2+0x192>
10009444:	20001e00 	.word	0x20001e00
10009448:	000ffc00 	.word	0x000ffc00
1000944c:	7ffffc00 	.word	0x7ffffc00
10009450:	100062b1 	.word	0x100062b1
10009454:	700ffc00 	.word	0x700ffc00

10009458 <lfs_dir_traverse.constprop.1>:
10009458:	e92d 4ff0 	stmdb	sp!, {r4, r5, r6, r7, r8, r9, sl, fp, lr}
1000945c:	b093      	sub	sp, #76	@ 0x4c
1000945e:	f8bd 4070 	ldrh.w	r4, [sp, #112]	@ 0x70
10009462:	2500      	movs	r5, #0
10009464:	940a      	str	r4, [sp, #40]	@ 0x28
10009466:	f04f 34ff 	mov.w	r4, #4294967295	@ 0xffffffff
1000946a:	4607      	mov	r7, r0
1000946c:	46a1      	mov	r9, r4
1000946e:	9504      	str	r5, [sp, #16]
10009470:	f9bd 5074 	ldrsh.w	r5, [sp, #116]	@ 0x74
10009474:	e9cd 2105 	strd	r2, r1, [sp, #20]
10009478:	f8df b2ec 	ldr.w	fp, [pc, #748]	@ 10009768 <lfs_dir_traverse.constprop.1+0x310>
1000947c:	f8df a2ec 	ldr.w	sl, [pc, #748]	@ 1000976c <lfs_dir_traverse.constprop.1+0x314>
10009480:	68c2      	ldr	r2, [r0, #12]
10009482:	950b      	str	r5, [sp, #44]	@ 0x2c
10009484:	9309      	str	r3, [sp, #36]	@ 0x24
10009486:	f349 0309 	sbfx	r3, r9, #0, #10
1000948a:	f1b3 3fff 	cmp.w	r3, #4294967295	@ 0xffffffff
1000948e:	bf14      	ite	ne
10009490:	464c      	movne	r4, r9
10009492:	f109 0401 	addeq.w	r4, r9, #1
10009496:	9b04      	ldr	r3, [sp, #16]
10009498:	f3c4 0409 	ubfx	r4, r4, #0, #10
1000949c:	3304      	adds	r3, #4
1000949e:	441c      	add	r4, r3
100094a0:	4294      	cmp	r4, r2
100094a2:	f0c0 80f3 	bcc.w	1000968c <lfs_dir_traverse.constprop.1+0x234>
100094a6:	9b05      	ldr	r3, [sp, #20]
100094a8:	2b00      	cmp	r3, #0
100094aa:	f340 8118 	ble.w	100096de <lfs_dir_traverse.constprop.1+0x286>
100094ae:	9906      	ldr	r1, [sp, #24]
100094b0:	3b01      	subs	r3, #1
100094b2:	9305      	str	r3, [sp, #20]
100094b4:	680b      	ldr	r3, [r1, #0]
100094b6:	f8d1 e004 	ldr.w	lr, [r1, #4]
100094ba:	3108      	adds	r1, #8
100094bc:	930c      	str	r3, [sp, #48]	@ 0x30
100094be:	9106      	str	r1, [sp, #24]
100094c0:	f013 4380 	ands.w	r3, r3, #1073741824	@ 0x40000000
100094c4:	d1df      	bne.n	10009486 <lfs_dir_traverse.constprop.1+0x2e>
100094c6:	e9dd 6505 	ldrd	r6, r5, [sp, #20]
100094ca:	464c      	mov	r4, r9
100094cc:	e9cd e307 	strd	lr, r3, [sp, #28]
100094d0:	f8dd 8010 	ldr.w	r8, [sp, #16]
100094d4:	f8cd 900c 	str.w	r9, [sp, #12]
100094d8:	e033      	b.n	10009542 <lfs_dir_traverse.constprop.1+0xea>
100094da:	2e00      	cmp	r6, #0
100094dc:	f340 80a0 	ble.w	10009620 <lfs_dir_traverse.constprop.1+0x1c8>
100094e0:	682b      	ldr	r3, [r5, #0]
100094e2:	6868      	ldr	r0, [r5, #4]
100094e4:	3e01      	subs	r6, #1
100094e6:	930d      	str	r3, [sp, #52]	@ 0x34
100094e8:	3508      	adds	r5, #8
100094ea:	f3c3 520a 	ubfx	r2, r3, #20, #11
100094ee:	ea4f 5c13 	mov.w	ip, r3, lsr #20
100094f2:	b32a      	cbz	r2, 10009540 <lfs_dir_traverse.constprop.1+0xe8>
100094f4:	f240 1e01 	movw	lr, #257	@ 0x101
100094f8:	4572      	cmp	r2, lr
100094fa:	d07d      	beq.n	100095f8 <lfs_dir_traverse.constprop.1+0x1a0>
100094fc:	f5b2 7f81 	cmp.w	r2, #258	@ 0x102
10009500:	d053      	beq.n	100095aa <lfs_dir_traverse.constprop.1+0x152>
10009502:	00da      	lsls	r2, r3, #3
10009504:	bf48      	it	mi
10009506:	4650      	movmi	r0, sl
10009508:	9a0c      	ldr	r2, [sp, #48]	@ 0x30
1000950a:	bf58      	it	pl
1000950c:	4893      	ldrpl	r0, [pc, #588]	@ (1000975c <lfs_dir_traverse.constprop.1+0x304>)
1000950e:	ea82 0e03 	eor.w	lr, r2, r3
10009512:	ea1e 0f00 	tst.w	lr, r0
10009516:	d06b      	beq.n	100095f0 <lfs_dir_traverse.constprop.1+0x198>
10009518:	f342 0009 	sbfx	r0, r2, #0, #10
1000951c:	3001      	adds	r0, #1
1000951e:	d067      	beq.n	100095f0 <lfs_dir_traverse.constprop.1+0x198>
10009520:	488f      	ldr	r0, [pc, #572]	@ (10009760 <lfs_dir_traverse.constprop.1+0x308>)
10009522:	ea03 0e0a 	and.w	lr, r3, sl
10009526:	4010      	ands	r0, r2
10009528:	f040 409f 	orr.w	r0, r0, #1333788672	@ 0x4f800000
1000952c:	f440 00e0 	orr.w	r0, r0, #7340032	@ 0x700000
10009530:	4586      	cmp	lr, r0
10009532:	d05d      	beq.n	100095f0 <lfs_dir_traverse.constprop.1+0x198>
10009534:	f40c 61e0 	and.w	r1, ip, #1792	@ 0x700
10009538:	f5b1 6f80 	cmp.w	r1, #1024	@ 0x400
1000953c:	f000 8099 	beq.w	10009672 <lfs_dir_traverse.constprop.1+0x21a>
10009540:	68fa      	ldr	r2, [r7, #12]
10009542:	f344 0309 	sbfx	r3, r4, #0, #10
10009546:	f1b3 3fff 	cmp.w	r3, #4294967295	@ 0xffffffff
1000954a:	bf14      	ite	ne
1000954c:	46a1      	movne	r9, r4
1000954e:	f104 0901 	addeq.w	r9, r4, #1
10009552:	f108 0304 	add.w	r3, r8, #4
10009556:	f3c9 0909 	ubfx	r9, r9, #0, #10
1000955a:	4499      	add	r9, r3
1000955c:	4591      	cmp	r9, r2
1000955e:	d2bc      	bcs.n	100094da <lfs_dir_traverse.constprop.1+0x82>
10009560:	f8db 3068 	ldr.w	r3, [fp, #104]	@ 0x68
10009564:	683a      	ldr	r2, [r7, #0]
10009566:	69d9      	ldr	r1, [r3, #28]
10009568:	428a      	cmp	r2, r1
1000956a:	f080 80b3 	bcs.w	100096d4 <lfs_dir_traverse.constprop.1+0x27c>
1000956e:	699b      	ldr	r3, [r3, #24]
10009570:	f109 0804 	add.w	r8, r9, #4
10009574:	4598      	cmp	r8, r3
10009576:	f200 80ad 	bhi.w	100096d4 <lfs_dir_traverse.constprop.1+0x27c>
1000957a:	2104      	movs	r1, #4
1000957c:	ab0d      	add	r3, sp, #52	@ 0x34
1000957e:	9300      	str	r3, [sp, #0]
10009580:	4658      	mov	r0, fp
10009582:	464b      	mov	r3, r9
10009584:	9101      	str	r1, [sp, #4]
10009586:	f7fc fedb 	bl	10006340 <lfs_bd_read.part.0.constprop.0>
1000958a:	2800      	cmp	r0, #0
1000958c:	d142      	bne.n	10009614 <lfs_dir_traverse.constprop.1+0x1bc>
1000958e:	9b0d      	ldr	r3, [sp, #52]	@ 0x34
10009590:	f8cd 8044 	str.w	r8, [sp, #68]	@ 0x44
10009594:	ba1b      	rev	r3, r3
10009596:	4063      	eors	r3, r4
10009598:	f043 4400 	orr.w	r4, r3, #2147483648	@ 0x80000000
1000959c:	683b      	ldr	r3, [r7, #0]
1000959e:	46c8      	mov	r8, r9
100095a0:	9310      	str	r3, [sp, #64]	@ 0x40
100095a2:	940d      	str	r4, [sp, #52]	@ 0x34
100095a4:	4623      	mov	r3, r4
100095a6:	a810      	add	r0, sp, #64	@ 0x40
100095a8:	e79f      	b.n	100094ea <lfs_dir_traverse.constprop.1+0x92>
100095aa:	f3c3 0209 	ubfx	r2, r3, #0, #10
100095ae:	2a00      	cmp	r2, #0
100095b0:	d0c6      	beq.n	10009540 <lfs_dir_traverse.constprop.1+0xe8>
100095b2:	f8dd e030 	ldr.w	lr, [sp, #48]	@ 0x30
100095b6:	f3c3 2389 	ubfx	r3, r3, #10, #10
100095ba:	eb02 0242 	add.w	r2, r2, r2, lsl #1
100095be:	029b      	lsls	r3, r3, #10
100095c0:	f34e 0909 	sbfx	r9, lr, #0, #10
100095c4:	eb00 0c82 	add.w	ip, r0, r2, lsl #2
100095c8:	e004      	b.n	100095d4 <lfs_dir_traverse.constprop.1+0x17c>
100095ca:	f1b9 3fff 	cmp.w	r9, #4294967295	@ 0xffffffff
100095ce:	d00f      	beq.n	100095f0 <lfs_dir_traverse.constprop.1+0x198>
100095d0:	4560      	cmp	r0, ip
100095d2:	d0b5      	beq.n	10009540 <lfs_dir_traverse.constprop.1+0xe8>
100095d4:	7801      	ldrb	r1, [r0, #0]
100095d6:	6882      	ldr	r2, [r0, #8]
100095d8:	f501 7140 	add.w	r1, r1, #768	@ 0x300
100095dc:	431a      	orrs	r2, r3
100095de:	ea42 5201 	orr.w	r2, r2, r1, lsl #20
100095e2:	ea82 020e 	eor.w	r2, r2, lr
100095e6:	ea12 0f0a 	tst.w	r2, sl
100095ea:	f100 000c 	add.w	r0, r0, #12
100095ee:	d1ec      	bne.n	100095ca <lfs_dir_traverse.constprop.1+0x172>
100095f0:	f8dd 900c 	ldr.w	r9, [sp, #12]
100095f4:	68fa      	ldr	r2, [r7, #12]
100095f6:	e746      	b.n	10009486 <lfs_dir_traverse.constprop.1+0x2e>
100095f8:	4a5a      	ldr	r2, [pc, #360]	@ (10009764 <lfs_dir_traverse.constprop.1+0x30c>)
100095fa:	f3c3 0109 	ubfx	r1, r3, #0, #10
100095fe:	9200      	str	r2, [sp, #0]
10009600:	f3c3 2389 	ubfx	r3, r3, #10, #10
10009604:	aa0c      	add	r2, sp, #48	@ 0x30
10009606:	9201      	str	r2, [sp, #4]
10009608:	1a5b      	subs	r3, r3, r1
1000960a:	1c4a      	adds	r2, r1, #1
1000960c:	f7ff fdbc 	bl	10009188 <lfs_dir_traverse.constprop.2>
10009610:	2800      	cmp	r0, #0
10009612:	d095      	beq.n	10009540 <lfs_dir_traverse.constprop.1+0xe8>
10009614:	2800      	cmp	r0, #0
10009616:	f8dd 900c 	ldr.w	r9, [sp, #12]
1000961a:	db27      	blt.n	1000966c <lfs_dir_traverse.constprop.1+0x214>
1000961c:	68fa      	ldr	r2, [r7, #12]
1000961e:	e732      	b.n	10009486 <lfs_dir_traverse.constprop.1+0x2e>
10009620:	990c      	ldr	r1, [sp, #48]	@ 0x30
10009622:	9d09      	ldr	r5, [sp, #36]	@ 0x24
10009624:	f3c1 2489 	ubfx	r4, r1, #10, #10
10009628:	42ac      	cmp	r4, r5
1000962a:	f8dd 900c 	ldr.w	r9, [sp, #12]
1000962e:	ea4f 2091 	mov.w	r0, r1, lsr #10
10009632:	e9dd e307 	ldrd	lr, r3, [sp, #28]
10009636:	f4ff af26 	bcc.w	10009486 <lfs_dir_traverse.constprop.1+0x2e>
1000963a:	9d0a      	ldr	r5, [sp, #40]	@ 0x28
1000963c:	42ac      	cmp	r4, r5
1000963e:	f4bf af22 	bcs.w	10009486 <lfs_dir_traverse.constprop.1+0x2e>
10009642:	f3c1 550a 	ubfx	r5, r1, #20, #11
10009646:	2d00      	cmp	r5, #0
10009648:	f43f af1d 	beq.w	10009486 <lfs_dir_traverse.constprop.1+0x2e>
1000964c:	f240 1601 	movw	r6, #257	@ 0x101
10009650:	42b5      	cmp	r5, r6
10009652:	d048      	beq.n	100096e6 <lfs_dir_traverse.constprop.1+0x28e>
10009654:	f5b5 7f81 	cmp.w	r5, #258	@ 0x102
10009658:	d056      	beq.n	10009708 <lfs_dir_traverse.constprop.1+0x2b0>
1000965a:	9b0b      	ldr	r3, [sp, #44]	@ 0x2c
1000965c:	4672      	mov	r2, lr
1000965e:	eb01 2183 	add.w	r1, r1, r3, lsl #10
10009662:	e9dd 301e 	ldrd	r3, r0, [sp, #120]	@ 0x78
10009666:	4798      	blx	r3
10009668:	2800      	cmp	r0, #0
1000966a:	d0d7      	beq.n	1000961c <lfs_dir_traverse.constprop.1+0x1c4>
1000966c:	b013      	add	sp, #76	@ 0x4c
1000966e:	e8bd 8ff0 	ldmia.w	sp!, {r4, r5, r6, r7, r8, r9, sl, fp, pc}
10009672:	f3c3 2389 	ubfx	r3, r3, #10, #10
10009676:	f3c2 2189 	ubfx	r1, r2, #10, #10
1000967a:	428b      	cmp	r3, r1
1000967c:	f63f af60 	bhi.w	10009540 <lfs_dir_traverse.constprop.1+0xe8>
10009680:	fa4f fc8c 	sxtb.w	ip, ip
10009684:	eb02 228c 	add.w	r2, r2, ip, lsl #10
10009688:	920c      	str	r2, [sp, #48]	@ 0x30
1000968a:	e759      	b.n	10009540 <lfs_dir_traverse.constprop.1+0xe8>
1000968c:	f8db 3068 	ldr.w	r3, [fp, #104]	@ 0x68
10009690:	683a      	ldr	r2, [r7, #0]
10009692:	69d9      	ldr	r1, [r3, #28]
10009694:	428a      	cmp	r2, r1
10009696:	d21d      	bcs.n	100096d4 <lfs_dir_traverse.constprop.1+0x27c>
10009698:	699b      	ldr	r3, [r3, #24]
1000969a:	1d25      	adds	r5, r4, #4
1000969c:	429d      	cmp	r5, r3
1000969e:	d819      	bhi.n	100096d4 <lfs_dir_traverse.constprop.1+0x27c>
100096a0:	2104      	movs	r1, #4
100096a2:	ab0c      	add	r3, sp, #48	@ 0x30
100096a4:	9300      	str	r3, [sp, #0]
100096a6:	4658      	mov	r0, fp
100096a8:	4623      	mov	r3, r4
100096aa:	9101      	str	r1, [sp, #4]
100096ac:	f7fc fe48 	bl	10006340 <lfs_bd_read.part.0.constprop.0>
100096b0:	2800      	cmp	r0, #0
100096b2:	d1db      	bne.n	1000966c <lfs_dir_traverse.constprop.1+0x214>
100096b4:	9b0c      	ldr	r3, [sp, #48]	@ 0x30
100096b6:	683a      	ldr	r2, [r7, #0]
100096b8:	ba1b      	rev	r3, r3
100096ba:	ea89 0303 	eor.w	r3, r9, r3
100096be:	f043 4300 	orr.w	r3, r3, #2147483648	@ 0x80000000
100096c2:	920e      	str	r2, [sp, #56]	@ 0x38
100096c4:	4699      	mov	r9, r3
100096c6:	68fa      	ldr	r2, [r7, #12]
100096c8:	950f      	str	r5, [sp, #60]	@ 0x3c
100096ca:	9404      	str	r4, [sp, #16]
100096cc:	930c      	str	r3, [sp, #48]	@ 0x30
100096ce:	f10d 0e38 	add.w	lr, sp, #56	@ 0x38
100096d2:	e6f5      	b.n	100094c0 <lfs_dir_traverse.constprop.1+0x68>
100096d4:	f06f 0001 	mvn.w	r0, #1
100096d8:	b013      	add	sp, #76	@ 0x4c
100096da:	e8bd 8ff0 	ldmia.w	sp!, {r4, r5, r6, r7, r8, r9, sl, fp, pc}
100096de:	2000      	movs	r0, #0
100096e0:	b013      	add	sp, #76	@ 0x4c
100096e2:	e8bd 8ff0 	ldmia.w	sp!, {r4, r5, r6, r7, r8, r9, sl, fp, pc}
100096e6:	9a0b      	ldr	r2, [sp, #44]	@ 0x2c
100096e8:	f3c1 0109 	ubfx	r1, r1, #0, #10
100096ec:	1a63      	subs	r3, r4, r1
100096ee:	4413      	add	r3, r2
100096f0:	9a1f      	ldr	r2, [sp, #124]	@ 0x7c
100096f2:	4670      	mov	r0, lr
100096f4:	9201      	str	r2, [sp, #4]
100096f6:	9a1e      	ldr	r2, [sp, #120]	@ 0x78
100096f8:	b21b      	sxth	r3, r3
100096fa:	9200      	str	r2, [sp, #0]
100096fc:	1c4a      	adds	r2, r1, #1
100096fe:	f7ff fd43 	bl	10009188 <lfs_dir_traverse.constprop.2>
10009702:	2800      	cmp	r0, #0
10009704:	d08a      	beq.n	1000961c <lfs_dir_traverse.constprop.1+0x1c4>
10009706:	e7b1      	b.n	1000966c <lfs_dir_traverse.constprop.1+0x214>
10009708:	f3c1 0109 	ubfx	r1, r1, #0, #10
1000970c:	2900      	cmp	r1, #0
1000970e:	f43f aeba 	beq.w	10009486 <lfs_dir_traverse.constprop.1+0x2e>
10009712:	e9dd 681e 	ldrd	r6, r8, [sp, #120]	@ 0x78
10009716:	9703      	str	r7, [sp, #12]
10009718:	4674      	mov	r4, lr
1000971a:	461f      	mov	r7, r3
1000971c:	4602      	mov	r2, r0
1000971e:	9d0b      	ldr	r5, [sp, #44]	@ 0x2c
10009720:	e005      	b.n	1000972e <lfs_dir_traverse.constprop.1+0x2d6>
10009722:	9a0c      	ldr	r2, [sp, #48]	@ 0x30
10009724:	f3c2 0109 	ubfx	r1, r2, #0, #10
10009728:	428f      	cmp	r7, r1
1000972a:	d213      	bcs.n	10009754 <lfs_dir_traverse.constprop.1+0x2fc>
1000972c:	0a92      	lsrs	r2, r2, #10
1000972e:	7820      	ldrb	r0, [r4, #0]
10009730:	68a1      	ldr	r1, [r4, #8]
10009732:	f500 7040 	add.w	r0, r0, #768	@ 0x300
10009736:	f3c2 0209 	ubfx	r2, r2, #0, #10
1000973a:	ea41 5100 	orr.w	r1, r1, r0, lsl #20
1000973e:	442a      	add	r2, r5
10009740:	ea41 2182 	orr.w	r1, r1, r2, lsl #10
10009744:	4640      	mov	r0, r8
10009746:	6862      	ldr	r2, [r4, #4]
10009748:	47b0      	blx	r6
1000974a:	3701      	adds	r7, #1
1000974c:	340c      	adds	r4, #12
1000974e:	2800      	cmp	r0, #0
10009750:	d0e7      	beq.n	10009722 <lfs_dir_traverse.constprop.1+0x2ca>
10009752:	e78b      	b.n	1000966c <lfs_dir_traverse.constprop.1+0x214>
10009754:	9f03      	ldr	r7, [sp, #12]
10009756:	68fa      	ldr	r2, [r7, #12]
10009758:	e695      	b.n	10009486 <lfs_dir_traverse.constprop.1+0x2e>
1000975a:	bf00      	nop
1000975c:	700ffc00 	.word	0x700ffc00
10009760:	000ffc00 	.word	0x000ffc00
10009764:	100062b1 	.word	0x100062b1
10009768:	20001e00 	.word	0x20001e00
1000976c:	7ffffc00 	.word	0x7ffffc00

10009770 <lfs_dir_commit.constprop.0>:
10009770:	e92d 4ff0 	stmdb	sp!, {r4, r5, r6, r7, r8, r9, sl, fp, lr}
10009774:	f8df a444 	ldr.w	sl, [pc, #1092]	@ 10009bbc <lfs_dir_commit.constprop.0+0x44c>
10009778:	4605      	mov	r5, r0
1000977a:	f8da 4028 	ldr.w	r4, [sl, #40]	@ 0x28
1000977e:	460e      	mov	r6, r1
10009780:	6807      	ldr	r7, [r0, #0]
10009782:	b09f      	sub	sp, #124	@ 0x7c
10009784:	b954      	cbnz	r4, 1000979c <lfs_dir_commit.constprop.0+0x2c>
10009786:	e035      	b.n	100097f4 <lfs_dir_commit.constprop.0+0x84>
10009788:	68e1      	ldr	r1, [r4, #12]
1000978a:	686a      	ldr	r2, [r5, #4]
1000978c:	4291      	cmp	r1, r2
1000978e:	d00c      	beq.n	100097aa <lfs_dir_commit.constprop.0+0x3a>
10009790:	4293      	cmp	r3, r2
10009792:	d00a      	beq.n	100097aa <lfs_dir_commit.constprop.0+0x3a>
10009794:	42b9      	cmp	r1, r7
10009796:	d008      	beq.n	100097aa <lfs_dir_commit.constprop.0+0x3a>
10009798:	6824      	ldr	r4, [r4, #0]
1000979a:	b35c      	cbz	r4, 100097f4 <lfs_dir_commit.constprop.0+0x84>
1000979c:	f104 0308 	add.w	r3, r4, #8
100097a0:	429d      	cmp	r5, r3
100097a2:	d0f9      	beq.n	10009798 <lfs_dir_commit.constprop.0+0x28>
100097a4:	68a3      	ldr	r3, [r4, #8]
100097a6:	42bb      	cmp	r3, r7
100097a8:	d1ee      	bne.n	10009788 <lfs_dir_commit.constprop.0+0x18>
100097aa:	79a3      	ldrb	r3, [r4, #6]
100097ac:	2b01      	cmp	r3, #1
100097ae:	d1f3      	bne.n	10009798 <lfs_dir_commit.constprop.0+0x28>
100097b0:	6b23      	ldr	r3, [r4, #48]	@ 0x30
100097b2:	02db      	lsls	r3, r3, #11
100097b4:	d5f0      	bpl.n	10009798 <lfs_dir_commit.constprop.0+0x28>
100097b6:	f8da 3068 	ldr.w	r3, [sl, #104]	@ 0x68
100097ba:	6ae1      	ldr	r1, [r4, #44]	@ 0x2c
100097bc:	6a5a      	ldr	r2, [r3, #36]	@ 0x24
100097be:	4291      	cmp	r1, r2
100097c0:	d9ea      	bls.n	10009798 <lfs_dir_commit.constprop.0+0x28>
100097c2:	6b62      	ldr	r2, [r4, #52]	@ 0x34
100097c4:	69db      	ldr	r3, [r3, #28]
100097c6:	4620      	mov	r0, r4
100097c8:	63e2      	str	r2, [r4, #60]	@ 0x3c
100097ca:	f8ca 3060 	str.w	r3, [sl, #96]	@ 0x60
100097ce:	f7ff f819 	bl	10008804 <lfs_file_relocate>
100097d2:	2800      	cmp	r0, #0
100097d4:	f040 80c8 	bne.w	10009968 <lfs_dir_commit.constprop.0+0x1f8>
100097d8:	6b23      	ldr	r3, [r4, #48]	@ 0x30
100097da:	4620      	mov	r0, r4
100097dc:	f423 1380 	bic.w	r3, r3, #1048576	@ 0x100000
100097e0:	6323      	str	r3, [r4, #48]	@ 0x30
100097e2:	f7ff faed 	bl	10008dc0 <lfs_file_flush>
100097e6:	2800      	cmp	r0, #0
100097e8:	f040 80be 	bne.w	10009968 <lfs_dir_commit.constprop.0+0x1f8>
100097ec:	6824      	ldr	r4, [r4, #0]
100097ee:	682f      	ldr	r7, [r5, #0]
100097f0:	2c00      	cmp	r4, #0
100097f2:	d1d3      	bne.n	1000979c <lfs_dir_commit.constprop.0+0x2c>
100097f4:	46ac      	mov	ip, r5
100097f6:	f240 4901 	movw	r9, #1025	@ 0x401
100097fa:	6833      	ldr	r3, [r6, #0]
100097fc:	686a      	ldr	r2, [r5, #4]
100097fe:	ac0e      	add	r4, sp, #56	@ 0x38
10009800:	f3c3 580a 	ubfx	r8, r3, #20, #11
10009804:	ea4f 5b13 	mov.w	fp, r3, lsr #20
10009808:	9205      	str	r2, [sp, #20]
1000980a:	e8bc 000f 	ldmia.w	ip!, {r0, r1, r2, r3}
1000980e:	c40f      	stmia	r4!, {r0, r1, r2, r3}
10009810:	e89c 000f 	ldmia.w	ip, {r0, r1, r2, r3}
10009814:	45c8      	cmp	r8, r9
10009816:	46de      	mov	lr, fp
10009818:	e884 000f 	stmia.w	r4, {r0, r1, r2, r3}
1000981c:	f000 81b1 	beq.w	10009b82 <lfs_dir_commit.constprop.0+0x412>
10009820:	f240 43ff 	movw	r3, #1279	@ 0x4ff
10009824:	4598      	cmp	r8, r3
10009826:	f000 80a4 	beq.w	10009972 <lfs_dir_commit.constprop.0+0x202>
1000982a:	f40b 6ee0 	and.w	lr, fp, #1792	@ 0x700
1000982e:	f5be 6fc0 	cmp.w	lr, #1536	@ 0x600
10009832:	f040 80a5 	bne.w	10009980 <lfs_dir_commit.constprop.0+0x210>
10009836:	6873      	ldr	r3, [r6, #4]
10009838:	f00b 0b01 	and.w	fp, fp, #1
1000983c:	681a      	ldr	r2, [r3, #0]
1000983e:	61aa      	str	r2, [r5, #24]
10009840:	685b      	ldr	r3, [r3, #4]
10009842:	f885 b017 	strb.w	fp, [r5, #23]
10009846:	61eb      	str	r3, [r5, #28]
10009848:	7dab      	ldrb	r3, [r5, #22]
1000984a:	2b00      	cmp	r3, #0
1000984c:	f000 809c 	beq.w	10009988 <lfs_dir_commit.constprop.0+0x218>
10009850:	f04f 33ff 	mov.w	r3, #4294967295	@ 0xffffffff
10009854:	f8da 2068 	ldr.w	r2, [sl, #104]	@ 0x68
10009858:	9319      	str	r3, [sp, #100]	@ 0x64
1000985a:	682b      	ldr	r3, [r5, #0]
1000985c:	f8d5 900c 	ldr.w	r9, [r5, #12]
10009860:	692c      	ldr	r4, [r5, #16]
10009862:	9316      	str	r3, [sp, #88]	@ 0x58
10009864:	6c53      	ldr	r3, [r2, #68]	@ 0x44
10009866:	f8cd 905c 	str.w	r9, [sp, #92]	@ 0x5c
1000986a:	f8cd 9068 	str.w	r9, [sp, #104]	@ 0x68
1000986e:	9418      	str	r4, [sp, #96]	@ 0x60
10009870:	b903      	cbnz	r3, 10009874 <lfs_dir_commit.constprop.0+0x104>
10009872:	6993      	ldr	r3, [r2, #24]
10009874:	f04f 0b01 	mov.w	fp, #1
10009878:	3b08      	subs	r3, #8
1000987a:	931b      	str	r3, [sp, #108]	@ 0x6c
1000987c:	ab16      	add	r3, sp, #88	@ 0x58
1000987e:	46b0      	mov	r8, r6
10009880:	e9cd 7606 	strd	r7, r6, [sp, #24]
10009884:	4649      	mov	r1, r9
10009886:	465e      	mov	r6, fp
10009888:	9308      	str	r3, [sp, #32]
1000988a:	e01d      	b.n	100098c8 <lfs_dir_commit.constprop.0+0x158>
1000988c:	2e00      	cmp	r6, #0
1000988e:	f000 8141 	beq.w	10009b14 <lfs_dir_commit.constprop.0+0x3a4>
10009892:	2600      	movs	r6, #0
10009894:	f8d8 1000 	ldr.w	r1, [r8]
10009898:	f8d8 2004 	ldr.w	r2, [r8, #4]
1000989c:	9109      	str	r1, [sp, #36]	@ 0x24
1000989e:	f108 0808 	add.w	r8, r8, #8
100098a2:	f3c1 530a 	ubfx	r3, r1, #20, #11
100098a6:	b173      	cbz	r3, 100098c6 <lfs_dir_commit.constprop.0+0x156>
100098a8:	f240 1001 	movw	r0, #257	@ 0x101
100098ac:	4283      	cmp	r3, r0
100098ae:	f000 80c0 	beq.w	10009a32 <lfs_dir_commit.constprop.0+0x2c2>
100098b2:	f5b3 7f81 	cmp.w	r3, #258	@ 0x102
100098b6:	f000 80f3 	beq.w	10009aa0 <lfs_dir_commit.constprop.0+0x330>
100098ba:	9808      	ldr	r0, [sp, #32]
100098bc:	f7fd fb16 	bl	10006eec <lfs_dir_commitattr>
100098c0:	2800      	cmp	r0, #0
100098c2:	f040 80c7 	bne.w	10009a54 <lfs_dir_commit.constprop.0+0x2e4>
100098c6:	68e9      	ldr	r1, [r5, #12]
100098c8:	f344 0209 	sbfx	r2, r4, #0, #10
100098cc:	f1b2 3fff 	cmp.w	r2, #4294967295	@ 0xffffffff
100098d0:	bf14      	ite	ne
100098d2:	4623      	movne	r3, r4
100098d4:	1c63      	addeq	r3, r4, #1
100098d6:	f109 0204 	add.w	r2, r9, #4
100098da:	f3c3 0309 	ubfx	r3, r3, #0, #10
100098de:	eb03 0b02 	add.w	fp, r3, r2
100098e2:	458b      	cmp	fp, r1
100098e4:	d2d2      	bcs.n	1000988c <lfs_dir_commit.constprop.0+0x11c>
100098e6:	f8da 1068 	ldr.w	r1, [sl, #104]	@ 0x68
100098ea:	682a      	ldr	r2, [r5, #0]
100098ec:	69c8      	ldr	r0, [r1, #28]
100098ee:	4282      	cmp	r2, r0
100098f0:	f080 814b 	bcs.w	10009b8a <lfs_dir_commit.constprop.0+0x41a>
100098f4:	6989      	ldr	r1, [r1, #24]
100098f6:	f10b 0704 	add.w	r7, fp, #4
100098fa:	428f      	cmp	r7, r1
100098fc:	f200 8145 	bhi.w	10009b8a <lfs_dir_commit.constprop.0+0x41a>
10009900:	2104      	movs	r1, #4
10009902:	a809      	add	r0, sp, #36	@ 0x24
10009904:	9000      	str	r0, [sp, #0]
10009906:	465b      	mov	r3, fp
10009908:	48ac      	ldr	r0, [pc, #688]	@ (10009bbc <lfs_dir_commit.constprop.0+0x44c>)
1000990a:	9101      	str	r1, [sp, #4]
1000990c:	f7fc fd18 	bl	10006340 <lfs_bd_read.part.0.constprop.0>
10009910:	2800      	cmp	r0, #0
10009912:	f040 809f 	bne.w	10009a54 <lfs_dir_commit.constprop.0+0x2e4>
10009916:	9909      	ldr	r1, [sp, #36]	@ 0x24
10009918:	682b      	ldr	r3, [r5, #0]
1000991a:	ba09      	rev	r1, r1
1000991c:	4061      	eors	r1, r4
1000991e:	f041 4100 	orr.w	r1, r1, #2147483648	@ 0x80000000
10009922:	46d9      	mov	r9, fp
10009924:	460c      	mov	r4, r1
10009926:	970b      	str	r7, [sp, #44]	@ 0x2c
10009928:	9109      	str	r1, [sp, #36]	@ 0x24
1000992a:	930a      	str	r3, [sp, #40]	@ 0x28
1000992c:	aa0a      	add	r2, sp, #40	@ 0x28
1000992e:	e7b8      	b.n	100098a2 <lfs_dir_commit.constprop.0+0x132>
10009930:	f104 0820 	add.w	r8, r4, #32
10009934:	f104 0608 	add.w	r6, r4, #8
10009938:	88a2      	ldrh	r2, [r4, #4]
1000993a:	8ba3      	ldrh	r3, [r4, #28]
1000993c:	429a      	cmp	r2, r3
1000993e:	eba2 0103 	sub.w	r1, r2, r3
10009942:	f0c0 80e1 	bcc.w	10009b08 <lfs_dir_commit.constprop.0+0x398>
10009946:	7fe3      	ldrb	r3, [r4, #31]
10009948:	2b00      	cmp	r3, #0
1000994a:	f000 80dd 	beq.w	10009b08 <lfs_dir_commit.constprop.0+0x398>
1000994e:	f04f 33ff 	mov.w	r3, #4294967295	@ 0xffffffff
10009952:	80a1      	strh	r1, [r4, #4]
10009954:	4630      	mov	r0, r6
10009956:	4641      	mov	r1, r8
10009958:	461a      	mov	r2, r3
1000995a:	e9cd 5501 	strd	r5, r5, [sp, #4]
1000995e:	9500      	str	r5, [sp, #0]
10009960:	f7fd fd34 	bl	100073cc <lfs_dir_fetchmatch>
10009964:	2800      	cmp	r0, #0
10009966:	d0e7      	beq.n	10009938 <lfs_dir_commit.constprop.0+0x1c8>
10009968:	4684      	mov	ip, r0
1000996a:	4660      	mov	r0, ip
1000996c:	b01f      	add	sp, #124	@ 0x7c
1000996e:	e8bd 8ff0 	ldmia.w	sp!, {r4, r5, r6, r7, r8, r9, sl, fp, pc}
10009972:	8aab      	ldrh	r3, [r5, #20]
10009974:	3b01      	subs	r3, #1
10009976:	b29b      	uxth	r3, r3
10009978:	82ab      	strh	r3, [r5, #20]
1000997a:	2b00      	cmp	r3, #0
1000997c:	f000 8124 	beq.w	10009bc8 <lfs_dir_commit.constprop.0+0x458>
10009980:	7dab      	ldrb	r3, [r5, #22]
10009982:	2b00      	cmp	r3, #0
10009984:	f47f af64 	bne.w	10009850 <lfs_dir_commit.constprop.0+0xe0>
10009988:	8aab      	ldrh	r3, [r5, #20]
1000998a:	2bfe      	cmp	r3, #254	@ 0xfe
1000998c:	f63f af60 	bhi.w	10009850 <lfs_dir_commit.constprop.0+0xe0>
10009990:	9301      	str	r3, [sp, #4]
10009992:	2300      	movs	r3, #0
10009994:	9300      	str	r3, [sp, #0]
10009996:	f04f 33ff 	mov.w	r3, #4294967295	@ 0xffffffff
1000999a:	2201      	movs	r2, #1
1000999c:	f8ca 3010 	str.w	r3, [sl, #16]
100099a0:	4631      	mov	r1, r6
100099a2:	462b      	mov	r3, r5
100099a4:	4628      	mov	r0, r5
100099a6:	f000 fd71 	bl	1000a48c <lfs_dir_compact>
100099aa:	4684      	mov	ip, r0
100099ac:	2800      	cmp	r0, #0
100099ae:	d15c      	bne.n	10009a6a <lfs_dir_commit.constprop.0+0x2fa>
100099b0:	f8da 4028 	ldr.w	r4, [sl, #40]	@ 0x28
100099b4:	2c00      	cmp	r4, #0
100099b6:	f000 80aa 	beq.w	10009b0e <lfs_dir_commit.constprop.0+0x39e>
100099ba:	46a3      	mov	fp, r4
100099bc:	46a8      	mov	r8, r5
100099be:	9406      	str	r4, [sp, #24]
100099c0:	465d      	mov	r5, fp
100099c2:	f240 4aff 	movw	sl, #1279	@ 0x4ff
100099c6:	46b3      	mov	fp, r6
100099c8:	9c05      	ldr	r4, [sp, #20]
100099ca:	e00a      	b.n	100099e2 <lfs_dir_commit.constprop.0+0x272>
100099cc:	68ea      	ldr	r2, [r5, #12]
100099ce:	4294      	cmp	r4, r2
100099d0:	d00e      	beq.n	100099f0 <lfs_dir_commit.constprop.0+0x280>
100099d2:	429c      	cmp	r4, r3
100099d4:	d00c      	beq.n	100099f0 <lfs_dir_commit.constprop.0+0x280>
100099d6:	42ba      	cmp	r2, r7
100099d8:	d00a      	beq.n	100099f0 <lfs_dir_commit.constprop.0+0x280>
100099da:	682d      	ldr	r5, [r5, #0]
100099dc:	2d00      	cmp	r5, #0
100099de:	f000 8083 	beq.w	10009ae8 <lfs_dir_commit.constprop.0+0x378>
100099e2:	f105 0c08 	add.w	ip, r5, #8
100099e6:	45e0      	cmp	r8, ip
100099e8:	d0f7      	beq.n	100099da <lfs_dir_commit.constprop.0+0x26a>
100099ea:	68ab      	ldr	r3, [r5, #8]
100099ec:	42bb      	cmp	r3, r7
100099ee:	d1ed      	bne.n	100099cc <lfs_dir_commit.constprop.0+0x25c>
100099f0:	46c6      	mov	lr, r8
100099f2:	f8db 6000 	ldr.w	r6, [fp]
100099f6:	e8be 000f 	ldmia.w	lr!, {r0, r1, r2, r3}
100099fa:	e8ac 000f 	stmia.w	ip!, {r0, r1, r2, r3}
100099fe:	f3c6 590a 	ubfx	r9, r6, #20, #11
10009a02:	45d1      	cmp	r9, sl
10009a04:	e89e 000f 	ldmia.w	lr, {r0, r1, r2, r3}
10009a08:	e88c 000f 	stmia.w	ip, {r0, r1, r2, r3}
10009a0c:	d038      	beq.n	10009a80 <lfs_dir_commit.constprop.0+0x310>
10009a0e:	f240 4301 	movw	r3, #1025	@ 0x401
10009a12:	4599      	cmp	r9, r3
10009a14:	d1e1      	bne.n	100099da <lfs_dir_commit.constprop.0+0x26a>
10009a16:	88ab      	ldrh	r3, [r5, #4]
10009a18:	f3c6 2689 	ubfx	r6, r6, #10, #10
10009a1c:	429e      	cmp	r6, r3
10009a1e:	d8dc      	bhi.n	100099da <lfs_dir_commit.constprop.0+0x26a>
10009a20:	3301      	adds	r3, #1
10009a22:	80ab      	strh	r3, [r5, #4]
10009a24:	79ab      	ldrb	r3, [r5, #6]
10009a26:	2b02      	cmp	r3, #2
10009a28:	d1d7      	bne.n	100099da <lfs_dir_commit.constprop.0+0x26a>
10009a2a:	6aab      	ldr	r3, [r5, #40]	@ 0x28
10009a2c:	3301      	adds	r3, #1
10009a2e:	62ab      	str	r3, [r5, #40]	@ 0x28
10009a30:	e7d3      	b.n	100099da <lfs_dir_commit.constprop.0+0x26a>
10009a32:	4b63      	ldr	r3, [pc, #396]	@ (10009bc0 <lfs_dir_commit.constprop.0+0x450>)
10009a34:	4610      	mov	r0, r2
10009a36:	9300      	str	r3, [sp, #0]
10009a38:	f3c1 0209 	ubfx	r2, r1, #0, #10
10009a3c:	f3c1 2389 	ubfx	r3, r1, #10, #10
10009a40:	a908      	add	r1, sp, #32
10009a42:	1a9b      	subs	r3, r3, r2
10009a44:	9101      	str	r1, [sp, #4]
10009a46:	4611      	mov	r1, r2
10009a48:	3201      	adds	r2, #1
10009a4a:	f7ff fb9d 	bl	10009188 <lfs_dir_traverse.constprop.2>
10009a4e:	2800      	cmp	r0, #0
10009a50:	f43f af39 	beq.w	100098c6 <lfs_dir_commit.constprop.0+0x156>
10009a54:	4684      	mov	ip, r0
10009a56:	9f06      	ldr	r7, [sp, #24]
10009a58:	9e07      	ldr	r6, [sp, #28]
10009a5a:	f11c 0f0b 	cmn.w	ip, #11
10009a5e:	f000 8096 	beq.w	10009b8e <lfs_dir_commit.constprop.0+0x41e>
10009a62:	f11c 0f02 	cmn.w	ip, #2
10009a66:	f000 8092 	beq.w	10009b8e <lfs_dir_commit.constprop.0+0x41e>
10009a6a:	ac0e      	add	r4, sp, #56	@ 0x38
10009a6c:	cc0f      	ldmia	r4!, {r0, r1, r2, r3}
10009a6e:	c50f      	stmia	r5!, {r0, r1, r2, r3}
10009a70:	e894 000f 	ldmia.w	r4, {r0, r1, r2, r3}
10009a74:	e885 000f 	stmia.w	r5, {r0, r1, r2, r3}
10009a78:	4660      	mov	r0, ip
10009a7a:	b01f      	add	sp, #124	@ 0x7c
10009a7c:	e8bd 8ff0 	ldmia.w	sp!, {r4, r5, r6, r7, r8, r9, sl, fp, pc}
10009a80:	88ab      	ldrh	r3, [r5, #4]
10009a82:	f3c6 2689 	ubfx	r6, r6, #10, #10
10009a86:	429e      	cmp	r6, r3
10009a88:	f000 8083 	beq.w	10009b92 <lfs_dir_commit.constprop.0+0x422>
10009a8c:	d2a5      	bcs.n	100099da <lfs_dir_commit.constprop.0+0x26a>
10009a8e:	3b01      	subs	r3, #1
10009a90:	80ab      	strh	r3, [r5, #4]
10009a92:	79ab      	ldrb	r3, [r5, #6]
10009a94:	2b02      	cmp	r3, #2
10009a96:	d1a0      	bne.n	100099da <lfs_dir_commit.constprop.0+0x26a>
10009a98:	6aab      	ldr	r3, [r5, #40]	@ 0x28
10009a9a:	3b01      	subs	r3, #1
10009a9c:	62ab      	str	r3, [r5, #40]	@ 0x28
10009a9e:	e79c      	b.n	100099da <lfs_dir_commit.constprop.0+0x26a>
10009aa0:	f3c1 0309 	ubfx	r3, r1, #0, #10
10009aa4:	2b00      	cmp	r3, #0
10009aa6:	f43f af0e 	beq.w	100098c6 <lfs_dir_commit.constprop.0+0x156>
10009aaa:	4617      	mov	r7, r2
10009aac:	f04f 0b00 	mov.w	fp, #0
10009ab0:	460b      	mov	r3, r1
10009ab2:	e005      	b.n	10009ac0 <lfs_dir_commit.constprop.0+0x350>
10009ab4:	9b09      	ldr	r3, [sp, #36]	@ 0x24
10009ab6:	f3c3 0209 	ubfx	r2, r3, #0, #10
10009aba:	4593      	cmp	fp, r2
10009abc:	f4bf af03 	bcs.w	100098c6 <lfs_dir_commit.constprop.0+0x156>
10009ac0:	783a      	ldrb	r2, [r7, #0]
10009ac2:	68b9      	ldr	r1, [r7, #8]
10009ac4:	f502 7240 	add.w	r2, r2, #768	@ 0x300
10009ac8:	ea41 5102 	orr.w	r1, r1, r2, lsl #20
10009acc:	f3c3 2389 	ubfx	r3, r3, #10, #10
10009ad0:	687a      	ldr	r2, [r7, #4]
10009ad2:	9808      	ldr	r0, [sp, #32]
10009ad4:	ea41 2183 	orr.w	r1, r1, r3, lsl #10
10009ad8:	f7fd fa08 	bl	10006eec <lfs_dir_commitattr>
10009adc:	f10b 0b01 	add.w	fp, fp, #1
10009ae0:	370c      	adds	r7, #12
10009ae2:	2800      	cmp	r0, #0
10009ae4:	d0e6      	beq.n	10009ab4 <lfs_dir_commit.constprop.0+0x344>
10009ae6:	e7b5      	b.n	10009a54 <lfs_dir_commit.constprop.0+0x2e4>
10009ae8:	e9dd 9405 	ldrd	r9, r4, [sp, #20]
10009aec:	68a3      	ldr	r3, [r4, #8]
10009aee:	42bb      	cmp	r3, r7
10009af0:	f43f af1e 	beq.w	10009930 <lfs_dir_commit.constprop.0+0x1c0>
10009af4:	68e2      	ldr	r2, [r4, #12]
10009af6:	4591      	cmp	r9, r2
10009af8:	f43f af1a 	beq.w	10009930 <lfs_dir_commit.constprop.0+0x1c0>
10009afc:	4599      	cmp	r9, r3
10009afe:	f43f af17 	beq.w	10009930 <lfs_dir_commit.constprop.0+0x1c0>
10009b02:	42ba      	cmp	r2, r7
10009b04:	f43f af14 	beq.w	10009930 <lfs_dir_commit.constprop.0+0x1c0>
10009b08:	6824      	ldr	r4, [r4, #0]
10009b0a:	2c00      	cmp	r4, #0
10009b0c:	d1ee      	bne.n	10009aec <lfs_dir_commit.constprop.0+0x37c>
10009b0e:	f04f 0c00 	mov.w	ip, #0
10009b12:	e72a      	b.n	1000996a <lfs_dir_commit.constprop.0+0x1fa>
10009b14:	f8da 3044 	ldr.w	r3, [sl, #68]	@ 0x44
10009b18:	f8da 1038 	ldr.w	r1, [sl, #56]	@ 0x38
10009b1c:	f8da 203c 	ldr.w	r2, [sl, #60]	@ 0x3c
10009b20:	4059      	eors	r1, r3
10009b22:	f8da 3030 	ldr.w	r3, [sl, #48]	@ 0x30
10009b26:	f8da 0034 	ldr.w	r0, [sl, #52]	@ 0x34
10009b2a:	405a      	eors	r2, r3
10009b2c:	f8da 3040 	ldr.w	r3, [sl, #64]	@ 0x40
10009b30:	e9dd 7606 	ldrd	r7, r6, [sp, #24]
10009b34:	4043      	eors	r3, r0
10009b36:	f8da 0048 	ldr.w	r0, [sl, #72]	@ 0x48
10009b3a:	4042      	eors	r2, r0
10009b3c:	f8da 004c 	ldr.w	r0, [sl, #76]	@ 0x4c
10009b40:	f36f 0209 	bfc	r2, #0, #10
10009b44:	4043      	eors	r3, r0
10009b46:	f8da 0050 	ldr.w	r0, [sl, #80]	@ 0x50
10009b4a:	930b      	str	r3, [sp, #44]	@ 0x2c
10009b4c:	4041      	eors	r1, r0
10009b4e:	430b      	orrs	r3, r1
10009b50:	4313      	orrs	r3, r2
10009b52:	920a      	str	r2, [sp, #40]	@ 0x28
10009b54:	910c      	str	r1, [sp, #48]	@ 0x30
10009b56:	d121      	bne.n	10009b9c <lfs_dir_commit.constprop.0+0x42c>
10009b58:	a816      	add	r0, sp, #88	@ 0x58
10009b5a:	f7fd fac9 	bl	100070f0 <lfs_dir_commitcrc>
10009b5e:	4684      	mov	ip, r0
10009b60:	2800      	cmp	r0, #0
10009b62:	f47f af7a 	bne.w	10009a5a <lfs_dir_commit.constprop.0+0x2ea>
10009b66:	9a18      	ldr	r2, [sp, #96]	@ 0x60
10009b68:	4b16      	ldr	r3, [pc, #88]	@ (10009bc4 <lfs_dir_commit.constprop.0+0x454>)
10009b6a:	612a      	str	r2, [r5, #16]
10009b6c:	9a17      	ldr	r2, [sp, #92]	@ 0x5c
10009b6e:	60ea      	str	r2, [r5, #12]
10009b70:	e9c3 0004 	strd	r0, r0, [r3, #16]
10009b74:	f8ca 0048 	str.w	r0, [sl, #72]	@ 0x48
10009b78:	e913 0007 	ldmdb	r3, {r0, r1, r2}
10009b7c:	e883 0007 	stmia.w	r3, {r0, r1, r2}
10009b80:	e716      	b.n	100099b0 <lfs_dir_commit.constprop.0+0x240>
10009b82:	8aab      	ldrh	r3, [r5, #20]
10009b84:	3301      	adds	r3, #1
10009b86:	82ab      	strh	r3, [r5, #20]
10009b88:	e6fa      	b.n	10009980 <lfs_dir_commit.constprop.0+0x210>
10009b8a:	e9dd 7606 	ldrd	r7, r6, [sp, #24]
10009b8e:	8aab      	ldrh	r3, [r5, #20]
10009b90:	e6fe      	b.n	10009990 <lfs_dir_commit.constprop.0+0x220>
10009b92:	f04f 33ff 	mov.w	r3, #4294967295	@ 0xffffffff
10009b96:	e9c5 3302 	strd	r3, r3, [r5, #8]
10009b9a:	e71e      	b.n	100099da <lfs_dir_commit.constprop.0+0x26a>
10009b9c:	4628      	mov	r0, r5
10009b9e:	a90a      	add	r1, sp, #40	@ 0x28
10009ba0:	f7fd ff9e 	bl	10007ae0 <lfs_dir_getgstate>
10009ba4:	4684      	mov	ip, r0
10009ba6:	2800      	cmp	r0, #0
10009ba8:	f47f af5f 	bne.w	10009a6a <lfs_dir_commit.constprop.0+0x2fa>
10009bac:	a90a      	add	r1, sp, #40	@ 0x28
10009bae:	a816      	add	r0, sp, #88	@ 0x58
10009bb0:	f7fd f84c 	bl	10006c4c <lfs_dir_commitattr.constprop.0>
10009bb4:	4684      	mov	ip, r0
10009bb6:	2800      	cmp	r0, #0
10009bb8:	d0ce      	beq.n	10009b58 <lfs_dir_commit.constprop.0+0x3e8>
10009bba:	e74e      	b.n	10009a5a <lfs_dir_commit.constprop.0+0x2ea>
10009bbc:	20001e00 	.word	0x20001e00
10009bc0:	100070e9 	.word	0x100070e9
10009bc4:	20001e3c 	.word	0x20001e3c
10009bc8:	2201      	movs	r2, #1
10009bca:	461c      	mov	r4, r3
10009bcc:	931c      	str	r3, [sp, #112]	@ 0x70
10009bce:	921d      	str	r2, [sp, #116]	@ 0x74
10009bd0:	9a1d      	ldr	r2, [sp, #116]	@ 0x74
10009bd2:	1c51      	adds	r1, r2, #1
10009bd4:	f43f aed4 	beq.w	10009980 <lfs_dir_commit.constprop.0+0x210>
10009bd8:	f8da 1068 	ldr.w	r1, [sl, #104]	@ 0x68
10009bdc:	69c9      	ldr	r1, [r1, #28]
10009bde:	ebb4 0f51 	cmp.w	r4, r1, lsr #1
10009be2:	d243      	bcs.n	10009c6c <lfs_dir_commit.constprop.0+0x4fc>
10009be4:	6829      	ldr	r1, [r5, #0]
10009be6:	4299      	cmp	r1, r3
10009be8:	d01a      	beq.n	10009c20 <lfs_dir_commit.constprop.0+0x4b0>
10009bea:	6868      	ldr	r0, [r5, #4]
10009bec:	4290      	cmp	r0, r2
10009bee:	d017      	beq.n	10009c20 <lfs_dir_commit.constprop.0+0x4b0>
10009bf0:	4298      	cmp	r0, r3
10009bf2:	d015      	beq.n	10009c20 <lfs_dir_commit.constprop.0+0x4b0>
10009bf4:	4291      	cmp	r1, r2
10009bf6:	d013      	beq.n	10009c20 <lfs_dir_commit.constprop.0+0x4b0>
10009bf8:	f04f 0c00 	mov.w	ip, #0
10009bfc:	f04f 33ff 	mov.w	r3, #4294967295	@ 0xffffffff
10009c00:	e9cd cc00 	strd	ip, ip, [sp]
10009c04:	461a      	mov	r2, r3
10009c06:	a91c      	add	r1, sp, #112	@ 0x70
10009c08:	a816      	add	r0, sp, #88	@ 0x58
10009c0a:	f8cd c008 	str.w	ip, [sp, #8]
10009c0e:	f7fd fbdd 	bl	100073cc <lfs_dir_fetchmatch>
10009c12:	3401      	adds	r4, #1
10009c14:	bb20      	cbnz	r0, 10009c60 <lfs_dir_commit.constprop.0+0x4f0>
10009c16:	9b1c      	ldr	r3, [sp, #112]	@ 0x70
10009c18:	1c58      	adds	r0, r3, #1
10009c1a:	f43f aeb1 	beq.w	10009980 <lfs_dir_commit.constprop.0+0x210>
10009c1e:	e7d7      	b.n	10009bd0 <lfs_dir_commit.constprop.0+0x460>
10009c20:	f89d 306f 	ldrb.w	r3, [sp, #111]	@ 0x6f
10009c24:	2b00      	cmp	r3, #0
10009c26:	f43f aeab 	beq.w	10009980 <lfs_dir_commit.constprop.0+0x210>
10009c2a:	4628      	mov	r0, r5
10009c2c:	4911      	ldr	r1, [pc, #68]	@ (10009c74 <lfs_dir_commit.constprop.0+0x504>)
10009c2e:	f7fd ff57 	bl	10007ae0 <lfs_dir_getgstate>
10009c32:	4684      	mov	ip, r0
10009c34:	2800      	cmp	r0, #0
10009c36:	f47f af18 	bne.w	10009a6a <lfs_dir_commit.constprop.0+0x2fa>
10009c3a:	7dea      	ldrb	r2, [r5, #23]
10009c3c:	4b0e      	ldr	r3, [pc, #56]	@ (10009c78 <lfs_dir_commit.constprop.0+0x508>)
10009c3e:	f502 62c0 	add.w	r2, r2, #1536	@ 0x600
10009c42:	ea43 5302 	orr.w	r3, r3, r2, lsl #20
10009c46:	930a      	str	r3, [sp, #40]	@ 0x28
10009c48:	a90a      	add	r1, sp, #40	@ 0x28
10009c4a:	f105 0318 	add.w	r3, r5, #24
10009c4e:	a816      	add	r0, sp, #88	@ 0x58
10009c50:	930b      	str	r3, [sp, #44]	@ 0x2c
10009c52:	f7ff fd8d 	bl	10009770 <lfs_dir_commit.constprop.0>
10009c56:	4684      	mov	ip, r0
10009c58:	2800      	cmp	r0, #0
10009c5a:	f43f ae91 	beq.w	10009980 <lfs_dir_commit.constprop.0+0x210>
10009c5e:	e704      	b.n	10009a6a <lfs_dir_commit.constprop.0+0x2fa>
10009c60:	f110 0f03 	cmn.w	r0, #3
10009c64:	4684      	mov	ip, r0
10009c66:	f47f af00 	bne.w	10009a6a <lfs_dir_commit.constprop.0+0x2fa>
10009c6a:	e689      	b.n	10009980 <lfs_dir_commit.constprop.0+0x210>
10009c6c:	f06f 0c01 	mvn.w	ip, #1
10009c70:	e6fb      	b.n	10009a6a <lfs_dir_commit.constprop.0+0x2fa>
10009c72:	bf00      	nop
10009c74:	20001e48 	.word	0x20001e48
10009c78:	000ffc08 	.word	0x000ffc08

10009c7c <lfs_dir_commit>:
10009c7c:	e92d 4ff0 	stmdb	sp!, {r4, r5, r6, r7, r8, r9, sl, fp, lr}
10009c80:	f8df b644 	ldr.w	fp, [pc, #1604]	@ 1000a2c8 <lfs_dir_commit+0x64c>
10009c84:	b09f      	sub	sp, #124	@ 0x7c
10009c86:	f8db 4028 	ldr.w	r4, [fp, #40]	@ 0x28
10009c8a:	4605      	mov	r5, r0
10009c8c:	460e      	mov	r6, r1
10009c8e:	6807      	ldr	r7, [r0, #0]
10009c90:	9204      	str	r2, [sp, #16]
10009c92:	b954      	cbnz	r4, 10009caa <lfs_dir_commit+0x2e>
10009c94:	e035      	b.n	10009d02 <lfs_dir_commit+0x86>
10009c96:	68e1      	ldr	r1, [r4, #12]
10009c98:	686a      	ldr	r2, [r5, #4]
10009c9a:	428a      	cmp	r2, r1
10009c9c:	d00c      	beq.n	10009cb8 <lfs_dir_commit+0x3c>
10009c9e:	4293      	cmp	r3, r2
10009ca0:	d00a      	beq.n	10009cb8 <lfs_dir_commit+0x3c>
10009ca2:	42b9      	cmp	r1, r7
10009ca4:	d008      	beq.n	10009cb8 <lfs_dir_commit+0x3c>
10009ca6:	6824      	ldr	r4, [r4, #0]
10009ca8:	b35c      	cbz	r4, 10009d02 <lfs_dir_commit+0x86>
10009caa:	f104 0308 	add.w	r3, r4, #8
10009cae:	429d      	cmp	r5, r3
10009cb0:	d0f9      	beq.n	10009ca6 <lfs_dir_commit+0x2a>
10009cb2:	68a3      	ldr	r3, [r4, #8]
10009cb4:	42bb      	cmp	r3, r7
10009cb6:	d1ee      	bne.n	10009c96 <lfs_dir_commit+0x1a>
10009cb8:	79a3      	ldrb	r3, [r4, #6]
10009cba:	2b01      	cmp	r3, #1
10009cbc:	d1f3      	bne.n	10009ca6 <lfs_dir_commit+0x2a>
10009cbe:	6b23      	ldr	r3, [r4, #48]	@ 0x30
10009cc0:	02db      	lsls	r3, r3, #11
10009cc2:	d5f0      	bpl.n	10009ca6 <lfs_dir_commit+0x2a>
10009cc4:	f8db 3068 	ldr.w	r3, [fp, #104]	@ 0x68
10009cc8:	6ae1      	ldr	r1, [r4, #44]	@ 0x2c
10009cca:	6a5a      	ldr	r2, [r3, #36]	@ 0x24
10009ccc:	4291      	cmp	r1, r2
10009cce:	d9ea      	bls.n	10009ca6 <lfs_dir_commit+0x2a>
10009cd0:	6b62      	ldr	r2, [r4, #52]	@ 0x34
10009cd2:	69db      	ldr	r3, [r3, #28]
10009cd4:	4620      	mov	r0, r4
10009cd6:	63e2      	str	r2, [r4, #60]	@ 0x3c
10009cd8:	f8cb 3060 	str.w	r3, [fp, #96]	@ 0x60
10009cdc:	f7fe fd92 	bl	10008804 <lfs_file_relocate>
10009ce0:	2800      	cmp	r0, #0
10009ce2:	f040 81e3 	bne.w	1000a0ac <lfs_dir_commit+0x430>
10009ce6:	6b23      	ldr	r3, [r4, #48]	@ 0x30
10009ce8:	4620      	mov	r0, r4
10009cea:	f423 1380 	bic.w	r3, r3, #1048576	@ 0x100000
10009cee:	6323      	str	r3, [r4, #48]	@ 0x30
10009cf0:	f7ff f866 	bl	10008dc0 <lfs_file_flush>
10009cf4:	2800      	cmp	r0, #0
10009cf6:	f040 81d9 	bne.w	1000a0ac <lfs_dir_commit+0x430>
10009cfa:	6824      	ldr	r4, [r4, #0]
10009cfc:	682f      	ldr	r7, [r5, #0]
10009cfe:	2c00      	cmp	r4, #0
10009d00:	d1d3      	bne.n	10009caa <lfs_dir_commit+0x2e>
10009d02:	46ac      	mov	ip, r5
10009d04:	686b      	ldr	r3, [r5, #4]
10009d06:	ac0e      	add	r4, sp, #56	@ 0x38
10009d08:	9305      	str	r3, [sp, #20]
10009d0a:	e8bc 000f 	ldmia.w	ip!, {r0, r1, r2, r3}
10009d0e:	c40f      	stmia	r4!, {r0, r1, r2, r3}
10009d10:	e89c 000f 	ldmia.w	ip, {r0, r1, r2, r3}
10009d14:	e884 000f 	stmia.w	r4, {r0, r1, r2, r3}
10009d18:	9b04      	ldr	r3, [sp, #16]
10009d1a:	2b00      	cmp	r3, #0
10009d1c:	f000 8090 	beq.w	10009e40 <lfs_dir_commit+0x1c4>
10009d20:	f240 4101 	movw	r1, #1025	@ 0x401
10009d24:	6833      	ldr	r3, [r6, #0]
10009d26:	f3c3 520a 	ubfx	r2, r3, #20, #11
10009d2a:	428a      	cmp	r2, r1
10009d2c:	ea4f 5013 	mov.w	r0, r3, lsr #20
10009d30:	f000 829c 	beq.w	1000a26c <lfs_dir_commit+0x5f0>
10009d34:	f240 41ff 	movw	r1, #1279	@ 0x4ff
10009d38:	428a      	cmp	r2, r1
10009d3a:	f000 82db 	beq.w	1000a2f4 <lfs_dir_commit+0x678>
10009d3e:	f400 63e0 	and.w	r3, r0, #1792	@ 0x700
10009d42:	f5b3 6fc0 	cmp.w	r3, #1536	@ 0x600
10009d46:	d107      	bne.n	10009d58 <lfs_dir_commit+0xdc>
10009d48:	6873      	ldr	r3, [r6, #4]
10009d4a:	f000 0001 	and.w	r0, r0, #1
10009d4e:	681a      	ldr	r2, [r3, #0]
10009d50:	61aa      	str	r2, [r5, #24]
10009d52:	685b      	ldr	r3, [r3, #4]
10009d54:	75e8      	strb	r0, [r5, #23]
10009d56:	61eb      	str	r3, [r5, #28]
10009d58:	9b04      	ldr	r3, [sp, #16]
10009d5a:	2b01      	cmp	r3, #1
10009d5c:	d070      	beq.n	10009e40 <lfs_dir_commit+0x1c4>
10009d5e:	2200      	movs	r2, #0
10009d60:	f240 4001 	movw	r0, #1025	@ 0x401
10009d64:	68b3      	ldr	r3, [r6, #8]
10009d66:	f3c3 510a 	ubfx	r1, r3, #20, #11
10009d6a:	4281      	cmp	r1, r0
10009d6c:	ea4f 5413 	mov.w	r4, r3, lsr #20
10009d70:	f000 8294 	beq.w	1000a29c <lfs_dir_commit+0x620>
10009d74:	f240 40ff 	movw	r0, #1279	@ 0x4ff
10009d78:	4281      	cmp	r1, r0
10009d7a:	f000 8357 	beq.w	1000a42c <lfs_dir_commit+0x7b0>
10009d7e:	f404 63e0 	and.w	r3, r4, #1792	@ 0x700
10009d82:	f5b3 6fc0 	cmp.w	r3, #1536	@ 0x600
10009d86:	f000 82ed 	beq.w	1000a364 <lfs_dir_commit+0x6e8>
10009d8a:	9b04      	ldr	r3, [sp, #16]
10009d8c:	2b02      	cmp	r3, #2
10009d8e:	d052      	beq.n	10009e36 <lfs_dir_commit+0x1ba>
10009d90:	f240 4001 	movw	r0, #1025	@ 0x401
10009d94:	6933      	ldr	r3, [r6, #16]
10009d96:	f3c3 510a 	ubfx	r1, r3, #20, #11
10009d9a:	4281      	cmp	r1, r0
10009d9c:	ea4f 5413 	mov.w	r4, r3, lsr #20
10009da0:	f000 832a 	beq.w	1000a3f8 <lfs_dir_commit+0x77c>
10009da4:	f240 40ff 	movw	r0, #1279	@ 0x4ff
10009da8:	4281      	cmp	r1, r0
10009daa:	f000 834c 	beq.w	1000a446 <lfs_dir_commit+0x7ca>
10009dae:	f404 63e0 	and.w	r3, r4, #1792	@ 0x700
10009db2:	f5b3 6fc0 	cmp.w	r3, #1536	@ 0x600
10009db6:	f000 82ec 	beq.w	1000a392 <lfs_dir_commit+0x716>
10009dba:	9b04      	ldr	r3, [sp, #16]
10009dbc:	2b03      	cmp	r3, #3
10009dbe:	d03a      	beq.n	10009e36 <lfs_dir_commit+0x1ba>
10009dc0:	f240 4001 	movw	r0, #1025	@ 0x401
10009dc4:	69b3      	ldr	r3, [r6, #24]
10009dc6:	f3c3 510a 	ubfx	r1, r3, #20, #11
10009dca:	4281      	cmp	r1, r0
10009dcc:	ea4f 5413 	mov.w	r4, r3, lsr #20
10009dd0:	f000 8335 	beq.w	1000a43e <lfs_dir_commit+0x7c2>
10009dd4:	f240 40ff 	movw	r0, #1279	@ 0x4ff
10009dd8:	4281      	cmp	r1, r0
10009dda:	f000 82d1 	beq.w	1000a380 <lfs_dir_commit+0x704>
10009dde:	f404 63e0 	and.w	r3, r4, #1792	@ 0x700
10009de2:	f5b3 6fc0 	cmp.w	r3, #1536	@ 0x600
10009de6:	d107      	bne.n	10009df8 <lfs_dir_commit+0x17c>
10009de8:	69f3      	ldr	r3, [r6, #28]
10009dea:	f004 0401 	and.w	r4, r4, #1
10009dee:	6819      	ldr	r1, [r3, #0]
10009df0:	61a9      	str	r1, [r5, #24]
10009df2:	685b      	ldr	r3, [r3, #4]
10009df4:	75ec      	strb	r4, [r5, #23]
10009df6:	61eb      	str	r3, [r5, #28]
10009df8:	9b04      	ldr	r3, [sp, #16]
10009dfa:	2b05      	cmp	r3, #5
10009dfc:	d11b      	bne.n	10009e36 <lfs_dir_commit+0x1ba>
10009dfe:	f240 4001 	movw	r0, #1025	@ 0x401
10009e02:	6a33      	ldr	r3, [r6, #32]
10009e04:	f3c3 510a 	ubfx	r1, r3, #20, #11
10009e08:	4281      	cmp	r1, r0
10009e0a:	ea4f 5413 	mov.w	r4, r3, lsr #20
10009e0e:	f000 8328 	beq.w	1000a462 <lfs_dir_commit+0x7e6>
10009e12:	f240 40ff 	movw	r0, #1279	@ 0x4ff
10009e16:	4281      	cmp	r1, r0
10009e18:	f000 8327 	beq.w	1000a46a <lfs_dir_commit+0x7ee>
10009e1c:	f404 63e0 	and.w	r3, r4, #1792	@ 0x700
10009e20:	f5b3 6fc0 	cmp.w	r3, #1536	@ 0x600
10009e24:	d107      	bne.n	10009e36 <lfs_dir_commit+0x1ba>
10009e26:	6a73      	ldr	r3, [r6, #36]	@ 0x24
10009e28:	f004 0401 	and.w	r4, r4, #1
10009e2c:	6819      	ldr	r1, [r3, #0]
10009e2e:	61a9      	str	r1, [r5, #24]
10009e30:	685b      	ldr	r3, [r3, #4]
10009e32:	75ec      	strb	r4, [r5, #23]
10009e34:	61eb      	str	r3, [r5, #28]
10009e36:	b11a      	cbz	r2, 10009e40 <lfs_dir_commit+0x1c4>
10009e38:	8aab      	ldrh	r3, [r5, #20]
10009e3a:	2b00      	cmp	r3, #0
10009e3c:	f000 8263 	beq.w	1000a306 <lfs_dir_commit+0x68a>
10009e40:	7dab      	ldrb	r3, [r5, #22]
10009e42:	2b00      	cmp	r3, #0
10009e44:	f040 8086 	bne.w	10009f54 <lfs_dir_commit+0x2d8>
10009e48:	8aab      	ldrh	r3, [r5, #20]
10009e4a:	2bfe      	cmp	r3, #254	@ 0xfe
10009e4c:	f200 8082 	bhi.w	10009f54 <lfs_dir_commit+0x2d8>
10009e50:	9301      	str	r3, [sp, #4]
10009e52:	2300      	movs	r3, #0
10009e54:	9300      	str	r3, [sp, #0]
10009e56:	f04f 33ff 	mov.w	r3, #4294967295	@ 0xffffffff
10009e5a:	4631      	mov	r1, r6
10009e5c:	f8cb 3010 	str.w	r3, [fp, #16]
10009e60:	4628      	mov	r0, r5
10009e62:	462b      	mov	r3, r5
10009e64:	9a04      	ldr	r2, [sp, #16]
10009e66:	f000 fb11 	bl	1000a48c <lfs_dir_compact>
10009e6a:	4684      	mov	ip, r0
10009e6c:	2800      	cmp	r0, #0
10009e6e:	f040 80f8 	bne.w	1000a062 <lfs_dir_commit+0x3e6>
10009e72:	f8db 8028 	ldr.w	r8, [fp, #40]	@ 0x28
10009e76:	f1b8 0f00 	cmp.w	r8, #0
10009e7a:	f000 8188 	beq.w	1000a18e <lfs_dir_commit+0x512>
10009e7e:	4644      	mov	r4, r8
10009e80:	46ab      	mov	fp, r5
10009e82:	f8cd 8018 	str.w	r8, [sp, #24]
10009e86:	f240 49ff 	movw	r9, #1279	@ 0x4ff
10009e8a:	f240 4a01 	movw	sl, #1025	@ 0x401
10009e8e:	f8dd 8014 	ldr.w	r8, [sp, #20]
10009e92:	9d04      	ldr	r5, [sp, #16]
10009e94:	e00a      	b.n	10009eac <lfs_dir_commit+0x230>
10009e96:	68e2      	ldr	r2, [r4, #12]
10009e98:	4590      	cmp	r8, r2
10009e9a:	d00e      	beq.n	10009eba <lfs_dir_commit+0x23e>
10009e9c:	4598      	cmp	r8, r3
10009e9e:	d00c      	beq.n	10009eba <lfs_dir_commit+0x23e>
10009ea0:	42ba      	cmp	r2, r7
10009ea2:	d00a      	beq.n	10009eba <lfs_dir_commit+0x23e>
10009ea4:	6824      	ldr	r4, [r4, #0]
10009ea6:	2c00      	cmp	r4, #0
10009ea8:	f000 815c 	beq.w	1000a164 <lfs_dir_commit+0x4e8>
10009eac:	f104 0c08 	add.w	ip, r4, #8
10009eb0:	45e3      	cmp	fp, ip
10009eb2:	d0f7      	beq.n	10009ea4 <lfs_dir_commit+0x228>
10009eb4:	68a3      	ldr	r3, [r4, #8]
10009eb6:	42bb      	cmp	r3, r7
10009eb8:	d1ed      	bne.n	10009e96 <lfs_dir_commit+0x21a>
10009eba:	46de      	mov	lr, fp
10009ebc:	e8be 000f 	ldmia.w	lr!, {r0, r1, r2, r3}
10009ec0:	e8ac 000f 	stmia.w	ip!, {r0, r1, r2, r3}
10009ec4:	e89e 000f 	ldmia.w	lr, {r0, r1, r2, r3}
10009ec8:	e88c 000f 	stmia.w	ip, {r0, r1, r2, r3}
10009ecc:	2d00      	cmp	r5, #0
10009ece:	d0e9      	beq.n	10009ea4 <lfs_dir_commit+0x228>
10009ed0:	6833      	ldr	r3, [r6, #0]
10009ed2:	f3c3 520a 	ubfx	r2, r3, #20, #11
10009ed6:	454a      	cmp	r2, r9
10009ed8:	f000 8110 	beq.w	1000a0fc <lfs_dir_commit+0x480>
10009edc:	4552      	cmp	r2, sl
10009ede:	f000 8131 	beq.w	1000a144 <lfs_dir_commit+0x4c8>
10009ee2:	2d01      	cmp	r5, #1
10009ee4:	d0de      	beq.n	10009ea4 <lfs_dir_commit+0x228>
10009ee6:	68b3      	ldr	r3, [r6, #8]
10009ee8:	f3c3 520a 	ubfx	r2, r3, #20, #11
10009eec:	454a      	cmp	r2, r9
10009eee:	f000 8117 	beq.w	1000a120 <lfs_dir_commit+0x4a4>
10009ef2:	4552      	cmp	r2, sl
10009ef4:	f000 8198 	beq.w	1000a228 <lfs_dir_commit+0x5ac>
10009ef8:	2d02      	cmp	r5, #2
10009efa:	d0d3      	beq.n	10009ea4 <lfs_dir_commit+0x228>
10009efc:	6933      	ldr	r3, [r6, #16]
10009efe:	f3c3 520a 	ubfx	r2, r3, #20, #11
10009f02:	454a      	cmp	r2, r9
10009f04:	f000 8146 	beq.w	1000a194 <lfs_dir_commit+0x518>
10009f08:	4552      	cmp	r2, sl
10009f0a:	f000 81b3 	beq.w	1000a274 <lfs_dir_commit+0x5f8>
10009f0e:	2d03      	cmp	r5, #3
10009f10:	d0c8      	beq.n	10009ea4 <lfs_dir_commit+0x228>
10009f12:	69b3      	ldr	r3, [r6, #24]
10009f14:	f3c3 520a 	ubfx	r2, r3, #20, #11
10009f18:	454a      	cmp	r2, r9
10009f1a:	f000 8195 	beq.w	1000a248 <lfs_dir_commit+0x5cc>
10009f1e:	4552      	cmp	r2, sl
10009f20:	f000 81d8 	beq.w	1000a2d4 <lfs_dir_commit+0x658>
10009f24:	2d05      	cmp	r5, #5
10009f26:	d1bd      	bne.n	10009ea4 <lfs_dir_commit+0x228>
10009f28:	6a33      	ldr	r3, [r6, #32]
10009f2a:	f3c3 520a 	ubfx	r2, r3, #20, #11
10009f2e:	454a      	cmp	r2, r9
10009f30:	f000 81b8 	beq.w	1000a2a4 <lfs_dir_commit+0x628>
10009f34:	4552      	cmp	r2, sl
10009f36:	d1b5      	bne.n	10009ea4 <lfs_dir_commit+0x228>
10009f38:	88a2      	ldrh	r2, [r4, #4]
10009f3a:	f3c3 2389 	ubfx	r3, r3, #10, #10
10009f3e:	429a      	cmp	r2, r3
10009f40:	d3b0      	bcc.n	10009ea4 <lfs_dir_commit+0x228>
10009f42:	79a3      	ldrb	r3, [r4, #6]
10009f44:	3201      	adds	r2, #1
10009f46:	2b02      	cmp	r3, #2
10009f48:	80a2      	strh	r2, [r4, #4]
10009f4a:	d1ab      	bne.n	10009ea4 <lfs_dir_commit+0x228>
10009f4c:	6aa3      	ldr	r3, [r4, #40]	@ 0x28
10009f4e:	3301      	adds	r3, #1
10009f50:	62a3      	str	r3, [r4, #40]	@ 0x28
10009f52:	e7a7      	b.n	10009ea4 <lfs_dir_commit+0x228>
10009f54:	f04f 33ff 	mov.w	r3, #4294967295	@ 0xffffffff
10009f58:	f8db 2068 	ldr.w	r2, [fp, #104]	@ 0x68
10009f5c:	9319      	str	r3, [sp, #100]	@ 0x64
10009f5e:	682b      	ldr	r3, [r5, #0]
10009f60:	f8d5 a00c 	ldr.w	sl, [r5, #12]
10009f64:	692c      	ldr	r4, [r5, #16]
10009f66:	9316      	str	r3, [sp, #88]	@ 0x58
10009f68:	6c53      	ldr	r3, [r2, #68]	@ 0x44
10009f6a:	f8cd a05c 	str.w	sl, [sp, #92]	@ 0x5c
10009f6e:	f8cd a068 	str.w	sl, [sp, #104]	@ 0x68
10009f72:	9418      	str	r4, [sp, #96]	@ 0x60
10009f74:	2b00      	cmp	r3, #0
10009f76:	f000 80bf 	beq.w	1000a0f8 <lfs_dir_commit+0x47c>
10009f7a:	3b08      	subs	r3, #8
10009f7c:	931b      	str	r3, [sp, #108]	@ 0x6c
10009f7e:	ab16      	add	r3, sp, #88	@ 0x58
10009f80:	4651      	mov	r1, sl
10009f82:	46b0      	mov	r8, r6
10009f84:	e9cd 7606 	strd	r7, r6, [sp, #24]
10009f88:	f8dd 9010 	ldr.w	r9, [sp, #16]
10009f8c:	9308      	str	r3, [sp, #32]
10009f8e:	e01c      	b.n	10009fca <lfs_dir_commit+0x34e>
10009f90:	f1b9 0f00 	cmp.w	r9, #0
10009f94:	f340 8110 	ble.w	1000a1b8 <lfs_dir_commit+0x53c>
10009f98:	f8d8 1000 	ldr.w	r1, [r8]
10009f9c:	f8d8 2004 	ldr.w	r2, [r8, #4]
10009fa0:	f109 39ff 	add.w	r9, r9, #4294967295	@ 0xffffffff
10009fa4:	9109      	str	r1, [sp, #36]	@ 0x24
10009fa6:	f108 0808 	add.w	r8, r8, #8
10009faa:	f3c1 530a 	ubfx	r3, r1, #20, #11
10009fae:	b15b      	cbz	r3, 10009fc8 <lfs_dir_commit+0x34c>
10009fb0:	f240 1001 	movw	r0, #257	@ 0x101
10009fb4:	4283      	cmp	r3, r0
10009fb6:	d039      	beq.n	1000a02c <lfs_dir_commit+0x3b0>
10009fb8:	f5b3 7f81 	cmp.w	r3, #258	@ 0x102
10009fbc:	d07b      	beq.n	1000a0b6 <lfs_dir_commit+0x43a>
10009fbe:	9808      	ldr	r0, [sp, #32]
10009fc0:	f7fc ff94 	bl	10006eec <lfs_dir_commitattr>
10009fc4:	2800      	cmp	r0, #0
10009fc6:	d141      	bne.n	1000a04c <lfs_dir_commit+0x3d0>
10009fc8:	68e9      	ldr	r1, [r5, #12]
10009fca:	f344 0209 	sbfx	r2, r4, #0, #10
10009fce:	f1b2 3fff 	cmp.w	r2, #4294967295	@ 0xffffffff
10009fd2:	bf14      	ite	ne
10009fd4:	4623      	movne	r3, r4
10009fd6:	1c63      	addeq	r3, r4, #1
10009fd8:	f10a 0204 	add.w	r2, sl, #4
10009fdc:	f3c3 0309 	ubfx	r3, r3, #0, #10
10009fe0:	189e      	adds	r6, r3, r2
10009fe2:	428e      	cmp	r6, r1
10009fe4:	d2d4      	bcs.n	10009f90 <lfs_dir_commit+0x314>
10009fe6:	f8db 1068 	ldr.w	r1, [fp, #104]	@ 0x68
10009fea:	682a      	ldr	r2, [r5, #0]
10009fec:	69c8      	ldr	r0, [r1, #28]
10009fee:	4282      	cmp	r2, r0
10009ff0:	f080 8150 	bcs.w	1000a294 <lfs_dir_commit+0x618>
10009ff4:	6989      	ldr	r1, [r1, #24]
10009ff6:	1d37      	adds	r7, r6, #4
10009ff8:	428f      	cmp	r7, r1
10009ffa:	f200 814b 	bhi.w	1000a294 <lfs_dir_commit+0x618>
10009ffe:	2304      	movs	r3, #4
1000a000:	a909      	add	r1, sp, #36	@ 0x24
1000a002:	9301      	str	r3, [sp, #4]
1000a004:	9100      	str	r1, [sp, #0]
1000a006:	4633      	mov	r3, r6
1000a008:	2104      	movs	r1, #4
1000a00a:	48af      	ldr	r0, [pc, #700]	@ (1000a2c8 <lfs_dir_commit+0x64c>)
1000a00c:	f7fc f998 	bl	10006340 <lfs_bd_read.part.0.constprop.0>
1000a010:	b9e0      	cbnz	r0, 1000a04c <lfs_dir_commit+0x3d0>
1000a012:	9909      	ldr	r1, [sp, #36]	@ 0x24
1000a014:	682b      	ldr	r3, [r5, #0]
1000a016:	ba09      	rev	r1, r1
1000a018:	4061      	eors	r1, r4
1000a01a:	f041 4100 	orr.w	r1, r1, #2147483648	@ 0x80000000
1000a01e:	46b2      	mov	sl, r6
1000a020:	460c      	mov	r4, r1
1000a022:	970b      	str	r7, [sp, #44]	@ 0x2c
1000a024:	9109      	str	r1, [sp, #36]	@ 0x24
1000a026:	930a      	str	r3, [sp, #40]	@ 0x28
1000a028:	aa0a      	add	r2, sp, #40	@ 0x28
1000a02a:	e7be      	b.n	10009faa <lfs_dir_commit+0x32e>
1000a02c:	4ba7      	ldr	r3, [pc, #668]	@ (1000a2cc <lfs_dir_commit+0x650>)
1000a02e:	4610      	mov	r0, r2
1000a030:	9300      	str	r3, [sp, #0]
1000a032:	f3c1 0209 	ubfx	r2, r1, #0, #10
1000a036:	f3c1 2389 	ubfx	r3, r1, #10, #10
1000a03a:	a908      	add	r1, sp, #32
1000a03c:	1a9b      	subs	r3, r3, r2
1000a03e:	9101      	str	r1, [sp, #4]
1000a040:	4611      	mov	r1, r2
1000a042:	3201      	adds	r2, #1
1000a044:	f7ff f8a0 	bl	10009188 <lfs_dir_traverse.constprop.2>
1000a048:	2800      	cmp	r0, #0
1000a04a:	d0bd      	beq.n	10009fc8 <lfs_dir_commit+0x34c>
1000a04c:	4684      	mov	ip, r0
1000a04e:	9f06      	ldr	r7, [sp, #24]
1000a050:	9e07      	ldr	r6, [sp, #28]
1000a052:	f11c 0f0b 	cmn.w	ip, #11
1000a056:	f000 811f 	beq.w	1000a298 <lfs_dir_commit+0x61c>
1000a05a:	f11c 0f02 	cmn.w	ip, #2
1000a05e:	f000 811b 	beq.w	1000a298 <lfs_dir_commit+0x61c>
1000a062:	ac0e      	add	r4, sp, #56	@ 0x38
1000a064:	cc0f      	ldmia	r4!, {r0, r1, r2, r3}
1000a066:	c50f      	stmia	r5!, {r0, r1, r2, r3}
1000a068:	e894 000f 	ldmia.w	r4, {r0, r1, r2, r3}
1000a06c:	e885 000f 	stmia.w	r5, {r0, r1, r2, r3}
1000a070:	4660      	mov	r0, ip
1000a072:	b01f      	add	sp, #124	@ 0x7c
1000a074:	e8bd 8ff0 	ldmia.w	sp!, {r4, r5, r6, r7, r8, r9, sl, fp, pc}
1000a078:	f105 0820 	add.w	r8, r5, #32
1000a07c:	f105 0608 	add.w	r6, r5, #8
1000a080:	88aa      	ldrh	r2, [r5, #4]
1000a082:	8bab      	ldrh	r3, [r5, #28]
1000a084:	429a      	cmp	r2, r3
1000a086:	eba2 0103 	sub.w	r1, r2, r3
1000a08a:	d37d      	bcc.n	1000a188 <lfs_dir_commit+0x50c>
1000a08c:	7feb      	ldrb	r3, [r5, #31]
1000a08e:	2b00      	cmp	r3, #0
1000a090:	d07a      	beq.n	1000a188 <lfs_dir_commit+0x50c>
1000a092:	f04f 33ff 	mov.w	r3, #4294967295	@ 0xffffffff
1000a096:	80a9      	strh	r1, [r5, #4]
1000a098:	4630      	mov	r0, r6
1000a09a:	4641      	mov	r1, r8
1000a09c:	461a      	mov	r2, r3
1000a09e:	e9cd 4401 	strd	r4, r4, [sp, #4]
1000a0a2:	9400      	str	r4, [sp, #0]
1000a0a4:	f7fd f992 	bl	100073cc <lfs_dir_fetchmatch>
1000a0a8:	2800      	cmp	r0, #0
1000a0aa:	d0e9      	beq.n	1000a080 <lfs_dir_commit+0x404>
1000a0ac:	4684      	mov	ip, r0
1000a0ae:	4660      	mov	r0, ip
1000a0b0:	b01f      	add	sp, #124	@ 0x7c
1000a0b2:	e8bd 8ff0 	ldmia.w	sp!, {r4, r5, r6, r7, r8, r9, sl, fp, pc}
1000a0b6:	f3c1 0309 	ubfx	r3, r1, #0, #10
1000a0ba:	2b00      	cmp	r3, #0
1000a0bc:	d084      	beq.n	10009fc8 <lfs_dir_commit+0x34c>
1000a0be:	4617      	mov	r7, r2
1000a0c0:	2600      	movs	r6, #0
1000a0c2:	460b      	mov	r3, r1
1000a0c4:	e005      	b.n	1000a0d2 <lfs_dir_commit+0x456>
1000a0c6:	9b09      	ldr	r3, [sp, #36]	@ 0x24
1000a0c8:	f3c3 0209 	ubfx	r2, r3, #0, #10
1000a0cc:	4296      	cmp	r6, r2
1000a0ce:	f4bf af7b 	bcs.w	10009fc8 <lfs_dir_commit+0x34c>
1000a0d2:	783a      	ldrb	r2, [r7, #0]
1000a0d4:	68b9      	ldr	r1, [r7, #8]
1000a0d6:	f502 7240 	add.w	r2, r2, #768	@ 0x300
1000a0da:	ea41 5102 	orr.w	r1, r1, r2, lsl #20
1000a0de:	f3c3 2389 	ubfx	r3, r3, #10, #10
1000a0e2:	687a      	ldr	r2, [r7, #4]
1000a0e4:	9808      	ldr	r0, [sp, #32]
1000a0e6:	ea41 2183 	orr.w	r1, r1, r3, lsl #10
1000a0ea:	f7fc feff 	bl	10006eec <lfs_dir_commitattr>
1000a0ee:	3601      	adds	r6, #1
1000a0f0:	370c      	adds	r7, #12
1000a0f2:	2800      	cmp	r0, #0
1000a0f4:	d0e7      	beq.n	1000a0c6 <lfs_dir_commit+0x44a>
1000a0f6:	e7a9      	b.n	1000a04c <lfs_dir_commit+0x3d0>
1000a0f8:	6993      	ldr	r3, [r2, #24]
1000a0fa:	e73e      	b.n	10009f7a <lfs_dir_commit+0x2fe>
1000a0fc:	88a2      	ldrh	r2, [r4, #4]
1000a0fe:	f3c3 2389 	ubfx	r3, r3, #10, #10
1000a102:	429a      	cmp	r2, r3
1000a104:	f000 8173 	beq.w	1000a3ee <lfs_dir_commit+0x772>
1000a108:	f67f aeeb 	bls.w	10009ee2 <lfs_dir_commit+0x266>
1000a10c:	79a3      	ldrb	r3, [r4, #6]
1000a10e:	3a01      	subs	r2, #1
1000a110:	2b02      	cmp	r3, #2
1000a112:	80a2      	strh	r2, [r4, #4]
1000a114:	f47f aee5 	bne.w	10009ee2 <lfs_dir_commit+0x266>
1000a118:	6aa3      	ldr	r3, [r4, #40]	@ 0x28
1000a11a:	3b01      	subs	r3, #1
1000a11c:	62a3      	str	r3, [r4, #40]	@ 0x28
1000a11e:	e6e0      	b.n	10009ee2 <lfs_dir_commit+0x266>
1000a120:	88a2      	ldrh	r2, [r4, #4]
1000a122:	f3c3 2389 	ubfx	r3, r3, #10, #10
1000a126:	4293      	cmp	r3, r2
1000a128:	f000 817b 	beq.w	1000a422 <lfs_dir_commit+0x7a6>
1000a12c:	f4bf aee4 	bcs.w	10009ef8 <lfs_dir_commit+0x27c>
1000a130:	79a3      	ldrb	r3, [r4, #6]
1000a132:	3a01      	subs	r2, #1
1000a134:	2b02      	cmp	r3, #2
1000a136:	80a2      	strh	r2, [r4, #4]
1000a138:	f47f aede 	bne.w	10009ef8 <lfs_dir_commit+0x27c>
1000a13c:	6aa3      	ldr	r3, [r4, #40]	@ 0x28
1000a13e:	3b01      	subs	r3, #1
1000a140:	62a3      	str	r3, [r4, #40]	@ 0x28
1000a142:	e6d9      	b.n	10009ef8 <lfs_dir_commit+0x27c>
1000a144:	88a2      	ldrh	r2, [r4, #4]
1000a146:	f3c3 2389 	ubfx	r3, r3, #10, #10
1000a14a:	429a      	cmp	r2, r3
1000a14c:	f4ff aec9 	bcc.w	10009ee2 <lfs_dir_commit+0x266>
1000a150:	79a3      	ldrb	r3, [r4, #6]
1000a152:	3201      	adds	r2, #1
1000a154:	2b02      	cmp	r3, #2
1000a156:	80a2      	strh	r2, [r4, #4]
1000a158:	f47f aec3 	bne.w	10009ee2 <lfs_dir_commit+0x266>
1000a15c:	6aa3      	ldr	r3, [r4, #40]	@ 0x28
1000a15e:	3301      	adds	r3, #1
1000a160:	62a3      	str	r3, [r4, #40]	@ 0x28
1000a162:	e6be      	b.n	10009ee2 <lfs_dir_commit+0x266>
1000a164:	f8dd 8018 	ldr.w	r8, [sp, #24]
1000a168:	f8dd 9014 	ldr.w	r9, [sp, #20]
1000a16c:	4645      	mov	r5, r8
1000a16e:	68ab      	ldr	r3, [r5, #8]
1000a170:	42bb      	cmp	r3, r7
1000a172:	d081      	beq.n	1000a078 <lfs_dir_commit+0x3fc>
1000a174:	68ea      	ldr	r2, [r5, #12]
1000a176:	4591      	cmp	r9, r2
1000a178:	f43f af7e 	beq.w	1000a078 <lfs_dir_commit+0x3fc>
1000a17c:	4599      	cmp	r9, r3
1000a17e:	f43f af7b 	beq.w	1000a078 <lfs_dir_commit+0x3fc>
1000a182:	42ba      	cmp	r2, r7
1000a184:	f43f af78 	beq.w	1000a078 <lfs_dir_commit+0x3fc>
1000a188:	682d      	ldr	r5, [r5, #0]
1000a18a:	2d00      	cmp	r5, #0
1000a18c:	d1ef      	bne.n	1000a16e <lfs_dir_commit+0x4f2>
1000a18e:	f04f 0c00 	mov.w	ip, #0
1000a192:	e78c      	b.n	1000a0ae <lfs_dir_commit+0x432>
1000a194:	88a2      	ldrh	r2, [r4, #4]
1000a196:	f3c3 2389 	ubfx	r3, r3, #10, #10
1000a19a:	4293      	cmp	r3, r2
1000a19c:	f000 815c 	beq.w	1000a458 <lfs_dir_commit+0x7dc>
1000a1a0:	f4bf aeb5 	bcs.w	10009f0e <lfs_dir_commit+0x292>
1000a1a4:	79a3      	ldrb	r3, [r4, #6]
1000a1a6:	3a01      	subs	r2, #1
1000a1a8:	2b02      	cmp	r3, #2
1000a1aa:	80a2      	strh	r2, [r4, #4]
1000a1ac:	f47f aeaf 	bne.w	10009f0e <lfs_dir_commit+0x292>
1000a1b0:	6aa3      	ldr	r3, [r4, #40]	@ 0x28
1000a1b2:	3b01      	subs	r3, #1
1000a1b4:	62a3      	str	r3, [r4, #40]	@ 0x28
1000a1b6:	e6aa      	b.n	10009f0e <lfs_dir_commit+0x292>
1000a1b8:	f8db 3044 	ldr.w	r3, [fp, #68]	@ 0x44
1000a1bc:	f8db 1038 	ldr.w	r1, [fp, #56]	@ 0x38
1000a1c0:	f8db 203c 	ldr.w	r2, [fp, #60]	@ 0x3c
1000a1c4:	4059      	eors	r1, r3
1000a1c6:	f8db 3030 	ldr.w	r3, [fp, #48]	@ 0x30
1000a1ca:	f8db 0034 	ldr.w	r0, [fp, #52]	@ 0x34
1000a1ce:	405a      	eors	r2, r3
1000a1d0:	f8db 3040 	ldr.w	r3, [fp, #64]	@ 0x40
1000a1d4:	e9dd 7606 	ldrd	r7, r6, [sp, #24]
1000a1d8:	4043      	eors	r3, r0
1000a1da:	f8db 0048 	ldr.w	r0, [fp, #72]	@ 0x48
1000a1de:	4042      	eors	r2, r0
1000a1e0:	f8db 004c 	ldr.w	r0, [fp, #76]	@ 0x4c
1000a1e4:	f36f 0209 	bfc	r2, #0, #10
1000a1e8:	4043      	eors	r3, r0
1000a1ea:	f8db 0050 	ldr.w	r0, [fp, #80]	@ 0x50
1000a1ee:	930b      	str	r3, [sp, #44]	@ 0x2c
1000a1f0:	4041      	eors	r1, r0
1000a1f2:	430b      	orrs	r3, r1
1000a1f4:	4313      	orrs	r3, r2
1000a1f6:	920a      	str	r2, [sp, #40]	@ 0x28
1000a1f8:	910c      	str	r1, [sp, #48]	@ 0x30
1000a1fa:	f040 8101 	bne.w	1000a400 <lfs_dir_commit+0x784>
1000a1fe:	a816      	add	r0, sp, #88	@ 0x58
1000a200:	f7fc ff76 	bl	100070f0 <lfs_dir_commitcrc>
1000a204:	4684      	mov	ip, r0
1000a206:	2800      	cmp	r0, #0
1000a208:	f47f af23 	bne.w	1000a052 <lfs_dir_commit+0x3d6>
1000a20c:	9a18      	ldr	r2, [sp, #96]	@ 0x60
1000a20e:	4b30      	ldr	r3, [pc, #192]	@ (1000a2d0 <lfs_dir_commit+0x654>)
1000a210:	612a      	str	r2, [r5, #16]
1000a212:	9a17      	ldr	r2, [sp, #92]	@ 0x5c
1000a214:	60ea      	str	r2, [r5, #12]
1000a216:	e9c3 0004 	strd	r0, r0, [r3, #16]
1000a21a:	f8cb 0048 	str.w	r0, [fp, #72]	@ 0x48
1000a21e:	e913 0007 	ldmdb	r3, {r0, r1, r2}
1000a222:	e883 0007 	stmia.w	r3, {r0, r1, r2}
1000a226:	e624      	b.n	10009e72 <lfs_dir_commit+0x1f6>
1000a228:	88a2      	ldrh	r2, [r4, #4]
1000a22a:	f3c3 2389 	ubfx	r3, r3, #10, #10
1000a22e:	4293      	cmp	r3, r2
1000a230:	f63f ae62 	bhi.w	10009ef8 <lfs_dir_commit+0x27c>
1000a234:	79a3      	ldrb	r3, [r4, #6]
1000a236:	3201      	adds	r2, #1
1000a238:	2b02      	cmp	r3, #2
1000a23a:	80a2      	strh	r2, [r4, #4]
1000a23c:	f47f ae5c 	bne.w	10009ef8 <lfs_dir_commit+0x27c>
1000a240:	6aa3      	ldr	r3, [r4, #40]	@ 0x28
1000a242:	3301      	adds	r3, #1
1000a244:	62a3      	str	r3, [r4, #40]	@ 0x28
1000a246:	e657      	b.n	10009ef8 <lfs_dir_commit+0x27c>
1000a248:	88a2      	ldrh	r2, [r4, #4]
1000a24a:	f3c3 2389 	ubfx	r3, r3, #10, #10
1000a24e:	4293      	cmp	r3, r2
1000a250:	f000 8091 	beq.w	1000a376 <lfs_dir_commit+0x6fa>
1000a254:	f4bf ae66 	bcs.w	10009f24 <lfs_dir_commit+0x2a8>
1000a258:	79a3      	ldrb	r3, [r4, #6]
1000a25a:	3a01      	subs	r2, #1
1000a25c:	2b02      	cmp	r3, #2
1000a25e:	80a2      	strh	r2, [r4, #4]
1000a260:	f47f ae60 	bne.w	10009f24 <lfs_dir_commit+0x2a8>
1000a264:	6aa3      	ldr	r3, [r4, #40]	@ 0x28
1000a266:	3b01      	subs	r3, #1
1000a268:	62a3      	str	r3, [r4, #40]	@ 0x28
1000a26a:	e65b      	b.n	10009f24 <lfs_dir_commit+0x2a8>
1000a26c:	8aab      	ldrh	r3, [r5, #20]
1000a26e:	3301      	adds	r3, #1
1000a270:	82ab      	strh	r3, [r5, #20]
1000a272:	e571      	b.n	10009d58 <lfs_dir_commit+0xdc>
1000a274:	88a2      	ldrh	r2, [r4, #4]
1000a276:	f3c3 2389 	ubfx	r3, r3, #10, #10
1000a27a:	4293      	cmp	r3, r2
1000a27c:	f63f ae47 	bhi.w	10009f0e <lfs_dir_commit+0x292>
1000a280:	79a3      	ldrb	r3, [r4, #6]
1000a282:	3201      	adds	r2, #1
1000a284:	2b02      	cmp	r3, #2
1000a286:	80a2      	strh	r2, [r4, #4]
1000a288:	f47f ae41 	bne.w	10009f0e <lfs_dir_commit+0x292>
1000a28c:	6aa3      	ldr	r3, [r4, #40]	@ 0x28
1000a28e:	3301      	adds	r3, #1
1000a290:	62a3      	str	r3, [r4, #40]	@ 0x28
1000a292:	e63c      	b.n	10009f0e <lfs_dir_commit+0x292>
1000a294:	e9dd 7606 	ldrd	r7, r6, [sp, #24]
1000a298:	8aab      	ldrh	r3, [r5, #20]
1000a29a:	e5d9      	b.n	10009e50 <lfs_dir_commit+0x1d4>
1000a29c:	8aab      	ldrh	r3, [r5, #20]
1000a29e:	3301      	adds	r3, #1
1000a2a0:	82ab      	strh	r3, [r5, #20]
1000a2a2:	e572      	b.n	10009d8a <lfs_dir_commit+0x10e>
1000a2a4:	88a2      	ldrh	r2, [r4, #4]
1000a2a6:	f3c3 2389 	ubfx	r3, r3, #10, #10
1000a2aa:	429a      	cmp	r2, r3
1000a2ac:	d07a      	beq.n	1000a3a4 <lfs_dir_commit+0x728>
1000a2ae:	f67f adf9 	bls.w	10009ea4 <lfs_dir_commit+0x228>
1000a2b2:	79a3      	ldrb	r3, [r4, #6]
1000a2b4:	3a01      	subs	r2, #1
1000a2b6:	2b02      	cmp	r3, #2
1000a2b8:	80a2      	strh	r2, [r4, #4]
1000a2ba:	f47f adf3 	bne.w	10009ea4 <lfs_dir_commit+0x228>
1000a2be:	6aa3      	ldr	r3, [r4, #40]	@ 0x28
1000a2c0:	3b01      	subs	r3, #1
1000a2c2:	62a3      	str	r3, [r4, #40]	@ 0x28
1000a2c4:	e5ee      	b.n	10009ea4 <lfs_dir_commit+0x228>
1000a2c6:	bf00      	nop
1000a2c8:	20001e00 	.word	0x20001e00
1000a2cc:	100070e9 	.word	0x100070e9
1000a2d0:	20001e3c 	.word	0x20001e3c
1000a2d4:	88a2      	ldrh	r2, [r4, #4]
1000a2d6:	f3c3 2389 	ubfx	r3, r3, #10, #10
1000a2da:	4293      	cmp	r3, r2
1000a2dc:	f63f ae22 	bhi.w	10009f24 <lfs_dir_commit+0x2a8>
1000a2e0:	79a3      	ldrb	r3, [r4, #6]
1000a2e2:	3201      	adds	r2, #1
1000a2e4:	2b02      	cmp	r3, #2
1000a2e6:	80a2      	strh	r2, [r4, #4]
1000a2e8:	f47f ae1c 	bne.w	10009f24 <lfs_dir_commit+0x2a8>
1000a2ec:	6aa3      	ldr	r3, [r4, #40]	@ 0x28
1000a2ee:	3301      	adds	r3, #1
1000a2f0:	62a3      	str	r3, [r4, #40]	@ 0x28
1000a2f2:	e617      	b.n	10009f24 <lfs_dir_commit+0x2a8>
1000a2f4:	8aab      	ldrh	r3, [r5, #20]
1000a2f6:	3b01      	subs	r3, #1
1000a2f8:	82ab      	strh	r3, [r5, #20]
1000a2fa:	9b04      	ldr	r3, [sp, #16]
1000a2fc:	2b01      	cmp	r3, #1
1000a2fe:	f43f ad9b 	beq.w	10009e38 <lfs_dir_commit+0x1bc>
1000a302:	2201      	movs	r2, #1
1000a304:	e52c      	b.n	10009d60 <lfs_dir_commit+0xe4>
1000a306:	2201      	movs	r2, #1
1000a308:	461c      	mov	r4, r3
1000a30a:	931c      	str	r3, [sp, #112]	@ 0x70
1000a30c:	921d      	str	r2, [sp, #116]	@ 0x74
1000a30e:	9a1d      	ldr	r2, [sp, #116]	@ 0x74
1000a310:	1c51      	adds	r1, r2, #1
1000a312:	f43f ad95 	beq.w	10009e40 <lfs_dir_commit+0x1c4>
1000a316:	f8db 1068 	ldr.w	r1, [fp, #104]	@ 0x68
1000a31a:	69c9      	ldr	r1, [r1, #28]
1000a31c:	ebb4 0f51 	cmp.w	r4, r1, lsr #1
1000a320:	f080 80ad 	bcs.w	1000a47e <lfs_dir_commit+0x802>
1000a324:	6829      	ldr	r1, [r5, #0]
1000a326:	4299      	cmp	r1, r3
1000a328:	d041      	beq.n	1000a3ae <lfs_dir_commit+0x732>
1000a32a:	6868      	ldr	r0, [r5, #4]
1000a32c:	4290      	cmp	r0, r2
1000a32e:	d03e      	beq.n	1000a3ae <lfs_dir_commit+0x732>
1000a330:	4298      	cmp	r0, r3
1000a332:	d03c      	beq.n	1000a3ae <lfs_dir_commit+0x732>
1000a334:	4291      	cmp	r1, r2
1000a336:	d03a      	beq.n	1000a3ae <lfs_dir_commit+0x732>
1000a338:	f04f 0c00 	mov.w	ip, #0
1000a33c:	f04f 33ff 	mov.w	r3, #4294967295	@ 0xffffffff
1000a340:	e9cd cc00 	strd	ip, ip, [sp]
1000a344:	461a      	mov	r2, r3
1000a346:	a91c      	add	r1, sp, #112	@ 0x70
1000a348:	a816      	add	r0, sp, #88	@ 0x58
1000a34a:	f8cd c008 	str.w	ip, [sp, #8]
1000a34e:	f7fd f83d 	bl	100073cc <lfs_dir_fetchmatch>
1000a352:	3401      	adds	r4, #1
1000a354:	2800      	cmp	r0, #0
1000a356:	f040 808c 	bne.w	1000a472 <lfs_dir_commit+0x7f6>
1000a35a:	9b1c      	ldr	r3, [sp, #112]	@ 0x70
1000a35c:	1c58      	adds	r0, r3, #1
1000a35e:	f43f ad6f 	beq.w	10009e40 <lfs_dir_commit+0x1c4>
1000a362:	e7d4      	b.n	1000a30e <lfs_dir_commit+0x692>
1000a364:	68f3      	ldr	r3, [r6, #12]
1000a366:	f004 0401 	and.w	r4, r4, #1
1000a36a:	6819      	ldr	r1, [r3, #0]
1000a36c:	61a9      	str	r1, [r5, #24]
1000a36e:	685b      	ldr	r3, [r3, #4]
1000a370:	75ec      	strb	r4, [r5, #23]
1000a372:	61eb      	str	r3, [r5, #28]
1000a374:	e509      	b.n	10009d8a <lfs_dir_commit+0x10e>
1000a376:	f04f 33ff 	mov.w	r3, #4294967295	@ 0xffffffff
1000a37a:	e9c4 3302 	strd	r3, r3, [r4, #8]
1000a37e:	e5d1      	b.n	10009f24 <lfs_dir_commit+0x2a8>
1000a380:	8aab      	ldrh	r3, [r5, #20]
1000a382:	3b01      	subs	r3, #1
1000a384:	82ab      	strh	r3, [r5, #20]
1000a386:	9b04      	ldr	r3, [sp, #16]
1000a388:	2b05      	cmp	r3, #5
1000a38a:	f47f ad55 	bne.w	10009e38 <lfs_dir_commit+0x1bc>
1000a38e:	2201      	movs	r2, #1
1000a390:	e535      	b.n	10009dfe <lfs_dir_commit+0x182>
1000a392:	6973      	ldr	r3, [r6, #20]
1000a394:	f004 0401 	and.w	r4, r4, #1
1000a398:	6819      	ldr	r1, [r3, #0]
1000a39a:	61a9      	str	r1, [r5, #24]
1000a39c:	685b      	ldr	r3, [r3, #4]
1000a39e:	75ec      	strb	r4, [r5, #23]
1000a3a0:	61eb      	str	r3, [r5, #28]
1000a3a2:	e50a      	b.n	10009dba <lfs_dir_commit+0x13e>
1000a3a4:	f04f 33ff 	mov.w	r3, #4294967295	@ 0xffffffff
1000a3a8:	e9c4 3302 	strd	r3, r3, [r4, #8]
1000a3ac:	e57a      	b.n	10009ea4 <lfs_dir_commit+0x228>
1000a3ae:	f89d 306f 	ldrb.w	r3, [sp, #111]	@ 0x6f
1000a3b2:	2b00      	cmp	r3, #0
1000a3b4:	f43f ad44 	beq.w	10009e40 <lfs_dir_commit+0x1c4>
1000a3b8:	4628      	mov	r0, r5
1000a3ba:	4932      	ldr	r1, [pc, #200]	@ (1000a484 <lfs_dir_commit+0x808>)
1000a3bc:	f7fd fb90 	bl	10007ae0 <lfs_dir_getgstate>
1000a3c0:	4684      	mov	ip, r0
1000a3c2:	2800      	cmp	r0, #0
1000a3c4:	f47f ae4d 	bne.w	1000a062 <lfs_dir_commit+0x3e6>
1000a3c8:	7dea      	ldrb	r2, [r5, #23]
1000a3ca:	4b2f      	ldr	r3, [pc, #188]	@ (1000a488 <lfs_dir_commit+0x80c>)
1000a3cc:	f502 62c0 	add.w	r2, r2, #1536	@ 0x600
1000a3d0:	ea43 5302 	orr.w	r3, r3, r2, lsl #20
1000a3d4:	930a      	str	r3, [sp, #40]	@ 0x28
1000a3d6:	a90a      	add	r1, sp, #40	@ 0x28
1000a3d8:	f105 0318 	add.w	r3, r5, #24
1000a3dc:	a816      	add	r0, sp, #88	@ 0x58
1000a3de:	930b      	str	r3, [sp, #44]	@ 0x2c
1000a3e0:	f7ff f9c6 	bl	10009770 <lfs_dir_commit.constprop.0>
1000a3e4:	4684      	mov	ip, r0
1000a3e6:	2800      	cmp	r0, #0
1000a3e8:	f43f ad2a 	beq.w	10009e40 <lfs_dir_commit+0x1c4>
1000a3ec:	e639      	b.n	1000a062 <lfs_dir_commit+0x3e6>
1000a3ee:	f04f 33ff 	mov.w	r3, #4294967295	@ 0xffffffff
1000a3f2:	e9c4 3302 	strd	r3, r3, [r4, #8]
1000a3f6:	e574      	b.n	10009ee2 <lfs_dir_commit+0x266>
1000a3f8:	8aab      	ldrh	r3, [r5, #20]
1000a3fa:	3301      	adds	r3, #1
1000a3fc:	82ab      	strh	r3, [r5, #20]
1000a3fe:	e4dc      	b.n	10009dba <lfs_dir_commit+0x13e>
1000a400:	4628      	mov	r0, r5
1000a402:	a90a      	add	r1, sp, #40	@ 0x28
1000a404:	f7fd fb6c 	bl	10007ae0 <lfs_dir_getgstate>
1000a408:	4684      	mov	ip, r0
1000a40a:	2800      	cmp	r0, #0
1000a40c:	f47f ae29 	bne.w	1000a062 <lfs_dir_commit+0x3e6>
1000a410:	a90a      	add	r1, sp, #40	@ 0x28
1000a412:	a816      	add	r0, sp, #88	@ 0x58
1000a414:	f7fc fc1a 	bl	10006c4c <lfs_dir_commitattr.constprop.0>
1000a418:	4684      	mov	ip, r0
1000a41a:	2800      	cmp	r0, #0
1000a41c:	f43f aeef 	beq.w	1000a1fe <lfs_dir_commit+0x582>
1000a420:	e617      	b.n	1000a052 <lfs_dir_commit+0x3d6>
1000a422:	f04f 33ff 	mov.w	r3, #4294967295	@ 0xffffffff
1000a426:	e9c4 3302 	strd	r3, r3, [r4, #8]
1000a42a:	e565      	b.n	10009ef8 <lfs_dir_commit+0x27c>
1000a42c:	8aab      	ldrh	r3, [r5, #20]
1000a42e:	3b01      	subs	r3, #1
1000a430:	82ab      	strh	r3, [r5, #20]
1000a432:	9b04      	ldr	r3, [sp, #16]
1000a434:	2b02      	cmp	r3, #2
1000a436:	f43f acff 	beq.w	10009e38 <lfs_dir_commit+0x1bc>
1000a43a:	2201      	movs	r2, #1
1000a43c:	e4a8      	b.n	10009d90 <lfs_dir_commit+0x114>
1000a43e:	8aab      	ldrh	r3, [r5, #20]
1000a440:	3301      	adds	r3, #1
1000a442:	82ab      	strh	r3, [r5, #20]
1000a444:	e4d8      	b.n	10009df8 <lfs_dir_commit+0x17c>
1000a446:	8aab      	ldrh	r3, [r5, #20]
1000a448:	3b01      	subs	r3, #1
1000a44a:	82ab      	strh	r3, [r5, #20]
1000a44c:	9b04      	ldr	r3, [sp, #16]
1000a44e:	2b03      	cmp	r3, #3
1000a450:	f43f acf2 	beq.w	10009e38 <lfs_dir_commit+0x1bc>
1000a454:	2201      	movs	r2, #1
1000a456:	e4b3      	b.n	10009dc0 <lfs_dir_commit+0x144>
1000a458:	f04f 33ff 	mov.w	r3, #4294967295	@ 0xffffffff
1000a45c:	e9c4 3302 	strd	r3, r3, [r4, #8]
1000a460:	e555      	b.n	10009f0e <lfs_dir_commit+0x292>
1000a462:	8aab      	ldrh	r3, [r5, #20]
1000a464:	3301      	adds	r3, #1
1000a466:	82ab      	strh	r3, [r5, #20]
1000a468:	e4e5      	b.n	10009e36 <lfs_dir_commit+0x1ba>
1000a46a:	8aab      	ldrh	r3, [r5, #20]
1000a46c:	3b01      	subs	r3, #1
1000a46e:	82ab      	strh	r3, [r5, #20]
1000a470:	e4e2      	b.n	10009e38 <lfs_dir_commit+0x1bc>
1000a472:	f110 0f03 	cmn.w	r0, #3
1000a476:	4684      	mov	ip, r0
1000a478:	f47f adf3 	bne.w	1000a062 <lfs_dir_commit+0x3e6>
1000a47c:	e4e0      	b.n	10009e40 <lfs_dir_commit+0x1c4>
1000a47e:	f06f 0c01 	mvn.w	ip, #1
1000a482:	e5ee      	b.n	1000a062 <lfs_dir_commit+0x3e6>
1000a484:	20001e48 	.word	0x20001e48
1000a488:	000ffc08 	.word	0x000ffc08

1000a48c <lfs_dir_compact>:
1000a48c:	e92d 4ff0 	stmdb	sp!, {r4, r5, r6, r7, r8, r9, sl, fp, lr}
1000a490:	b0bf      	sub	sp, #252	@ 0xfc
1000a492:	f8bd 4120 	ldrh.w	r4, [sp, #288]	@ 0x120
1000a496:	f8bd 5124 	ldrh.w	r5, [sp, #292]	@ 0x124
1000a49a:	9306      	str	r3, [sp, #24]
1000a49c:	6803      	ldr	r3, [r0, #0]
1000a49e:	eba5 0b04 	sub.w	fp, r5, r4
1000a4a2:	931b      	str	r3, [sp, #108]	@ 0x6c
1000a4a4:	6843      	ldr	r3, [r0, #4]
1000a4a6:	f1bb 0f01 	cmp.w	fp, #1
1000a4aa:	4606      	mov	r6, r0
1000a4ac:	e9cd 1216 	strd	r1, r2, [sp, #88]	@ 0x58
1000a4b0:	940d      	str	r4, [sp, #52]	@ 0x34
1000a4b2:	9511      	str	r5, [sp, #68]	@ 0x44
1000a4b4:	931c      	str	r3, [sp, #112]	@ 0x70
1000a4b6:	f341 803f 	ble.w	1000b538 <lfs_dir_compact+0x10ac>
1000a4ba:	4baf      	ldr	r3, [pc, #700]	@ (1000a778 <lfs_dir_compact+0x2ec>)
1000a4bc:	f8df 92c4 	ldr.w	r9, [pc, #708]	@ 1000a784 <lfs_dir_compact+0x2f8>
1000a4c0:	9307      	str	r3, [sp, #28]
1000a4c2:	9b0d      	ldr	r3, [sp, #52]	@ 0x34
1000a4c4:	f8cd b054 	str.w	fp, [sp, #84]	@ 0x54
1000a4c8:	425b      	negs	r3, r3
1000a4ca:	b21b      	sxth	r3, r3
1000a4cc:	9319      	str	r3, [sp, #100]	@ 0x64
1000a4ce:	901a      	str	r0, [sp, #104]	@ 0x68
1000a4d0:	9b17      	ldr	r3, [sp, #92]	@ 0x5c
1000a4d2:	2200      	movs	r2, #0
1000a4d4:	930a      	str	r3, [sp, #40]	@ 0x28
1000a4d6:	9b16      	ldr	r3, [sp, #88]	@ 0x58
1000a4d8:	9226      	str	r2, [sp, #152]	@ 0x98
1000a4da:	930b      	str	r3, [sp, #44]	@ 0x2c
1000a4dc:	f04f 33ff 	mov.w	r3, #4294967295	@ 0xffffffff
1000a4e0:	9308      	str	r3, [sp, #32]
1000a4e2:	9b06      	ldr	r3, [sp, #24]
1000a4e4:	9209      	str	r2, [sp, #36]	@ 0x24
1000a4e6:	68db      	ldr	r3, [r3, #12]
1000a4e8:	9908      	ldr	r1, [sp, #32]
1000a4ea:	f341 0209 	sbfx	r2, r1, #0, #10
1000a4ee:	f1b2 3fff 	cmp.w	r2, #4294967295	@ 0xffffffff
1000a4f2:	bf08      	it	eq
1000a4f4:	3101      	addeq	r1, #1
1000a4f6:	9a09      	ldr	r2, [sp, #36]	@ 0x24
1000a4f8:	f3c1 0509 	ubfx	r5, r1, #0, #10
1000a4fc:	3204      	adds	r2, #4
1000a4fe:	4415      	add	r5, r2
1000a500:	429d      	cmp	r5, r3
1000a502:	f0c0 8176 	bcc.w	1000a7f2 <lfs_dir_compact+0x366>
1000a506:	9a0a      	ldr	r2, [sp, #40]	@ 0x28
1000a508:	2a00      	cmp	r2, #0
1000a50a:	f340 8284 	ble.w	1000aa16 <lfs_dir_compact+0x58a>
1000a50e:	990b      	ldr	r1, [sp, #44]	@ 0x2c
1000a510:	3a01      	subs	r2, #1
1000a512:	6848      	ldr	r0, [r1, #4]
1000a514:	920a      	str	r2, [sp, #40]	@ 0x28
1000a516:	680a      	ldr	r2, [r1, #0]
1000a518:	3108      	adds	r1, #8
1000a51a:	9227      	str	r2, [sp, #156]	@ 0x9c
1000a51c:	900c      	str	r0, [sp, #48]	@ 0x30
1000a51e:	910b      	str	r1, [sp, #44]	@ 0x2c
1000a520:	0054      	lsls	r4, r2, #1
1000a522:	d4e1      	bmi.n	1000a4e8 <lfs_dir_compact+0x5c>
1000a524:	e9dd b60a 	ldrd	fp, r6, [sp, #40]	@ 0x28
1000a528:	e9dd 7208 	ldrd	r7, r2, [sp, #32]
1000a52c:	46b0      	mov	r8, r6
1000a52e:	f8dd a018 	ldr.w	sl, [sp, #24]
1000a532:	463e      	mov	r6, r7
1000a534:	4617      	mov	r7, r2
1000a536:	e038      	b.n	1000a5aa <lfs_dir_compact+0x11e>
1000a538:	f1bb 0f00 	cmp.w	fp, #0
1000a53c:	f340 8124 	ble.w	1000a788 <lfs_dir_compact+0x2fc>
1000a540:	f8d8 3000 	ldr.w	r3, [r8]
1000a544:	f8d8 2004 	ldr.w	r2, [r8, #4]
1000a548:	f10b 3bff 	add.w	fp, fp, #4294967295	@ 0xffffffff
1000a54c:	9328      	str	r3, [sp, #160]	@ 0xa0
1000a54e:	9205      	str	r2, [sp, #20]
1000a550:	f108 0808 	add.w	r8, r8, #8
1000a554:	f3c3 520a 	ubfx	r2, r3, #20, #11
1000a558:	0d18      	lsrs	r0, r3, #20
1000a55a:	b322      	cbz	r2, 1000a5a6 <lfs_dir_compact+0x11a>
1000a55c:	f240 1401 	movw	r4, #257	@ 0x101
1000a560:	42a2      	cmp	r2, r4
1000a562:	d07b      	beq.n	1000a65c <lfs_dir_compact+0x1d0>
1000a564:	f5b2 7f81 	cmp.w	r2, #258	@ 0x102
1000a568:	d053      	beq.n	1000a612 <lfs_dir_compact+0x186>
1000a56a:	00dc      	lsls	r4, r3, #3
1000a56c:	bf48      	it	mi
1000a56e:	464c      	movmi	r4, r9
1000a570:	9a27      	ldr	r2, [sp, #156]	@ 0x9c
1000a572:	bf58      	it	pl
1000a574:	4c81      	ldrpl	r4, [pc, #516]	@ (1000a77c <lfs_dir_compact+0x2f0>)
1000a576:	ea82 0503 	eor.w	r5, r2, r3
1000a57a:	4225      	tst	r5, r4
1000a57c:	d06b      	beq.n	1000a656 <lfs_dir_compact+0x1ca>
1000a57e:	f342 0409 	sbfx	r4, r2, #0, #10
1000a582:	3401      	adds	r4, #1
1000a584:	d067      	beq.n	1000a656 <lfs_dir_compact+0x1ca>
1000a586:	4c7e      	ldr	r4, [pc, #504]	@ (1000a780 <lfs_dir_compact+0x2f4>)
1000a588:	ea03 0509 	and.w	r5, r3, r9
1000a58c:	4014      	ands	r4, r2
1000a58e:	f044 449f 	orr.w	r4, r4, #1333788672	@ 0x4f800000
1000a592:	f444 04e0 	orr.w	r4, r4, #7340032	@ 0x700000
1000a596:	42a5      	cmp	r5, r4
1000a598:	d05d      	beq.n	1000a656 <lfs_dir_compact+0x1ca>
1000a59a:	f400 61e0 	and.w	r1, r0, #1792	@ 0x700
1000a59e:	f5b1 6f80 	cmp.w	r1, #1024	@ 0x400
1000a5a2:	f000 811a 	beq.w	1000a7da <lfs_dir_compact+0x34e>
1000a5a6:	f8da 300c 	ldr.w	r3, [sl, #12]
1000a5aa:	f346 0209 	sbfx	r2, r6, #0, #10
1000a5ae:	f1b2 3fff 	cmp.w	r2, #4294967295	@ 0xffffffff
1000a5b2:	bf14      	ite	ne
1000a5b4:	4634      	movne	r4, r6
1000a5b6:	1c74      	addeq	r4, r6, #1
1000a5b8:	1d3a      	adds	r2, r7, #4
1000a5ba:	f3c4 0409 	ubfx	r4, r4, #0, #10
1000a5be:	4414      	add	r4, r2
1000a5c0:	429c      	cmp	r4, r3
1000a5c2:	d2b9      	bcs.n	1000a538 <lfs_dir_compact+0xac>
1000a5c4:	9b07      	ldr	r3, [sp, #28]
1000a5c6:	f8da 2000 	ldr.w	r2, [sl]
1000a5ca:	6e9b      	ldr	r3, [r3, #104]	@ 0x68
1000a5cc:	69d9      	ldr	r1, [r3, #28]
1000a5ce:	428a      	cmp	r2, r1
1000a5d0:	f080 827f 	bcs.w	1000aad2 <lfs_dir_compact+0x646>
1000a5d4:	699b      	ldr	r3, [r3, #24]
1000a5d6:	1d25      	adds	r5, r4, #4
1000a5d8:	429d      	cmp	r5, r3
1000a5da:	f200 827a 	bhi.w	1000aad2 <lfs_dir_compact+0x646>
1000a5de:	2104      	movs	r1, #4
1000a5e0:	ab28      	add	r3, sp, #160	@ 0xa0
1000a5e2:	9300      	str	r3, [sp, #0]
1000a5e4:	4864      	ldr	r0, [pc, #400]	@ (1000a778 <lfs_dir_compact+0x2ec>)
1000a5e6:	4623      	mov	r3, r4
1000a5e8:	9101      	str	r1, [sp, #4]
1000a5ea:	f7fb fea9 	bl	10006340 <lfs_bd_read.part.0.constprop.0>
1000a5ee:	2800      	cmp	r0, #0
1000a5f0:	f040 8209 	bne.w	1000aa06 <lfs_dir_compact+0x57a>
1000a5f4:	9b28      	ldr	r3, [sp, #160]	@ 0xa0
1000a5f6:	aa2e      	add	r2, sp, #184	@ 0xb8
1000a5f8:	ba1b      	rev	r3, r3
1000a5fa:	4073      	eors	r3, r6
1000a5fc:	f043 4600 	orr.w	r6, r3, #2147483648	@ 0x80000000
1000a600:	f8da 3000 	ldr.w	r3, [sl]
1000a604:	4627      	mov	r7, r4
1000a606:	932e      	str	r3, [sp, #184]	@ 0xb8
1000a608:	952f      	str	r5, [sp, #188]	@ 0xbc
1000a60a:	4633      	mov	r3, r6
1000a60c:	9628      	str	r6, [sp, #160]	@ 0xa0
1000a60e:	9205      	str	r2, [sp, #20]
1000a610:	e7a0      	b.n	1000a554 <lfs_dir_compact+0xc8>
1000a612:	f3c3 0409 	ubfx	r4, r3, #0, #10
1000a616:	2c00      	cmp	r4, #0
1000a618:	d0c5      	beq.n	1000a5a6 <lfs_dir_compact+0x11a>
1000a61a:	9905      	ldr	r1, [sp, #20]
1000a61c:	9d27      	ldr	r5, [sp, #156]	@ 0x9c
1000a61e:	f3c3 2389 	ubfx	r3, r3, #10, #10
1000a622:	eb04 0444 	add.w	r4, r4, r4, lsl #1
1000a626:	029b      	lsls	r3, r3, #10
1000a628:	f345 0c09 	sbfx	ip, r5, #0, #10
1000a62c:	eb01 0484 	add.w	r4, r1, r4, lsl #2
1000a630:	e004      	b.n	1000a63c <lfs_dir_compact+0x1b0>
1000a632:	f1bc 3fff 	cmp.w	ip, #4294967295	@ 0xffffffff
1000a636:	d00e      	beq.n	1000a656 <lfs_dir_compact+0x1ca>
1000a638:	42a1      	cmp	r1, r4
1000a63a:	d0b4      	beq.n	1000a5a6 <lfs_dir_compact+0x11a>
1000a63c:	7808      	ldrb	r0, [r1, #0]
1000a63e:	688a      	ldr	r2, [r1, #8]
1000a640:	f500 7040 	add.w	r0, r0, #768	@ 0x300
1000a644:	431a      	orrs	r2, r3
1000a646:	ea42 5200 	orr.w	r2, r2, r0, lsl #20
1000a64a:	406a      	eors	r2, r5
1000a64c:	ea12 0f09 	tst.w	r2, r9
1000a650:	f101 010c 	add.w	r1, r1, #12
1000a654:	d1ed      	bne.n	1000a632 <lfs_dir_compact+0x1a6>
1000a656:	9b06      	ldr	r3, [sp, #24]
1000a658:	68db      	ldr	r3, [r3, #12]
1000a65a:	e745      	b.n	1000a4e8 <lfs_dir_compact+0x5c>
1000a65c:	9a05      	ldr	r2, [sp, #20]
1000a65e:	68d2      	ldr	r2, [r2, #12]
1000a660:	2a04      	cmp	r2, #4
1000a662:	d9a0      	bls.n	1000a5a6 <lfs_dir_compact+0x11a>
1000a664:	f04f 0e04 	mov.w	lr, #4
1000a668:	f04f 35ff 	mov.w	r5, #4294967295	@ 0xffffffff
1000a66c:	4674      	mov	r4, lr
1000a66e:	f3c3 0c09 	ubfx	ip, r3, #0, #10
1000a672:	f3c3 2389 	ubfx	r3, r3, #10, #10
1000a676:	eba3 030c 	sub.w	r3, r3, ip
1000a67a:	9312      	str	r3, [sp, #72]	@ 0x48
1000a67c:	b29b      	uxth	r3, r3
1000a67e:	9313      	str	r3, [sp, #76]	@ 0x4c
1000a680:	f10c 0301 	add.w	r3, ip, #1
1000a684:	e9cd 680e 	strd	r6, r8, [sp, #56]	@ 0x38
1000a688:	9310      	str	r3, [sp, #64]	@ 0x40
1000a68a:	f8dd 8014 	ldr.w	r8, [sp, #20]
1000a68e:	f8cd c014 	str.w	ip, [sp, #20]
1000a692:	9b07      	ldr	r3, [sp, #28]
1000a694:	f8d8 2000 	ldr.w	r2, [r8]
1000a698:	6e9b      	ldr	r3, [r3, #104]	@ 0x68
1000a69a:	69d9      	ldr	r1, [r3, #28]
1000a69c:	428a      	cmp	r2, r1
1000a69e:	f080 8218 	bcs.w	1000aad2 <lfs_dir_compact+0x646>
1000a6a2:	699b      	ldr	r3, [r3, #24]
1000a6a4:	1d26      	adds	r6, r4, #4
1000a6a6:	429e      	cmp	r6, r3
1000a6a8:	f200 8213 	bhi.w	1000aad2 <lfs_dir_compact+0x646>
1000a6ac:	2104      	movs	r1, #4
1000a6ae:	9101      	str	r1, [sp, #4]
1000a6b0:	a929      	add	r1, sp, #164	@ 0xa4
1000a6b2:	9100      	str	r1, [sp, #0]
1000a6b4:	4623      	mov	r3, r4
1000a6b6:	2104      	movs	r1, #4
1000a6b8:	482f      	ldr	r0, [pc, #188]	@ (1000a778 <lfs_dir_compact+0x2ec>)
1000a6ba:	f7fb fe41 	bl	10006340 <lfs_bd_read.part.0.constprop.0>
1000a6be:	2800      	cmp	r0, #0
1000a6c0:	f040 81a1 	bne.w	1000aa06 <lfs_dir_compact+0x57a>
1000a6c4:	9b29      	ldr	r3, [sp, #164]	@ 0xa4
1000a6c6:	ba1b      	rev	r3, r3
1000a6c8:	406b      	eors	r3, r5
1000a6ca:	f043 4500 	orr.w	r5, r3, #2147483648	@ 0x80000000
1000a6ce:	f345 0309 	sbfx	r3, r5, #0, #10
1000a6d2:	f1b3 3fff 	cmp.w	r3, #4294967295	@ 0xffffffff
1000a6d6:	bf14      	ite	ne
1000a6d8:	462c      	movne	r4, r5
1000a6da:	1c6c      	addeq	r4, r5, #1
1000a6dc:	9529      	str	r5, [sp, #164]	@ 0xa4
1000a6de:	f8d8 c000 	ldr.w	ip, [r8]
1000a6e2:	f085 5300 	eor.w	r3, r5, #536870912	@ 0x20000000
1000a6e6:	f3c4 0409 	ubfx	r4, r4, #0, #10
1000a6ea:	f013 4fc0 	tst.w	r3, #1610612736	@ 0x60000000
1000a6ee:	e9cd c630 	strd	ip, r6, [sp, #192]	@ 0xc0
1000a6f2:	f8d8 200c 	ldr.w	r2, [r8, #12]
1000a6f6:	4434      	add	r4, r6
1000a6f8:	d139      	bne.n	1000a76e <lfs_dir_compact+0x2e2>
1000a6fa:	4294      	cmp	r4, r2
1000a6fc:	f0c0 80a1 	bcc.w	1000a842 <lfs_dir_compact+0x3b6>
1000a700:	462b      	mov	r3, r5
1000a702:	9805      	ldr	r0, [sp, #20]
1000a704:	f3c3 2189 	ubfx	r1, r3, #10, #10
1000a708:	4288      	cmp	r0, r1
1000a70a:	d830      	bhi.n	1000a76e <lfs_dir_compact+0x2e2>
1000a70c:	9810      	ldr	r0, [sp, #64]	@ 0x40
1000a70e:	4288      	cmp	r0, r1
1000a710:	d92d      	bls.n	1000a76e <lfs_dir_compact+0x2e2>
1000a712:	f3c3 500a 	ubfx	r0, r3, #20, #11
1000a716:	b350      	cbz	r0, 1000a76e <lfs_dir_compact+0x2e2>
1000a718:	f240 1601 	movw	r6, #257	@ 0x101
1000a71c:	42b0      	cmp	r0, r6
1000a71e:	f000 80fb 	beq.w	1000a918 <lfs_dir_compact+0x48c>
1000a722:	f5b0 7f81 	cmp.w	r0, #258	@ 0x102
1000a726:	f000 8334 	beq.w	1000ad92 <lfs_dir_compact+0x906>
1000a72a:	9912      	ldr	r1, [sp, #72]	@ 0x48
1000a72c:	9827      	ldr	r0, [sp, #156]	@ 0x9c
1000a72e:	eb03 2381 	add.w	r3, r3, r1, lsl #10
1000a732:	00de      	lsls	r6, r3, #3
1000a734:	bf4c      	ite	mi
1000a736:	4649      	movmi	r1, r9
1000a738:	4910      	ldrpl	r1, [pc, #64]	@ (1000a77c <lfs_dir_compact+0x2f0>)
1000a73a:	ea83 0600 	eor.w	r6, r3, r0
1000a73e:	420e      	tst	r6, r1
1000a740:	d089      	beq.n	1000a656 <lfs_dir_compact+0x1ca>
1000a742:	f340 0109 	sbfx	r1, r0, #0, #10
1000a746:	3101      	adds	r1, #1
1000a748:	d085      	beq.n	1000a656 <lfs_dir_compact+0x1ca>
1000a74a:	490d      	ldr	r1, [pc, #52]	@ (1000a780 <lfs_dir_compact+0x2f4>)
1000a74c:	ea03 0609 	and.w	r6, r3, r9
1000a750:	4001      	ands	r1, r0
1000a752:	f041 419f 	orr.w	r1, r1, #1333788672	@ 0x4f800000
1000a756:	f441 01e0 	orr.w	r1, r1, #7340032	@ 0x700000
1000a75a:	428e      	cmp	r6, r1
1000a75c:	f43f af7b 	beq.w	1000a656 <lfs_dir_compact+0x1ca>
1000a760:	0d19      	lsrs	r1, r3, #20
1000a762:	f401 66e0 	and.w	r6, r1, #1792	@ 0x700
1000a766:	f5b6 6f80 	cmp.w	r6, #1024	@ 0x400
1000a76a:	f000 834d 	beq.w	1000ae08 <lfs_dir_compact+0x97c>
1000a76e:	42a2      	cmp	r2, r4
1000a770:	d88f      	bhi.n	1000a692 <lfs_dir_compact+0x206>
1000a772:	e9dd 680e 	ldrd	r6, r8, [sp, #56]	@ 0x38
1000a776:	e716      	b.n	1000a5a6 <lfs_dir_compact+0x11a>
1000a778:	20001e00 	.word	0x20001e00
1000a77c:	700ffc00 	.word	0x700ffc00
1000a780:	000ffc00 	.word	0x000ffc00
1000a784:	7ffffc00 	.word	0x7ffffc00
1000a788:	9a27      	ldr	r2, [sp, #156]	@ 0x9c
1000a78a:	990d      	ldr	r1, [sp, #52]	@ 0x34
1000a78c:	f3c2 2089 	ubfx	r0, r2, #10, #10
1000a790:	4281      	cmp	r1, r0
1000a792:	f63f aea9 	bhi.w	1000a4e8 <lfs_dir_compact+0x5c>
1000a796:	9911      	ldr	r1, [sp, #68]	@ 0x44
1000a798:	4288      	cmp	r0, r1
1000a79a:	f4bf aea5 	bcs.w	1000a4e8 <lfs_dir_compact+0x5c>
1000a79e:	f3c2 510a 	ubfx	r1, r2, #20, #11
1000a7a2:	2900      	cmp	r1, #0
1000a7a4:	f43f aea0 	beq.w	1000a4e8 <lfs_dir_compact+0x5c>
1000a7a8:	f240 1401 	movw	r4, #257	@ 0x101
1000a7ac:	42a1      	cmp	r1, r4
1000a7ae:	f000 81a3 	beq.w	1000aaf8 <lfs_dir_compact+0x66c>
1000a7b2:	f5b1 7f81 	cmp.w	r1, #258	@ 0x102
1000a7b6:	f000 8216 	beq.w	1000abe6 <lfs_dir_compact+0x75a>
1000a7ba:	9919      	ldr	r1, [sp, #100]	@ 0x64
1000a7bc:	eb02 2181 	add.w	r1, r2, r1, lsl #10
1000a7c0:	f342 0209 	sbfx	r2, r2, #0, #10
1000a7c4:	f1b2 3fff 	cmp.w	r2, #4294967295	@ 0xffffffff
1000a7c8:	bf08      	it	eq
1000a7ca:	3101      	addeq	r1, #1
1000a7cc:	9a26      	ldr	r2, [sp, #152]	@ 0x98
1000a7ce:	1d10      	adds	r0, r2, #4
1000a7d0:	f3c1 0209 	ubfx	r2, r1, #0, #10
1000a7d4:	4402      	add	r2, r0
1000a7d6:	9226      	str	r2, [sp, #152]	@ 0x98
1000a7d8:	e686      	b.n	1000a4e8 <lfs_dir_compact+0x5c>
1000a7da:	f3c3 2389 	ubfx	r3, r3, #10, #10
1000a7de:	f3c2 2189 	ubfx	r1, r2, #10, #10
1000a7e2:	428b      	cmp	r3, r1
1000a7e4:	f63f aedf 	bhi.w	1000a5a6 <lfs_dir_compact+0x11a>
1000a7e8:	b240      	sxtb	r0, r0
1000a7ea:	eb02 2280 	add.w	r2, r2, r0, lsl #10
1000a7ee:	9227      	str	r2, [sp, #156]	@ 0x9c
1000a7f0:	e6d9      	b.n	1000a5a6 <lfs_dir_compact+0x11a>
1000a7f2:	9b07      	ldr	r3, [sp, #28]
1000a7f4:	9e06      	ldr	r6, [sp, #24]
1000a7f6:	6e9b      	ldr	r3, [r3, #104]	@ 0x68
1000a7f8:	6832      	ldr	r2, [r6, #0]
1000a7fa:	69d9      	ldr	r1, [r3, #28]
1000a7fc:	428a      	cmp	r2, r1
1000a7fe:	f080 8168 	bcs.w	1000aad2 <lfs_dir_compact+0x646>
1000a802:	699b      	ldr	r3, [r3, #24]
1000a804:	1d2c      	adds	r4, r5, #4
1000a806:	429c      	cmp	r4, r3
1000a808:	f200 8163 	bhi.w	1000aad2 <lfs_dir_compact+0x646>
1000a80c:	2104      	movs	r1, #4
1000a80e:	ab27      	add	r3, sp, #156	@ 0x9c
1000a810:	9300      	str	r3, [sp, #0]
1000a812:	48b5      	ldr	r0, [pc, #724]	@ (1000aae8 <lfs_dir_compact+0x65c>)
1000a814:	462b      	mov	r3, r5
1000a816:	9101      	str	r1, [sp, #4]
1000a818:	f7fb fd92 	bl	10006340 <lfs_bd_read.part.0.constprop.0>
1000a81c:	2800      	cmp	r0, #0
1000a81e:	f040 80f5 	bne.w	1000aa0c <lfs_dir_compact+0x580>
1000a822:	9b27      	ldr	r3, [sp, #156]	@ 0x9c
1000a824:	a92c      	add	r1, sp, #176	@ 0xb0
1000a826:	ba1a      	rev	r2, r3
1000a828:	9b08      	ldr	r3, [sp, #32]
1000a82a:	942d      	str	r4, [sp, #180]	@ 0xb4
1000a82c:	4053      	eors	r3, r2
1000a82e:	f043 4200 	orr.w	r2, r3, #2147483648	@ 0x80000000
1000a832:	6833      	ldr	r3, [r6, #0]
1000a834:	9509      	str	r5, [sp, #36]	@ 0x24
1000a836:	932c      	str	r3, [sp, #176]	@ 0xb0
1000a838:	9227      	str	r2, [sp, #156]	@ 0x9c
1000a83a:	68f3      	ldr	r3, [r6, #12]
1000a83c:	9208      	str	r2, [sp, #32]
1000a83e:	910c      	str	r1, [sp, #48]	@ 0x30
1000a840:	e66e      	b.n	1000a520 <lfs_dir_compact+0x94>
1000a842:	4662      	mov	r2, ip
1000a844:	4623      	mov	r3, r4
1000a846:	462e      	mov	r6, r5
1000a848:	9714      	str	r7, [sp, #80]	@ 0x50
1000a84a:	f8cd c060 	str.w	ip, [sp, #96]	@ 0x60
1000a84e:	9907      	ldr	r1, [sp, #28]
1000a850:	6e89      	ldr	r1, [r1, #104]	@ 0x68
1000a852:	69c8      	ldr	r0, [r1, #28]
1000a854:	4290      	cmp	r0, r2
1000a856:	f240 813c 	bls.w	1000aad2 <lfs_dir_compact+0x646>
1000a85a:	6989      	ldr	r1, [r1, #24]
1000a85c:	1d1f      	adds	r7, r3, #4
1000a85e:	428f      	cmp	r7, r1
1000a860:	f200 8137 	bhi.w	1000aad2 <lfs_dir_compact+0x646>
1000a864:	2104      	movs	r1, #4
1000a866:	9101      	str	r1, [sp, #4]
1000a868:	a932      	add	r1, sp, #200	@ 0xc8
1000a86a:	9100      	str	r1, [sp, #0]
1000a86c:	489e      	ldr	r0, [pc, #632]	@ (1000aae8 <lfs_dir_compact+0x65c>)
1000a86e:	2104      	movs	r1, #4
1000a870:	f7fb fd66 	bl	10006340 <lfs_bd_read.part.0.constprop.0>
1000a874:	2800      	cmp	r0, #0
1000a876:	f040 81eb 	bne.w	1000ac50 <lfs_dir_compact+0x7c4>
1000a87a:	9b32      	ldr	r3, [sp, #200]	@ 0xc8
1000a87c:	ba1b      	rev	r3, r3
1000a87e:	4073      	eors	r3, r6
1000a880:	f043 4600 	orr.w	r6, r3, #2147483648	@ 0x80000000
1000a884:	9632      	str	r6, [sp, #200]	@ 0xc8
1000a886:	f8d8 2000 	ldr.w	r2, [r8]
1000a88a:	0d31      	lsrs	r1, r6, #20
1000a88c:	e9cd 2736 	strd	r2, r7, [sp, #216]	@ 0xd8
1000a890:	f3c6 520a 	ubfx	r2, r6, #20, #11
1000a894:	b362      	cbz	r2, 1000a8f0 <lfs_dir_compact+0x464>
1000a896:	f240 1c01 	movw	ip, #257	@ 0x101
1000a89a:	4562      	cmp	r2, ip
1000a89c:	f000 81c7 	beq.w	1000ac2e <lfs_dir_compact+0x7a2>
1000a8a0:	f5b2 7f81 	cmp.w	r2, #258	@ 0x102
1000a8a4:	f000 80e8 	beq.w	1000aa78 <lfs_dir_compact+0x5ec>
1000a8a8:	00da      	lsls	r2, r3, #3
1000a8aa:	bf48      	it	mi
1000a8ac:	464a      	movmi	r2, r9
1000a8ae:	f8dd c0a4 	ldr.w	ip, [sp, #164]	@ 0xa4
1000a8b2:	bf58      	it	pl
1000a8b4:	4a8d      	ldrpl	r2, [pc, #564]	@ (1000aaec <lfs_dir_compact+0x660>)
1000a8b6:	ea86 0e0c 	eor.w	lr, r6, ip
1000a8ba:	ea1e 0f02 	tst.w	lr, r2
1000a8be:	f000 8104 	beq.w	1000aaca <lfs_dir_compact+0x63e>
1000a8c2:	f34c 0209 	sbfx	r2, ip, #0, #10
1000a8c6:	3201      	adds	r2, #1
1000a8c8:	f000 80ff 	beq.w	1000aaca <lfs_dir_compact+0x63e>
1000a8cc:	4a88      	ldr	r2, [pc, #544]	@ (1000aaf0 <lfs_dir_compact+0x664>)
1000a8ce:	ea03 0309 	and.w	r3, r3, r9
1000a8d2:	ea0c 0202 	and.w	r2, ip, r2
1000a8d6:	f042 429f 	orr.w	r2, r2, #1333788672	@ 0x4f800000
1000a8da:	f442 02e0 	orr.w	r2, r2, #7340032	@ 0x700000
1000a8de:	429a      	cmp	r2, r3
1000a8e0:	f000 80f3 	beq.w	1000aaca <lfs_dir_compact+0x63e>
1000a8e4:	f401 60e0 	and.w	r0, r1, #1792	@ 0x700
1000a8e8:	f5b0 6f80 	cmp.w	r0, #1024	@ 0x400
1000a8ec:	f000 8245 	beq.w	1000ad7a <lfs_dir_compact+0x8ee>
1000a8f0:	f346 0209 	sbfx	r2, r6, #0, #10
1000a8f4:	f1b2 3fff 	cmp.w	r2, #4294967295	@ 0xffffffff
1000a8f8:	bf14      	ite	ne
1000a8fa:	4633      	movne	r3, r6
1000a8fc:	1c73      	addeq	r3, r6, #1
1000a8fe:	f8d8 200c 	ldr.w	r2, [r8, #12]
1000a902:	f3c3 0309 	ubfx	r3, r3, #0, #10
1000a906:	443b      	add	r3, r7
1000a908:	4293      	cmp	r3, r2
1000a90a:	f0c0 80e8 	bcc.w	1000aade <lfs_dir_compact+0x652>
1000a90e:	9f14      	ldr	r7, [sp, #80]	@ 0x50
1000a910:	f8dd c060 	ldr.w	ip, [sp, #96]	@ 0x60
1000a914:	9b29      	ldr	r3, [sp, #164]	@ 0xa4
1000a916:	e6f4      	b.n	1000a702 <lfs_dir_compact+0x276>
1000a918:	9833      	ldr	r0, [sp, #204]	@ 0xcc
1000a91a:	2804      	cmp	r0, #4
1000a91c:	9018      	str	r0, [sp, #96]	@ 0x60
1000a91e:	f67f af26 	bls.w	1000a76e <lfs_dir_compact+0x2e2>
1000a922:	f3c3 0209 	ubfx	r2, r3, #0, #10
1000a926:	1a8b      	subs	r3, r1, r2
1000a928:	9913      	ldr	r1, [sp, #76]	@ 0x4c
1000a92a:	e9cd 7b1d 	strd	r7, fp, [sp, #116]	@ 0x74
1000a92e:	440b      	add	r3, r1
1000a930:	2104      	movs	r1, #4
1000a932:	4647      	mov	r7, r8
1000a934:	46ab      	mov	fp, r5
1000a936:	f04f 36ff 	mov.w	r6, #4294967295	@ 0xffffffff
1000a93a:	4665      	mov	r5, ip
1000a93c:	4688      	mov	r8, r1
1000a93e:	9220      	str	r2, [sp, #128]	@ 0x80
1000a940:	3201      	adds	r2, #1
1000a942:	9221      	str	r2, [sp, #132]	@ 0x84
1000a944:	b29a      	uxth	r2, r3
1000a946:	b21b      	sxth	r3, r3
1000a948:	9223      	str	r2, [sp, #140]	@ 0x8c
1000a94a:	9322      	str	r3, [sp, #136]	@ 0x88
1000a94c:	941f      	str	r4, [sp, #124]	@ 0x7c
1000a94e:	9b07      	ldr	r3, [sp, #28]
1000a950:	6e9b      	ldr	r3, [r3, #104]	@ 0x68
1000a952:	69da      	ldr	r2, [r3, #28]
1000a954:	4295      	cmp	r5, r2
1000a956:	f080 80bc 	bcs.w	1000aad2 <lfs_dir_compact+0x646>
1000a95a:	699b      	ldr	r3, [r3, #24]
1000a95c:	f108 0404 	add.w	r4, r8, #4
1000a960:	429c      	cmp	r4, r3
1000a962:	f200 80b6 	bhi.w	1000aad2 <lfs_dir_compact+0x646>
1000a966:	2204      	movs	r2, #4
1000a968:	9201      	str	r2, [sp, #4]
1000a96a:	aa2a      	add	r2, sp, #168	@ 0xa8
1000a96c:	9200      	str	r2, [sp, #0]
1000a96e:	4643      	mov	r3, r8
1000a970:	462a      	mov	r2, r5
1000a972:	2104      	movs	r1, #4
1000a974:	485c      	ldr	r0, [pc, #368]	@ (1000aae8 <lfs_dir_compact+0x65c>)
1000a976:	f7fb fce3 	bl	10006340 <lfs_bd_read.part.0.constprop.0>
1000a97a:	2800      	cmp	r0, #0
1000a97c:	d143      	bne.n	1000aa06 <lfs_dir_compact+0x57a>
1000a97e:	9b2a      	ldr	r3, [sp, #168]	@ 0xa8
1000a980:	e9cd 5432 	strd	r5, r4, [sp, #200]	@ 0xc8
1000a984:	ba1b      	rev	r3, r3
1000a986:	4073      	eors	r3, r6
1000a988:	f043 4600 	orr.w	r6, r3, #2147483648	@ 0x80000000
1000a98c:	f346 0209 	sbfx	r2, r6, #0, #10
1000a990:	f1b2 3fff 	cmp.w	r2, #4294967295	@ 0xffffffff
1000a994:	bf14      	ite	ne
1000a996:	4633      	movne	r3, r6
1000a998:	1c73      	addeq	r3, r6, #1
1000a99a:	f086 5200 	eor.w	r2, r6, #536870912	@ 0x20000000
1000a99e:	f3c3 0309 	ubfx	r3, r3, #0, #10
1000a9a2:	f012 4fc0 	tst.w	r2, #1610612736	@ 0x60000000
1000a9a6:	962a      	str	r6, [sp, #168]	@ 0xa8
1000a9a8:	eb03 0804 	add.w	r8, r3, r4
1000a9ac:	f040 82a8 	bne.w	1000af00 <lfs_dir_compact+0xa74>
1000a9b0:	9b18      	ldr	r3, [sp, #96]	@ 0x60
1000a9b2:	4543      	cmp	r3, r8
1000a9b4:	f200 8234 	bhi.w	1000ae20 <lfs_dir_compact+0x994>
1000a9b8:	9b20      	ldr	r3, [sp, #128]	@ 0x80
1000a9ba:	f3c6 2189 	ubfx	r1, r6, #10, #10
1000a9be:	428b      	cmp	r3, r1
1000a9c0:	f200 82a2 	bhi.w	1000af08 <lfs_dir_compact+0xa7c>
1000a9c4:	9b21      	ldr	r3, [sp, #132]	@ 0x84
1000a9c6:	428b      	cmp	r3, r1
1000a9c8:	f240 829e 	bls.w	1000af08 <lfs_dir_compact+0xa7c>
1000a9cc:	4633      	mov	r3, r6
1000a9ce:	f3c3 520a 	ubfx	r2, r3, #20, #11
1000a9d2:	2a00      	cmp	r2, #0
1000a9d4:	f000 8294 	beq.w	1000af00 <lfs_dir_compact+0xa74>
1000a9d8:	f240 1001 	movw	r0, #257	@ 0x101
1000a9dc:	4282      	cmp	r2, r0
1000a9de:	f041 80ad 	bne.w	1000bb3c <lfs_dir_compact+0x16b0>
1000a9e2:	f3c3 0209 	ubfx	r2, r3, #0, #10
1000a9e6:	1a8b      	subs	r3, r1, r2
1000a9e8:	9923      	ldr	r1, [sp, #140]	@ 0x8c
1000a9ea:	a832      	add	r0, sp, #200	@ 0xc8
1000a9ec:	440b      	add	r3, r1
1000a9ee:	4941      	ldr	r1, [pc, #260]	@ (1000aaf4 <lfs_dir_compact+0x668>)
1000a9f0:	b21b      	sxth	r3, r3
1000a9f2:	9100      	str	r1, [sp, #0]
1000a9f4:	a927      	add	r1, sp, #156	@ 0x9c
1000a9f6:	9101      	str	r1, [sp, #4]
1000a9f8:	4611      	mov	r1, r2
1000a9fa:	3201      	adds	r2, #1
1000a9fc:	f7fe fbc4 	bl	10009188 <lfs_dir_traverse.constprop.2>
1000aa00:	2800      	cmp	r0, #0
1000aa02:	f000 827d 	beq.w	1000af00 <lfs_dir_compact+0xa74>
1000aa06:	2800      	cmp	r0, #0
1000aa08:	f6bf ae25 	bge.w	1000a656 <lfs_dir_compact+0x1ca>
1000aa0c:	4682      	mov	sl, r0
1000aa0e:	4650      	mov	r0, sl
1000aa10:	b03f      	add	sp, #252	@ 0xfc
1000aa12:	e8bd 8ff0 	ldmia.w	sp!, {r4, r5, r6, r7, r8, r9, sl, fp, pc}
1000aa16:	9b07      	ldr	r3, [sp, #28]
1000aa18:	6e9a      	ldr	r2, [r3, #104]	@ 0x68
1000aa1a:	9b15      	ldr	r3, [sp, #84]	@ 0x54
1000aa1c:	2bfe      	cmp	r3, #254	@ 0xfe
1000aa1e:	dc14      	bgt.n	1000aa4a <lfs_dir_compact+0x5be>
1000aa20:	6995      	ldr	r5, [r2, #24]
1000aa22:	6c51      	ldr	r1, [r2, #68]	@ 0x44
1000aa24:	f1a5 0024 	sub.w	r0, r5, #36	@ 0x24
1000aa28:	2900      	cmp	r1, #0
1000aa2a:	d05b      	beq.n	1000aae4 <lfs_dir_compact+0x658>
1000aa2c:	084d      	lsrs	r5, r1, #1
1000aa2e:	6954      	ldr	r4, [r2, #20]
1000aa30:	9926      	ldr	r1, [sp, #152]	@ 0x98
1000aa32:	1e63      	subs	r3, r4, #1
1000aa34:	442b      	add	r3, r5
1000aa36:	fbb3 f3f4 	udiv	r3, r3, r4
1000aa3a:	fb04 f303 	mul.w	r3, r4, r3
1000aa3e:	4283      	cmp	r3, r0
1000aa40:	bf28      	it	cs
1000aa42:	4603      	movcs	r3, r0
1000aa44:	4299      	cmp	r1, r3
1000aa46:	f240 830e 	bls.w	1000b066 <lfs_dir_compact+0xbda>
1000aa4a:	69d3      	ldr	r3, [r2, #28]
1000aa4c:	9d07      	ldr	r5, [sp, #28]
1000aa4e:	a836      	add	r0, sp, #216	@ 0xd8
1000aa50:	662b      	str	r3, [r5, #96]	@ 0x60
1000aa52:	f7fd fe91 	bl	10008778 <lfs_dir_alloc>
1000aa56:	2800      	cmp	r0, #0
1000aa58:	f000 8101 	beq.w	1000ac5e <lfs_dir_compact+0x7d2>
1000aa5c:	f110 0f0b 	cmn.w	r0, #11
1000aa60:	4682      	mov	sl, r0
1000aa62:	9e1a      	ldr	r6, [sp, #104]	@ 0x68
1000aa64:	d1d3      	bne.n	1000aa0e <lfs_dir_compact+0x582>
1000aa66:	9b07      	ldr	r3, [sp, #28]
1000aa68:	9926      	ldr	r1, [sp, #152]	@ 0x98
1000aa6a:	6e9a      	ldr	r2, [r3, #104]	@ 0x68
1000aa6c:	6993      	ldr	r3, [r2, #24]
1000aa6e:	3b24      	subs	r3, #36	@ 0x24
1000aa70:	428b      	cmp	r3, r1
1000aa72:	d3cc      	bcc.n	1000aa0e <lfs_dir_compact+0x582>
1000aa74:	9c11      	ldr	r4, [sp, #68]	@ 0x44
1000aa76:	e12d      	b.n	1000acd4 <lfs_dir_compact+0x848>
1000aa78:	f3c3 0309 	ubfx	r3, r3, #0, #10
1000aa7c:	2b00      	cmp	r3, #0
1000aa7e:	f43f af37 	beq.w	1000a8f0 <lfs_dir_compact+0x464>
1000aa82:	f8dd e0a4 	ldr.w	lr, [sp, #164]	@ 0xa4
1000aa86:	f3c6 2c89 	ubfx	ip, r6, #10, #10
1000aa8a:	eb03 0343 	add.w	r3, r3, r3, lsl #1
1000aa8e:	a936      	add	r1, sp, #216	@ 0xd8
1000aa90:	f34e 0209 	sbfx	r2, lr, #0, #10
1000aa94:	961d      	str	r6, [sp, #116]	@ 0x74
1000aa96:	ea4f 2c8c 	mov.w	ip, ip, lsl #10
1000aa9a:	4616      	mov	r6, r2
1000aa9c:	eb01 0383 	add.w	r3, r1, r3, lsl #2
1000aaa0:	e004      	b.n	1000aaac <lfs_dir_compact+0x620>
1000aaa2:	1c70      	adds	r0, r6, #1
1000aaa4:	d011      	beq.n	1000aaca <lfs_dir_compact+0x63e>
1000aaa6:	4299      	cmp	r1, r3
1000aaa8:	f000 819f 	beq.w	1000adea <lfs_dir_compact+0x95e>
1000aaac:	7808      	ldrb	r0, [r1, #0]
1000aaae:	688a      	ldr	r2, [r1, #8]
1000aab0:	f500 7040 	add.w	r0, r0, #768	@ 0x300
1000aab4:	ea4c 0202 	orr.w	r2, ip, r2
1000aab8:	ea42 5200 	orr.w	r2, r2, r0, lsl #20
1000aabc:	ea82 020e 	eor.w	r2, r2, lr
1000aac0:	ea12 0f09 	tst.w	r2, r9
1000aac4:	f101 010c 	add.w	r1, r1, #12
1000aac8:	d1eb      	bne.n	1000aaa2 <lfs_dir_compact+0x616>
1000aaca:	9f14      	ldr	r7, [sp, #80]	@ 0x50
1000aacc:	f8d8 200c 	ldr.w	r2, [r8, #12]
1000aad0:	e64d      	b.n	1000a76e <lfs_dir_compact+0x2e2>
1000aad2:	f06f 0a01 	mvn.w	sl, #1
1000aad6:	4650      	mov	r0, sl
1000aad8:	b03f      	add	sp, #252	@ 0xfc
1000aada:	e8bd 8ff0 	ldmia.w	sp!, {r4, r5, r6, r7, r8, r9, sl, fp, pc}
1000aade:	f8d8 2000 	ldr.w	r2, [r8]
1000aae2:	e6b4      	b.n	1000a84e <lfs_dir_compact+0x3c2>
1000aae4:	086d      	lsrs	r5, r5, #1
1000aae6:	e7a2      	b.n	1000aa2e <lfs_dir_compact+0x5a2>
1000aae8:	20001e00 	.word	0x20001e00
1000aaec:	700ffc00 	.word	0x700ffc00
1000aaf0:	000ffc00 	.word	0x000ffc00
1000aaf4:	100062b1 	.word	0x100062b1
1000aaf8:	990c      	ldr	r1, [sp, #48]	@ 0x30
1000aafa:	68c9      	ldr	r1, [r1, #12]
1000aafc:	2904      	cmp	r1, #4
1000aafe:	f67f acf3 	bls.w	1000a4e8 <lfs_dir_compact+0x5c>
1000ab02:	f04f 0e04 	mov.w	lr, #4
1000ab06:	f04f 35ff 	mov.w	r5, #4294967295	@ 0xffffffff
1000ab0a:	46f0      	mov	r8, lr
1000ab0c:	f3c2 0209 	ubfx	r2, r2, #0, #10
1000ab10:	990d      	ldr	r1, [sp, #52]	@ 0x34
1000ab12:	1a83      	subs	r3, r0, r2
1000ab14:	1a5b      	subs	r3, r3, r1
1000ab16:	921e      	str	r2, [sp, #120]	@ 0x78
1000ab18:	3201      	adds	r2, #1
1000ab1a:	462e      	mov	r6, r5
1000ab1c:	921f      	str	r2, [sp, #124]	@ 0x7c
1000ab1e:	9d0c      	ldr	r5, [sp, #48]	@ 0x30
1000ab20:	b29a      	uxth	r2, r3
1000ab22:	b21b      	sxth	r3, r3
1000ab24:	921d      	str	r2, [sp, #116]	@ 0x74
1000ab26:	9312      	str	r3, [sp, #72]	@ 0x48
1000ab28:	9b07      	ldr	r3, [sp, #28]
1000ab2a:	682a      	ldr	r2, [r5, #0]
1000ab2c:	6e9b      	ldr	r3, [r3, #104]	@ 0x68
1000ab2e:	69d9      	ldr	r1, [r3, #28]
1000ab30:	428a      	cmp	r2, r1
1000ab32:	d2ce      	bcs.n	1000aad2 <lfs_dir_compact+0x646>
1000ab34:	699b      	ldr	r3, [r3, #24]
1000ab36:	f108 0704 	add.w	r7, r8, #4
1000ab3a:	429f      	cmp	r7, r3
1000ab3c:	d8c9      	bhi.n	1000aad2 <lfs_dir_compact+0x646>
1000ab3e:	2104      	movs	r1, #4
1000ab40:	9101      	str	r1, [sp, #4]
1000ab42:	a928      	add	r1, sp, #160	@ 0xa0
1000ab44:	9100      	str	r1, [sp, #0]
1000ab46:	4643      	mov	r3, r8
1000ab48:	2104      	movs	r1, #4
1000ab4a:	48a9      	ldr	r0, [pc, #676]	@ (1000adf0 <lfs_dir_compact+0x964>)
1000ab4c:	f7fb fbf8 	bl	10006340 <lfs_bd_read.part.0.constprop.0>
1000ab50:	2800      	cmp	r0, #0
1000ab52:	f47f af5b 	bne.w	1000aa0c <lfs_dir_compact+0x580>
1000ab56:	9b28      	ldr	r3, [sp, #160]	@ 0xa0
1000ab58:	972f      	str	r7, [sp, #188]	@ 0xbc
1000ab5a:	ba1b      	rev	r3, r3
1000ab5c:	4073      	eors	r3, r6
1000ab5e:	f043 4600 	orr.w	r6, r3, #2147483648	@ 0x80000000
1000ab62:	f346 0209 	sbfx	r2, r6, #0, #10
1000ab66:	f1b2 3fff 	cmp.w	r2, #4294967295	@ 0xffffffff
1000ab6a:	bf14      	ite	ne
1000ab6c:	4633      	movne	r3, r6
1000ab6e:	1c73      	addeq	r3, r6, #1
1000ab70:	9628      	str	r6, [sp, #160]	@ 0xa0
1000ab72:	682a      	ldr	r2, [r5, #0]
1000ab74:	f3c3 0309 	ubfx	r3, r3, #0, #10
1000ab78:	9213      	str	r2, [sp, #76]	@ 0x4c
1000ab7a:	922e      	str	r2, [sp, #184]	@ 0xb8
1000ab7c:	f086 5200 	eor.w	r2, r6, #536870912	@ 0x20000000
1000ab80:	f012 4fc0 	tst.w	r2, #1610612736	@ 0x60000000
1000ab84:	eb03 0807 	add.w	r8, r3, r7
1000ab88:	68ea      	ldr	r2, [r5, #12]
1000ab8a:	d127      	bne.n	1000abdc <lfs_dir_compact+0x750>
1000ab8c:	4590      	cmp	r8, r2
1000ab8e:	f0c0 81c3 	bcc.w	1000af18 <lfs_dir_compact+0xa8c>
1000ab92:	4633      	mov	r3, r6
1000ab94:	981e      	ldr	r0, [sp, #120]	@ 0x78
1000ab96:	f3c3 2189 	ubfx	r1, r3, #10, #10
1000ab9a:	4288      	cmp	r0, r1
1000ab9c:	d81e      	bhi.n	1000abdc <lfs_dir_compact+0x750>
1000ab9e:	981f      	ldr	r0, [sp, #124]	@ 0x7c
1000aba0:	4288      	cmp	r0, r1
1000aba2:	d91b      	bls.n	1000abdc <lfs_dir_compact+0x750>
1000aba4:	f3c3 500a 	ubfx	r0, r3, #20, #11
1000aba8:	b1c0      	cbz	r0, 1000abdc <lfs_dir_compact+0x750>
1000abaa:	f240 1701 	movw	r7, #257	@ 0x101
1000abae:	42b8      	cmp	r0, r7
1000abb0:	f001 805e 	beq.w	1000bc70 <lfs_dir_compact+0x17e4>
1000abb4:	f5b0 7f81 	cmp.w	r0, #258	@ 0x102
1000abb8:	f000 87f4 	beq.w	1000bba4 <lfs_dir_compact+0x1718>
1000abbc:	9912      	ldr	r1, [sp, #72]	@ 0x48
1000abbe:	f343 0009 	sbfx	r0, r3, #0, #10
1000abc2:	eb03 2181 	add.w	r1, r3, r1, lsl #10
1000abc6:	f1b0 3fff 	cmp.w	r0, #4294967295	@ 0xffffffff
1000abca:	bf14      	ite	ne
1000abcc:	460b      	movne	r3, r1
1000abce:	1c4b      	addeq	r3, r1, #1
1000abd0:	9926      	ldr	r1, [sp, #152]	@ 0x98
1000abd2:	f3c3 0309 	ubfx	r3, r3, #0, #10
1000abd6:	3104      	adds	r1, #4
1000abd8:	440b      	add	r3, r1
1000abda:	9326      	str	r3, [sp, #152]	@ 0x98
1000abdc:	4542      	cmp	r2, r8
1000abde:	d8a3      	bhi.n	1000ab28 <lfs_dir_compact+0x69c>
1000abe0:	9b06      	ldr	r3, [sp, #24]
1000abe2:	68db      	ldr	r3, [r3, #12]
1000abe4:	e480      	b.n	1000a4e8 <lfs_dir_compact+0x5c>
1000abe6:	f3c2 0209 	ubfx	r2, r2, #0, #10
1000abea:	2a00      	cmp	r2, #0
1000abec:	f43f ac7c 	beq.w	1000a4e8 <lfs_dir_compact+0x5c>
1000abf0:	9919      	ldr	r1, [sp, #100]	@ 0x64
1000abf2:	9c0c      	ldr	r4, [sp, #48]	@ 0x30
1000abf4:	4408      	add	r0, r1
1000abf6:	eb02 0242 	add.w	r2, r2, r2, lsl #1
1000abfa:	9d26      	ldr	r5, [sp, #152]	@ 0x98
1000abfc:	0280      	lsls	r0, r0, #10
1000abfe:	eb04 0182 	add.w	r1, r4, r2, lsl #2
1000ac02:	7822      	ldrb	r2, [r4, #0]
1000ac04:	68a6      	ldr	r6, [r4, #8]
1000ac06:	f502 7240 	add.w	r2, r2, #768	@ 0x300
1000ac0a:	4306      	orrs	r6, r0
1000ac0c:	ea46 5202 	orr.w	r2, r6, r2, lsl #20
1000ac10:	f346 0609 	sbfx	r6, r6, #0, #10
1000ac14:	f1b6 3fff 	cmp.w	r6, #4294967295	@ 0xffffffff
1000ac18:	bf08      	it	eq
1000ac1a:	3201      	addeq	r2, #1
1000ac1c:	340c      	adds	r4, #12
1000ac1e:	f3c2 0209 	ubfx	r2, r2, #0, #10
1000ac22:	3204      	adds	r2, #4
1000ac24:	428c      	cmp	r4, r1
1000ac26:	4415      	add	r5, r2
1000ac28:	d1eb      	bne.n	1000ac02 <lfs_dir_compact+0x776>
1000ac2a:	9526      	str	r5, [sp, #152]	@ 0x98
1000ac2c:	e45c      	b.n	1000a4e8 <lfs_dir_compact+0x5c>
1000ac2e:	f3c3 0209 	ubfx	r2, r3, #0, #10
1000ac32:	ab29      	add	r3, sp, #164	@ 0xa4
1000ac34:	9301      	str	r3, [sp, #4]
1000ac36:	4b6f      	ldr	r3, [pc, #444]	@ (1000adf4 <lfs_dir_compact+0x968>)
1000ac38:	4611      	mov	r1, r2
1000ac3a:	9300      	str	r3, [sp, #0]
1000ac3c:	f3c6 2389 	ubfx	r3, r6, #10, #10
1000ac40:	1a9b      	subs	r3, r3, r2
1000ac42:	a836      	add	r0, sp, #216	@ 0xd8
1000ac44:	3201      	adds	r2, #1
1000ac46:	f7fe fa9f 	bl	10009188 <lfs_dir_traverse.constprop.2>
1000ac4a:	2800      	cmp	r0, #0
1000ac4c:	f43f ae50 	beq.w	1000a8f0 <lfs_dir_compact+0x464>
1000ac50:	2800      	cmp	r0, #0
1000ac52:	9f14      	ldr	r7, [sp, #80]	@ 0x50
1000ac54:	f6ff aeda 	blt.w	1000aa0c <lfs_dir_compact+0x580>
1000ac58:	f8d8 200c 	ldr.w	r2, [r8, #12]
1000ac5c:	e587      	b.n	1000a76e <lfs_dir_compact+0x2e2>
1000ac5e:	9b0d      	ldr	r3, [sp, #52]	@ 0x34
1000ac60:	9a15      	ldr	r2, [sp, #84]	@ 0x54
1000ac62:	9f1a      	ldr	r7, [sp, #104]	@ 0x68
1000ac64:	eb03 0462 	add.w	r4, r3, r2, asr #1
1000ac68:	9b11      	ldr	r3, [sp, #68]	@ 0x44
1000ac6a:	b2a4      	uxth	r4, r4
1000ac6c:	e9cd 4300 	strd	r4, r3, [sp]
1000ac70:	e9dd 1216 	ldrd	r1, r2, [sp, #88]	@ 0x58
1000ac74:	7dfb      	ldrb	r3, [r7, #23]
1000ac76:	a836      	add	r0, sp, #216	@ 0xd8
1000ac78:	f88d 30ef 	strb.w	r3, [sp, #239]	@ 0xef
1000ac7c:	69fb      	ldr	r3, [r7, #28]
1000ac7e:	933d      	str	r3, [sp, #244]	@ 0xf4
1000ac80:	69bb      	ldr	r3, [r7, #24]
1000ac82:	933c      	str	r3, [sp, #240]	@ 0xf0
1000ac84:	9b06      	ldr	r3, [sp, #24]
1000ac86:	f7ff fc01 	bl	1000a48c <lfs_dir_compact>
1000ac8a:	2800      	cmp	r0, #0
1000ac8c:	f47f aee6 	bne.w	1000aa5c <lfs_dir_compact+0x5d0>
1000ac90:	2301      	movs	r3, #1
1000ac92:	9a36      	ldr	r2, [sp, #216]	@ 0xd8
1000ac94:	75fb      	strb	r3, [r7, #23]
1000ac96:	9b37      	ldr	r3, [sp, #220]	@ 0xdc
1000ac98:	61ba      	str	r2, [r7, #24]
1000ac9a:	61fb      	str	r3, [r7, #28]
1000ac9c:	6838      	ldr	r0, [r7, #0]
1000ac9e:	6a29      	ldr	r1, [r5, #32]
1000aca0:	462e      	mov	r6, r5
1000aca2:	4288      	cmp	r0, r1
1000aca4:	d00f      	beq.n	1000acc6 <lfs_dir_compact+0x83a>
1000aca6:	687d      	ldr	r5, [r7, #4]
1000aca8:	6a76      	ldr	r6, [r6, #36]	@ 0x24
1000acaa:	42b5      	cmp	r5, r6
1000acac:	d00b      	beq.n	1000acc6 <lfs_dir_compact+0x83a>
1000acae:	42b0      	cmp	r0, r6
1000acb0:	d009      	beq.n	1000acc6 <lfs_dir_compact+0x83a>
1000acb2:	42a9      	cmp	r1, r5
1000acb4:	d007      	beq.n	1000acc6 <lfs_dir_compact+0x83a>
1000acb6:	9b0d      	ldr	r3, [sp, #52]	@ 0x34
1000acb8:	1ae3      	subs	r3, r4, r3
1000acba:	2b01      	cmp	r3, #1
1000acbc:	9315      	str	r3, [sp, #84]	@ 0x54
1000acbe:	f340 8436 	ble.w	1000b52e <lfs_dir_compact+0x10a2>
1000acc2:	9411      	str	r4, [sp, #68]	@ 0x44
1000acc4:	e404      	b.n	1000a4d0 <lfs_dir_compact+0x44>
1000acc6:	2c00      	cmp	r4, #0
1000acc8:	d1f5      	bne.n	1000acb6 <lfs_dir_compact+0x82a>
1000acca:	9907      	ldr	r1, [sp, #28]
1000accc:	9e1a      	ldr	r6, [sp, #104]	@ 0x68
1000acce:	e9c1 2308 	strd	r2, r3, [r1, #32]
1000acd2:	6e8a      	ldr	r2, [r1, #104]	@ 0x68
1000acd4:	68b5      	ldr	r5, [r6, #8]
1000acd6:	6a13      	ldr	r3, [r2, #32]
1000acd8:	3501      	adds	r5, #1
1000acda:	2b00      	cmp	r3, #0
1000acdc:	60b5      	str	r5, [r6, #8]
1000acde:	dd09      	ble.n	1000acf4 <lfs_dir_compact+0x868>
1000ace0:	3301      	adds	r3, #1
1000ace2:	f043 0301 	orr.w	r3, r3, #1
1000ace6:	fbb5 f1f3 	udiv	r1, r5, r3
1000acea:	fb03 5511 	mls	r5, r3, r1, r5
1000acee:	2d00      	cmp	r5, #0
1000acf0:	f000 8179 	beq.w	1000afe6 <lfs_dir_compact+0xb5a>
1000acf4:	2700      	movs	r7, #0
1000acf6:	6870      	ldr	r0, [r6, #4]
1000acf8:	2500      	movs	r5, #0
1000acfa:	f04f 31ff 	mov.w	r1, #4294967295	@ 0xffffffff
1000acfe:	6c53      	ldr	r3, [r2, #68]	@ 0x44
1000ad00:	9036      	str	r0, [sp, #216]	@ 0xd8
1000ad02:	e9cd 1138 	strd	r1, r1, [sp, #224]	@ 0xe0
1000ad06:	9537      	str	r5, [sp, #220]	@ 0xdc
1000ad08:	953a      	str	r5, [sp, #232]	@ 0xe8
1000ad0a:	b903      	cbnz	r3, 1000ad0e <lfs_dir_compact+0x882>
1000ad0c:	6993      	ldr	r3, [r2, #24]
1000ad0e:	3b08      	subs	r3, #8
1000ad10:	933b      	str	r3, [sp, #236]	@ 0xec
1000ad12:	68d3      	ldr	r3, [r2, #12]
1000ad14:	4798      	blx	r3
1000ad16:	4682      	mov	sl, r0
1000ad18:	2800      	cmp	r0, #0
1000ad1a:	f000 81b1 	beq.w	1000b080 <lfs_dir_compact+0xbf4>
1000ad1e:	f11a 0f02 	cmn.w	sl, #2
1000ad22:	f47f ae74 	bne.w	1000aa0e <lfs_dir_compact+0x582>
1000ad26:	f04f 33ff 	mov.w	r3, #4294967295	@ 0xffffffff
1000ad2a:	9a07      	ldr	r2, [sp, #28]
1000ad2c:	4932      	ldr	r1, [pc, #200]	@ (1000adf8 <lfs_dir_compact+0x96c>)
1000ad2e:	6113      	str	r3, [r2, #16]
1000ad30:	4b32      	ldr	r3, [pc, #200]	@ (1000adfc <lfs_dir_compact+0x970>)
1000ad32:	f240 628a 	movw	r2, #1674	@ 0x68a
1000ad36:	9300      	str	r3, [sp, #0]
1000ad38:	6873      	ldr	r3, [r6, #4]
1000ad3a:	4831      	ldr	r0, [pc, #196]	@ (1000ae00 <lfs_dir_compact+0x974>)
1000ad3c:	f7f9 f846 	bl	10003dcc <__wrap_printf>
1000ad40:	2700      	movs	r7, #0
1000ad42:	6833      	ldr	r3, [r6, #0]
1000ad44:	2b00      	cmp	r3, #0
1000ad46:	f001 805a 	beq.w	1000bdfe <lfs_dir_compact+0x1972>
1000ad4a:	6872      	ldr	r2, [r6, #4]
1000ad4c:	2a01      	cmp	r2, #1
1000ad4e:	f241 8056 	bls.w	1000bdfe <lfs_dir_compact+0x1972>
1000ad52:	2b01      	cmp	r3, #1
1000ad54:	f001 8053 	beq.w	1000bdfe <lfs_dir_compact+0x1972>
1000ad58:	1d30      	adds	r0, r6, #4
1000ad5a:	f7fd fa25 	bl	100081a8 <lfs_alloc>
1000ad5e:	4682      	mov	sl, r0
1000ad60:	2800      	cmp	r0, #0
1000ad62:	f001 8046 	beq.w	1000bdf2 <lfs_dir_compact+0x1966>
1000ad66:	f110 0f0b 	cmn.w	r0, #11
1000ad6a:	f47f ae50 	bne.w	1000aa0e <lfs_dir_compact+0x582>
1000ad6e:	2f00      	cmp	r7, #0
1000ad70:	f040 83ac 	bne.w	1000b4cc <lfs_dir_compact+0x1040>
1000ad74:	f06f 0a0a 	mvn.w	sl, #10
1000ad78:	e649      	b.n	1000aa0e <lfs_dir_compact+0x582>
1000ad7a:	f3c6 2389 	ubfx	r3, r6, #10, #10
1000ad7e:	f3cc 2289 	ubfx	r2, ip, #10, #10
1000ad82:	4293      	cmp	r3, r2
1000ad84:	f63f adb4 	bhi.w	1000a8f0 <lfs_dir_compact+0x464>
1000ad88:	b249      	sxtb	r1, r1
1000ad8a:	eb0c 2181 	add.w	r1, ip, r1, lsl #10
1000ad8e:	9129      	str	r1, [sp, #164]	@ 0xa4
1000ad90:	e5ae      	b.n	1000a8f0 <lfs_dir_compact+0x464>
1000ad92:	f3c3 0309 	ubfx	r3, r3, #0, #10
1000ad96:	2b00      	cmp	r3, #0
1000ad98:	f43f ace9 	beq.w	1000a76e <lfs_dir_compact+0x2e2>
1000ad9c:	9812      	ldr	r0, [sp, #72]	@ 0x48
1000ad9e:	9e27      	ldr	r6, [sp, #156]	@ 0x9c
1000ada0:	4401      	add	r1, r0
1000ada2:	eb03 0343 	add.w	r3, r3, r3, lsl #1
1000ada6:	ea4f 2c81 	mov.w	ip, r1, lsl #10
1000adaa:	a930      	add	r1, sp, #192	@ 0xc0
1000adac:	eb01 0e83 	add.w	lr, r1, r3, lsl #2
1000adb0:	f346 0309 	sbfx	r3, r6, #0, #10
1000adb4:	9314      	str	r3, [sp, #80]	@ 0x50
1000adb6:	e006      	b.n	1000adc6 <lfs_dir_compact+0x93a>
1000adb8:	9b14      	ldr	r3, [sp, #80]	@ 0x50
1000adba:	3301      	adds	r3, #1
1000adbc:	f43f ac4b 	beq.w	1000a656 <lfs_dir_compact+0x1ca>
1000adc0:	4571      	cmp	r1, lr
1000adc2:	f43f acd4 	beq.w	1000a76e <lfs_dir_compact+0x2e2>
1000adc6:	7808      	ldrb	r0, [r1, #0]
1000adc8:	688b      	ldr	r3, [r1, #8]
1000adca:	f500 7040 	add.w	r0, r0, #768	@ 0x300
1000adce:	ea4c 0303 	orr.w	r3, ip, r3
1000add2:	ea43 5300 	orr.w	r3, r3, r0, lsl #20
1000add6:	480b      	ldr	r0, [pc, #44]	@ (1000ae04 <lfs_dir_compact+0x978>)
1000add8:	4073      	eors	r3, r6
1000adda:	4203      	tst	r3, r0
1000addc:	f101 010c 	add.w	r1, r1, #12
1000ade0:	d1ea      	bne.n	1000adb8 <lfs_dir_compact+0x92c>
1000ade2:	9b06      	ldr	r3, [sp, #24]
1000ade4:	68db      	ldr	r3, [r3, #12]
1000ade6:	f7ff bb7f 	b.w	1000a4e8 <lfs_dir_compact+0x5c>
1000adea:	9e1d      	ldr	r6, [sp, #116]	@ 0x74
1000adec:	e580      	b.n	1000a8f0 <lfs_dir_compact+0x464>
1000adee:	bf00      	nop
1000adf0:	20001e00 	.word	0x20001e00
1000adf4:	100062b1 	.word	0x100062b1
1000adf8:	1000d2a8 	.word	0x1000d2a8
1000adfc:	1000d4e4 	.word	0x1000d4e4
1000ae00:	1000d33c 	.word	0x1000d33c
1000ae04:	7ffffc00 	.word	0x7ffffc00
1000ae08:	f3c3 2389 	ubfx	r3, r3, #10, #10
1000ae0c:	f3c0 2689 	ubfx	r6, r0, #10, #10
1000ae10:	42b3      	cmp	r3, r6
1000ae12:	f63f acac 	bhi.w	1000a76e <lfs_dir_compact+0x2e2>
1000ae16:	b24b      	sxtb	r3, r1
1000ae18:	eb00 2083 	add.w	r0, r0, r3, lsl #10
1000ae1c:	9027      	str	r0, [sp, #156]	@ 0x9c
1000ae1e:	e4a6      	b.n	1000a76e <lfs_dir_compact+0x2e2>
1000ae20:	4643      	mov	r3, r8
1000ae22:	4634      	mov	r4, r6
1000ae24:	9714      	str	r7, [sp, #80]	@ 0x50
1000ae26:	9a07      	ldr	r2, [sp, #28]
1000ae28:	6e92      	ldr	r2, [r2, #104]	@ 0x68
1000ae2a:	69d1      	ldr	r1, [r2, #28]
1000ae2c:	428d      	cmp	r5, r1
1000ae2e:	f4bf ae50 	bcs.w	1000aad2 <lfs_dir_compact+0x646>
1000ae32:	6992      	ldr	r2, [r2, #24]
1000ae34:	1d1f      	adds	r7, r3, #4
1000ae36:	4297      	cmp	r7, r2
1000ae38:	f63f ae4b 	bhi.w	1000aad2 <lfs_dir_compact+0x646>
1000ae3c:	2204      	movs	r2, #4
1000ae3e:	9201      	str	r2, [sp, #4]
1000ae40:	aa2b      	add	r2, sp, #172	@ 0xac
1000ae42:	9200      	str	r2, [sp, #0]
1000ae44:	2104      	movs	r1, #4
1000ae46:	462a      	mov	r2, r5
1000ae48:	4889      	ldr	r0, [pc, #548]	@ (1000b070 <lfs_dir_compact+0xbe4>)
1000ae4a:	f7fb fa79 	bl	10006340 <lfs_bd_read.part.0.constprop.0>
1000ae4e:	2800      	cmp	r0, #0
1000ae50:	f041 80b3 	bne.w	1000bfba <lfs_dir_compact+0x1b2e>
1000ae54:	9b2b      	ldr	r3, [sp, #172]	@ 0xac
1000ae56:	e9cd 5736 	strd	r5, r7, [sp, #216]	@ 0xd8
1000ae5a:	ba1b      	rev	r3, r3
1000ae5c:	4063      	eors	r3, r4
1000ae5e:	f043 4400 	orr.w	r4, r3, #2147483648	@ 0x80000000
1000ae62:	f3c4 520a 	ubfx	r2, r4, #20, #11
1000ae66:	942b      	str	r4, [sp, #172]	@ 0xac
1000ae68:	0d20      	lsrs	r0, r4, #20
1000ae6a:	b3a2      	cbz	r2, 1000aed6 <lfs_dir_compact+0xa4a>
1000ae6c:	f240 1101 	movw	r1, #257	@ 0x101
1000ae70:	428a      	cmp	r2, r1
1000ae72:	f001 8091 	beq.w	1000bf98 <lfs_dir_compact+0x1b0c>
1000ae76:	f5b2 7f81 	cmp.w	r2, #258	@ 0x102
1000ae7a:	f000 832b 	beq.w	1000b4d4 <lfs_dir_compact+0x1048>
1000ae7e:	00d9      	lsls	r1, r3, #3
1000ae80:	9a2a      	ldr	r2, [sp, #168]	@ 0xa8
1000ae82:	bf4c      	ite	mi
1000ae84:	497b      	ldrmi	r1, [pc, #492]	@ (1000b074 <lfs_dir_compact+0xbe8>)
1000ae86:	497c      	ldrpl	r1, [pc, #496]	@ (1000b078 <lfs_dir_compact+0xbec>)
1000ae88:	ea84 0e02 	eor.w	lr, r4, r2
1000ae8c:	ea1e 0f01 	tst.w	lr, r1
1000ae90:	f000 834a 	beq.w	1000b528 <lfs_dir_compact+0x109c>
1000ae94:	f342 0109 	sbfx	r1, r2, #0, #10
1000ae98:	3101      	adds	r1, #1
1000ae9a:	f000 8345 	beq.w	1000b528 <lfs_dir_compact+0x109c>
1000ae9e:	4977      	ldr	r1, [pc, #476]	@ (1000b07c <lfs_dir_compact+0xbf0>)
1000aea0:	f8df e1d0 	ldr.w	lr, [pc, #464]	@ 1000b074 <lfs_dir_compact+0xbe8>
1000aea4:	4011      	ands	r1, r2
1000aea6:	f041 419f 	orr.w	r1, r1, #1333788672	@ 0x4f800000
1000aeaa:	f441 01e0 	orr.w	r1, r1, #7340032	@ 0x700000
1000aeae:	ea03 0e0e 	and.w	lr, r3, lr
1000aeb2:	458e      	cmp	lr, r1
1000aeb4:	f000 8338 	beq.w	1000b528 <lfs_dir_compact+0x109c>
1000aeb8:	f400 6ce0 	and.w	ip, r0, #1792	@ 0x700
1000aebc:	f5bc 6f80 	cmp.w	ip, #1024	@ 0x400
1000aec0:	d109      	bne.n	1000aed6 <lfs_dir_compact+0xa4a>
1000aec2:	f3c4 2389 	ubfx	r3, r4, #10, #10
1000aec6:	f3c2 2189 	ubfx	r1, r2, #10, #10
1000aeca:	428b      	cmp	r3, r1
1000aecc:	d803      	bhi.n	1000aed6 <lfs_dir_compact+0xa4a>
1000aece:	b240      	sxtb	r0, r0
1000aed0:	eb02 2280 	add.w	r2, r2, r0, lsl #10
1000aed4:	922a      	str	r2, [sp, #168]	@ 0xa8
1000aed6:	f344 0209 	sbfx	r2, r4, #0, #10
1000aeda:	f1b2 3fff 	cmp.w	r2, #4294967295	@ 0xffffffff
1000aede:	bf14      	ite	ne
1000aee0:	4623      	movne	r3, r4
1000aee2:	1c63      	addeq	r3, r4, #1
1000aee4:	9a18      	ldr	r2, [sp, #96]	@ 0x60
1000aee6:	f3c3 0309 	ubfx	r3, r3, #0, #10
1000aeea:	443b      	add	r3, r7
1000aeec:	4293      	cmp	r3, r2
1000aeee:	d39a      	bcc.n	1000ae26 <lfs_dir_compact+0x99a>
1000aef0:	9b2a      	ldr	r3, [sp, #168]	@ 0xa8
1000aef2:	9a20      	ldr	r2, [sp, #128]	@ 0x80
1000aef4:	f3c3 2189 	ubfx	r1, r3, #10, #10
1000aef8:	428a      	cmp	r2, r1
1000aefa:	9f14      	ldr	r7, [sp, #80]	@ 0x50
1000aefc:	f240 84c0 	bls.w	1000b880 <lfs_dir_compact+0x13f4>
1000af00:	9b18      	ldr	r3, [sp, #96]	@ 0x60
1000af02:	4543      	cmp	r3, r8
1000af04:	f63f ad23 	bhi.w	1000a94e <lfs_dir_compact+0x4c2>
1000af08:	46b8      	mov	r8, r7
1000af0a:	465d      	mov	r5, fp
1000af0c:	e9dd b41e 	ldrd	fp, r4, [sp, #120]	@ 0x78
1000af10:	9f1d      	ldr	r7, [sp, #116]	@ 0x74
1000af12:	f8d8 200c 	ldr.w	r2, [r8, #12]
1000af16:	e42a      	b.n	1000a76e <lfs_dir_compact+0x2e2>
1000af18:	4631      	mov	r1, r6
1000af1a:	9605      	str	r6, [sp, #20]
1000af1c:	4643      	mov	r3, r8
1000af1e:	462e      	mov	r6, r5
1000af20:	460d      	mov	r5, r1
1000af22:	9a13      	ldr	r2, [sp, #76]	@ 0x4c
1000af24:	f8cd 8030 	str.w	r8, [sp, #48]	@ 0x30
1000af28:	9907      	ldr	r1, [sp, #28]
1000af2a:	6e89      	ldr	r1, [r1, #104]	@ 0x68
1000af2c:	69c8      	ldr	r0, [r1, #28]
1000af2e:	4290      	cmp	r0, r2
1000af30:	f67f adcf 	bls.w	1000aad2 <lfs_dir_compact+0x646>
1000af34:	6989      	ldr	r1, [r1, #24]
1000af36:	1d1f      	adds	r7, r3, #4
1000af38:	428f      	cmp	r7, r1
1000af3a:	f63f adca 	bhi.w	1000aad2 <lfs_dir_compact+0x646>
1000af3e:	2104      	movs	r1, #4
1000af40:	9101      	str	r1, [sp, #4]
1000af42:	a929      	add	r1, sp, #164	@ 0xa4
1000af44:	9100      	str	r1, [sp, #0]
1000af46:	484a      	ldr	r0, [pc, #296]	@ (1000b070 <lfs_dir_compact+0xbe4>)
1000af48:	2104      	movs	r1, #4
1000af4a:	f7fb f9f9 	bl	10006340 <lfs_bd_read.part.0.constprop.0>
1000af4e:	2800      	cmp	r0, #0
1000af50:	f040 82f8 	bne.w	1000b544 <lfs_dir_compact+0x10b8>
1000af54:	9b29      	ldr	r3, [sp, #164]	@ 0xa4
1000af56:	ba1b      	rev	r3, r3
1000af58:	406b      	eors	r3, r5
1000af5a:	f043 4500 	orr.w	r5, r3, #2147483648	@ 0x80000000
1000af5e:	9529      	str	r5, [sp, #164]	@ 0xa4
1000af60:	f8d6 8000 	ldr.w	r8, [r6]
1000af64:	f3c5 520a 	ubfx	r2, r5, #20, #11
1000af68:	e9cd 8730 	strd	r8, r7, [sp, #192]	@ 0xc0
1000af6c:	0d28      	lsrs	r0, r5, #20
1000af6e:	b33a      	cbz	r2, 1000afc0 <lfs_dir_compact+0xb34>
1000af70:	f240 1101 	movw	r1, #257	@ 0x101
1000af74:	428a      	cmp	r2, r1
1000af76:	f000 82ef 	beq.w	1000b558 <lfs_dir_compact+0x10cc>
1000af7a:	f5b2 7f81 	cmp.w	r2, #258	@ 0x102
1000af7e:	d043      	beq.n	1000b008 <lfs_dir_compact+0xb7c>
1000af80:	00d9      	lsls	r1, r3, #3
1000af82:	9a28      	ldr	r2, [sp, #160]	@ 0xa0
1000af84:	bf4c      	ite	mi
1000af86:	493b      	ldrmi	r1, [pc, #236]	@ (1000b074 <lfs_dir_compact+0xbe8>)
1000af88:	493b      	ldrpl	r1, [pc, #236]	@ (1000b078 <lfs_dir_compact+0xbec>)
1000af8a:	ea85 0c02 	eor.w	ip, r5, r2
1000af8e:	ea1c 0f01 	tst.w	ip, r1
1000af92:	d05f      	beq.n	1000b054 <lfs_dir_compact+0xbc8>
1000af94:	f342 0109 	sbfx	r1, r2, #0, #10
1000af98:	3101      	adds	r1, #1
1000af9a:	d05b      	beq.n	1000b054 <lfs_dir_compact+0xbc8>
1000af9c:	4937      	ldr	r1, [pc, #220]	@ (1000b07c <lfs_dir_compact+0xbf0>)
1000af9e:	f8df c0d4 	ldr.w	ip, [pc, #212]	@ 1000b074 <lfs_dir_compact+0xbe8>
1000afa2:	4011      	ands	r1, r2
1000afa4:	f041 419f 	orr.w	r1, r1, #1333788672	@ 0x4f800000
1000afa8:	f441 01e0 	orr.w	r1, r1, #7340032	@ 0x700000
1000afac:	ea03 0c0c 	and.w	ip, r3, ip
1000afb0:	458c      	cmp	ip, r1
1000afb2:	d04f      	beq.n	1000b054 <lfs_dir_compact+0xbc8>
1000afb4:	f400 64e0 	and.w	r4, r0, #1792	@ 0x700
1000afb8:	f5b4 6f80 	cmp.w	r4, #1024	@ 0x400
1000afbc:	f000 870c 	beq.w	1000bdd8 <lfs_dir_compact+0x194c>
1000afc0:	f345 0209 	sbfx	r2, r5, #0, #10
1000afc4:	f1b2 3fff 	cmp.w	r2, #4294967295	@ 0xffffffff
1000afc8:	bf14      	ite	ne
1000afca:	462b      	movne	r3, r5
1000afcc:	1c6b      	addeq	r3, r5, #1
1000afce:	68f2      	ldr	r2, [r6, #12]
1000afd0:	f3c3 0309 	ubfx	r3, r3, #0, #10
1000afd4:	443b      	add	r3, r7
1000afd6:	4293      	cmp	r3, r2
1000afd8:	d347      	bcc.n	1000b06a <lfs_dir_compact+0xbde>
1000afda:	4635      	mov	r5, r6
1000afdc:	f8dd 8030 	ldr.w	r8, [sp, #48]	@ 0x30
1000afe0:	9e05      	ldr	r6, [sp, #20]
1000afe2:	9b28      	ldr	r3, [sp, #160]	@ 0xa0
1000afe4:	e5d6      	b.n	1000ab94 <lfs_dir_compact+0x708>
1000afe6:	6833      	ldr	r3, [r6, #0]
1000afe8:	2b00      	cmp	r3, #0
1000afea:	f000 8221 	beq.w	1000b430 <lfs_dir_compact+0xfa4>
1000afee:	6872      	ldr	r2, [r6, #4]
1000aff0:	2a01      	cmp	r2, #1
1000aff2:	f240 821d 	bls.w	1000b430 <lfs_dir_compact+0xfa4>
1000aff6:	2b01      	cmp	r3, #1
1000aff8:	f000 821a 	beq.w	1000b430 <lfs_dir_compact+0xfa4>
1000affc:	f04f 33ff 	mov.w	r3, #4294967295	@ 0xffffffff
1000b000:	9a07      	ldr	r2, [sp, #28]
1000b002:	2701      	movs	r7, #1
1000b004:	6113      	str	r3, [r2, #16]
1000b006:	e69c      	b.n	1000ad42 <lfs_dir_compact+0x8b6>
1000b008:	f3c3 0309 	ubfx	r3, r3, #0, #10
1000b00c:	2b00      	cmp	r3, #0
1000b00e:	d0d7      	beq.n	1000afc0 <lfs_dir_compact+0xb34>
1000b010:	f8dd c0a0 	ldr.w	ip, [sp, #160]	@ 0xa0
1000b014:	eb03 0343 	add.w	r3, r3, r3, lsl #1
1000b018:	f3c5 2089 	ubfx	r0, r5, #10, #10
1000b01c:	a930      	add	r1, sp, #192	@ 0xc0
1000b01e:	f8df e054 	ldr.w	lr, [pc, #84]	@ 1000b074 <lfs_dir_compact+0xbe8>
1000b022:	0280      	lsls	r0, r0, #10
1000b024:	eb01 0383 	add.w	r3, r1, r3, lsl #2
1000b028:	f34c 0a09 	sbfx	sl, ip, #0, #10
1000b02c:	e004      	b.n	1000b038 <lfs_dir_compact+0xbac>
1000b02e:	f1ba 3fff 	cmp.w	sl, #4294967295	@ 0xffffffff
1000b032:	d00f      	beq.n	1000b054 <lfs_dir_compact+0xbc8>
1000b034:	4299      	cmp	r1, r3
1000b036:	d0c3      	beq.n	1000afc0 <lfs_dir_compact+0xb34>
1000b038:	780c      	ldrb	r4, [r1, #0]
1000b03a:	688a      	ldr	r2, [r1, #8]
1000b03c:	f504 7440 	add.w	r4, r4, #768	@ 0x300
1000b040:	4302      	orrs	r2, r0
1000b042:	ea42 5204 	orr.w	r2, r2, r4, lsl #20
1000b046:	ea82 020c 	eor.w	r2, r2, ip
1000b04a:	ea12 0f0e 	tst.w	r2, lr
1000b04e:	f101 010c 	add.w	r1, r1, #12
1000b052:	d1ec      	bne.n	1000b02e <lfs_dir_compact+0xba2>
1000b054:	4635      	mov	r5, r6
1000b056:	f8dd 8030 	ldr.w	r8, [sp, #48]	@ 0x30
1000b05a:	68ea      	ldr	r2, [r5, #12]
1000b05c:	9e05      	ldr	r6, [sp, #20]
1000b05e:	4542      	cmp	r2, r8
1000b060:	f67f adbe 	bls.w	1000abe0 <lfs_dir_compact+0x754>
1000b064:	e560      	b.n	1000ab28 <lfs_dir_compact+0x69c>
1000b066:	9e1a      	ldr	r6, [sp, #104]	@ 0x68
1000b068:	e504      	b.n	1000aa74 <lfs_dir_compact+0x5e8>
1000b06a:	6832      	ldr	r2, [r6, #0]
1000b06c:	e75c      	b.n	1000af28 <lfs_dir_compact+0xa9c>
1000b06e:	bf00      	nop
1000b070:	20001e00 	.word	0x20001e00
1000b074:	7ffffc00 	.word	0x7ffffc00
1000b078:	700ffc00 	.word	0x700ffc00
1000b07c:	000ffc00 	.word	0x000ffc00
1000b080:	f04f 0804 	mov.w	r8, #4
1000b084:	e9dd 1236 	ldrd	r1, r2, [sp, #216]	@ 0xd8
1000b088:	f106 0308 	add.w	r3, r6, #8
1000b08c:	f8cd 8000 	str.w	r8, [sp]
1000b090:	f7fb fd8a 	bl	10006ba8 <lfs_bd_prog.constprop.0>
1000b094:	4682      	mov	sl, r0
1000b096:	2800      	cmp	r0, #0
1000b098:	f47f ae41 	bne.w	1000ad1e <lfs_dir_compact+0x892>
1000b09c:	9400      	str	r4, [sp, #0]
1000b09e:	7a33      	ldrb	r3, [r6, #8]
1000b0a0:	9939      	ldr	r1, [sp, #228]	@ 0xe4
1000b0a2:	4dcf      	ldr	r5, [pc, #828]	@ (1000b3e0 <lfs_dir_compact+0xf54>)
1000b0a4:	ea83 0201 	eor.w	r2, r3, r1
1000b0a8:	f002 020f 	and.w	r2, r2, #15
1000b0ac:	f855 2022 	ldr.w	r2, [r5, r2, lsl #2]
1000b0b0:	f10d 09d8 	add.w	r9, sp, #216	@ 0xd8
1000b0b4:	ea82 1211 	eor.w	r2, r2, r1, lsr #4
1000b0b8:	ea82 1313 	eor.w	r3, r2, r3, lsr #4
1000b0bc:	f003 030f 	and.w	r3, r3, #15
1000b0c0:	f855 1023 	ldr.w	r1, [r5, r3, lsl #2]
1000b0c4:	7ab3      	ldrb	r3, [r6, #10]
1000b0c6:	ea81 1112 	eor.w	r1, r1, r2, lsr #4
1000b0ca:	7a72      	ldrb	r2, [r6, #9]
1000b0cc:	f8cd 90c0 	str.w	r9, [sp, #192]	@ 0xc0
1000b0d0:	ea82 0001 	eor.w	r0, r2, r1
1000b0d4:	f000 000f 	and.w	r0, r0, #15
1000b0d8:	f855 0020 	ldr.w	r0, [r5, r0, lsl #2]
1000b0dc:	ea80 1011 	eor.w	r0, r0, r1, lsr #4
1000b0e0:	ea80 1212 	eor.w	r2, r0, r2, lsr #4
1000b0e4:	f002 020f 	and.w	r2, r2, #15
1000b0e8:	f855 1022 	ldr.w	r1, [r5, r2, lsl #2]
1000b0ec:	ea81 1110 	eor.w	r1, r1, r0, lsr #4
1000b0f0:	ea83 0201 	eor.w	r2, r3, r1
1000b0f4:	f002 020f 	and.w	r2, r2, #15
1000b0f8:	f855 2022 	ldr.w	r2, [r5, r2, lsl #2]
1000b0fc:	9806      	ldr	r0, [sp, #24]
1000b0fe:	ea82 1211 	eor.w	r2, r2, r1, lsr #4
1000b102:	ea82 1313 	eor.w	r3, r2, r3, lsr #4
1000b106:	f003 030f 	and.w	r3, r3, #15
1000b10a:	f855 1023 	ldr.w	r1, [r5, r3, lsl #2]
1000b10e:	7af3      	ldrb	r3, [r6, #11]
1000b110:	ea81 1112 	eor.w	r1, r1, r2, lsr #4
1000b114:	9a37      	ldr	r2, [sp, #220]	@ 0xdc
1000b116:	4442      	add	r2, r8
1000b118:	9237      	str	r2, [sp, #220]	@ 0xdc
1000b11a:	ea83 0201 	eor.w	r2, r3, r1
1000b11e:	f002 020f 	and.w	r2, r2, #15
1000b122:	f855 2022 	ldr.w	r2, [r5, r2, lsl #2]
1000b126:	ea82 1211 	eor.w	r2, r2, r1, lsr #4
1000b12a:	ea82 1313 	eor.w	r3, r2, r3, lsr #4
1000b12e:	f003 030f 	and.w	r3, r3, #15
1000b132:	f855 3023 	ldr.w	r3, [r5, r3, lsl #2]
1000b136:	ea83 1312 	eor.w	r3, r3, r2, lsr #4
1000b13a:	9339      	str	r3, [sp, #228]	@ 0xe4
1000b13c:	9a0d      	ldr	r2, [sp, #52]	@ 0x34
1000b13e:	4ba9      	ldr	r3, [pc, #676]	@ (1000b3e4 <lfs_dir_compact+0xf58>)
1000b140:	9302      	str	r3, [sp, #8]
1000b142:	4253      	negs	r3, r2
1000b144:	b21b      	sxth	r3, r3
1000b146:	9301      	str	r3, [sp, #4]
1000b148:	ab30      	add	r3, sp, #192	@ 0xc0
1000b14a:	9303      	str	r3, [sp, #12]
1000b14c:	4613      	mov	r3, r2
1000b14e:	e9dd 1216 	ldrd	r1, r2, [sp, #88]	@ 0x58
1000b152:	f7fe f981 	bl	10009458 <lfs_dir_traverse.constprop.1>
1000b156:	4682      	mov	sl, r0
1000b158:	2800      	cmp	r0, #0
1000b15a:	f47f ade0 	bne.w	1000ad1e <lfs_dir_compact+0x892>
1000b15e:	69b3      	ldr	r3, [r6, #24]
1000b160:	3301      	adds	r3, #1
1000b162:	f000 8731 	beq.w	1000bfc8 <lfs_dir_compact+0x1b3c>
1000b166:	69f3      	ldr	r3, [r6, #28]
1000b168:	3301      	adds	r3, #1
1000b16a:	f000 872d 	beq.w	1000bfc8 <lfs_dir_compact+0x1b3c>
1000b16e:	7df3      	ldrb	r3, [r6, #23]
1000b170:	499d      	ldr	r1, [pc, #628]	@ (1000b3e8 <lfs_dir_compact+0xf5c>)
1000b172:	f503 63c0 	add.w	r3, r3, #1536	@ 0x600
1000b176:	ea41 5303 	orr.w	r3, r1, r3, lsl #20
1000b17a:	9a37      	ldr	r2, [sp, #220]	@ 0xdc
1000b17c:	9305      	str	r3, [sp, #20]
1000b17e:	9b3b      	ldr	r3, [sp, #236]	@ 0xec
1000b180:	f102 010c 	add.w	r1, r2, #12
1000b184:	4299      	cmp	r1, r3
1000b186:	f63f adf5 	bhi.w	1000ad74 <lfs_dir_compact+0x8e8>
1000b18a:	9905      	ldr	r1, [sp, #20]
1000b18c:	9b38      	ldr	r3, [sp, #224]	@ 0xe0
1000b18e:	f10d 0bc8 	add.w	fp, sp, #200	@ 0xc8
1000b192:	404b      	eors	r3, r1
1000b194:	ba1b      	rev	r3, r3
1000b196:	9332      	str	r3, [sp, #200]	@ 0xc8
1000b198:	9936      	ldr	r1, [sp, #216]	@ 0xd8
1000b19a:	465b      	mov	r3, fp
1000b19c:	f8cd 8000 	str.w	r8, [sp]
1000b1a0:	f7fb fd02 	bl	10006ba8 <lfs_bd_prog.constprop.0>
1000b1a4:	4682      	mov	sl, r0
1000b1a6:	2800      	cmp	r0, #0
1000b1a8:	f47f adb9 	bne.w	1000ad1e <lfs_dir_compact+0x892>
1000b1ac:	2208      	movs	r2, #8
1000b1ae:	9939      	ldr	r1, [sp, #228]	@ 0xe4
1000b1b0:	f89d 30c8 	ldrb.w	r3, [sp, #200]	@ 0xc8
1000b1b4:	9200      	str	r2, [sp, #0]
1000b1b6:	ea83 0201 	eor.w	r2, r3, r1
1000b1ba:	f002 020f 	and.w	r2, r2, #15
1000b1be:	f855 2022 	ldr.w	r2, [r5, r2, lsl #2]
1000b1c2:	ea82 1211 	eor.w	r2, r2, r1, lsr #4
1000b1c6:	ea82 1313 	eor.w	r3, r2, r3, lsr #4
1000b1ca:	f003 030f 	and.w	r3, r3, #15
1000b1ce:	f855 1023 	ldr.w	r1, [r5, r3, lsl #2]
1000b1d2:	f89d 30ca 	ldrb.w	r3, [sp, #202]	@ 0xca
1000b1d6:	ea81 1112 	eor.w	r1, r1, r2, lsr #4
1000b1da:	f89d 20c9 	ldrb.w	r2, [sp, #201]	@ 0xc9
1000b1de:	ea82 0c01 	eor.w	ip, r2, r1
1000b1e2:	f00c 0c0f 	and.w	ip, ip, #15
1000b1e6:	f855 c02c 	ldr.w	ip, [r5, ip, lsl #2]
1000b1ea:	ea8c 1c11 	eor.w	ip, ip, r1, lsr #4
1000b1ee:	ea8c 1212 	eor.w	r2, ip, r2, lsr #4
1000b1f2:	f002 020f 	and.w	r2, r2, #15
1000b1f6:	f855 1022 	ldr.w	r1, [r5, r2, lsl #2]
1000b1fa:	ea81 111c 	eor.w	r1, r1, ip, lsr #4
1000b1fe:	ea83 0201 	eor.w	r2, r3, r1
1000b202:	f002 020f 	and.w	r2, r2, #15
1000b206:	f855 2022 	ldr.w	r2, [r5, r2, lsl #2]
1000b20a:	ea82 1211 	eor.w	r2, r2, r1, lsr #4
1000b20e:	ea82 1313 	eor.w	r3, r2, r3, lsr #4
1000b212:	f003 030f 	and.w	r3, r3, #15
1000b216:	f855 3023 	ldr.w	r3, [r5, r3, lsl #2]
1000b21a:	ea83 1c12 	eor.w	ip, r3, r2, lsr #4
1000b21e:	f89d 30cb 	ldrb.w	r3, [sp, #203]	@ 0xcb
1000b222:	9a37      	ldr	r2, [sp, #220]	@ 0xdc
1000b224:	ea83 010c 	eor.w	r1, r3, ip
1000b228:	f001 010f 	and.w	r1, r1, #15
1000b22c:	f855 1021 	ldr.w	r1, [r5, r1, lsl #2]
1000b230:	3204      	adds	r2, #4
1000b232:	ea81 111c 	eor.w	r1, r1, ip, lsr #4
1000b236:	ea81 1313 	eor.w	r3, r1, r3, lsr #4
1000b23a:	f003 030f 	and.w	r3, r3, #15
1000b23e:	f855 3023 	ldr.w	r3, [r5, r3, lsl #2]
1000b242:	9237      	str	r2, [sp, #220]	@ 0xdc
1000b244:	ea83 1311 	eor.w	r3, r3, r1, lsr #4
1000b248:	9339      	str	r3, [sp, #228]	@ 0xe4
1000b24a:	9936      	ldr	r1, [sp, #216]	@ 0xd8
1000b24c:	f106 0318 	add.w	r3, r6, #24
1000b250:	f7fb fcaa 	bl	10006ba8 <lfs_bd_prog.constprop.0>
1000b254:	4682      	mov	sl, r0
1000b256:	2800      	cmp	r0, #0
1000b258:	f47f ad61 	bne.w	1000ad1e <lfs_dir_compact+0x892>
1000b25c:	f8dd c0e4 	ldr.w	ip, [sp, #228]	@ 0xe4
1000b260:	9905      	ldr	r1, [sp, #20]
1000b262:	7e32      	ldrb	r2, [r6, #24]
1000b264:	9138      	str	r1, [sp, #224]	@ 0xe0
1000b266:	ea82 010c 	eor.w	r1, r2, ip
1000b26a:	f001 010f 	and.w	r1, r1, #15
1000b26e:	f855 0021 	ldr.w	r0, [r5, r1, lsl #2]
1000b272:	7e73      	ldrb	r3, [r6, #25]
1000b274:	ea80 101c 	eor.w	r0, r0, ip, lsr #4
1000b278:	ea80 1212 	eor.w	r2, r0, r2, lsr #4
1000b27c:	f002 020f 	and.w	r2, r2, #15
1000b280:	f855 1022 	ldr.w	r1, [r5, r2, lsl #2]
1000b284:	ea81 1110 	eor.w	r1, r1, r0, lsr #4
1000b288:	ea83 0201 	eor.w	r2, r3, r1
1000b28c:	f002 020f 	and.w	r2, r2, #15
1000b290:	f855 2022 	ldr.w	r2, [r5, r2, lsl #2]
1000b294:	ea82 1211 	eor.w	r2, r2, r1, lsr #4
1000b298:	ea82 1313 	eor.w	r3, r2, r3, lsr #4
1000b29c:	f003 030f 	and.w	r3, r3, #15
1000b2a0:	f855 1023 	ldr.w	r1, [r5, r3, lsl #2]
1000b2a4:	7ef3      	ldrb	r3, [r6, #27]
1000b2a6:	ea81 1112 	eor.w	r1, r1, r2, lsr #4
1000b2aa:	7eb2      	ldrb	r2, [r6, #26]
1000b2ac:	ea82 0001 	eor.w	r0, r2, r1
1000b2b0:	f000 000f 	and.w	r0, r0, #15
1000b2b4:	f855 0020 	ldr.w	r0, [r5, r0, lsl #2]
1000b2b8:	ea80 1011 	eor.w	r0, r0, r1, lsr #4
1000b2bc:	ea80 1212 	eor.w	r2, r0, r2, lsr #4
1000b2c0:	f002 020f 	and.w	r2, r2, #15
1000b2c4:	f855 1022 	ldr.w	r1, [r5, r2, lsl #2]
1000b2c8:	ea81 1110 	eor.w	r1, r1, r0, lsr #4
1000b2cc:	ea83 0201 	eor.w	r2, r3, r1
1000b2d0:	f002 020f 	and.w	r2, r2, #15
1000b2d4:	f855 2022 	ldr.w	r2, [r5, r2, lsl #2]
1000b2d8:	ea82 1211 	eor.w	r2, r2, r1, lsr #4
1000b2dc:	ea82 1313 	eor.w	r3, r2, r3, lsr #4
1000b2e0:	f003 030f 	and.w	r3, r3, #15
1000b2e4:	f855 1023 	ldr.w	r1, [r5, r3, lsl #2]
1000b2e8:	7f73      	ldrb	r3, [r6, #29]
1000b2ea:	ea81 1112 	eor.w	r1, r1, r2, lsr #4
1000b2ee:	7f32      	ldrb	r2, [r6, #28]
1000b2f0:	ea82 0001 	eor.w	r0, r2, r1
1000b2f4:	f000 000f 	and.w	r0, r0, #15
1000b2f8:	f855 0020 	ldr.w	r0, [r5, r0, lsl #2]
1000b2fc:	ea80 1011 	eor.w	r0, r0, r1, lsr #4
1000b300:	ea80 1212 	eor.w	r2, r0, r2, lsr #4
1000b304:	f002 020f 	and.w	r2, r2, #15
1000b308:	f855 1022 	ldr.w	r1, [r5, r2, lsl #2]
1000b30c:	ea81 1110 	eor.w	r1, r1, r0, lsr #4
1000b310:	ea83 0201 	eor.w	r2, r3, r1
1000b314:	f002 020f 	and.w	r2, r2, #15
1000b318:	f855 2022 	ldr.w	r2, [r5, r2, lsl #2]
1000b31c:	ea82 1211 	eor.w	r2, r2, r1, lsr #4
1000b320:	ea82 1313 	eor.w	r3, r2, r3, lsr #4
1000b324:	f003 030f 	and.w	r3, r3, #15
1000b328:	f855 1023 	ldr.w	r1, [r5, r3, lsl #2]
1000b32c:	7ff3      	ldrb	r3, [r6, #31]
1000b32e:	ea81 1112 	eor.w	r1, r1, r2, lsr #4
1000b332:	7fb2      	ldrb	r2, [r6, #30]
1000b334:	ea82 0001 	eor.w	r0, r2, r1
1000b338:	f000 000f 	and.w	r0, r0, #15
1000b33c:	f855 0020 	ldr.w	r0, [r5, r0, lsl #2]
1000b340:	ea80 1011 	eor.w	r0, r0, r1, lsr #4
1000b344:	ea80 1212 	eor.w	r2, r0, r2, lsr #4
1000b348:	f002 020f 	and.w	r2, r2, #15
1000b34c:	f855 1022 	ldr.w	r1, [r5, r2, lsl #2]
1000b350:	ea81 1110 	eor.w	r1, r1, r0, lsr #4
1000b354:	ea83 0201 	eor.w	r2, r3, r1
1000b358:	f002 020f 	and.w	r2, r2, #15
1000b35c:	f855 2022 	ldr.w	r2, [r5, r2, lsl #2]
1000b360:	ea82 1211 	eor.w	r2, r2, r1, lsr #4
1000b364:	ea82 1313 	eor.w	r3, r2, r3, lsr #4
1000b368:	f003 030f 	and.w	r3, r3, #15
1000b36c:	f855 3023 	ldr.w	r3, [r5, r3, lsl #2]
1000b370:	ea83 1312 	eor.w	r3, r3, r2, lsr #4
1000b374:	9339      	str	r3, [sp, #228]	@ 0xe4
1000b376:	9b37      	ldr	r3, [sp, #220]	@ 0xdc
1000b378:	3308      	adds	r3, #8
1000b37a:	9337      	str	r3, [sp, #220]	@ 0xdc
1000b37c:	2300      	movs	r3, #0
1000b37e:	9332      	str	r3, [sp, #200]	@ 0xc8
1000b380:	e9cb 3301 	strd	r3, r3, [fp, #4]
1000b384:	b967      	cbnz	r7, 1000b3a0 <lfs_dir_compact+0xf14>
1000b386:	9807      	ldr	r0, [sp, #28]
1000b388:	6b01      	ldr	r1, [r0, #48]	@ 0x30
1000b38a:	6bc3      	ldr	r3, [r0, #60]	@ 0x3c
1000b38c:	6c42      	ldr	r2, [r0, #68]	@ 0x44
1000b38e:	404b      	eors	r3, r1
1000b390:	9332      	str	r3, [sp, #200]	@ 0xc8
1000b392:	6b41      	ldr	r1, [r0, #52]	@ 0x34
1000b394:	6c03      	ldr	r3, [r0, #64]	@ 0x40
1000b396:	404b      	eors	r3, r1
1000b398:	9333      	str	r3, [sp, #204]	@ 0xcc
1000b39a:	6b83      	ldr	r3, [r0, #56]	@ 0x38
1000b39c:	4053      	eors	r3, r2
1000b39e:	9334      	str	r3, [sp, #208]	@ 0xd0
1000b3a0:	9807      	ldr	r0, [sp, #28]
1000b3a2:	9b32      	ldr	r3, [sp, #200]	@ 0xc8
1000b3a4:	6c82      	ldr	r2, [r0, #72]	@ 0x48
1000b3a6:	6cc1      	ldr	r1, [r0, #76]	@ 0x4c
1000b3a8:	4053      	eors	r3, r2
1000b3aa:	f36f 0309 	bfc	r3, #0, #10
1000b3ae:	9332      	str	r3, [sp, #200]	@ 0xc8
1000b3b0:	e9dd 2333 	ldrd	r2, r3, [sp, #204]	@ 0xcc
1000b3b4:	404a      	eors	r2, r1
1000b3b6:	9233      	str	r2, [sp, #204]	@ 0xcc
1000b3b8:	6d02      	ldr	r2, [r0, #80]	@ 0x50
1000b3ba:	4659      	mov	r1, fp
1000b3bc:	4053      	eors	r3, r2
1000b3be:	4630      	mov	r0, r6
1000b3c0:	9334      	str	r3, [sp, #208]	@ 0xd0
1000b3c2:	f7fc fb8d 	bl	10007ae0 <lfs_dir_getgstate>
1000b3c6:	4682      	mov	sl, r0
1000b3c8:	2800      	cmp	r0, #0
1000b3ca:	f47f ab20 	bne.w	1000aa0e <lfs_dir_compact+0x582>
1000b3ce:	e9dd 3232 	ldrd	r3, r2, [sp, #200]	@ 0xc8
1000b3d2:	4313      	orrs	r3, r2
1000b3d4:	9a34      	ldr	r2, [sp, #208]	@ 0xd0
1000b3d6:	4313      	orrs	r3, r2
1000b3d8:	f040 82ec 	bne.w	1000b9b4 <lfs_dir_compact+0x1528>
1000b3dc:	e006      	b.n	1000b3ec <lfs_dir_compact+0xf60>
1000b3de:	bf00      	nop
1000b3e0:	1000d794 	.word	0x1000d794
1000b3e4:	100070e9 	.word	0x100070e9
1000b3e8:	000ffc08 	.word	0x000ffc08
1000b3ec:	4648      	mov	r0, r9
1000b3ee:	f7fb fe7f 	bl	100070f0 <lfs_dir_commitcrc>
1000b3f2:	4682      	mov	sl, r0
1000b3f4:	2800      	cmp	r0, #0
1000b3f6:	f47f ac92 	bne.w	1000ad1e <lfs_dir_compact+0x892>
1000b3fa:	e9d6 1200 	ldrd	r1, r2, [r6]
1000b3fe:	9838      	ldr	r0, [sp, #224]	@ 0xe0
1000b400:	9b0d      	ldr	r3, [sp, #52]	@ 0x34
1000b402:	6130      	str	r0, [r6, #16]
1000b404:	9837      	ldr	r0, [sp, #220]	@ 0xdc
1000b406:	1ae3      	subs	r3, r4, r3
1000b408:	82b3      	strh	r3, [r6, #20]
1000b40a:	60f0      	str	r0, [r6, #12]
1000b40c:	4bab      	ldr	r3, [pc, #684]	@ (1000b6bc <lfs_dir_compact+0x1230>)
1000b40e:	9807      	ldr	r0, [sp, #28]
1000b410:	e9c6 2100 	strd	r2, r1, [r6]
1000b414:	e9c3 aa01 	strd	sl, sl, [r3, #4]
1000b418:	f8c0 a048 	str.w	sl, [r0, #72]	@ 0x48
1000b41c:	2f00      	cmp	r7, #0
1000b41e:	f040 827f 	bne.w	1000b920 <lfs_dir_compact+0x1494>
1000b422:	f1a3 0218 	sub.w	r2, r3, #24
1000b426:	ca07      	ldmia	r2, {r0, r1, r2}
1000b428:	e903 0007 	stmdb	r3, {r0, r1, r2}
1000b42c:	f7ff baef 	b.w	1000aa0e <lfs_dir_compact+0x582>
1000b430:	2300      	movs	r3, #0
1000b432:	f10d 09d8 	add.w	r9, sp, #216	@ 0xd8
1000b436:	4648      	mov	r0, r9
1000b438:	9336      	str	r3, [sp, #216]	@ 0xd8
1000b43a:	f7fc fe0d 	bl	10008058 <lfs_fs_rawtraverse.constprop.0>
1000b43e:	4682      	mov	sl, r0
1000b440:	b908      	cbnz	r0, 1000b446 <lfs_dir_compact+0xfba>
1000b442:	f8dd a0d8 	ldr.w	sl, [sp, #216]	@ 0xd8
1000b446:	f1ba 0f00 	cmp.w	sl, #0
1000b44a:	f6ff aae0 	blt.w	1000aa0e <lfs_dir_compact+0x582>
1000b44e:	9b07      	ldr	r3, [sp, #28]
1000b450:	6e9a      	ldr	r2, [r3, #104]	@ 0x68
1000b452:	69d3      	ldr	r3, [r2, #28]
1000b454:	ebba 0f53 	cmp.w	sl, r3, lsr #1
1000b458:	f4bf ac4c 	bcs.w	1000acf4 <lfs_dir_compact+0x868>
1000b45c:	4b98      	ldr	r3, [pc, #608]	@ (1000b6c0 <lfs_dir_compact+0x1234>)
1000b45e:	f240 6205 	movw	r2, #1541	@ 0x605
1000b462:	9300      	str	r3, [sp, #0]
1000b464:	68b3      	ldr	r3, [r6, #8]
1000b466:	4997      	ldr	r1, [pc, #604]	@ (1000b6c4 <lfs_dir_compact+0x1238>)
1000b468:	4897      	ldr	r0, [pc, #604]	@ (1000b6c8 <lfs_dir_compact+0x123c>)
1000b46a:	f7f8 fcaf 	bl	10003dcc <__wrap_printf>
1000b46e:	9f07      	ldr	r7, [sp, #28]
1000b470:	a837      	add	r0, sp, #220	@ 0xdc
1000b472:	6ebb      	ldr	r3, [r7, #104]	@ 0x68
1000b474:	69db      	ldr	r3, [r3, #28]
1000b476:	663b      	str	r3, [r7, #96]	@ 0x60
1000b478:	f7fc fe96 	bl	100081a8 <lfs_alloc>
1000b47c:	4682      	mov	sl, r0
1000b47e:	bb00      	cbnz	r0, 1000b4c2 <lfs_dir_compact+0x1036>
1000b480:	4648      	mov	r0, r9
1000b482:	f7fc fe91 	bl	100081a8 <lfs_alloc>
1000b486:	4682      	mov	sl, r0
1000b488:	b9d8      	cbnz	r0, 1000b4c2 <lfs_dir_compact+0x1036>
1000b48a:	6ebb      	ldr	r3, [r7, #104]	@ 0x68
1000b48c:	9a36      	ldr	r2, [sp, #216]	@ 0xd8
1000b48e:	69d9      	ldr	r1, [r3, #28]
1000b490:	9038      	str	r0, [sp, #224]	@ 0xe0
1000b492:	428a      	cmp	r2, r1
1000b494:	f080 81fa 	bcs.w	1000b88c <lfs_dir_compact+0x1400>
1000b498:	699b      	ldr	r3, [r3, #24]
1000b49a:	2b03      	cmp	r3, #3
1000b49c:	f240 81f6 	bls.w	1000b88c <lfs_dir_compact+0x1400>
1000b4a0:	2104      	movs	r1, #4
1000b4a2:	4603      	mov	r3, r0
1000b4a4:	a838      	add	r0, sp, #224	@ 0xe0
1000b4a6:	9000      	str	r0, [sp, #0]
1000b4a8:	9101      	str	r1, [sp, #4]
1000b4aa:	4888      	ldr	r0, [pc, #544]	@ (1000b6cc <lfs_dir_compact+0x1240>)
1000b4ac:	f7fa ff48 	bl	10006340 <lfs_bd_read.part.0.constprop.0>
1000b4b0:	9d38      	ldr	r5, [sp, #224]	@ 0xe0
1000b4b2:	4682      	mov	sl, r0
1000b4b4:	2800      	cmp	r0, #0
1000b4b6:	f000 81e9 	beq.w	1000b88c <lfs_dir_compact+0x1400>
1000b4ba:	f110 0f02 	cmn.w	r0, #2
1000b4be:	f000 81e5 	beq.w	1000b88c <lfs_dir_compact+0x1400>
1000b4c2:	f11a 0f0b 	cmn.w	sl, #11
1000b4c6:	f47f aaa2 	bne.w	1000aa0e <lfs_dir_compact+0x582>
1000b4ca:	2700      	movs	r7, #0
1000b4cc:	9b07      	ldr	r3, [sp, #28]
1000b4ce:	6870      	ldr	r0, [r6, #4]
1000b4d0:	6e9a      	ldr	r2, [r3, #104]	@ 0x68
1000b4d2:	e411      	b.n	1000acf8 <lfs_dir_compact+0x86c>
1000b4d4:	f3c3 0309 	ubfx	r3, r3, #0, #10
1000b4d8:	2b00      	cmp	r3, #0
1000b4da:	f43f acfc 	beq.w	1000aed6 <lfs_dir_compact+0xa4a>
1000b4de:	f8dd e0a8 	ldr.w	lr, [sp, #168]	@ 0xa8
1000b4e2:	eb03 0343 	add.w	r3, r3, r3, lsl #1
1000b4e6:	a936      	add	r1, sp, #216	@ 0xd8
1000b4e8:	f3c4 2089 	ubfx	r0, r4, #10, #10
1000b4ec:	eb01 0383 	add.w	r3, r1, r3, lsl #2
1000b4f0:	f34e 0209 	sbfx	r2, lr, #0, #10
1000b4f4:	e9cd 2324 	strd	r2, r3, [sp, #144]	@ 0x90
1000b4f8:	0280      	lsls	r0, r0, #10
1000b4fa:	e006      	b.n	1000b50a <lfs_dir_compact+0x107e>
1000b4fc:	9b24      	ldr	r3, [sp, #144]	@ 0x90
1000b4fe:	3301      	adds	r3, #1
1000b500:	d012      	beq.n	1000b528 <lfs_dir_compact+0x109c>
1000b502:	9b25      	ldr	r3, [sp, #148]	@ 0x94
1000b504:	4299      	cmp	r1, r3
1000b506:	f43f ace6 	beq.w	1000aed6 <lfs_dir_compact+0xa4a>
1000b50a:	f891 c000 	ldrb.w	ip, [r1]
1000b50e:	688a      	ldr	r2, [r1, #8]
1000b510:	f50c 7c40 	add.w	ip, ip, #768	@ 0x300
1000b514:	4302      	orrs	r2, r0
1000b516:	4b6e      	ldr	r3, [pc, #440]	@ (1000b6d0 <lfs_dir_compact+0x1244>)
1000b518:	ea42 520c 	orr.w	r2, r2, ip, lsl #20
1000b51c:	ea82 020e 	eor.w	r2, r2, lr
1000b520:	421a      	tst	r2, r3
1000b522:	f101 010c 	add.w	r1, r1, #12
1000b526:	d1e9      	bne.n	1000b4fc <lfs_dir_compact+0x1070>
1000b528:	9f14      	ldr	r7, [sp, #80]	@ 0x50
1000b52a:	f7ff ba10 	b.w	1000a94e <lfs_dir_compact+0x4c2>
1000b52e:	9b07      	ldr	r3, [sp, #28]
1000b530:	9e1a      	ldr	r6, [sp, #104]	@ 0x68
1000b532:	6e9a      	ldr	r2, [r3, #104]	@ 0x68
1000b534:	f7ff bbce 	b.w	1000acd4 <lfs_dir_compact+0x848>
1000b538:	4b64      	ldr	r3, [pc, #400]	@ (1000b6cc <lfs_dir_compact+0x1240>)
1000b53a:	462c      	mov	r4, r5
1000b53c:	6e9a      	ldr	r2, [r3, #104]	@ 0x68
1000b53e:	9307      	str	r3, [sp, #28]
1000b540:	f7ff bbc8 	b.w	1000acd4 <lfs_dir_compact+0x848>
1000b544:	4635      	mov	r5, r6
1000b546:	f8dd 8030 	ldr.w	r8, [sp, #48]	@ 0x30
1000b54a:	9e05      	ldr	r6, [sp, #20]
1000b54c:	2800      	cmp	r0, #0
1000b54e:	f6ff aa5d 	blt.w	1000aa0c <lfs_dir_compact+0x580>
1000b552:	68ea      	ldr	r2, [r5, #12]
1000b554:	f7ff bb42 	b.w	1000abdc <lfs_dir_compact+0x750>
1000b558:	9a33      	ldr	r2, [sp, #204]	@ 0xcc
1000b55a:	2a04      	cmp	r2, #4
1000b55c:	9210      	str	r2, [sp, #64]	@ 0x40
1000b55e:	f67f ad2f 	bls.w	1000afc0 <lfs_dir_compact+0xb34>
1000b562:	960e      	str	r6, [sp, #56]	@ 0x38
1000b564:	f04f 0a04 	mov.w	sl, #4
1000b568:	4646      	mov	r6, r8
1000b56a:	f04f 34ff 	mov.w	r4, #4294967295	@ 0xffffffff
1000b56e:	46b8      	mov	r8, r7
1000b570:	462f      	mov	r7, r5
1000b572:	f3c3 0b09 	ubfx	fp, r3, #0, #10
1000b576:	f3c5 2389 	ubfx	r3, r5, #10, #10
1000b57a:	eba3 030b 	sub.w	r3, r3, fp
1000b57e:	9318      	str	r3, [sp, #96]	@ 0x60
1000b580:	b29b      	uxth	r3, r3
1000b582:	9320      	str	r3, [sp, #128]	@ 0x80
1000b584:	f10b 0301 	add.w	r3, fp, #1
1000b588:	9314      	str	r3, [sp, #80]	@ 0x50
1000b58a:	9b07      	ldr	r3, [sp, #28]
1000b58c:	6e9b      	ldr	r3, [r3, #104]	@ 0x68
1000b58e:	69da      	ldr	r2, [r3, #28]
1000b590:	4296      	cmp	r6, r2
1000b592:	f4bf aa9e 	bcs.w	1000aad2 <lfs_dir_compact+0x646>
1000b596:	699b      	ldr	r3, [r3, #24]
1000b598:	f10a 0504 	add.w	r5, sl, #4
1000b59c:	429d      	cmp	r5, r3
1000b59e:	f63f aa98 	bhi.w	1000aad2 <lfs_dir_compact+0x646>
1000b5a2:	2204      	movs	r2, #4
1000b5a4:	9201      	str	r2, [sp, #4]
1000b5a6:	aa2a      	add	r2, sp, #168	@ 0xa8
1000b5a8:	9200      	str	r2, [sp, #0]
1000b5aa:	4653      	mov	r3, sl
1000b5ac:	4632      	mov	r2, r6
1000b5ae:	2104      	movs	r1, #4
1000b5b0:	4846      	ldr	r0, [pc, #280]	@ (1000b6cc <lfs_dir_compact+0x1240>)
1000b5b2:	f7fa fec5 	bl	10006340 <lfs_bd_read.part.0.constprop.0>
1000b5b6:	2800      	cmp	r0, #0
1000b5b8:	f040 80a1 	bne.w	1000b6fe <lfs_dir_compact+0x1272>
1000b5bc:	9b2a      	ldr	r3, [sp, #168]	@ 0xa8
1000b5be:	e9cd 6532 	strd	r6, r5, [sp, #200]	@ 0xc8
1000b5c2:	ba1b      	rev	r3, r3
1000b5c4:	4063      	eors	r3, r4
1000b5c6:	f043 4400 	orr.w	r4, r3, #2147483648	@ 0x80000000
1000b5ca:	f344 0309 	sbfx	r3, r4, #0, #10
1000b5ce:	f1b3 3fff 	cmp.w	r3, #4294967295	@ 0xffffffff
1000b5d2:	bf14      	ite	ne
1000b5d4:	46a2      	movne	sl, r4
1000b5d6:	f104 0a01 	addeq.w	sl, r4, #1
1000b5da:	f084 5300 	eor.w	r3, r4, #536870912	@ 0x20000000
1000b5de:	f3ca 0a09 	ubfx	sl, sl, #0, #10
1000b5e2:	f013 4fc0 	tst.w	r3, #1610612736	@ 0x60000000
1000b5e6:	942a      	str	r4, [sp, #168]	@ 0xa8
1000b5e8:	44aa      	add	sl, r5
1000b5ea:	d136      	bne.n	1000b65a <lfs_dir_compact+0x11ce>
1000b5ec:	9b10      	ldr	r3, [sp, #64]	@ 0x40
1000b5ee:	4553      	cmp	r3, sl
1000b5f0:	f200 808a 	bhi.w	1000b708 <lfs_dir_compact+0x127c>
1000b5f4:	f3c4 2189 	ubfx	r1, r4, #10, #10
1000b5f8:	458b      	cmp	fp, r1
1000b5fa:	d831      	bhi.n	1000b660 <lfs_dir_compact+0x11d4>
1000b5fc:	9b14      	ldr	r3, [sp, #80]	@ 0x50
1000b5fe:	428b      	cmp	r3, r1
1000b600:	d92e      	bls.n	1000b660 <lfs_dir_compact+0x11d4>
1000b602:	4623      	mov	r3, r4
1000b604:	f3c3 520a 	ubfx	r2, r3, #20, #11
1000b608:	b33a      	cbz	r2, 1000b65a <lfs_dir_compact+0x11ce>
1000b60a:	f240 1001 	movw	r0, #257	@ 0x101
1000b60e:	4282      	cmp	r2, r0
1000b610:	d064      	beq.n	1000b6dc <lfs_dir_compact+0x1250>
1000b612:	f5b2 7f81 	cmp.w	r2, #258	@ 0x102
1000b616:	d027      	beq.n	1000b668 <lfs_dir_compact+0x11dc>
1000b618:	9a18      	ldr	r2, [sp, #96]	@ 0x60
1000b61a:	eb03 2382 	add.w	r3, r3, r2, lsl #10
1000b61e:	00d8      	lsls	r0, r3, #3
1000b620:	9a28      	ldr	r2, [sp, #160]	@ 0xa0
1000b622:	bf4c      	ite	mi
1000b624:	492a      	ldrmi	r1, [pc, #168]	@ (1000b6d0 <lfs_dir_compact+0x1244>)
1000b626:	492b      	ldrpl	r1, [pc, #172]	@ (1000b6d4 <lfs_dir_compact+0x1248>)
1000b628:	ea83 0002 	eor.w	r0, r3, r2
1000b62c:	4208      	tst	r0, r1
1000b62e:	d03e      	beq.n	1000b6ae <lfs_dir_compact+0x1222>
1000b630:	f342 0109 	sbfx	r1, r2, #0, #10
1000b634:	3101      	adds	r1, #1
1000b636:	d03a      	beq.n	1000b6ae <lfs_dir_compact+0x1222>
1000b638:	4927      	ldr	r1, [pc, #156]	@ (1000b6d8 <lfs_dir_compact+0x124c>)
1000b63a:	4825      	ldr	r0, [pc, #148]	@ (1000b6d0 <lfs_dir_compact+0x1244>)
1000b63c:	4011      	ands	r1, r2
1000b63e:	f041 419f 	orr.w	r1, r1, #1333788672	@ 0x4f800000
1000b642:	f441 01e0 	orr.w	r1, r1, #7340032	@ 0x700000
1000b646:	4018      	ands	r0, r3
1000b648:	4288      	cmp	r0, r1
1000b64a:	d030      	beq.n	1000b6ae <lfs_dir_compact+0x1222>
1000b64c:	0d19      	lsrs	r1, r3, #20
1000b64e:	f401 60e0 	and.w	r0, r1, #1792	@ 0x700
1000b652:	f5b0 6f80 	cmp.w	r0, #1024	@ 0x400
1000b656:	f000 80d3 	beq.w	1000b800 <lfs_dir_compact+0x1374>
1000b65a:	9b10      	ldr	r3, [sp, #64]	@ 0x40
1000b65c:	4553      	cmp	r3, sl
1000b65e:	d894      	bhi.n	1000b58a <lfs_dir_compact+0x10fe>
1000b660:	463d      	mov	r5, r7
1000b662:	9e0e      	ldr	r6, [sp, #56]	@ 0x38
1000b664:	4647      	mov	r7, r8
1000b666:	e4ab      	b.n	1000afc0 <lfs_dir_compact+0xb34>
1000b668:	f3c3 0309 	ubfx	r3, r3, #0, #10
1000b66c:	2b00      	cmp	r3, #0
1000b66e:	d0f4      	beq.n	1000b65a <lfs_dir_compact+0x11ce>
1000b670:	9a18      	ldr	r2, [sp, #96]	@ 0x60
1000b672:	f8dd c0a0 	ldr.w	ip, [sp, #160]	@ 0xa0
1000b676:	188a      	adds	r2, r1, r2
1000b678:	210c      	movs	r1, #12
1000b67a:	a832      	add	r0, sp, #200	@ 0xc8
1000b67c:	fb01 0303 	mla	r3, r1, r3, r0
1000b680:	0292      	lsls	r2, r2, #10
1000b682:	f34c 0e09 	sbfx	lr, ip, #0, #10
1000b686:	e004      	b.n	1000b692 <lfs_dir_compact+0x1206>
1000b688:	f1be 3fff 	cmp.w	lr, #4294967295	@ 0xffffffff
1000b68c:	d00f      	beq.n	1000b6ae <lfs_dir_compact+0x1222>
1000b68e:	4283      	cmp	r3, r0
1000b690:	d0e3      	beq.n	1000b65a <lfs_dir_compact+0x11ce>
1000b692:	7805      	ldrb	r5, [r0, #0]
1000b694:	6881      	ldr	r1, [r0, #8]
1000b696:	f505 7540 	add.w	r5, r5, #768	@ 0x300
1000b69a:	4311      	orrs	r1, r2
1000b69c:	ea41 5105 	orr.w	r1, r1, r5, lsl #20
1000b6a0:	4d0b      	ldr	r5, [pc, #44]	@ (1000b6d0 <lfs_dir_compact+0x1244>)
1000b6a2:	ea81 010c 	eor.w	r1, r1, ip
1000b6a6:	4229      	tst	r1, r5
1000b6a8:	f100 000c 	add.w	r0, r0, #12
1000b6ac:	d1ec      	bne.n	1000b688 <lfs_dir_compact+0x11fc>
1000b6ae:	9d0e      	ldr	r5, [sp, #56]	@ 0x38
1000b6b0:	9e05      	ldr	r6, [sp, #20]
1000b6b2:	f8dd 8030 	ldr.w	r8, [sp, #48]	@ 0x30
1000b6b6:	68ea      	ldr	r2, [r5, #12]
1000b6b8:	f7ff ba90 	b.w	1000abdc <lfs_dir_compact+0x750>
1000b6bc:	20001e48 	.word	0x20001e48
1000b6c0:	1000d4e4 	.word	0x1000d4e4
1000b6c4:	1000d2a8 	.word	0x1000d2a8
1000b6c8:	1000d360 	.word	0x1000d360
1000b6cc:	20001e00 	.word	0x20001e00
1000b6d0:	7ffffc00 	.word	0x7ffffc00
1000b6d4:	700ffc00 	.word	0x700ffc00
1000b6d8:	000ffc00 	.word	0x000ffc00
1000b6dc:	f3c3 0209 	ubfx	r2, r3, #0, #10
1000b6e0:	1a8b      	subs	r3, r1, r2
1000b6e2:	9920      	ldr	r1, [sp, #128]	@ 0x80
1000b6e4:	a832      	add	r0, sp, #200	@ 0xc8
1000b6e6:	440b      	add	r3, r1
1000b6e8:	a928      	add	r1, sp, #160	@ 0xa0
1000b6ea:	9101      	str	r1, [sp, #4]
1000b6ec:	49a9      	ldr	r1, [pc, #676]	@ (1000b994 <lfs_dir_compact+0x1508>)
1000b6ee:	b21b      	sxth	r3, r3
1000b6f0:	9100      	str	r1, [sp, #0]
1000b6f2:	4611      	mov	r1, r2
1000b6f4:	3201      	adds	r2, #1
1000b6f6:	f7fd fd47 	bl	10009188 <lfs_dir_traverse.constprop.2>
1000b6fa:	2800      	cmp	r0, #0
1000b6fc:	d0ad      	beq.n	1000b65a <lfs_dir_compact+0x11ce>
1000b6fe:	9d0e      	ldr	r5, [sp, #56]	@ 0x38
1000b700:	9e05      	ldr	r6, [sp, #20]
1000b702:	f8dd 8030 	ldr.w	r8, [sp, #48]	@ 0x30
1000b706:	e721      	b.n	1000b54c <lfs_dir_compact+0x10c0>
1000b708:	4653      	mov	r3, sl
1000b70a:	4625      	mov	r5, r4
1000b70c:	970f      	str	r7, [sp, #60]	@ 0x3c
1000b70e:	9a07      	ldr	r2, [sp, #28]
1000b710:	6e92      	ldr	r2, [r2, #104]	@ 0x68
1000b712:	69d1      	ldr	r1, [r2, #28]
1000b714:	428e      	cmp	r6, r1
1000b716:	f4bf a9dc 	bcs.w	1000aad2 <lfs_dir_compact+0x646>
1000b71a:	6992      	ldr	r2, [r2, #24]
1000b71c:	1d1f      	adds	r7, r3, #4
1000b71e:	4297      	cmp	r7, r2
1000b720:	f63f a9d7 	bhi.w	1000aad2 <lfs_dir_compact+0x646>
1000b724:	2204      	movs	r2, #4
1000b726:	9201      	str	r2, [sp, #4]
1000b728:	aa2b      	add	r2, sp, #172	@ 0xac
1000b72a:	9200      	str	r2, [sp, #0]
1000b72c:	2104      	movs	r1, #4
1000b72e:	4632      	mov	r2, r6
1000b730:	4899      	ldr	r0, [pc, #612]	@ (1000b998 <lfs_dir_compact+0x150c>)
1000b732:	f7fa fe05 	bl	10006340 <lfs_bd_read.part.0.constprop.0>
1000b736:	2800      	cmp	r0, #0
1000b738:	d15b      	bne.n	1000b7f2 <lfs_dir_compact+0x1366>
1000b73a:	9b2b      	ldr	r3, [sp, #172]	@ 0xac
1000b73c:	e9cd 6736 	strd	r6, r7, [sp, #216]	@ 0xd8
1000b740:	ba1b      	rev	r3, r3
1000b742:	406b      	eors	r3, r5
1000b744:	f043 4500 	orr.w	r5, r3, #2147483648	@ 0x80000000
1000b748:	f3c5 520a 	ubfx	r2, r5, #20, #11
1000b74c:	952b      	str	r5, [sp, #172]	@ 0xac
1000b74e:	0d28      	lsrs	r0, r5, #20
1000b750:	b332      	cbz	r2, 1000b7a0 <lfs_dir_compact+0x1314>
1000b752:	f240 1101 	movw	r1, #257	@ 0x101
1000b756:	428a      	cmp	r2, r1
1000b758:	d03b      	beq.n	1000b7d2 <lfs_dir_compact+0x1346>
1000b75a:	f5b2 7f81 	cmp.w	r2, #258	@ 0x102
1000b75e:	d066      	beq.n	1000b82e <lfs_dir_compact+0x13a2>
1000b760:	00da      	lsls	r2, r3, #3
1000b762:	9a2a      	ldr	r2, [sp, #168]	@ 0xa8
1000b764:	bf4c      	ite	mi
1000b766:	498d      	ldrmi	r1, [pc, #564]	@ (1000b99c <lfs_dir_compact+0x1510>)
1000b768:	498d      	ldrpl	r1, [pc, #564]	@ (1000b9a0 <lfs_dir_compact+0x1514>)
1000b76a:	ea85 0e02 	eor.w	lr, r5, r2
1000b76e:	ea1e 0f01 	tst.w	lr, r1
1000b772:	f000 8083 	beq.w	1000b87c <lfs_dir_compact+0x13f0>
1000b776:	f342 0109 	sbfx	r1, r2, #0, #10
1000b77a:	3101      	adds	r1, #1
1000b77c:	d07e      	beq.n	1000b87c <lfs_dir_compact+0x13f0>
1000b77e:	4989      	ldr	r1, [pc, #548]	@ (1000b9a4 <lfs_dir_compact+0x1518>)
1000b780:	f8df e218 	ldr.w	lr, [pc, #536]	@ 1000b99c <lfs_dir_compact+0x1510>
1000b784:	4011      	ands	r1, r2
1000b786:	f041 419f 	orr.w	r1, r1, #1333788672	@ 0x4f800000
1000b78a:	f441 01e0 	orr.w	r1, r1, #7340032	@ 0x700000
1000b78e:	ea03 0e0e 	and.w	lr, r3, lr
1000b792:	458e      	cmp	lr, r1
1000b794:	d072      	beq.n	1000b87c <lfs_dir_compact+0x13f0>
1000b796:	f400 6ce0 	and.w	ip, r0, #1792	@ 0x700
1000b79a:	f5bc 6f80 	cmp.w	ip, #1024	@ 0x400
1000b79e:	d03b      	beq.n	1000b818 <lfs_dir_compact+0x138c>
1000b7a0:	f345 0209 	sbfx	r2, r5, #0, #10
1000b7a4:	f1b2 3fff 	cmp.w	r2, #4294967295	@ 0xffffffff
1000b7a8:	bf14      	ite	ne
1000b7aa:	462b      	movne	r3, r5
1000b7ac:	1c6b      	addeq	r3, r5, #1
1000b7ae:	9a10      	ldr	r2, [sp, #64]	@ 0x40
1000b7b0:	f3c3 0309 	ubfx	r3, r3, #0, #10
1000b7b4:	443b      	add	r3, r7
1000b7b6:	429a      	cmp	r2, r3
1000b7b8:	d8a9      	bhi.n	1000b70e <lfs_dir_compact+0x1282>
1000b7ba:	9b2a      	ldr	r3, [sp, #168]	@ 0xa8
1000b7bc:	9f0f      	ldr	r7, [sp, #60]	@ 0x3c
1000b7be:	f3c3 2189 	ubfx	r1, r3, #10, #10
1000b7c2:	458b      	cmp	fp, r1
1000b7c4:	f63f af49 	bhi.w	1000b65a <lfs_dir_compact+0x11ce>
1000b7c8:	9a14      	ldr	r2, [sp, #80]	@ 0x50
1000b7ca:	428a      	cmp	r2, r1
1000b7cc:	f63f af1a 	bhi.w	1000b604 <lfs_dir_compact+0x1178>
1000b7d0:	e743      	b.n	1000b65a <lfs_dir_compact+0x11ce>
1000b7d2:	f3c3 0209 	ubfx	r2, r3, #0, #10
1000b7d6:	ab2a      	add	r3, sp, #168	@ 0xa8
1000b7d8:	9301      	str	r3, [sp, #4]
1000b7da:	4b6e      	ldr	r3, [pc, #440]	@ (1000b994 <lfs_dir_compact+0x1508>)
1000b7dc:	4611      	mov	r1, r2
1000b7de:	9300      	str	r3, [sp, #0]
1000b7e0:	f3c5 2389 	ubfx	r3, r5, #10, #10
1000b7e4:	1a9b      	subs	r3, r3, r2
1000b7e6:	a836      	add	r0, sp, #216	@ 0xd8
1000b7e8:	3201      	adds	r2, #1
1000b7ea:	f7fd fccd 	bl	10009188 <lfs_dir_traverse.constprop.2>
1000b7ee:	2800      	cmp	r0, #0
1000b7f0:	d0d6      	beq.n	1000b7a0 <lfs_dir_compact+0x1314>
1000b7f2:	2800      	cmp	r0, #0
1000b7f4:	9f0f      	ldr	r7, [sp, #60]	@ 0x3c
1000b7f6:	f6bf aec8 	bge.w	1000b58a <lfs_dir_compact+0x10fe>
1000b7fa:	4682      	mov	sl, r0
1000b7fc:	f7ff b907 	b.w	1000aa0e <lfs_dir_compact+0x582>
1000b800:	f3c3 2389 	ubfx	r3, r3, #10, #10
1000b804:	f3c2 2089 	ubfx	r0, r2, #10, #10
1000b808:	4283      	cmp	r3, r0
1000b80a:	f63f af26 	bhi.w	1000b65a <lfs_dir_compact+0x11ce>
1000b80e:	b249      	sxtb	r1, r1
1000b810:	eb02 2281 	add.w	r2, r2, r1, lsl #10
1000b814:	9228      	str	r2, [sp, #160]	@ 0xa0
1000b816:	e720      	b.n	1000b65a <lfs_dir_compact+0x11ce>
1000b818:	f3c5 2389 	ubfx	r3, r5, #10, #10
1000b81c:	f3c2 2189 	ubfx	r1, r2, #10, #10
1000b820:	428b      	cmp	r3, r1
1000b822:	d8bd      	bhi.n	1000b7a0 <lfs_dir_compact+0x1314>
1000b824:	b240      	sxtb	r0, r0
1000b826:	eb02 2280 	add.w	r2, r2, r0, lsl #10
1000b82a:	922a      	str	r2, [sp, #168]	@ 0xa8
1000b82c:	e7b8      	b.n	1000b7a0 <lfs_dir_compact+0x1314>
1000b82e:	f3c3 0309 	ubfx	r3, r3, #0, #10
1000b832:	2b00      	cmp	r3, #0
1000b834:	d0b4      	beq.n	1000b7a0 <lfs_dir_compact+0x1314>
1000b836:	220c      	movs	r2, #12
1000b838:	a936      	add	r1, sp, #216	@ 0xd8
1000b83a:	fb02 1303 	mla	r3, r2, r3, r1
1000b83e:	f8dd e0a8 	ldr.w	lr, [sp, #168]	@ 0xa8
1000b842:	f3c5 2089 	ubfx	r0, r5, #10, #10
1000b846:	f34e 0209 	sbfx	r2, lr, #0, #10
1000b84a:	e9cd 2321 	strd	r2, r3, [sp, #132]	@ 0x84
1000b84e:	0280      	lsls	r0, r0, #10
1000b850:	e005      	b.n	1000b85e <lfs_dir_compact+0x13d2>
1000b852:	9b21      	ldr	r3, [sp, #132]	@ 0x84
1000b854:	3301      	adds	r3, #1
1000b856:	d011      	beq.n	1000b87c <lfs_dir_compact+0x13f0>
1000b858:	9b22      	ldr	r3, [sp, #136]	@ 0x88
1000b85a:	428b      	cmp	r3, r1
1000b85c:	d0a0      	beq.n	1000b7a0 <lfs_dir_compact+0x1314>
1000b85e:	f891 c000 	ldrb.w	ip, [r1]
1000b862:	688a      	ldr	r2, [r1, #8]
1000b864:	f50c 7c40 	add.w	ip, ip, #768	@ 0x300
1000b868:	4302      	orrs	r2, r0
1000b86a:	4b4c      	ldr	r3, [pc, #304]	@ (1000b99c <lfs_dir_compact+0x1510>)
1000b86c:	ea42 520c 	orr.w	r2, r2, ip, lsl #20
1000b870:	ea82 020e 	eor.w	r2, r2, lr
1000b874:	421a      	tst	r2, r3
1000b876:	f101 010c 	add.w	r1, r1, #12
1000b87a:	d1ea      	bne.n	1000b852 <lfs_dir_compact+0x13c6>
1000b87c:	9f0f      	ldr	r7, [sp, #60]	@ 0x3c
1000b87e:	e684      	b.n	1000b58a <lfs_dir_compact+0x10fe>
1000b880:	9a21      	ldr	r2, [sp, #132]	@ 0x84
1000b882:	428a      	cmp	r2, r1
1000b884:	f63f a8a3 	bhi.w	1000a9ce <lfs_dir_compact+0x542>
1000b888:	f7ff bb3a 	b.w	1000af00 <lfs_dir_compact+0xa74>
1000b88c:	9b07      	ldr	r3, [sp, #28]
1000b88e:	6e9b      	ldr	r3, [r3, #104]	@ 0x68
1000b890:	6a1b      	ldr	r3, [r3, #32]
1000b892:	2b00      	cmp	r3, #0
1000b894:	dd09      	ble.n	1000b8aa <lfs_dir_compact+0x141e>
1000b896:	3301      	adds	r3, #1
1000b898:	f043 0301 	orr.w	r3, r3, #1
1000b89c:	1e5a      	subs	r2, r3, #1
1000b89e:	442a      	add	r2, r5
1000b8a0:	fbb2 f2f3 	udiv	r2, r2, r3
1000b8a4:	fb02 f303 	mul.w	r3, r2, r3
1000b8a8:	9338      	str	r3, [sp, #224]	@ 0xe0
1000b8aa:	9b0d      	ldr	r3, [sp, #52]	@ 0x34
1000b8ac:	2204      	movs	r2, #4
1000b8ae:	9300      	str	r3, [sp, #0]
1000b8b0:	2300      	movs	r3, #0
1000b8b2:	f8ad 30ec 	strh.w	r3, [sp, #236]	@ 0xec
1000b8b6:	f88d 30ee 	strb.w	r3, [sp, #238]	@ 0xee
1000b8ba:	f04f 33ff 	mov.w	r3, #4294967295	@ 0xffffffff
1000b8be:	9401      	str	r4, [sp, #4]
1000b8c0:	933a      	str	r3, [sp, #232]	@ 0xe8
1000b8c2:	7df3      	ldrb	r3, [r6, #23]
1000b8c4:	9239      	str	r2, [sp, #228]	@ 0xe4
1000b8c6:	f88d 30ef 	strb.w	r3, [sp, #239]	@ 0xef
1000b8ca:	69f3      	ldr	r3, [r6, #28]
1000b8cc:	4648      	mov	r0, r9
1000b8ce:	e9dd 1216 	ldrd	r1, r2, [sp, #88]	@ 0x58
1000b8d2:	933d      	str	r3, [sp, #244]	@ 0xf4
1000b8d4:	69b3      	ldr	r3, [r6, #24]
1000b8d6:	933c      	str	r3, [sp, #240]	@ 0xf0
1000b8d8:	9b06      	ldr	r3, [sp, #24]
1000b8da:	f7fe fdd7 	bl	1000a48c <lfs_dir_compact>
1000b8de:	4682      	mov	sl, r0
1000b8e0:	2800      	cmp	r0, #0
1000b8e2:	f47f adee 	bne.w	1000b4c2 <lfs_dir_compact+0x1036>
1000b8e6:	2301      	movs	r3, #1
1000b8e8:	9a36      	ldr	r2, [sp, #216]	@ 0xd8
1000b8ea:	75f3      	strb	r3, [r6, #23]
1000b8ec:	9b37      	ldr	r3, [sp, #220]	@ 0xdc
1000b8ee:	9c07      	ldr	r4, [sp, #28]
1000b8f0:	61b2      	str	r2, [r6, #24]
1000b8f2:	61f3      	str	r3, [r6, #28]
1000b8f4:	6835      	ldr	r5, [r6, #0]
1000b8f6:	6a21      	ldr	r1, [r4, #32]
1000b8f8:	6870      	ldr	r0, [r6, #4]
1000b8fa:	428d      	cmp	r5, r1
1000b8fc:	f000 8368 	beq.w	1000bfd0 <lfs_dir_compact+0x1b44>
1000b900:	6a64      	ldr	r4, [r4, #36]	@ 0x24
1000b902:	4284      	cmp	r4, r0
1000b904:	f000 8364 	beq.w	1000bfd0 <lfs_dir_compact+0x1b44>
1000b908:	42a5      	cmp	r5, r4
1000b90a:	f000 8361 	beq.w	1000bfd0 <lfs_dir_compact+0x1b44>
1000b90e:	4281      	cmp	r1, r0
1000b910:	f000 835e 	beq.w	1000bfd0 <lfs_dir_compact+0x1b44>
1000b914:	9b07      	ldr	r3, [sp, #28]
1000b916:	4657      	mov	r7, sl
1000b918:	9c0d      	ldr	r4, [sp, #52]	@ 0x34
1000b91a:	6e9a      	ldr	r2, [r3, #104]	@ 0x68
1000b91c:	f7ff b9ec 	b.w	1000acf8 <lfs_dir_compact+0x86c>
1000b920:	9d1b      	ldr	r5, [sp, #108]	@ 0x6c
1000b922:	9c1c      	ldr	r4, [sp, #112]	@ 0x70
1000b924:	4f20      	ldr	r7, [pc, #128]	@ (1000b9a8 <lfs_dir_compact+0x151c>)
1000b926:	e9cd 2101 	strd	r2, r1, [sp, #4]
1000b92a:	462b      	mov	r3, r5
1000b92c:	f44f 62d4 	mov.w	r2, #1696	@ 0x6a0
1000b930:	491e      	ldr	r1, [pc, #120]	@ (1000b9ac <lfs_dir_compact+0x1520>)
1000b932:	481f      	ldr	r0, [pc, #124]	@ (1000b9b0 <lfs_dir_compact+0x1524>)
1000b934:	9400      	str	r4, [sp, #0]
1000b936:	9703      	str	r7, [sp, #12]
1000b938:	f7f8 fa48 	bl	10003dcc <__wrap_printf>
1000b93c:	9a07      	ldr	r2, [sp, #28]
1000b93e:	6a13      	ldr	r3, [r2, #32]
1000b940:	429d      	cmp	r5, r3
1000b942:	f000 834f 	beq.w	1000bfe4 <lfs_dir_compact+0x1b58>
1000b946:	6a52      	ldr	r2, [r2, #36]	@ 0x24
1000b948:	4294      	cmp	r4, r2
1000b94a:	f000 834b 	beq.w	1000bfe4 <lfs_dir_compact+0x1b58>
1000b94e:	4295      	cmp	r5, r2
1000b950:	f000 8348 	beq.w	1000bfe4 <lfs_dir_compact+0x1b58>
1000b954:	429c      	cmp	r4, r3
1000b956:	f000 8345 	beq.w	1000bfe4 <lfs_dir_compact+0x1b58>
1000b95a:	9b07      	ldr	r3, [sp, #28]
1000b95c:	6a9b      	ldr	r3, [r3, #40]	@ 0x28
1000b95e:	2b00      	cmp	r3, #0
1000b960:	d041      	beq.n	1000b9e6 <lfs_dir_compact+0x155a>
1000b962:	e9dd 211b 	ldrd	r2, r1, [sp, #108]	@ 0x6c
1000b966:	e00c      	b.n	1000b982 <lfs_dir_compact+0x14f6>
1000b968:	68dc      	ldr	r4, [r3, #12]
1000b96a:	42a1      	cmp	r1, r4
1000b96c:	d00c      	beq.n	1000b988 <lfs_dir_compact+0x14fc>
1000b96e:	42a2      	cmp	r2, r4
1000b970:	d00a      	beq.n	1000b988 <lfs_dir_compact+0x14fc>
1000b972:	4281      	cmp	r1, r0
1000b974:	d008      	beq.n	1000b988 <lfs_dir_compact+0x14fc>
1000b976:	7998      	ldrb	r0, [r3, #6]
1000b978:	2802      	cmp	r0, #2
1000b97a:	d025      	beq.n	1000b9c8 <lfs_dir_compact+0x153c>
1000b97c:	681b      	ldr	r3, [r3, #0]
1000b97e:	2b00      	cmp	r3, #0
1000b980:	d031      	beq.n	1000b9e6 <lfs_dir_compact+0x155a>
1000b982:	6898      	ldr	r0, [r3, #8]
1000b984:	4282      	cmp	r2, r0
1000b986:	d1ef      	bne.n	1000b968 <lfs_dir_compact+0x14dc>
1000b988:	6830      	ldr	r0, [r6, #0]
1000b98a:	6098      	str	r0, [r3, #8]
1000b98c:	6870      	ldr	r0, [r6, #4]
1000b98e:	60d8      	str	r0, [r3, #12]
1000b990:	e7f1      	b.n	1000b976 <lfs_dir_compact+0x14ea>
1000b992:	bf00      	nop
1000b994:	100062b1 	.word	0x100062b1
1000b998:	20001e00 	.word	0x20001e00
1000b99c:	7ffffc00 	.word	0x7ffffc00
1000b9a0:	700ffc00 	.word	0x700ffc00
1000b9a4:	000ffc00 	.word	0x000ffc00
1000b9a8:	1000d4e4 	.word	0x1000d4e4
1000b9ac:	1000d2a8 	.word	0x1000d2a8
1000b9b0:	1000d390 	.word	0x1000d390
1000b9b4:	4659      	mov	r1, fp
1000b9b6:	4648      	mov	r0, r9
1000b9b8:	f7fb f948 	bl	10006c4c <lfs_dir_commitattr.constprop.0>
1000b9bc:	4682      	mov	sl, r0
1000b9be:	2800      	cmp	r0, #0
1000b9c0:	f43f ad14 	beq.w	1000b3ec <lfs_dir_compact+0xf60>
1000b9c4:	f7ff b9ab 	b.w	1000ad1e <lfs_dir_compact+0x892>
1000b9c8:	6ad8      	ldr	r0, [r3, #44]	@ 0x2c
1000b9ca:	4282      	cmp	r2, r0
1000b9cc:	d006      	beq.n	1000b9dc <lfs_dir_compact+0x1550>
1000b9ce:	6b1c      	ldr	r4, [r3, #48]	@ 0x30
1000b9d0:	42a1      	cmp	r1, r4
1000b9d2:	d003      	beq.n	1000b9dc <lfs_dir_compact+0x1550>
1000b9d4:	42a2      	cmp	r2, r4
1000b9d6:	d001      	beq.n	1000b9dc <lfs_dir_compact+0x1550>
1000b9d8:	4281      	cmp	r1, r0
1000b9da:	d1cf      	bne.n	1000b97c <lfs_dir_compact+0x14f0>
1000b9dc:	6830      	ldr	r0, [r6, #0]
1000b9de:	62d8      	str	r0, [r3, #44]	@ 0x2c
1000b9e0:	6870      	ldr	r0, [r6, #4]
1000b9e2:	6318      	str	r0, [r3, #48]	@ 0x30
1000b9e4:	e7ca      	b.n	1000b97c <lfs_dir_compact+0x14f0>
1000b9e6:	2400      	movs	r4, #0
1000b9e8:	2301      	movs	r3, #1
1000b9ea:	e9cd 433c 	strd	r4, r3, [sp, #240]	@ 0xf0
1000b9ee:	f8dd 801c 	ldr.w	r8, [sp, #28]
1000b9f2:	f8d8 3068 	ldr.w	r3, [r8, #104]	@ 0x68
1000b9f6:	69db      	ldr	r3, [r3, #28]
1000b9f8:	ebb4 0f53 	cmp.w	r4, r3, lsr #1
1000b9fc:	d24e      	bcs.n	1000ba9c <lfs_dir_compact+0x1610>
1000b9fe:	9b1b      	ldr	r3, [sp, #108]	@ 0x6c
1000ba00:	4648      	mov	r0, r9
1000ba02:	9332      	str	r3, [sp, #200]	@ 0xc8
1000ba04:	9b1c      	ldr	r3, [sp, #112]	@ 0x70
1000ba06:	4a90      	ldr	r2, [pc, #576]	@ (1000bc48 <lfs_dir_compact+0x17bc>)
1000ba08:	9333      	str	r3, [sp, #204]	@ 0xcc
1000ba0a:	2300      	movs	r3, #0
1000ba0c:	9300      	str	r3, [sp, #0]
1000ba0e:	4b8f      	ldr	r3, [pc, #572]	@ (1000bc4c <lfs_dir_compact+0x17c0>)
1000ba10:	f8cd b008 	str.w	fp, [sp, #8]
1000ba14:	9301      	str	r3, [sp, #4]
1000ba16:	a93c      	add	r1, sp, #240	@ 0xf0
1000ba18:	4b8d      	ldr	r3, [pc, #564]	@ (1000bc50 <lfs_dir_compact+0x17c4>)
1000ba1a:	f7fb fcd7 	bl	100073cc <lfs_dir_fetchmatch>
1000ba1e:	3401      	adds	r4, #1
1000ba20:	b110      	cbz	r0, 1000ba28 <lfs_dir_compact+0x159c>
1000ba22:	1cc5      	adds	r5, r0, #3
1000ba24:	f040 82e4 	bne.w	1000bff0 <lfs_dir_compact+0x1b64>
1000ba28:	9b3c      	ldr	r3, [sp, #240]	@ 0xf0
1000ba2a:	3301      	adds	r3, #1
1000ba2c:	d002      	beq.n	1000ba34 <lfs_dir_compact+0x15a8>
1000ba2e:	9b3d      	ldr	r3, [sp, #244]	@ 0xf4
1000ba30:	3301      	adds	r3, #1
1000ba32:	d1de      	bne.n	1000b9f2 <lfs_dir_compact+0x1566>
1000ba34:	2400      	movs	r4, #0
1000ba36:	2301      	movs	r3, #1
1000ba38:	e9cd 433c 	strd	r4, r3, [sp, #240]	@ 0xf0
1000ba3c:	9d1c      	ldr	r5, [sp, #112]	@ 0x70
1000ba3e:	f8dd 801c 	ldr.w	r8, [sp, #28]
1000ba42:	9b3c      	ldr	r3, [sp, #240]	@ 0xf0
1000ba44:	1c58      	adds	r0, r3, #1
1000ba46:	f43e afe2 	beq.w	1000aa0e <lfs_dir_compact+0x582>
1000ba4a:	9a3d      	ldr	r2, [sp, #244]	@ 0xf4
1000ba4c:	1c51      	adds	r1, r2, #1
1000ba4e:	f43e afde 	beq.w	1000aa0e <lfs_dir_compact+0x582>
1000ba52:	f8d8 1068 	ldr.w	r1, [r8, #104]	@ 0x68
1000ba56:	69c9      	ldr	r1, [r1, #28]
1000ba58:	ebb4 0f51 	cmp.w	r4, r1, lsr #1
1000ba5c:	f104 0401 	add.w	r4, r4, #1
1000ba60:	d24b      	bcs.n	1000bafa <lfs_dir_compact+0x166e>
1000ba62:	991b      	ldr	r1, [sp, #108]	@ 0x6c
1000ba64:	4299      	cmp	r1, r3
1000ba66:	d01e      	beq.n	1000baa6 <lfs_dir_compact+0x161a>
1000ba68:	4295      	cmp	r5, r2
1000ba6a:	d01c      	beq.n	1000baa6 <lfs_dir_compact+0x161a>
1000ba6c:	429d      	cmp	r5, r3
1000ba6e:	d01a      	beq.n	1000baa6 <lfs_dir_compact+0x161a>
1000ba70:	4291      	cmp	r1, r2
1000ba72:	d018      	beq.n	1000baa6 <lfs_dir_compact+0x161a>
1000ba74:	2200      	movs	r2, #0
1000ba76:	f04f 33ff 	mov.w	r3, #4294967295	@ 0xffffffff
1000ba7a:	e9cd 2201 	strd	r2, r2, [sp, #4]
1000ba7e:	9200      	str	r2, [sp, #0]
1000ba80:	4648      	mov	r0, r9
1000ba82:	461a      	mov	r2, r3
1000ba84:	a93c      	add	r1, sp, #240	@ 0xf0
1000ba86:	f7fb fca1 	bl	100073cc <lfs_dir_fetchmatch>
1000ba8a:	4603      	mov	r3, r0
1000ba8c:	2800      	cmp	r0, #0
1000ba8e:	d0d8      	beq.n	1000ba42 <lfs_dir_compact+0x15b6>
1000ba90:	1cc2      	adds	r2, r0, #3
1000ba92:	f43e afbc 	beq.w	1000aa0e <lfs_dir_compact+0x582>
1000ba96:	469a      	mov	sl, r3
1000ba98:	f7fe bfb9 	b.w	1000aa0e <lfs_dir_compact+0x582>
1000ba9c:	f06f 0501 	mvn.w	r5, #1
1000baa0:	46aa      	mov	sl, r5
1000baa2:	f7fe bfb4 	b.w	1000aa0e <lfs_dir_compact+0x582>
1000baa6:	9b07      	ldr	r3, [sp, #28]
1000baa8:	6b1c      	ldr	r4, [r3, #48]	@ 0x30
1000baaa:	0d23      	lsrs	r3, r4, #20
1000baac:	f413 6fe0 	tst.w	r3, #1792	@ 0x700
1000bab0:	d00c      	beq.n	1000bacc <lfs_dir_compact+0x1640>
1000bab2:	9a07      	ldr	r2, [sp, #28]
1000bab4:	9b36      	ldr	r3, [sp, #216]	@ 0xd8
1000bab6:	6b50      	ldr	r0, [r2, #52]	@ 0x34
1000bab8:	4298      	cmp	r0, r3
1000baba:	d023      	beq.n	1000bb04 <lfs_dir_compact+0x1678>
1000babc:	6b92      	ldr	r2, [r2, #56]	@ 0x38
1000babe:	9937      	ldr	r1, [sp, #220]	@ 0xdc
1000bac0:	428a      	cmp	r2, r1
1000bac2:	d01f      	beq.n	1000bb04 <lfs_dir_compact+0x1678>
1000bac4:	4288      	cmp	r0, r1
1000bac6:	d01d      	beq.n	1000bb04 <lfs_dir_compact+0x1678>
1000bac8:	4293      	cmp	r3, r2
1000baca:	d01b      	beq.n	1000bb04 <lfs_dir_compact+0x1678>
1000bacc:	2300      	movs	r3, #0
1000bace:	2500      	movs	r5, #0
1000bad0:	f89d 40ef 	ldrb.w	r4, [sp, #239]	@ 0xef
1000bad4:	9332      	str	r3, [sp, #200]	@ 0xc8
1000bad6:	4b5f      	ldr	r3, [pc, #380]	@ (1000bc54 <lfs_dir_compact+0x17c8>)
1000bad8:	f504 64c0 	add.w	r4, r4, #1536	@ 0x600
1000badc:	ea43 5304 	orr.w	r3, r3, r4, lsl #20
1000bae0:	2202      	movs	r2, #2
1000bae2:	4659      	mov	r1, fp
1000bae4:	4648      	mov	r0, r9
1000bae6:	e9cd 5333 	strd	r5, r3, [sp, #204]	@ 0xcc
1000baea:	9635      	str	r6, [sp, #212]	@ 0xd4
1000baec:	f7fe f8c6 	bl	10009c7c <lfs_dir_commit>
1000baf0:	42a8      	cmp	r0, r5
1000baf2:	bf18      	it	ne
1000baf4:	4682      	movne	sl, r0
1000baf6:	f7fe bf8a 	b.w	1000aa0e <lfs_dir_compact+0x582>
1000bafa:	f06f 0301 	mvn.w	r3, #1
1000bafe:	469a      	mov	sl, r3
1000bb00:	f7fe bf85 	b.w	1000aa0e <lfs_dir_compact+0x582>
1000bb04:	9a37      	ldr	r2, [sp, #220]	@ 0xdc
1000bb06:	f3c4 2489 	ubfx	r4, r4, #10, #10
1000bb0a:	9200      	str	r2, [sp, #0]
1000bb0c:	4952      	ldr	r1, [pc, #328]	@ (1000bc58 <lfs_dir_compact+0x17cc>)
1000bb0e:	f640 7213 	movw	r2, #3859	@ 0xf13
1000bb12:	4852      	ldr	r0, [pc, #328]	@ (1000bc5c <lfs_dir_compact+0x17d0>)
1000bb14:	9702      	str	r7, [sp, #8]
1000bb16:	9401      	str	r4, [sp, #4]
1000bb18:	f7f8 f958 	bl	10003dcc <__wrap_printf>
1000bb1c:	2300      	movs	r3, #0
1000bb1e:	f240 35ff 	movw	r5, #1023	@ 0x3ff
1000bb22:	9a07      	ldr	r2, [sp, #28]
1000bb24:	42ac      	cmp	r4, r5
1000bb26:	e9c2 330d 	strd	r3, r3, [r2, #52]	@ 0x34
1000bb2a:	6b13      	ldr	r3, [r2, #48]	@ 0x30
1000bb2c:	f36f 239e 	bfc	r3, #10, #21
1000bb30:	6313      	str	r3, [r2, #48]	@ 0x30
1000bb32:	d0cb      	beq.n	1000bacc <lfs_dir_compact+0x1640>
1000bb34:	4b4a      	ldr	r3, [pc, #296]	@ (1000bc60 <lfs_dir_compact+0x17d4>)
1000bb36:	ea43 2384 	orr.w	r3, r3, r4, lsl #10
1000bb3a:	e7c8      	b.n	1000bace <lfs_dir_compact+0x1642>
1000bb3c:	f5b2 7f81 	cmp.w	r2, #258	@ 0x102
1000bb40:	d059      	beq.n	1000bbf6 <lfs_dir_compact+0x176a>
1000bb42:	9a22      	ldr	r2, [sp, #136]	@ 0x88
1000bb44:	eb03 2382 	add.w	r3, r3, r2, lsl #10
1000bb48:	00da      	lsls	r2, r3, #3
1000bb4a:	9a27      	ldr	r2, [sp, #156]	@ 0x9c
1000bb4c:	bf4c      	ite	mi
1000bb4e:	4945      	ldrmi	r1, [pc, #276]	@ (1000bc64 <lfs_dir_compact+0x17d8>)
1000bb50:	4945      	ldrpl	r1, [pc, #276]	@ (1000bc68 <lfs_dir_compact+0x17dc>)
1000bb52:	ea83 0002 	eor.w	r0, r3, r2
1000bb56:	4208      	tst	r0, r1
1000bb58:	f43e ad7d 	beq.w	1000a656 <lfs_dir_compact+0x1ca>
1000bb5c:	f342 0109 	sbfx	r1, r2, #0, #10
1000bb60:	3101      	adds	r1, #1
1000bb62:	f43e ad78 	beq.w	1000a656 <lfs_dir_compact+0x1ca>
1000bb66:	4941      	ldr	r1, [pc, #260]	@ (1000bc6c <lfs_dir_compact+0x17e0>)
1000bb68:	483e      	ldr	r0, [pc, #248]	@ (1000bc64 <lfs_dir_compact+0x17d8>)
1000bb6a:	4011      	ands	r1, r2
1000bb6c:	f041 419f 	orr.w	r1, r1, #1333788672	@ 0x4f800000
1000bb70:	f441 01e0 	orr.w	r1, r1, #7340032	@ 0x700000
1000bb74:	4018      	ands	r0, r3
1000bb76:	4288      	cmp	r0, r1
1000bb78:	f43e ad6d 	beq.w	1000a656 <lfs_dir_compact+0x1ca>
1000bb7c:	0d19      	lsrs	r1, r3, #20
1000bb7e:	f401 60e0 	and.w	r0, r1, #1792	@ 0x700
1000bb82:	f5b0 6f80 	cmp.w	r0, #1024	@ 0x400
1000bb86:	f47f a9bb 	bne.w	1000af00 <lfs_dir_compact+0xa74>
1000bb8a:	f3c3 2389 	ubfx	r3, r3, #10, #10
1000bb8e:	f3c2 2089 	ubfx	r0, r2, #10, #10
1000bb92:	4283      	cmp	r3, r0
1000bb94:	f63f a9b4 	bhi.w	1000af00 <lfs_dir_compact+0xa74>
1000bb98:	b249      	sxtb	r1, r1
1000bb9a:	eb02 2281 	add.w	r2, r2, r1, lsl #10
1000bb9e:	9227      	str	r2, [sp, #156]	@ 0x9c
1000bba0:	f7ff b9ae 	b.w	1000af00 <lfs_dir_compact+0xa74>
1000bba4:	f3c3 0309 	ubfx	r3, r3, #0, #10
1000bba8:	2b00      	cmp	r3, #0
1000bbaa:	f43f a817 	beq.w	1000abdc <lfs_dir_compact+0x750>
1000bbae:	9812      	ldr	r0, [sp, #72]	@ 0x48
1000bbb0:	eb03 0343 	add.w	r3, r3, r3, lsl #1
1000bbb4:	4401      	add	r1, r0
1000bbb6:	af2e      	add	r7, sp, #184	@ 0xb8
1000bbb8:	f8dd c098 	ldr.w	ip, [sp, #152]	@ 0x98
1000bbbc:	0289      	lsls	r1, r1, #10
1000bbbe:	eb07 0383 	add.w	r3, r7, r3, lsl #2
1000bbc2:	7838      	ldrb	r0, [r7, #0]
1000bbc4:	f8d7 e008 	ldr.w	lr, [r7, #8]
1000bbc8:	f500 7040 	add.w	r0, r0, #768	@ 0x300
1000bbcc:	ea41 0e0e 	orr.w	lr, r1, lr
1000bbd0:	ea4e 5000 	orr.w	r0, lr, r0, lsl #20
1000bbd4:	f34e 0e09 	sbfx	lr, lr, #0, #10
1000bbd8:	f1be 3fff 	cmp.w	lr, #4294967295	@ 0xffffffff
1000bbdc:	bf08      	it	eq
1000bbde:	3001      	addeq	r0, #1
1000bbe0:	370c      	adds	r7, #12
1000bbe2:	f3c0 0009 	ubfx	r0, r0, #0, #10
1000bbe6:	3004      	adds	r0, #4
1000bbe8:	429f      	cmp	r7, r3
1000bbea:	4484      	add	ip, r0
1000bbec:	d1e9      	bne.n	1000bbc2 <lfs_dir_compact+0x1736>
1000bbee:	f8cd c098 	str.w	ip, [sp, #152]	@ 0x98
1000bbf2:	f7fe bff3 	b.w	1000abdc <lfs_dir_compact+0x750>
1000bbf6:	f3c3 0309 	ubfx	r3, r3, #0, #10
1000bbfa:	2b00      	cmp	r3, #0
1000bbfc:	f43f a980 	beq.w	1000af00 <lfs_dir_compact+0xa74>
1000bc00:	9a22      	ldr	r2, [sp, #136]	@ 0x88
1000bc02:	f8dd c09c 	ldr.w	ip, [sp, #156]	@ 0x9c
1000bc06:	188a      	adds	r2, r1, r2
1000bc08:	eb03 0343 	add.w	r3, r3, r3, lsl #1
1000bc0c:	a832      	add	r0, sp, #200	@ 0xc8
1000bc0e:	0292      	lsls	r2, r2, #10
1000bc10:	eb00 0383 	add.w	r3, r0, r3, lsl #2
1000bc14:	f34c 0e09 	sbfx	lr, ip, #0, #10
1000bc18:	e006      	b.n	1000bc28 <lfs_dir_compact+0x179c>
1000bc1a:	f1be 3fff 	cmp.w	lr, #4294967295	@ 0xffffffff
1000bc1e:	f43e ad1a 	beq.w	1000a656 <lfs_dir_compact+0x1ca>
1000bc22:	4283      	cmp	r3, r0
1000bc24:	f43f a96c 	beq.w	1000af00 <lfs_dir_compact+0xa74>
1000bc28:	7804      	ldrb	r4, [r0, #0]
1000bc2a:	6881      	ldr	r1, [r0, #8]
1000bc2c:	f504 7440 	add.w	r4, r4, #768	@ 0x300
1000bc30:	4311      	orrs	r1, r2
1000bc32:	ea41 5104 	orr.w	r1, r1, r4, lsl #20
1000bc36:	4c0b      	ldr	r4, [pc, #44]	@ (1000bc64 <lfs_dir_compact+0x17d8>)
1000bc38:	ea81 010c 	eor.w	r1, r1, ip
1000bc3c:	4221      	tst	r1, r4
1000bc3e:	f100 000c 	add.w	r0, r0, #12
1000bc42:	d1ea      	bne.n	1000bc1a <lfs_dir_compact+0x178e>
1000bc44:	f7fe bd07 	b.w	1000a656 <lfs_dir_compact+0x1ca>
1000bc48:	7ff003ff 	.word	0x7ff003ff
1000bc4c:	100067bd 	.word	0x100067bd
1000bc50:	20000008 	.word	0x20000008
1000bc54:	000ffc08 	.word	0x000ffc08
1000bc58:	1000d2a8 	.word	0x1000d2a8
1000bc5c:	1000d3cc 	.word	0x1000d3cc
1000bc60:	4ff00000 	.word	0x4ff00000
1000bc64:	7ffffc00 	.word	0x7ffffc00
1000bc68:	700ffc00 	.word	0x700ffc00
1000bc6c:	000ffc00 	.word	0x000ffc00
1000bc70:	9831      	ldr	r0, [sp, #196]	@ 0xc4
1000bc72:	2804      	cmp	r0, #4
1000bc74:	900c      	str	r0, [sp, #48]	@ 0x30
1000bc76:	f67e afb1 	bls.w	1000abdc <lfs_dir_compact+0x750>
1000bc7a:	f3c3 0e09 	ubfx	lr, r3, #0, #10
1000bc7e:	950e      	str	r5, [sp, #56]	@ 0x38
1000bc80:	f04f 0b04 	mov.w	fp, #4
1000bc84:	4635      	mov	r5, r6
1000bc86:	f04f 3aff 	mov.w	sl, #4294967295	@ 0xffffffff
1000bc8a:	4676      	mov	r6, lr
1000bc8c:	9b1d      	ldr	r3, [sp, #116]	@ 0x74
1000bc8e:	eba1 010e 	sub.w	r1, r1, lr
1000bc92:	440b      	add	r3, r1
1000bc94:	f10e 0201 	add.w	r2, lr, #1
1000bc98:	9210      	str	r2, [sp, #64]	@ 0x40
1000bc9a:	9f13      	ldr	r7, [sp, #76]	@ 0x4c
1000bc9c:	b29a      	uxth	r2, r3
1000bc9e:	b21b      	sxth	r3, r3
1000bca0:	9218      	str	r2, [sp, #96]	@ 0x60
1000bca2:	9314      	str	r3, [sp, #80]	@ 0x50
1000bca4:	f8cd 803c 	str.w	r8, [sp, #60]	@ 0x3c
1000bca8:	9b07      	ldr	r3, [sp, #28]
1000bcaa:	6e9b      	ldr	r3, [r3, #104]	@ 0x68
1000bcac:	69da      	ldr	r2, [r3, #28]
1000bcae:	4297      	cmp	r7, r2
1000bcb0:	f4be af0f 	bcs.w	1000aad2 <lfs_dir_compact+0x646>
1000bcb4:	699b      	ldr	r3, [r3, #24]
1000bcb6:	f10b 0404 	add.w	r4, fp, #4
1000bcba:	429c      	cmp	r4, r3
1000bcbc:	f63e af09 	bhi.w	1000aad2 <lfs_dir_compact+0x646>
1000bcc0:	2204      	movs	r2, #4
1000bcc2:	9201      	str	r2, [sp, #4]
1000bcc4:	aa2b      	add	r2, sp, #172	@ 0xac
1000bcc6:	9200      	str	r2, [sp, #0]
1000bcc8:	465b      	mov	r3, fp
1000bcca:	463a      	mov	r2, r7
1000bccc:	2104      	movs	r1, #4
1000bcce:	48a9      	ldr	r0, [pc, #676]	@ (1000bf74 <lfs_dir_compact+0x1ae8>)
1000bcd0:	f7fa fb36 	bl	10006340 <lfs_bd_read.part.0.constprop.0>
1000bcd4:	2800      	cmp	r0, #0
1000bcd6:	f47e ae99 	bne.w	1000aa0c <lfs_dir_compact+0x580>
1000bcda:	9b2b      	ldr	r3, [sp, #172]	@ 0xac
1000bcdc:	e9cd 7432 	strd	r7, r4, [sp, #200]	@ 0xc8
1000bce0:	ba1b      	rev	r3, r3
1000bce2:	ea83 030a 	eor.w	r3, r3, sl
1000bce6:	f043 4a00 	orr.w	sl, r3, #2147483648	@ 0x80000000
1000bcea:	f34a 0309 	sbfx	r3, sl, #0, #10
1000bcee:	f1b3 3fff 	cmp.w	r3, #4294967295	@ 0xffffffff
1000bcf2:	bf14      	ite	ne
1000bcf4:	46d3      	movne	fp, sl
1000bcf6:	f10a 0b01 	addeq.w	fp, sl, #1
1000bcfa:	f08a 5300 	eor.w	r3, sl, #536870912	@ 0x20000000
1000bcfe:	f3cb 0b09 	ubfx	fp, fp, #0, #10
1000bd02:	f013 4fc0 	tst.w	r3, #1610612736	@ 0x60000000
1000bd06:	f8cd a0ac 	str.w	sl, [sp, #172]	@ 0xac
1000bd0a:	44a3      	add	fp, r4
1000bd0c:	d123      	bne.n	1000bd56 <lfs_dir_compact+0x18ca>
1000bd0e:	9b0c      	ldr	r3, [sp, #48]	@ 0x30
1000bd10:	455b      	cmp	r3, fp
1000bd12:	d87f      	bhi.n	1000be14 <lfs_dir_compact+0x1988>
1000bd14:	f3ca 2189 	ubfx	r1, sl, #10, #10
1000bd18:	42b1      	cmp	r1, r6
1000bd1a:	d31f      	bcc.n	1000bd5c <lfs_dir_compact+0x18d0>
1000bd1c:	9b10      	ldr	r3, [sp, #64]	@ 0x40
1000bd1e:	4299      	cmp	r1, r3
1000bd20:	d21c      	bcs.n	1000bd5c <lfs_dir_compact+0x18d0>
1000bd22:	4653      	mov	r3, sl
1000bd24:	f3c3 520a 	ubfx	r2, r3, #20, #11
1000bd28:	b1aa      	cbz	r2, 1000bd56 <lfs_dir_compact+0x18ca>
1000bd2a:	f240 1001 	movw	r0, #257	@ 0x101
1000bd2e:	4282      	cmp	r2, r0
1000bd30:	d03e      	beq.n	1000bdb0 <lfs_dir_compact+0x1924>
1000bd32:	f5b2 7f81 	cmp.w	r2, #258	@ 0x102
1000bd36:	d017      	beq.n	1000bd68 <lfs_dir_compact+0x18dc>
1000bd38:	9a14      	ldr	r2, [sp, #80]	@ 0x50
1000bd3a:	eb03 2282 	add.w	r2, r3, r2, lsl #10
1000bd3e:	f343 0309 	sbfx	r3, r3, #0, #10
1000bd42:	f1b3 3fff 	cmp.w	r3, #4294967295	@ 0xffffffff
1000bd46:	bf08      	it	eq
1000bd48:	3201      	addeq	r2, #1
1000bd4a:	9b26      	ldr	r3, [sp, #152]	@ 0x98
1000bd4c:	1d19      	adds	r1, r3, #4
1000bd4e:	f3c2 0309 	ubfx	r3, r2, #0, #10
1000bd52:	440b      	add	r3, r1
1000bd54:	9326      	str	r3, [sp, #152]	@ 0x98
1000bd56:	9b0c      	ldr	r3, [sp, #48]	@ 0x30
1000bd58:	455b      	cmp	r3, fp
1000bd5a:	d8a5      	bhi.n	1000bca8 <lfs_dir_compact+0x181c>
1000bd5c:	462e      	mov	r6, r5
1000bd5e:	e9dd 580e 	ldrd	r5, r8, [sp, #56]	@ 0x38
1000bd62:	68ea      	ldr	r2, [r5, #12]
1000bd64:	f7fe bf3a 	b.w	1000abdc <lfs_dir_compact+0x750>
1000bd68:	f3c3 0309 	ubfx	r3, r3, #0, #10
1000bd6c:	2b00      	cmp	r3, #0
1000bd6e:	d0f2      	beq.n	1000bd56 <lfs_dir_compact+0x18ca>
1000bd70:	9a14      	ldr	r2, [sp, #80]	@ 0x50
1000bd72:	a832      	add	r0, sp, #200	@ 0xc8
1000bd74:	188a      	adds	r2, r1, r2
1000bd76:	210c      	movs	r1, #12
1000bd78:	fb01 0303 	mla	r3, r1, r3, r0
1000bd7c:	9c26      	ldr	r4, [sp, #152]	@ 0x98
1000bd7e:	0292      	lsls	r2, r2, #10
1000bd80:	7801      	ldrb	r1, [r0, #0]
1000bd82:	f8d0 c008 	ldr.w	ip, [r0, #8]
1000bd86:	f501 7140 	add.w	r1, r1, #768	@ 0x300
1000bd8a:	ea42 0c0c 	orr.w	ip, r2, ip
1000bd8e:	ea4c 5101 	orr.w	r1, ip, r1, lsl #20
1000bd92:	f34c 0c09 	sbfx	ip, ip, #0, #10
1000bd96:	f1bc 3fff 	cmp.w	ip, #4294967295	@ 0xffffffff
1000bd9a:	bf08      	it	eq
1000bd9c:	3101      	addeq	r1, #1
1000bd9e:	300c      	adds	r0, #12
1000bda0:	f3c1 0109 	ubfx	r1, r1, #0, #10
1000bda4:	3104      	adds	r1, #4
1000bda6:	4283      	cmp	r3, r0
1000bda8:	440c      	add	r4, r1
1000bdaa:	d1e9      	bne.n	1000bd80 <lfs_dir_compact+0x18f4>
1000bdac:	9426      	str	r4, [sp, #152]	@ 0x98
1000bdae:	e7d2      	b.n	1000bd56 <lfs_dir_compact+0x18ca>
1000bdb0:	f3c3 0209 	ubfx	r2, r3, #0, #10
1000bdb4:	1a8b      	subs	r3, r1, r2
1000bdb6:	9918      	ldr	r1, [sp, #96]	@ 0x60
1000bdb8:	a832      	add	r0, sp, #200	@ 0xc8
1000bdba:	440b      	add	r3, r1
1000bdbc:	496e      	ldr	r1, [pc, #440]	@ (1000bf78 <lfs_dir_compact+0x1aec>)
1000bdbe:	b21b      	sxth	r3, r3
1000bdc0:	9100      	str	r1, [sp, #0]
1000bdc2:	a926      	add	r1, sp, #152	@ 0x98
1000bdc4:	9101      	str	r1, [sp, #4]
1000bdc6:	4611      	mov	r1, r2
1000bdc8:	3201      	adds	r2, #1
1000bdca:	f7fd f9dd 	bl	10009188 <lfs_dir_traverse.constprop.2>
1000bdce:	2800      	cmp	r0, #0
1000bdd0:	d0c1      	beq.n	1000bd56 <lfs_dir_compact+0x18ca>
1000bdd2:	4682      	mov	sl, r0
1000bdd4:	f7fe be1b 	b.w	1000aa0e <lfs_dir_compact+0x582>
1000bdd8:	f3c5 2389 	ubfx	r3, r5, #10, #10
1000bddc:	f3c2 2189 	ubfx	r1, r2, #10, #10
1000bde0:	428b      	cmp	r3, r1
1000bde2:	f63f a8ed 	bhi.w	1000afc0 <lfs_dir_compact+0xb34>
1000bde6:	b240      	sxtb	r0, r0
1000bde8:	eb02 2280 	add.w	r2, r2, r0, lsl #10
1000bdec:	9228      	str	r2, [sp, #160]	@ 0xa0
1000bdee:	f7ff b8e7 	b.w	1000afc0 <lfs_dir_compact+0xb34>
1000bdf2:	9b07      	ldr	r3, [sp, #28]
1000bdf4:	2701      	movs	r7, #1
1000bdf6:	6870      	ldr	r0, [r6, #4]
1000bdf8:	6e9a      	ldr	r2, [r3, #104]	@ 0x68
1000bdfa:	f7fe bf7d 	b.w	1000acf8 <lfs_dir_compact+0x86c>
1000bdfe:	4c5f      	ldr	r4, [pc, #380]	@ (1000bf7c <lfs_dir_compact+0x1af0>)
1000be00:	6873      	ldr	r3, [r6, #4]
1000be02:	f240 628f 	movw	r2, #1679	@ 0x68f
1000be06:	495e      	ldr	r1, [pc, #376]	@ (1000bf80 <lfs_dir_compact+0x1af4>)
1000be08:	9400      	str	r4, [sp, #0]
1000be0a:	485e      	ldr	r0, [pc, #376]	@ (1000bf84 <lfs_dir_compact+0x1af8>)
1000be0c:	f7f7 ffde 	bl	10003dcc <__wrap_printf>
1000be10:	f7fe bfb0 	b.w	1000ad74 <lfs_dir_compact+0x8e8>
1000be14:	465b      	mov	r3, fp
1000be16:	4654      	mov	r4, sl
1000be18:	9505      	str	r5, [sp, #20]
1000be1a:	9a07      	ldr	r2, [sp, #28]
1000be1c:	6e92      	ldr	r2, [r2, #104]	@ 0x68
1000be1e:	69d1      	ldr	r1, [r2, #28]
1000be20:	428f      	cmp	r7, r1
1000be22:	f4be ae56 	bcs.w	1000aad2 <lfs_dir_compact+0x646>
1000be26:	6992      	ldr	r2, [r2, #24]
1000be28:	1d1d      	adds	r5, r3, #4
1000be2a:	4295      	cmp	r5, r2
1000be2c:	f63e ae51 	bhi.w	1000aad2 <lfs_dir_compact+0x646>
1000be30:	2204      	movs	r2, #4
1000be32:	9201      	str	r2, [sp, #4]
1000be34:	aa30      	add	r2, sp, #192	@ 0xc0
1000be36:	9200      	str	r2, [sp, #0]
1000be38:	2104      	movs	r1, #4
1000be3a:	463a      	mov	r2, r7
1000be3c:	484d      	ldr	r0, [pc, #308]	@ (1000bf74 <lfs_dir_compact+0x1ae8>)
1000be3e:	f7fa fa7f 	bl	10006340 <lfs_bd_read.part.0.constprop.0>
1000be42:	2800      	cmp	r0, #0
1000be44:	d15a      	bne.n	1000befc <lfs_dir_compact+0x1a70>
1000be46:	9b30      	ldr	r3, [sp, #192]	@ 0xc0
1000be48:	e9cd 7536 	strd	r7, r5, [sp, #216]	@ 0xd8
1000be4c:	ba1b      	rev	r3, r3
1000be4e:	4063      	eors	r3, r4
1000be50:	f043 4400 	orr.w	r4, r3, #2147483648	@ 0x80000000
1000be54:	f3c4 520a 	ubfx	r2, r4, #20, #11
1000be58:	9430      	str	r4, [sp, #192]	@ 0xc0
1000be5a:	0d20      	lsrs	r0, r4, #20
1000be5c:	b32a      	cbz	r2, 1000beaa <lfs_dir_compact+0x1a1e>
1000be5e:	f240 1101 	movw	r1, #257	@ 0x101
1000be62:	428a      	cmp	r2, r1
1000be64:	d03a      	beq.n	1000bedc <lfs_dir_compact+0x1a50>
1000be66:	f5b2 7f81 	cmp.w	r2, #258	@ 0x102
1000be6a:	d059      	beq.n	1000bf20 <lfs_dir_compact+0x1a94>
1000be6c:	00da      	lsls	r2, r3, #3
1000be6e:	9a2b      	ldr	r2, [sp, #172]	@ 0xac
1000be70:	bf4c      	ite	mi
1000be72:	4945      	ldrmi	r1, [pc, #276]	@ (1000bf88 <lfs_dir_compact+0x1afc>)
1000be74:	4945      	ldrpl	r1, [pc, #276]	@ (1000bf8c <lfs_dir_compact+0x1b00>)
1000be76:	ea84 0e02 	eor.w	lr, r4, r2
1000be7a:	ea1e 0f01 	tst.w	lr, r1
1000be7e:	d076      	beq.n	1000bf6e <lfs_dir_compact+0x1ae2>
1000be80:	f342 0109 	sbfx	r1, r2, #0, #10
1000be84:	3101      	adds	r1, #1
1000be86:	d072      	beq.n	1000bf6e <lfs_dir_compact+0x1ae2>
1000be88:	4941      	ldr	r1, [pc, #260]	@ (1000bf90 <lfs_dir_compact+0x1b04>)
1000be8a:	f8df e0fc 	ldr.w	lr, [pc, #252]	@ 1000bf88 <lfs_dir_compact+0x1afc>
1000be8e:	4011      	ands	r1, r2
1000be90:	f041 419f 	orr.w	r1, r1, #1333788672	@ 0x4f800000
1000be94:	f441 01e0 	orr.w	r1, r1, #7340032	@ 0x700000
1000be98:	ea03 0e0e 	and.w	lr, r3, lr
1000be9c:	458e      	cmp	lr, r1
1000be9e:	d066      	beq.n	1000bf6e <lfs_dir_compact+0x1ae2>
1000bea0:	f400 6ce0 	and.w	ip, r0, #1792	@ 0x700
1000bea4:	f5bc 6f80 	cmp.w	ip, #1024	@ 0x400
1000bea8:	d02f      	beq.n	1000bf0a <lfs_dir_compact+0x1a7e>
1000beaa:	f344 0209 	sbfx	r2, r4, #0, #10
1000beae:	f1b2 3fff 	cmp.w	r2, #4294967295	@ 0xffffffff
1000beb2:	bf14      	ite	ne
1000beb4:	4623      	movne	r3, r4
1000beb6:	1c63      	addeq	r3, r4, #1
1000beb8:	9a0c      	ldr	r2, [sp, #48]	@ 0x30
1000beba:	f3c3 0309 	ubfx	r3, r3, #0, #10
1000bebe:	442b      	add	r3, r5
1000bec0:	4293      	cmp	r3, r2
1000bec2:	d3aa      	bcc.n	1000be1a <lfs_dir_compact+0x198e>
1000bec4:	9b2b      	ldr	r3, [sp, #172]	@ 0xac
1000bec6:	9d05      	ldr	r5, [sp, #20]
1000bec8:	f3c3 2189 	ubfx	r1, r3, #10, #10
1000becc:	428e      	cmp	r6, r1
1000bece:	f63f af42 	bhi.w	1000bd56 <lfs_dir_compact+0x18ca>
1000bed2:	9a10      	ldr	r2, [sp, #64]	@ 0x40
1000bed4:	428a      	cmp	r2, r1
1000bed6:	f63f af25 	bhi.w	1000bd24 <lfs_dir_compact+0x1898>
1000beda:	e73c      	b.n	1000bd56 <lfs_dir_compact+0x18ca>
1000bedc:	f3c3 0209 	ubfx	r2, r3, #0, #10
1000bee0:	ab2b      	add	r3, sp, #172	@ 0xac
1000bee2:	9301      	str	r3, [sp, #4]
1000bee4:	4b2b      	ldr	r3, [pc, #172]	@ (1000bf94 <lfs_dir_compact+0x1b08>)
1000bee6:	4611      	mov	r1, r2
1000bee8:	9300      	str	r3, [sp, #0]
1000beea:	f3c4 2389 	ubfx	r3, r4, #10, #10
1000beee:	1a9b      	subs	r3, r3, r2
1000bef0:	a836      	add	r0, sp, #216	@ 0xd8
1000bef2:	3201      	adds	r2, #1
1000bef4:	f7fd f948 	bl	10009188 <lfs_dir_traverse.constprop.2>
1000bef8:	2800      	cmp	r0, #0
1000befa:	d0d6      	beq.n	1000beaa <lfs_dir_compact+0x1a1e>
1000befc:	2800      	cmp	r0, #0
1000befe:	9d05      	ldr	r5, [sp, #20]
1000bf00:	f6bf aed2 	bge.w	1000bca8 <lfs_dir_compact+0x181c>
1000bf04:	4682      	mov	sl, r0
1000bf06:	f7fe bd82 	b.w	1000aa0e <lfs_dir_compact+0x582>
1000bf0a:	f3c4 2389 	ubfx	r3, r4, #10, #10
1000bf0e:	f3c2 2189 	ubfx	r1, r2, #10, #10
1000bf12:	428b      	cmp	r3, r1
1000bf14:	d8c9      	bhi.n	1000beaa <lfs_dir_compact+0x1a1e>
1000bf16:	b240      	sxtb	r0, r0
1000bf18:	eb02 2280 	add.w	r2, r2, r0, lsl #10
1000bf1c:	922b      	str	r2, [sp, #172]	@ 0xac
1000bf1e:	e7c4      	b.n	1000beaa <lfs_dir_compact+0x1a1e>
1000bf20:	f3c3 0309 	ubfx	r3, r3, #0, #10
1000bf24:	2b00      	cmp	r3, #0
1000bf26:	d0c0      	beq.n	1000beaa <lfs_dir_compact+0x1a1e>
1000bf28:	220c      	movs	r2, #12
1000bf2a:	a936      	add	r1, sp, #216	@ 0xd8
1000bf2c:	fb02 1303 	mla	r3, r2, r3, r1
1000bf30:	f8dd e0ac 	ldr.w	lr, [sp, #172]	@ 0xac
1000bf34:	f3c4 2089 	ubfx	r0, r4, #10, #10
1000bf38:	f34e 0209 	sbfx	r2, lr, #0, #10
1000bf3c:	0280      	lsls	r0, r0, #10
1000bf3e:	9213      	str	r2, [sp, #76]	@ 0x4c
1000bf40:	9320      	str	r3, [sp, #128]	@ 0x80
1000bf42:	e005      	b.n	1000bf50 <lfs_dir_compact+0x1ac4>
1000bf44:	9b13      	ldr	r3, [sp, #76]	@ 0x4c
1000bf46:	3301      	adds	r3, #1
1000bf48:	d011      	beq.n	1000bf6e <lfs_dir_compact+0x1ae2>
1000bf4a:	9b20      	ldr	r3, [sp, #128]	@ 0x80
1000bf4c:	428b      	cmp	r3, r1
1000bf4e:	d0ac      	beq.n	1000beaa <lfs_dir_compact+0x1a1e>
1000bf50:	f891 c000 	ldrb.w	ip, [r1]
1000bf54:	688a      	ldr	r2, [r1, #8]
1000bf56:	f50c 7c40 	add.w	ip, ip, #768	@ 0x300
1000bf5a:	4302      	orrs	r2, r0
1000bf5c:	4b0a      	ldr	r3, [pc, #40]	@ (1000bf88 <lfs_dir_compact+0x1afc>)
1000bf5e:	ea42 520c 	orr.w	r2, r2, ip, lsl #20
1000bf62:	ea82 020e 	eor.w	r2, r2, lr
1000bf66:	421a      	tst	r2, r3
1000bf68:	f101 010c 	add.w	r1, r1, #12
1000bf6c:	d1ea      	bne.n	1000bf44 <lfs_dir_compact+0x1ab8>
1000bf6e:	9d05      	ldr	r5, [sp, #20]
1000bf70:	e69a      	b.n	1000bca8 <lfs_dir_compact+0x181c>
1000bf72:	bf00      	nop
1000bf74:	20001e00 	.word	0x20001e00
1000bf78:	10006321 	.word	0x10006321
1000bf7c:	1000d4e4 	.word	0x1000d4e4
1000bf80:	1000d2a8 	.word	0x1000d2a8
1000bf84:	1000d410 	.word	0x1000d410
1000bf88:	7ffffc00 	.word	0x7ffffc00
1000bf8c:	700ffc00 	.word	0x700ffc00
1000bf90:	000ffc00 	.word	0x000ffc00
1000bf94:	100062b1 	.word	0x100062b1
1000bf98:	f3c3 0209 	ubfx	r2, r3, #0, #10
1000bf9c:	ab2a      	add	r3, sp, #168	@ 0xa8
1000bf9e:	9301      	str	r3, [sp, #4]
1000bfa0:	4b46      	ldr	r3, [pc, #280]	@ (1000c0bc <lfs_dir_compact+0x1c30>)
1000bfa2:	4611      	mov	r1, r2
1000bfa4:	9300      	str	r3, [sp, #0]
1000bfa6:	f3c4 2389 	ubfx	r3, r4, #10, #10
1000bfaa:	1a9b      	subs	r3, r3, r2
1000bfac:	a836      	add	r0, sp, #216	@ 0xd8
1000bfae:	3201      	adds	r2, #1
1000bfb0:	f7fd f8ea 	bl	10009188 <lfs_dir_traverse.constprop.2>
1000bfb4:	2800      	cmp	r0, #0
1000bfb6:	f43e af8e 	beq.w	1000aed6 <lfs_dir_compact+0xa4a>
1000bfba:	2800      	cmp	r0, #0
1000bfbc:	9f14      	ldr	r7, [sp, #80]	@ 0x50
1000bfbe:	f6be acc6 	bge.w	1000a94e <lfs_dir_compact+0x4c2>
1000bfc2:	4682      	mov	sl, r0
1000bfc4:	f7fe bd23 	b.w	1000aa0e <lfs_dir_compact+0x582>
1000bfc8:	f10d 0bc8 	add.w	fp, sp, #200	@ 0xc8
1000bfcc:	f7ff b9d6 	b.w	1000b37c <lfs_dir_compact+0xef0>
1000bfd0:	9f0d      	ldr	r7, [sp, #52]	@ 0x34
1000bfd2:	463c      	mov	r4, r7
1000bfd4:	2f00      	cmp	r7, #0
1000bfd6:	d149      	bne.n	1000c06c <lfs_dir_compact+0x1be0>
1000bfd8:	9907      	ldr	r1, [sp, #28]
1000bfda:	620a      	str	r2, [r1, #32]
1000bfdc:	624b      	str	r3, [r1, #36]	@ 0x24
1000bfde:	6e8a      	ldr	r2, [r1, #104]	@ 0x68
1000bfe0:	f7fe be8a 	b.w	1000acf8 <lfs_dir_compact+0x86c>
1000bfe4:	6833      	ldr	r3, [r6, #0]
1000bfe6:	9a07      	ldr	r2, [sp, #28]
1000bfe8:	6213      	str	r3, [r2, #32]
1000bfea:	6873      	ldr	r3, [r6, #4]
1000bfec:	6253      	str	r3, [r2, #36]	@ 0x24
1000bfee:	e4b4      	b.n	1000b95a <lfs_dir_compact+0x14ce>
1000bff0:	2800      	cmp	r0, #0
1000bff2:	4605      	mov	r5, r0
1000bff4:	f6ff ad54 	blt.w	1000baa0 <lfs_dir_compact+0x1614>
1000bff8:	9907      	ldr	r1, [sp, #28]
1000bffa:	6b0b      	ldr	r3, [r1, #48]	@ 0x30
1000bffc:	3301      	adds	r3, #1
1000bffe:	f3c3 0209 	ubfx	r2, r3, #0, #10
1000c002:	3a00      	subs	r2, #0
1000c004:	bf18      	it	ne
1000c006:	2201      	movne	r2, #1
1000c008:	f023 4400 	bic.w	r4, r3, #2147483648	@ 0x80000000
1000c00c:	ea44 74c2 	orr.w	r4, r4, r2, lsl #31
1000c010:	0d23      	lsrs	r3, r4, #20
1000c012:	f413 6fe0 	tst.w	r3, #1792	@ 0x700
1000c016:	630c      	str	r4, [r1, #48]	@ 0x30
1000c018:	d00b      	beq.n	1000c032 <lfs_dir_compact+0x1ba6>
1000c01a:	6b48      	ldr	r0, [r1, #52]	@ 0x34
1000c01c:	9b36      	ldr	r3, [sp, #216]	@ 0xd8
1000c01e:	4298      	cmp	r0, r3
1000c020:	d029      	beq.n	1000c076 <lfs_dir_compact+0x1bea>
1000c022:	6b8a      	ldr	r2, [r1, #56]	@ 0x38
1000c024:	9937      	ldr	r1, [sp, #220]	@ 0xdc
1000c026:	428a      	cmp	r2, r1
1000c028:	d025      	beq.n	1000c076 <lfs_dir_compact+0x1bea>
1000c02a:	4288      	cmp	r0, r1
1000c02c:	d023      	beq.n	1000c076 <lfs_dir_compact+0x1bea>
1000c02e:	4293      	cmp	r3, r2
1000c030:	d021      	beq.n	1000c076 <lfs_dir_compact+0x1bea>
1000c032:	2300      	movs	r3, #0
1000c034:	9332      	str	r3, [sp, #200]	@ 0xc8
1000c036:	2300      	movs	r3, #0
1000c038:	2202      	movs	r2, #2
1000c03a:	4659      	mov	r1, fp
1000c03c:	4648      	mov	r0, r9
1000c03e:	9333      	str	r3, [sp, #204]	@ 0xcc
1000c040:	e9cd 5634 	strd	r5, r6, [sp, #208]	@ 0xd0
1000c044:	f7fd fe1a 	bl	10009c7c <lfs_dir_commit>
1000c048:	4603      	mov	r3, r0
1000c04a:	2800      	cmp	r0, #0
1000c04c:	f47f ad23 	bne.w	1000ba96 <lfs_dir_compact+0x160a>
1000c050:	9907      	ldr	r1, [sp, #28]
1000c052:	6b0b      	ldr	r3, [r1, #48]	@ 0x30
1000c054:	3b01      	subs	r3, #1
1000c056:	f3c3 0209 	ubfx	r2, r3, #0, #10
1000c05a:	3a00      	subs	r2, #0
1000c05c:	bf18      	it	ne
1000c05e:	2201      	movne	r2, #1
1000c060:	f023 4300 	bic.w	r3, r3, #2147483648	@ 0x80000000
1000c064:	ea43 73c2 	orr.w	r3, r3, r2, lsl #31
1000c068:	630b      	str	r3, [r1, #48]	@ 0x30
1000c06a:	e4e3      	b.n	1000ba34 <lfs_dir_compact+0x15a8>
1000c06c:	9b07      	ldr	r3, [sp, #28]
1000c06e:	2700      	movs	r7, #0
1000c070:	6e9a      	ldr	r2, [r3, #104]	@ 0x68
1000c072:	f7fe be41 	b.w	1000acf8 <lfs_dir_compact+0x86c>
1000c076:	9a37      	ldr	r2, [sp, #220]	@ 0xdc
1000c078:	f3c4 2489 	ubfx	r4, r4, #10, #10
1000c07c:	9200      	str	r2, [sp, #0]
1000c07e:	e9cd 4701 	strd	r4, r7, [sp, #4]
1000c082:	f640 62ed 	movw	r2, #3821	@ 0xeed
1000c086:	490e      	ldr	r1, [pc, #56]	@ (1000c0c0 <lfs_dir_compact+0x1c34>)
1000c088:	480e      	ldr	r0, [pc, #56]	@ (1000c0c4 <lfs_dir_compact+0x1c38>)
1000c08a:	f7f7 fe9f 	bl	10003dcc <__wrap_printf>
1000c08e:	2300      	movs	r3, #0
1000c090:	9a07      	ldr	r2, [sp, #28]
1000c092:	f240 38ff 	movw	r8, #1023	@ 0x3ff
1000c096:	e9c2 330d 	strd	r3, r3, [r2, #52]	@ 0x34
1000c09a:	6b13      	ldr	r3, [r2, #48]	@ 0x30
1000c09c:	f36f 239e 	bfc	r3, #10, #21
1000c0a0:	6313      	str	r3, [r2, #48]	@ 0x30
1000c0a2:	f3c5 2389 	ubfx	r3, r5, #10, #10
1000c0a6:	429c      	cmp	r4, r3
1000c0a8:	d205      	bcs.n	1000c0b6 <lfs_dir_compact+0x1c2a>
1000c0aa:	f5a5 6580 	sub.w	r5, r5, #1024	@ 0x400
1000c0ae:	4b06      	ldr	r3, [pc, #24]	@ (1000c0c8 <lfs_dir_compact+0x1c3c>)
1000c0b0:	ea43 2384 	orr.w	r3, r3, r4, lsl #10
1000c0b4:	e7be      	b.n	1000c034 <lfs_dir_compact+0x1ba8>
1000c0b6:	4544      	cmp	r4, r8
1000c0b8:	d1f9      	bne.n	1000c0ae <lfs_dir_compact+0x1c22>
1000c0ba:	e7ba      	b.n	1000c032 <lfs_dir_compact+0x1ba6>
1000c0bc:	100062b1 	.word	0x100062b1
1000c0c0:	1000d2a8 	.word	0x1000d2a8
1000c0c4:	1000d3cc 	.word	0x1000d3cc
1000c0c8:	4ff00000 	.word	0x4ff00000
1000c0cc:	00000000 	.word	0x00000000

1000c0d0 <lfs_format>:
1000c0d0:	b530      	push	{r4, r5, lr}
1000c0d2:	b09b      	sub	sp, #108	@ 0x6c
1000c0d4:	f7fa f9bc 	bl	10006450 <lfs_init>
1000c0d8:	2800      	cmp	r0, #0
1000c0da:	d176      	bne.n	1000c1ca <lfs_format+0xfa>
1000c0dc:	4c3e      	ldr	r4, [pc, #248]	@ (1000c1d8 <lfs_format+0x108>)
1000c0de:	4605      	mov	r5, r0
1000c0e0:	4601      	mov	r1, r0
1000c0e2:	e9d4 0319 	ldrd	r0, r3, [r4, #100]	@ 0x64
1000c0e6:	6a9a      	ldr	r2, [r3, #40]	@ 0x28
1000c0e8:	f000 fe7e 	bl	1000cde8 <__memset_veneer>
1000c0ec:	6ea2      	ldr	r2, [r4, #104]	@ 0x68
1000c0ee:	a812      	add	r0, sp, #72	@ 0x48
1000c0f0:	6a93      	ldr	r3, [r2, #40]	@ 0x28
1000c0f2:	69d2      	ldr	r2, [r2, #28]
1000c0f4:	00db      	lsls	r3, r3, #3
1000c0f6:	4293      	cmp	r3, r2
1000c0f8:	bf28      	it	cs
1000c0fa:	4613      	movcs	r3, r2
1000c0fc:	e9c4 5217 	strd	r5, r2, [r4, #92]	@ 0x5c
1000c100:	6565      	str	r5, [r4, #84]	@ 0x54
1000c102:	65a3      	str	r3, [r4, #88]	@ 0x58
1000c104:	f7fc fb38 	bl	10008778 <lfs_dir_alloc>
1000c108:	4605      	mov	r5, r0
1000c10a:	b160      	cbz	r0, 1000c126 <lfs_format+0x56>
1000c10c:	6ea3      	ldr	r3, [r4, #104]	@ 0x68
1000c10e:	6ada      	ldr	r2, [r3, #44]	@ 0x2c
1000c110:	2a00      	cmp	r2, #0
1000c112:	d046      	beq.n	1000c1a2 <lfs_format+0xd2>
1000c114:	6b1a      	ldr	r2, [r3, #48]	@ 0x30
1000c116:	2a00      	cmp	r2, #0
1000c118:	d04a      	beq.n	1000c1b0 <lfs_format+0xe0>
1000c11a:	6b5b      	ldr	r3, [r3, #52]	@ 0x34
1000c11c:	2b00      	cmp	r3, #0
1000c11e:	d04e      	beq.n	1000c1be <lfs_format+0xee>
1000c120:	4628      	mov	r0, r5
1000c122:	b01b      	add	sp, #108	@ 0x6c
1000c124:	bd30      	pop	{r4, r5, pc}
1000c126:	f44f 3100 	mov.w	r1, #131072	@ 0x20000
1000c12a:	4a2c      	ldr	r2, [pc, #176]	@ (1000c1dc <lfs_format+0x10c>)
1000c12c:	6ea3      	ldr	r3, [r4, #104]	@ 0x68
1000c12e:	920e      	str	r2, [sp, #56]	@ 0x38
1000c130:	4a2b      	ldr	r2, [pc, #172]	@ (1000c1e0 <lfs_format+0x110>)
1000c132:	900d      	str	r0, [sp, #52]	@ 0x34
1000c134:	920f      	str	r2, [sp, #60]	@ 0x3c
1000c136:	9106      	str	r1, [sp, #24]
1000c138:	4a2a      	ldr	r2, [pc, #168]	@ (1000c1e4 <lfs_format+0x114>)
1000c13a:	e9d3 0106 	ldrd	r0, r1, [r3, #24]
1000c13e:	6ee3      	ldr	r3, [r4, #108]	@ 0x6c
1000c140:	9210      	str	r2, [sp, #64]	@ 0x40
1000c142:	e9cd 1308 	strd	r1, r3, [sp, #32]
1000c146:	e9d4 131c 	ldrd	r1, r3, [r4, #112]	@ 0x70
1000c14a:	aa06      	add	r2, sp, #24
1000c14c:	e9cd 130a 	strd	r1, r3, [sp, #40]	@ 0x28
1000c150:	4b25      	ldr	r3, [pc, #148]	@ (1000c1e8 <lfs_format+0x118>)
1000c152:	9211      	str	r2, [sp, #68]	@ 0x44
1000c154:	9007      	str	r0, [sp, #28]
1000c156:	2203      	movs	r2, #3
1000c158:	a812      	add	r0, sp, #72	@ 0x48
1000c15a:	a90c      	add	r1, sp, #48	@ 0x30
1000c15c:	930c      	str	r3, [sp, #48]	@ 0x30
1000c15e:	f7fd fd8d 	bl	10009c7c <lfs_dir_commit>
1000c162:	4605      	mov	r5, r0
1000c164:	2800      	cmp	r0, #0
1000c166:	d1d1      	bne.n	1000c10c <lfs_format+0x3c>
1000c168:	4602      	mov	r2, r0
1000c16a:	4601      	mov	r1, r0
1000c16c:	f88d 005e 	strb.w	r0, [sp, #94]	@ 0x5e
1000c170:	a812      	add	r0, sp, #72	@ 0x48
1000c172:	f7fd fd83 	bl	10009c7c <lfs_dir_commit>
1000c176:	4605      	mov	r5, r0
1000c178:	2800      	cmp	r0, #0
1000c17a:	d1c7      	bne.n	1000c10c <lfs_format+0x3c>
1000c17c:	f04f 33ff 	mov.w	r3, #4294967295	@ 0xffffffff
1000c180:	ed9f 7b13 	vldr	d7, [pc, #76]	@ 1000c1d0 <lfs_format+0x100>
1000c184:	461a      	mov	r2, r3
1000c186:	e9cd 5501 	strd	r5, r5, [sp, #4]
1000c18a:	9500      	str	r5, [sp, #0]
1000c18c:	a812      	add	r0, sp, #72	@ 0x48
1000c18e:	a904      	add	r1, sp, #16
1000c190:	ed8d 7b04 	vstr	d7, [sp, #16]
1000c194:	f7fb f91a 	bl	100073cc <lfs_dir_fetchmatch>
1000c198:	6ea3      	ldr	r3, [r4, #104]	@ 0x68
1000c19a:	4605      	mov	r5, r0
1000c19c:	6ada      	ldr	r2, [r3, #44]	@ 0x2c
1000c19e:	2a00      	cmp	r2, #0
1000c1a0:	d1b8      	bne.n	1000c114 <lfs_format+0x44>
1000c1a2:	68e0      	ldr	r0, [r4, #12]
1000c1a4:	f7f6 f890 	bl	100022c8 <__wrap_free>
1000c1a8:	6ea3      	ldr	r3, [r4, #104]	@ 0x68
1000c1aa:	6b1a      	ldr	r2, [r3, #48]	@ 0x30
1000c1ac:	2a00      	cmp	r2, #0
1000c1ae:	d1b4      	bne.n	1000c11a <lfs_format+0x4a>
1000c1b0:	69e0      	ldr	r0, [r4, #28]
1000c1b2:	f7f6 f889 	bl	100022c8 <__wrap_free>
1000c1b6:	6ea3      	ldr	r3, [r4, #104]	@ 0x68
1000c1b8:	6b5b      	ldr	r3, [r3, #52]	@ 0x34
1000c1ba:	2b00      	cmp	r3, #0
1000c1bc:	d1b0      	bne.n	1000c120 <lfs_format+0x50>
1000c1be:	6e60      	ldr	r0, [r4, #100]	@ 0x64
1000c1c0:	f7f6 f882 	bl	100022c8 <__wrap_free>
1000c1c4:	4628      	mov	r0, r5
1000c1c6:	b01b      	add	sp, #108	@ 0x6c
1000c1c8:	bd30      	pop	{r4, r5, pc}
1000c1ca:	f06f 050b 	mvn.w	r5, #11
1000c1ce:	e7a7      	b.n	1000c120 <lfs_format+0x50>
1000c1d0:	00000000 	.word	0x00000000
1000c1d4:	00000001 	.word	0x00000001
1000c1d8:	20001e00 	.word	0x20001e00
1000c1dc:	0ff00008 	.word	0x0ff00008
1000c1e0:	1000d448 	.word	0x1000d448
1000c1e4:	20100018 	.word	0x20100018
1000c1e8:	40100000 	.word	0x40100000

1000c1ec <lfs_mount>:
1000c1ec:	e92d 4ff0 	stmdb	sp!, {r4, r5, r6, r7, r8, r9, sl, fp, lr}
1000c1f0:	b095      	sub	sp, #84	@ 0x54
1000c1f2:	f7fa f92d 	bl	10006450 <lfs_init>
1000c1f6:	2800      	cmp	r0, #0
1000c1f8:	f040 80ca 	bne.w	1000c390 <lfs_mount+0x1a4>
1000c1fc:	4604      	mov	r4, r0
1000c1fe:	f04f 0a00 	mov.w	sl, #0
1000c202:	f04f 0b00 	mov.w	fp, #0
1000c206:	4681      	mov	r9, r0
1000c208:	2701      	movs	r7, #1
1000c20a:	4680      	mov	r8, r0
1000c20c:	ae0c      	add	r6, sp, #48	@ 0x30
1000c20e:	900c      	str	r0, [sp, #48]	@ 0x30
1000c210:	e9c6 0001 	strd	r0, r0, [r6, #4]
1000c214:	e9c6 0003 	strd	r0, r0, [r6, #12]
1000c218:	e9c6 0005 	strd	r0, r0, [r6, #20]
1000c21c:	4d6d      	ldr	r5, [pc, #436]	@ (1000c3d4 <lfs_mount+0x1e8>)
1000c21e:	1c7b      	adds	r3, r7, #1
1000c220:	d056      	beq.n	1000c2d0 <lfs_mount+0xe4>
1000c222:	6eab      	ldr	r3, [r5, #104]	@ 0x68
1000c224:	69da      	ldr	r2, [r3, #28]
1000c226:	ebb8 0f52 	cmp.w	r8, r2, lsr #1
1000c22a:	f080 80ae 	bcs.w	1000c38a <lfs_mount+0x19e>
1000c22e:	ab04      	add	r3, sp, #16
1000c230:	2208      	movs	r2, #8
1000c232:	9302      	str	r3, [sp, #8]
1000c234:	4b68      	ldr	r3, [pc, #416]	@ (1000c3d8 <lfs_mount+0x1ec>)
1000c236:	9205      	str	r2, [sp, #20]
1000c238:	9301      	str	r3, [sp, #4]
1000c23a:	2300      	movs	r3, #0
1000c23c:	4a67      	ldr	r2, [pc, #412]	@ (1000c3dc <lfs_mount+0x1f0>)
1000c23e:	9300      	str	r3, [sp, #0]
1000c240:	9204      	str	r2, [sp, #16]
1000c242:	4630      	mov	r0, r6
1000c244:	4b66      	ldr	r3, [pc, #408]	@ (1000c3e0 <lfs_mount+0x1f4>)
1000c246:	4a67      	ldr	r2, [pc, #412]	@ (1000c3e4 <lfs_mount+0x1f8>)
1000c248:	a912      	add	r1, sp, #72	@ 0x48
1000c24a:	e9cd ab0c 	strd	sl, fp, [sp, #48]	@ 0x30
1000c24e:	f8cd 9048 	str.w	r9, [sp, #72]	@ 0x48
1000c252:	9713      	str	r7, [sp, #76]	@ 0x4c
1000c254:	f7fb f8ba 	bl	100073cc <lfs_dir_fetchmatch>
1000c258:	e9dd 9712 	ldrd	r9, r7, [sp, #72]	@ 0x48
1000c25c:	e9dd ab0c 	ldrd	sl, fp, [sp, #48]	@ 0x30
1000c260:	2800      	cmp	r0, #0
1000c262:	f108 0801 	add.w	r8, r8, #1
1000c266:	f2c0 808e 	blt.w	1000c386 <lfs_mount+0x19a>
1000c26a:	d028      	beq.n	1000c2be <lfs_mount+0xd2>
1000c26c:	f340 0009 	sbfx	r0, r0, #0, #10
1000c270:	3001      	adds	r0, #1
1000c272:	d024      	beq.n	1000c2be <lfs_mount+0xd2>
1000c274:	2318      	movs	r3, #24
1000c276:	4630      	mov	r0, r6
1000c278:	495b      	ldr	r1, [pc, #364]	@ (1000c3e8 <lfs_mount+0x1fc>)
1000c27a:	eb0d 0203 	add.w	r2, sp, r3
1000c27e:	e9c5 ab08 	strd	sl, fp, [r5, #32]
1000c282:	f7fb fd71 	bl	10007d68 <lfs_dir_getslice.constprop.0>
1000c286:	2800      	cmp	r0, #0
1000c288:	db7d      	blt.n	1000c386 <lfs_mount+0x19a>
1000c28a:	9a06      	ldr	r2, [sp, #24]
1000c28c:	0c13      	lsrs	r3, r2, #16
1000c28e:	2b02      	cmp	r3, #2
1000c290:	b291      	uxth	r1, r2
1000c292:	d142      	bne.n	1000c31a <lfs_mount+0x12e>
1000c294:	2900      	cmp	r1, #0
1000c296:	d140      	bne.n	1000c31a <lfs_mount+0x12e>
1000c298:	9b09      	ldr	r3, [sp, #36]	@ 0x24
1000c29a:	b11b      	cbz	r3, 1000c2a4 <lfs_mount+0xb8>
1000c29c:	6ee9      	ldr	r1, [r5, #108]	@ 0x6c
1000c29e:	428b      	cmp	r3, r1
1000c2a0:	d879      	bhi.n	1000c396 <lfs_mount+0x1aa>
1000c2a2:	66eb      	str	r3, [r5, #108]	@ 0x6c
1000c2a4:	9b0a      	ldr	r3, [sp, #40]	@ 0x28
1000c2a6:	b123      	cbz	r3, 1000c2b2 <lfs_mount+0xc6>
1000c2a8:	6f29      	ldr	r1, [r5, #112]	@ 0x70
1000c2aa:	428b      	cmp	r3, r1
1000c2ac:	f200 8087 	bhi.w	1000c3be <lfs_mount+0x1d2>
1000c2b0:	672b      	str	r3, [r5, #112]	@ 0x70
1000c2b2:	9b0b      	ldr	r3, [sp, #44]	@ 0x2c
1000c2b4:	b11b      	cbz	r3, 1000c2be <lfs_mount+0xd2>
1000c2b6:	6f69      	ldr	r1, [r5, #116]	@ 0x74
1000c2b8:	428b      	cmp	r3, r1
1000c2ba:	d876      	bhi.n	1000c3aa <lfs_mount+0x1be>
1000c2bc:	676b      	str	r3, [r5, #116]	@ 0x74
1000c2be:	4630      	mov	r0, r6
1000c2c0:	494a      	ldr	r1, [pc, #296]	@ (1000c3ec <lfs_mount+0x200>)
1000c2c2:	f7fb fc0d 	bl	10007ae0 <lfs_dir_getgstate>
1000c2c6:	2800      	cmp	r0, #0
1000c2c8:	d15d      	bne.n	1000c386 <lfs_mount+0x19a>
1000c2ca:	f1b9 3fff 	cmp.w	r9, #4294967295	@ 0xffffffff
1000c2ce:	d1a6      	bne.n	1000c21e <lfs_mount+0x32>
1000c2d0:	6a2b      	ldr	r3, [r5, #32]
1000c2d2:	3301      	adds	r3, #1
1000c2d4:	d02b      	beq.n	1000c32e <lfs_mount+0x142>
1000c2d6:	6a6b      	ldr	r3, [r5, #36]	@ 0x24
1000c2d8:	3301      	adds	r3, #1
1000c2da:	d028      	beq.n	1000c32e <lfs_mount+0x142>
1000c2dc:	e9d5 300c 	ldrd	r3, r0, [r5, #48]	@ 0x30
1000c2e0:	6ba9      	ldr	r1, [r5, #56]	@ 0x38
1000c2e2:	ea43 0200 	orr.w	r2, r3, r0
1000c2e6:	430a      	orrs	r2, r1
1000c2e8:	d141      	bne.n	1000c36e <lfs_mount+0x182>
1000c2ea:	6ea9      	ldr	r1, [r5, #104]	@ 0x68
1000c2ec:	eb02 72d2 	add.w	r2, r2, r2, lsr #31
1000c2f0:	69c9      	ldr	r1, [r1, #28]
1000c2f2:	632a      	str	r2, [r5, #48]	@ 0x30
1000c2f4:	6aea      	ldr	r2, [r5, #44]	@ 0x2c
1000c2f6:	6629      	str	r1, [r5, #96]	@ 0x60
1000c2f8:	fbb2 f0f1 	udiv	r0, r2, r1
1000c2fc:	fb01 2210 	mls	r2, r1, r0, r2
1000c300:	2100      	movs	r1, #0
1000c302:	4b3b      	ldr	r3, [pc, #236]	@ (1000c3f0 <lfs_mount+0x204>)
1000c304:	e9c5 2115 	strd	r2, r1, [r5, #84]	@ 0x54
1000c308:	65e9      	str	r1, [r5, #92]	@ 0x5c
1000c30a:	e913 0007 	ldmdb	r3, {r0, r1, r2}
1000c30e:	e883 0007 	stmia.w	r3, {r0, r1, r2}
1000c312:	4620      	mov	r0, r4
1000c314:	b015      	add	sp, #84	@ 0x54
1000c316:	e8bd 8ff0 	ldmia.w	sp!, {r4, r5, r6, r7, r8, r9, sl, fp, pc}
1000c31a:	4836      	ldr	r0, [pc, #216]	@ (1000c3f4 <lfs_mount+0x208>)
1000c31c:	b291      	uxth	r1, r2
1000c31e:	e9cd 1000 	strd	r1, r0, [sp]
1000c322:	f640 52d9 	movw	r2, #3545	@ 0xdd9
1000c326:	4934      	ldr	r1, [pc, #208]	@ (1000c3f8 <lfs_mount+0x20c>)
1000c328:	4834      	ldr	r0, [pc, #208]	@ (1000c3fc <lfs_mount+0x210>)
1000c32a:	f7f7 fd4f 	bl	10003dcc <__wrap_printf>
1000c32e:	f06f 0409 	mvn.w	r4, #9
1000c332:	6eab      	ldr	r3, [r5, #104]	@ 0x68
1000c334:	6ada      	ldr	r2, [r3, #44]	@ 0x2c
1000c336:	b15a      	cbz	r2, 1000c350 <lfs_mount+0x164>
1000c338:	6b1a      	ldr	r2, [r3, #48]	@ 0x30
1000c33a:	b182      	cbz	r2, 1000c35e <lfs_mount+0x172>
1000c33c:	6b5b      	ldr	r3, [r3, #52]	@ 0x34
1000c33e:	2b00      	cmp	r3, #0
1000c340:	d1e7      	bne.n	1000c312 <lfs_mount+0x126>
1000c342:	6e68      	ldr	r0, [r5, #100]	@ 0x64
1000c344:	f7f5 ffc0 	bl	100022c8 <__wrap_free>
1000c348:	4620      	mov	r0, r4
1000c34a:	b015      	add	sp, #84	@ 0x54
1000c34c:	e8bd 8ff0 	ldmia.w	sp!, {r4, r5, r6, r7, r8, r9, sl, fp, pc}
1000c350:	68e8      	ldr	r0, [r5, #12]
1000c352:	f7f5 ffb9 	bl	100022c8 <__wrap_free>
1000c356:	6eab      	ldr	r3, [r5, #104]	@ 0x68
1000c358:	6b1a      	ldr	r2, [r3, #48]	@ 0x30
1000c35a:	2a00      	cmp	r2, #0
1000c35c:	d1ee      	bne.n	1000c33c <lfs_mount+0x150>
1000c35e:	69e8      	ldr	r0, [r5, #28]
1000c360:	f7f5 ffb2 	bl	100022c8 <__wrap_free>
1000c364:	6eab      	ldr	r3, [r5, #104]	@ 0x68
1000c366:	6b5b      	ldr	r3, [r3, #52]	@ 0x34
1000c368:	2b00      	cmp	r3, #0
1000c36a:	d1d2      	bne.n	1000c312 <lfs_mount+0x126>
1000c36c:	e7e9      	b.n	1000c342 <lfs_mount+0x156>
1000c36e:	9101      	str	r1, [sp, #4]
1000c370:	4920      	ldr	r1, [pc, #128]	@ (1000c3f4 <lfs_mount+0x208>)
1000c372:	f640 6211 	movw	r2, #3601	@ 0xe11
1000c376:	9000      	str	r0, [sp, #0]
1000c378:	9102      	str	r1, [sp, #8]
1000c37a:	4821      	ldr	r0, [pc, #132]	@ (1000c400 <lfs_mount+0x214>)
1000c37c:	491e      	ldr	r1, [pc, #120]	@ (1000c3f8 <lfs_mount+0x20c>)
1000c37e:	f7f7 fd25 	bl	10003dcc <__wrap_printf>
1000c382:	6b2a      	ldr	r2, [r5, #48]	@ 0x30
1000c384:	e7b1      	b.n	1000c2ea <lfs_mount+0xfe>
1000c386:	4604      	mov	r4, r0
1000c388:	e7d3      	b.n	1000c332 <lfs_mount+0x146>
1000c38a:	f06f 0401 	mvn.w	r4, #1
1000c38e:	e7d1      	b.n	1000c334 <lfs_mount+0x148>
1000c390:	f06f 040b 	mvn.w	r4, #11
1000c394:	e7bd      	b.n	1000c312 <lfs_mount+0x126>
1000c396:	4817      	ldr	r0, [pc, #92]	@ (1000c3f4 <lfs_mount+0x208>)
1000c398:	f640 52e2 	movw	r2, #3554	@ 0xde2
1000c39c:	e9cd 1000 	strd	r1, r0, [sp]
1000c3a0:	4915      	ldr	r1, [pc, #84]	@ (1000c3f8 <lfs_mount+0x20c>)
1000c3a2:	4818      	ldr	r0, [pc, #96]	@ (1000c404 <lfs_mount+0x218>)
1000c3a4:	f7f7 fd12 	bl	10003dcc <__wrap_printf>
1000c3a8:	e7c1      	b.n	1000c32e <lfs_mount+0x142>
1000c3aa:	4812      	ldr	r0, [pc, #72]	@ (1000c3f4 <lfs_mount+0x208>)
1000c3ac:	f640 52f8 	movw	r2, #3576	@ 0xdf8
1000c3b0:	e9cd 1000 	strd	r1, r0, [sp]
1000c3b4:	4910      	ldr	r1, [pc, #64]	@ (1000c3f8 <lfs_mount+0x20c>)
1000c3b6:	4814      	ldr	r0, [pc, #80]	@ (1000c408 <lfs_mount+0x21c>)
1000c3b8:	f7f7 fd08 	bl	10003dcc <__wrap_printf>
1000c3bc:	e7b7      	b.n	1000c32e <lfs_mount+0x142>
1000c3be:	480d      	ldr	r0, [pc, #52]	@ (1000c3f4 <lfs_mount+0x208>)
1000c3c0:	f640 52ed 	movw	r2, #3565	@ 0xded
1000c3c4:	e9cd 1000 	strd	r1, r0, [sp]
1000c3c8:	490b      	ldr	r1, [pc, #44]	@ (1000c3f8 <lfs_mount+0x20c>)
1000c3ca:	4810      	ldr	r0, [pc, #64]	@ (1000c40c <lfs_mount+0x220>)
1000c3cc:	f7f7 fcfe 	bl	10003dcc <__wrap_printf>
1000c3d0:	e7ad      	b.n	1000c32e <lfs_mount+0x142>
1000c3d2:	bf00      	nop
1000c3d4:	20001e00 	.word	0x20001e00
1000c3d8:	10006805 	.word	0x10006805
1000c3dc:	1000d448 	.word	0x1000d448
1000c3e0:	0ff00008 	.word	0x0ff00008
1000c3e4:	7ffffc00 	.word	0x7ffffc00
1000c3e8:	20100018 	.word	0x20100018
1000c3ec:	20001e30 	.word	0x20001e30
1000c3f0:	20001e3c 	.word	0x20001e3c
1000c3f4:	1000d4e4 	.word	0x1000d4e4
1000c3f8:	1000d2a8 	.word	0x1000d2a8
1000c3fc:	1000d454 	.word	0x1000d454
1000c400:	1000d51c 	.word	0x1000d51c
1000c404:	1000d480 	.word	0x1000d480
1000c408:	1000d4e8 	.word	0x1000d4e8
1000c40c:	1000d4b4 	.word	0x1000d4b4

1000c410 <pico_hal_erase>:
1000c410:	4a08      	ldr	r2, [pc, #32]	@ (1000c434 <pico_hal_erase+0x24>)
1000c412:	4b09      	ldr	r3, [pc, #36]	@ (1000c438 <pico_hal_erase+0x28>)
1000c414:	6991      	ldr	r1, [r2, #24]
1000c416:	681b      	ldr	r3, [r3, #0]
1000c418:	b510      	push	{r4, lr}
1000c41a:	fb01 3000 	mla	r0, r1, r0, r3
1000c41e:	f3ef 8410 	mrs	r4, PRIMASK
1000c422:	b672      	cpsid	i
1000c424:	6991      	ldr	r1, [r2, #24]
1000c426:	f000 fceb 	bl	1000ce00 <__flash_range_erase_veneer>
1000c42a:	f384 8810 	msr	PRIMASK, r4
1000c42e:	2000      	movs	r0, #0
1000c430:	bd10      	pop	{r4, pc}
1000c432:	bf00      	nop
1000c434:	200016ec 	.word	0x200016ec
1000c438:	200016e8 	.word	0x200016e8

1000c43c <pico_hal_prog>:
1000c43c:	b538      	push	{r3, r4, r5, lr}
1000c43e:	4c09      	ldr	r4, [pc, #36]	@ (1000c464 <pico_hal_prog+0x28>)
1000c440:	69a5      	ldr	r5, [r4, #24]
1000c442:	4c09      	ldr	r4, [pc, #36]	@ (1000c468 <pico_hal_prog+0x2c>)
1000c444:	6824      	ldr	r4, [r4, #0]
1000c446:	440c      	add	r4, r1
1000c448:	fb05 4000 	mla	r0, r5, r0, r4
1000c44c:	4611      	mov	r1, r2
1000c44e:	461a      	mov	r2, r3
1000c450:	f3ef 8410 	mrs	r4, PRIMASK
1000c454:	b672      	cpsid	i
1000c456:	f000 fc9b 	bl	1000cd90 <__flash_range_program_veneer>
1000c45a:	f384 8810 	msr	PRIMASK, r4
1000c45e:	2000      	movs	r0, #0
1000c460:	bd38      	pop	{r3, r4, r5, pc}
1000c462:	bf00      	nop
1000c464:	200016ec 	.word	0x200016ec
1000c468:	200016e8 	.word	0x200016e8

1000c46c <pico_hal_read>:
1000c46c:	b538      	push	{r3, r4, r5, lr}
1000c46e:	4d07      	ldr	r5, [pc, #28]	@ (1000c48c <pico_hal_read+0x20>)
1000c470:	f101 51a0 	add.w	r1, r1, #335544320	@ 0x14000000
1000c474:	69ad      	ldr	r5, [r5, #24]
1000c476:	4c06      	ldr	r4, [pc, #24]	@ (1000c490 <pico_hal_read+0x24>)
1000c478:	fb05 1100 	mla	r1, r5, r0, r1
1000c47c:	6824      	ldr	r4, [r4, #0]
1000c47e:	4610      	mov	r0, r2
1000c480:	4421      	add	r1, r4
1000c482:	461a      	mov	r2, r3
1000c484:	f000 fc98 	bl	1000cdb8 <__memcpy_veneer>
1000c488:	2000      	movs	r0, #0
1000c48a:	bd38      	pop	{r3, r4, r5, pc}
1000c48c:	200016ec 	.word	0x200016ec
1000c490:	200016e8 	.word	0x200016e8

1000c494 <pico_mount>:
1000c494:	b910      	cbnz	r0, 1000c49c <pico_mount+0x8>
1000c496:	4806      	ldr	r0, [pc, #24]	@ (1000c4b0 <pico_mount+0x1c>)
1000c498:	f7ff bea8 	b.w	1000c1ec <lfs_mount>
1000c49c:	b508      	push	{r3, lr}
1000c49e:	4804      	ldr	r0, [pc, #16]	@ (1000c4b0 <pico_mount+0x1c>)
1000c4a0:	f7ff fe16 	bl	1000c0d0 <lfs_format>
1000c4a4:	e8bd 4008 	ldmia.w	sp!, {r3, lr}
1000c4a8:	4801      	ldr	r0, [pc, #4]	@ (1000c4b0 <pico_mount+0x1c>)
1000c4aa:	f7ff be9f 	b.w	1000c1ec <lfs_mount>
1000c4ae:	bf00      	nop
1000c4b0:	200016ec 	.word	0x200016ec

1000c4b4 <strlen>:
1000c4b4:	f020 0103 	bic.w	r1, r0, #3
1000c4b8:	f010 0003 	ands.w	r0, r0, #3
1000c4bc:	f1c0 0000 	rsb	r0, r0, #0
1000c4c0:	f851 3b04 	ldr.w	r3, [r1], #4
1000c4c4:	f100 0c04 	add.w	ip, r0, #4
1000c4c8:	ea4f 0ccc 	mov.w	ip, ip, lsl #3
1000c4cc:	f06f 0200 	mvn.w	r2, #0
1000c4d0:	bf1c      	itt	ne
1000c4d2:	fa22 f20c 	lsrne.w	r2, r2, ip
1000c4d6:	4313      	orrne	r3, r2
1000c4d8:	f04f 0c01 	mov.w	ip, #1
1000c4dc:	ea4c 2c0c 	orr.w	ip, ip, ip, lsl #8
1000c4e0:	ea4c 4c0c 	orr.w	ip, ip, ip, lsl #16
1000c4e4:	eba3 020c 	sub.w	r2, r3, ip
1000c4e8:	ea22 0203 	bic.w	r2, r2, r3
1000c4ec:	ea12 12cc 	ands.w	r2, r2, ip, lsl #7
1000c4f0:	bf04      	itt	eq
1000c4f2:	f851 3b04 	ldreq.w	r3, [r1], #4
1000c4f6:	3004      	addeq	r0, #4
1000c4f8:	d0f4      	beq.n	1000c4e4 <strlen+0x30>
1000c4fa:	f1c2 0100 	rsb	r1, r2, #0
1000c4fe:	ea02 0201 	and.w	r2, r2, r1
1000c502:	fab2 f282 	clz	r2, r2
1000c506:	f1c2 021f 	rsb	r2, r2, #31
1000c50a:	eb00 00d2 	add.w	r0, r0, r2, lsr #3
1000c50e:	4770      	bx	lr

1000c510 <_malloc_r>:
1000c510:	f101 030b 	add.w	r3, r1, #11
1000c514:	2b16      	cmp	r3, #22
1000c516:	e92d 4ff0 	stmdb	sp!, {r4, r5, r6, r7, r8, r9, sl, fp, lr}
1000c51a:	4607      	mov	r7, r0
1000c51c:	b083      	sub	sp, #12
1000c51e:	d823      	bhi.n	1000c568 <_malloc_r+0x58>
1000c520:	2910      	cmp	r1, #16
1000c522:	f200 80af 	bhi.w	1000c684 <_malloc_r+0x174>
1000c526:	f000 fc1b 	bl	1000cd60 <__malloc_lock>
1000c52a:	2510      	movs	r5, #16
1000c52c:	2318      	movs	r3, #24
1000c52e:	2002      	movs	r0, #2
1000c530:	4ec5      	ldr	r6, [pc, #788]	@ (1000c848 <_malloc_r+0x338>)
1000c532:	4433      	add	r3, r6
1000c534:	685c      	ldr	r4, [r3, #4]
1000c536:	f1a3 0208 	sub.w	r2, r3, #8
1000c53a:	4294      	cmp	r4, r2
1000c53c:	f000 815e 	beq.w	1000c7fc <_malloc_r+0x2ec>
1000c540:	6863      	ldr	r3, [r4, #4]
1000c542:	4638      	mov	r0, r7
1000c544:	f023 0303 	bic.w	r3, r3, #3
1000c548:	e9d4 1202 	ldrd	r1, r2, [r4, #8]
1000c54c:	4423      	add	r3, r4
1000c54e:	60ca      	str	r2, [r1, #12]
1000c550:	6091      	str	r1, [r2, #8]
1000c552:	685a      	ldr	r2, [r3, #4]
1000c554:	3408      	adds	r4, #8
1000c556:	f042 0201 	orr.w	r2, r2, #1
1000c55a:	605a      	str	r2, [r3, #4]
1000c55c:	f000 fc02 	bl	1000cd64 <__malloc_unlock>
1000c560:	4620      	mov	r0, r4
1000c562:	b003      	add	sp, #12
1000c564:	e8bd 8ff0 	ldmia.w	sp!, {r4, r5, r6, r7, r8, r9, sl, fp, pc}
1000c568:	2b00      	cmp	r3, #0
1000c56a:	f023 0507 	bic.w	r5, r3, #7
1000c56e:	f2c0 8089 	blt.w	1000c684 <_malloc_r+0x174>
1000c572:	42a9      	cmp	r1, r5
1000c574:	f200 8086 	bhi.w	1000c684 <_malloc_r+0x174>
1000c578:	f000 fbf2 	bl	1000cd60 <__malloc_lock>
1000c57c:	f5b5 7ffc 	cmp.w	r5, #504	@ 0x1f8
1000c580:	f0c0 8278 	bcc.w	1000ca74 <_malloc_r+0x564>
1000c584:	0a6b      	lsrs	r3, r5, #9
1000c586:	f000 8084 	beq.w	1000c692 <_malloc_r+0x182>
1000c58a:	2b04      	cmp	r3, #4
1000c58c:	f200 8162 	bhi.w	1000c854 <_malloc_r+0x344>
1000c590:	09ab      	lsrs	r3, r5, #6
1000c592:	f103 0039 	add.w	r0, r3, #57	@ 0x39
1000c596:	f103 0e38 	add.w	lr, r3, #56	@ 0x38
1000c59a:	00c3      	lsls	r3, r0, #3
1000c59c:	4eaa      	ldr	r6, [pc, #680]	@ (1000c848 <_malloc_r+0x338>)
1000c59e:	4433      	add	r3, r6
1000c5a0:	f1a3 0c08 	sub.w	ip, r3, #8
1000c5a4:	685c      	ldr	r4, [r3, #4]
1000c5a6:	45a4      	cmp	ip, r4
1000c5a8:	d107      	bne.n	1000c5ba <_malloc_r+0xaa>
1000c5aa:	e00d      	b.n	1000c5c8 <_malloc_r+0xb8>
1000c5ac:	2a00      	cmp	r2, #0
1000c5ae:	68e1      	ldr	r1, [r4, #12]
1000c5b0:	f280 811e 	bge.w	1000c7f0 <_malloc_r+0x2e0>
1000c5b4:	458c      	cmp	ip, r1
1000c5b6:	460c      	mov	r4, r1
1000c5b8:	d006      	beq.n	1000c5c8 <_malloc_r+0xb8>
1000c5ba:	6863      	ldr	r3, [r4, #4]
1000c5bc:	f023 0303 	bic.w	r3, r3, #3
1000c5c0:	1b5a      	subs	r2, r3, r5
1000c5c2:	2a0f      	cmp	r2, #15
1000c5c4:	ddf2      	ble.n	1000c5ac <_malloc_r+0x9c>
1000c5c6:	4670      	mov	r0, lr
1000c5c8:	f8df 8280 	ldr.w	r8, [pc, #640]	@ 1000c84c <_malloc_r+0x33c>
1000c5cc:	6934      	ldr	r4, [r6, #16]
1000c5ce:	4544      	cmp	r4, r8
1000c5d0:	f000 80fa 	beq.w	1000c7c8 <_malloc_r+0x2b8>
1000c5d4:	6863      	ldr	r3, [r4, #4]
1000c5d6:	f023 0c03 	bic.w	ip, r3, #3
1000c5da:	ebac 0305 	sub.w	r3, ip, r5
1000c5de:	2b0f      	cmp	r3, #15
1000c5e0:	f300 8174 	bgt.w	1000c8cc <_malloc_r+0x3bc>
1000c5e4:	2b00      	cmp	r3, #0
1000c5e6:	e9c6 8804 	strd	r8, r8, [r6, #16]
1000c5ea:	f280 8163 	bge.w	1000c8b4 <_malloc_r+0x3a4>
1000c5ee:	f5bc 7f00 	cmp.w	ip, #512	@ 0x200
1000c5f2:	f8d6 e004 	ldr.w	lr, [r6, #4]
1000c5f6:	f080 8107 	bcs.w	1000c808 <_malloc_r+0x2f8>
1000c5fa:	ea4f 03dc 	mov.w	r3, ip, lsr #3
1000c5fe:	2201      	movs	r2, #1
1000c600:	ea4f 1c5c 	mov.w	ip, ip, lsr #5
1000c604:	3301      	adds	r3, #1
1000c606:	fa02 f20c 	lsl.w	r2, r2, ip
1000c60a:	f856 1033 	ldr.w	r1, [r6, r3, lsl #3]
1000c60e:	ea4e 0e02 	orr.w	lr, lr, r2
1000c612:	eb06 02c3 	add.w	r2, r6, r3, lsl #3
1000c616:	3a08      	subs	r2, #8
1000c618:	f8c6 e004 	str.w	lr, [r6, #4]
1000c61c:	e9c4 1202 	strd	r1, r2, [r4, #8]
1000c620:	f846 4033 	str.w	r4, [r6, r3, lsl #3]
1000c624:	60cc      	str	r4, [r1, #12]
1000c626:	1083      	asrs	r3, r0, #2
1000c628:	f04f 0c01 	mov.w	ip, #1
1000c62c:	fa0c fc03 	lsl.w	ip, ip, r3
1000c630:	45f4      	cmp	ip, lr
1000c632:	d834      	bhi.n	1000c69e <_malloc_r+0x18e>
1000c634:	ea1c 0f0e 	tst.w	ip, lr
1000c638:	d107      	bne.n	1000c64a <_malloc_r+0x13a>
1000c63a:	f020 0003 	bic.w	r0, r0, #3
1000c63e:	ea4f 0c4c 	mov.w	ip, ip, lsl #1
1000c642:	3004      	adds	r0, #4
1000c644:	ea1c 0f0e 	tst.w	ip, lr
1000c648:	d0f9      	beq.n	1000c63e <_malloc_r+0x12e>
1000c64a:	eb06 0ac0 	add.w	sl, r6, r0, lsl #3
1000c64e:	4681      	mov	r9, r0
1000c650:	46d6      	mov	lr, sl
1000c652:	f8de 300c 	ldr.w	r3, [lr, #12]
1000c656:	e00b      	b.n	1000c670 <_malloc_r+0x160>
1000c658:	685a      	ldr	r2, [r3, #4]
1000c65a:	461c      	mov	r4, r3
1000c65c:	68db      	ldr	r3, [r3, #12]
1000c65e:	f022 0203 	bic.w	r2, r2, #3
1000c662:	1b51      	subs	r1, r2, r5
1000c664:	290f      	cmp	r1, #15
1000c666:	f300 8101 	bgt.w	1000c86c <_malloc_r+0x35c>
1000c66a:	2900      	cmp	r1, #0
1000c66c:	f280 8115 	bge.w	1000c89a <_malloc_r+0x38a>
1000c670:	459e      	cmp	lr, r3
1000c672:	d1f1      	bne.n	1000c658 <_malloc_r+0x148>
1000c674:	f109 0901 	add.w	r9, r9, #1
1000c678:	f10e 0e08 	add.w	lr, lr, #8
1000c67c:	f019 0f03 	tst.w	r9, #3
1000c680:	d1e7      	bne.n	1000c652 <_malloc_r+0x142>
1000c682:	e158      	b.n	1000c936 <_malloc_r+0x426>
1000c684:	230c      	movs	r3, #12
1000c686:	603b      	str	r3, [r7, #0]
1000c688:	2400      	movs	r4, #0
1000c68a:	4620      	mov	r0, r4
1000c68c:	b003      	add	sp, #12
1000c68e:	e8bd 8ff0 	ldmia.w	sp!, {r4, r5, r6, r7, r8, r9, sl, fp, pc}
1000c692:	f44f 7300 	mov.w	r3, #512	@ 0x200
1000c696:	2040      	movs	r0, #64	@ 0x40
1000c698:	f04f 0e3f 	mov.w	lr, #63	@ 0x3f
1000c69c:	e77e      	b.n	1000c59c <_malloc_r+0x8c>
1000c69e:	68b4      	ldr	r4, [r6, #8]
1000c6a0:	6863      	ldr	r3, [r4, #4]
1000c6a2:	f023 0903 	bic.w	r9, r3, #3
1000c6a6:	45a9      	cmp	r9, r5
1000c6a8:	eba9 0305 	sub.w	r3, r9, r5
1000c6ac:	d302      	bcc.n	1000c6b4 <_malloc_r+0x1a4>
1000c6ae:	2b0f      	cmp	r3, #15
1000c6b0:	f300 808d 	bgt.w	1000c7ce <_malloc_r+0x2be>
1000c6b4:	f8df b198 	ldr.w	fp, [pc, #408]	@ 1000c850 <_malloc_r+0x340>
1000c6b8:	eb04 0309 	add.w	r3, r4, r9
1000c6bc:	2008      	movs	r0, #8
1000c6be:	f8db 2000 	ldr.w	r2, [fp]
1000c6c2:	9300      	str	r3, [sp, #0]
1000c6c4:	3210      	adds	r2, #16
1000c6c6:	eb02 0805 	add.w	r8, r2, r5
1000c6ca:	f000 fb4d 	bl	1000cd68 <sysconf>
1000c6ce:	f8d6 1408 	ldr.w	r1, [r6, #1032]	@ 0x408
1000c6d2:	4602      	mov	r2, r0
1000c6d4:	3101      	adds	r1, #1
1000c6d6:	d005      	beq.n	1000c6e4 <_malloc_r+0x1d4>
1000c6d8:	f108 38ff 	add.w	r8, r8, #4294967295	@ 0xffffffff
1000c6dc:	4241      	negs	r1, r0
1000c6de:	4480      	add	r8, r0
1000c6e0:	ea01 0808 	and.w	r8, r1, r8
1000c6e4:	4641      	mov	r1, r8
1000c6e6:	4638      	mov	r0, r7
1000c6e8:	9200      	str	r2, [sp, #0]
1000c6ea:	f000 f9c7 	bl	1000ca7c <_sbrk_r>
1000c6ee:	f1b0 3fff 	cmp.w	r0, #4294967295	@ 0xffffffff
1000c6f2:	4682      	mov	sl, r0
1000c6f4:	9a00      	ldr	r2, [sp, #0]
1000c6f6:	f000 8104 	beq.w	1000c902 <_malloc_r+0x3f2>
1000c6fa:	eb04 0309 	add.w	r3, r4, r9
1000c6fe:	4283      	cmp	r3, r0
1000c700:	f200 80fd 	bhi.w	1000c8fe <_malloc_r+0x3ee>
1000c704:	f8db 1004 	ldr.w	r1, [fp, #4]
1000c708:	f102 3cff 	add.w	ip, r2, #4294967295	@ 0xffffffff
1000c70c:	4441      	add	r1, r8
1000c70e:	f8cb 1004 	str.w	r1, [fp, #4]
1000c712:	f000 815e 	beq.w	1000c9d2 <_malloc_r+0x4c2>
1000c716:	f8d6 0408 	ldr.w	r0, [r6, #1032]	@ 0x408
1000c71a:	3001      	adds	r0, #1
1000c71c:	f000 8165 	beq.w	1000c9ea <_malloc_r+0x4da>
1000c720:	eb04 0309 	add.w	r3, r4, r9
1000c724:	ebaa 0303 	sub.w	r3, sl, r3
1000c728:	4419      	add	r1, r3
1000c72a:	f8cb 1004 	str.w	r1, [fp, #4]
1000c72e:	f01a 0307 	ands.w	r3, sl, #7
1000c732:	9300      	str	r3, [sp, #0]
1000c734:	f000 8122 	beq.w	1000c97c <_malloc_r+0x46c>
1000c738:	f1c3 0108 	rsb	r1, r3, #8
1000c73c:	4638      	mov	r0, r7
1000c73e:	448a      	add	sl, r1
1000c740:	440a      	add	r2, r1
1000c742:	44d0      	add	r8, sl
1000c744:	ea08 010c 	and.w	r1, r8, ip
1000c748:	1a52      	subs	r2, r2, r1
1000c74a:	ea02 010c 	and.w	r1, r2, ip
1000c74e:	9101      	str	r1, [sp, #4]
1000c750:	f000 f994 	bl	1000ca7c <_sbrk_r>
1000c754:	1c42      	adds	r2, r0, #1
1000c756:	f000 8164 	beq.w	1000ca22 <_malloc_r+0x512>
1000c75a:	eba0 000a 	sub.w	r0, r0, sl
1000c75e:	9901      	ldr	r1, [sp, #4]
1000c760:	eb00 0801 	add.w	r8, r0, r1
1000c764:	f8db 2004 	ldr.w	r2, [fp, #4]
1000c768:	f048 0001 	orr.w	r0, r8, #1
1000c76c:	42b4      	cmp	r4, r6
1000c76e:	f8c6 a008 	str.w	sl, [r6, #8]
1000c772:	4411      	add	r1, r2
1000c774:	f8ca 0004 	str.w	r0, [sl, #4]
1000c778:	f8cb 1004 	str.w	r1, [fp, #4]
1000c77c:	d016      	beq.n	1000c7ac <_malloc_r+0x29c>
1000c77e:	f1b9 0f0f 	cmp.w	r9, #15
1000c782:	f240 8135 	bls.w	1000c9f0 <_malloc_r+0x4e0>
1000c786:	6862      	ldr	r2, [r4, #4]
1000c788:	f1a9 000c 	sub.w	r0, r9, #12
1000c78c:	2305      	movs	r3, #5
1000c78e:	f020 0007 	bic.w	r0, r0, #7
1000c792:	f002 0201 	and.w	r2, r2, #1
1000c796:	4302      	orrs	r2, r0
1000c798:	280f      	cmp	r0, #15
1000c79a:	6062      	str	r2, [r4, #4]
1000c79c:	eb04 0200 	add.w	r2, r4, r0
1000c7a0:	e9c2 3301 	strd	r3, r3, [r2, #4]
1000c7a4:	f200 8145 	bhi.w	1000ca32 <_malloc_r+0x522>
1000c7a8:	f8da 0004 	ldr.w	r0, [sl, #4]
1000c7ac:	f8db 202c 	ldr.w	r2, [fp, #44]	@ 0x2c
1000c7b0:	4654      	mov	r4, sl
1000c7b2:	428a      	cmp	r2, r1
1000c7b4:	f8db 2030 	ldr.w	r2, [fp, #48]	@ 0x30
1000c7b8:	bf38      	it	cc
1000c7ba:	f8cb 102c 	strcc.w	r1, [fp, #44]	@ 0x2c
1000c7be:	428a      	cmp	r2, r1
1000c7c0:	bf38      	it	cc
1000c7c2:	f8cb 1030 	strcc.w	r1, [fp, #48]	@ 0x30
1000c7c6:	e09e      	b.n	1000c906 <_malloc_r+0x3f6>
1000c7c8:	f8d6 e004 	ldr.w	lr, [r6, #4]
1000c7cc:	e72b      	b.n	1000c626 <_malloc_r+0x116>
1000c7ce:	1962      	adds	r2, r4, r5
1000c7d0:	f045 0501 	orr.w	r5, r5, #1
1000c7d4:	f043 0301 	orr.w	r3, r3, #1
1000c7d8:	3408      	adds	r4, #8
1000c7da:	f844 5c04 	str.w	r5, [r4, #-4]
1000c7de:	4638      	mov	r0, r7
1000c7e0:	60b2      	str	r2, [r6, #8]
1000c7e2:	6053      	str	r3, [r2, #4]
1000c7e4:	f000 fabe 	bl	1000cd64 <__malloc_unlock>
1000c7e8:	4620      	mov	r0, r4
1000c7ea:	b003      	add	sp, #12
1000c7ec:	e8bd 8ff0 	ldmia.w	sp!, {r4, r5, r6, r7, r8, r9, sl, fp, pc}
1000c7f0:	68a2      	ldr	r2, [r4, #8]
1000c7f2:	4423      	add	r3, r4
1000c7f4:	4638      	mov	r0, r7
1000c7f6:	60d1      	str	r1, [r2, #12]
1000c7f8:	608a      	str	r2, [r1, #8]
1000c7fa:	e6aa      	b.n	1000c552 <_malloc_r+0x42>
1000c7fc:	68dc      	ldr	r4, [r3, #12]
1000c7fe:	42a3      	cmp	r3, r4
1000c800:	f47f ae9e 	bne.w	1000c540 <_malloc_r+0x30>
1000c804:	3002      	adds	r0, #2
1000c806:	e6df      	b.n	1000c5c8 <_malloc_r+0xb8>
1000c808:	f5bc 6f20 	cmp.w	ip, #2560	@ 0xa00
1000c80c:	ea4f 225c 	mov.w	r2, ip, lsr #9
1000c810:	d36e      	bcc.n	1000c8f0 <_malloc_r+0x3e0>
1000c812:	2a14      	cmp	r2, #20
1000c814:	f200 80c2 	bhi.w	1000c99c <_malloc_r+0x48c>
1000c818:	f102 035c 	add.w	r3, r2, #92	@ 0x5c
1000c81c:	325b      	adds	r2, #91	@ 0x5b
1000c81e:	00db      	lsls	r3, r3, #3
1000c820:	18f1      	adds	r1, r6, r3
1000c822:	58f3      	ldr	r3, [r6, r3]
1000c824:	3908      	subs	r1, #8
1000c826:	4299      	cmp	r1, r3
1000c828:	d103      	bne.n	1000c832 <_malloc_r+0x322>
1000c82a:	e09d      	b.n	1000c968 <_malloc_r+0x458>
1000c82c:	689b      	ldr	r3, [r3, #8]
1000c82e:	4299      	cmp	r1, r3
1000c830:	d004      	beq.n	1000c83c <_malloc_r+0x32c>
1000c832:	685a      	ldr	r2, [r3, #4]
1000c834:	f022 0203 	bic.w	r2, r2, #3
1000c838:	4562      	cmp	r2, ip
1000c83a:	d8f7      	bhi.n	1000c82c <_malloc_r+0x31c>
1000c83c:	68d9      	ldr	r1, [r3, #12]
1000c83e:	e9c4 3102 	strd	r3, r1, [r4, #8]
1000c842:	608c      	str	r4, [r1, #8]
1000c844:	60dc      	str	r4, [r3, #12]
1000c846:	e6ee      	b.n	1000c626 <_malloc_r+0x116>
1000c848:	20001738 	.word	0x20001738
1000c84c:	20001740 	.word	0x20001740
1000c850:	20001e78 	.word	0x20001e78
1000c854:	2b14      	cmp	r3, #20
1000c856:	d963      	bls.n	1000c920 <_malloc_r+0x410>
1000c858:	2b54      	cmp	r3, #84	@ 0x54
1000c85a:	f200 80a8 	bhi.w	1000c9ae <_malloc_r+0x49e>
1000c85e:	0b2b      	lsrs	r3, r5, #12
1000c860:	f103 006f 	add.w	r0, r3, #111	@ 0x6f
1000c864:	f103 0e6e 	add.w	lr, r3, #110	@ 0x6e
1000c868:	00c3      	lsls	r3, r0, #3
1000c86a:	e697      	b.n	1000c59c <_malloc_r+0x8c>
1000c86c:	f8d4 c008 	ldr.w	ip, [r4, #8]
1000c870:	4638      	mov	r0, r7
1000c872:	1967      	adds	r7, r4, r5
1000c874:	f045 0501 	orr.w	r5, r5, #1
1000c878:	6065      	str	r5, [r4, #4]
1000c87a:	f8cc 300c 	str.w	r3, [ip, #12]
1000c87e:	f8c3 c008 	str.w	ip, [r3, #8]
1000c882:	f041 0301 	orr.w	r3, r1, #1
1000c886:	e9c6 7704 	strd	r7, r7, [r6, #16]
1000c88a:	e9c7 8802 	strd	r8, r8, [r7, #8]
1000c88e:	607b      	str	r3, [r7, #4]
1000c890:	50a1      	str	r1, [r4, r2]
1000c892:	3408      	adds	r4, #8
1000c894:	f000 fa66 	bl	1000cd64 <__malloc_unlock>
1000c898:	e6f7      	b.n	1000c68a <_malloc_r+0x17a>
1000c89a:	4422      	add	r2, r4
1000c89c:	4638      	mov	r0, r7
1000c89e:	6851      	ldr	r1, [r2, #4]
1000c8a0:	f041 0101 	orr.w	r1, r1, #1
1000c8a4:	6051      	str	r1, [r2, #4]
1000c8a6:	f854 2f08 	ldr.w	r2, [r4, #8]!
1000c8aa:	60d3      	str	r3, [r2, #12]
1000c8ac:	609a      	str	r2, [r3, #8]
1000c8ae:	f000 fa59 	bl	1000cd64 <__malloc_unlock>
1000c8b2:	e6ea      	b.n	1000c68a <_malloc_r+0x17a>
1000c8b4:	44a4      	add	ip, r4
1000c8b6:	4638      	mov	r0, r7
1000c8b8:	3408      	adds	r4, #8
1000c8ba:	f8dc 3004 	ldr.w	r3, [ip, #4]
1000c8be:	f043 0301 	orr.w	r3, r3, #1
1000c8c2:	f8cc 3004 	str.w	r3, [ip, #4]
1000c8c6:	f000 fa4d 	bl	1000cd64 <__malloc_unlock>
1000c8ca:	e6de      	b.n	1000c68a <_malloc_r+0x17a>
1000c8cc:	1962      	adds	r2, r4, r5
1000c8ce:	f043 0101 	orr.w	r1, r3, #1
1000c8d2:	f045 0501 	orr.w	r5, r5, #1
1000c8d6:	4638      	mov	r0, r7
1000c8d8:	6065      	str	r5, [r4, #4]
1000c8da:	e9c6 2204 	strd	r2, r2, [r6, #16]
1000c8de:	e9c2 8802 	strd	r8, r8, [r2, #8]
1000c8e2:	6051      	str	r1, [r2, #4]
1000c8e4:	f844 300c 	str.w	r3, [r4, ip]
1000c8e8:	3408      	adds	r4, #8
1000c8ea:	f000 fa3b 	bl	1000cd64 <__malloc_unlock>
1000c8ee:	e6cc      	b.n	1000c68a <_malloc_r+0x17a>
1000c8f0:	ea4f 129c 	mov.w	r2, ip, lsr #6
1000c8f4:	f102 0339 	add.w	r3, r2, #57	@ 0x39
1000c8f8:	3238      	adds	r2, #56	@ 0x38
1000c8fa:	00db      	lsls	r3, r3, #3
1000c8fc:	e790      	b.n	1000c820 <_malloc_r+0x310>
1000c8fe:	42b4      	cmp	r4, r6
1000c900:	d05f      	beq.n	1000c9c2 <_malloc_r+0x4b2>
1000c902:	68b4      	ldr	r4, [r6, #8]
1000c904:	6860      	ldr	r0, [r4, #4]
1000c906:	f020 0803 	bic.w	r8, r0, #3
1000c90a:	45a8      	cmp	r8, r5
1000c90c:	eba8 0305 	sub.w	r3, r8, r5
1000c910:	d302      	bcc.n	1000c918 <_malloc_r+0x408>
1000c912:	2b0f      	cmp	r3, #15
1000c914:	f73f af5b 	bgt.w	1000c7ce <_malloc_r+0x2be>
1000c918:	4638      	mov	r0, r7
1000c91a:	f000 fa23 	bl	1000cd64 <__malloc_unlock>
1000c91e:	e6b3      	b.n	1000c688 <_malloc_r+0x178>
1000c920:	f103 005c 	add.w	r0, r3, #92	@ 0x5c
1000c924:	f103 0e5b 	add.w	lr, r3, #91	@ 0x5b
1000c928:	00c3      	lsls	r3, r0, #3
1000c92a:	e637      	b.n	1000c59c <_malloc_r+0x8c>
1000c92c:	f85a 3908 	ldr.w	r3, [sl], #-8
1000c930:	4553      	cmp	r3, sl
1000c932:	f040 809d 	bne.w	1000ca70 <_malloc_r+0x560>
1000c936:	f010 0f03 	tst.w	r0, #3
1000c93a:	f100 30ff 	add.w	r0, r0, #4294967295	@ 0xffffffff
1000c93e:	d1f5      	bne.n	1000c92c <_malloc_r+0x41c>
1000c940:	6873      	ldr	r3, [r6, #4]
1000c942:	ea23 030c 	bic.w	r3, r3, ip
1000c946:	6073      	str	r3, [r6, #4]
1000c948:	ea4f 0c4c 	mov.w	ip, ip, lsl #1
1000c94c:	f10c 32ff 	add.w	r2, ip, #4294967295	@ 0xffffffff
1000c950:	429a      	cmp	r2, r3
1000c952:	d304      	bcc.n	1000c95e <_malloc_r+0x44e>
1000c954:	e6a3      	b.n	1000c69e <_malloc_r+0x18e>
1000c956:	ea4f 0c4c 	mov.w	ip, ip, lsl #1
1000c95a:	f109 0904 	add.w	r9, r9, #4
1000c95e:	ea1c 0f03 	tst.w	ip, r3
1000c962:	d0f8      	beq.n	1000c956 <_malloc_r+0x446>
1000c964:	4648      	mov	r0, r9
1000c966:	e670      	b.n	1000c64a <_malloc_r+0x13a>
1000c968:	1092      	asrs	r2, r2, #2
1000c96a:	f04f 0c01 	mov.w	ip, #1
1000c96e:	fa0c f202 	lsl.w	r2, ip, r2
1000c972:	ea4e 0e02 	orr.w	lr, lr, r2
1000c976:	f8c6 e004 	str.w	lr, [r6, #4]
1000c97a:	e760      	b.n	1000c83e <_malloc_r+0x32e>
1000c97c:	eb0a 0108 	add.w	r1, sl, r8
1000c980:	4638      	mov	r0, r7
1000c982:	ea01 010c 	and.w	r1, r1, ip
1000c986:	1a52      	subs	r2, r2, r1
1000c988:	ea02 010c 	and.w	r1, r2, ip
1000c98c:	9101      	str	r1, [sp, #4]
1000c98e:	f000 f875 	bl	1000ca7c <_sbrk_r>
1000c992:	1c43      	adds	r3, r0, #1
1000c994:	f47f aee1 	bne.w	1000c75a <_malloc_r+0x24a>
1000c998:	9900      	ldr	r1, [sp, #0]
1000c99a:	e6e3      	b.n	1000c764 <_malloc_r+0x254>
1000c99c:	2a54      	cmp	r2, #84	@ 0x54
1000c99e:	d82b      	bhi.n	1000c9f8 <_malloc_r+0x4e8>
1000c9a0:	ea4f 321c 	mov.w	r2, ip, lsr #12
1000c9a4:	f102 036f 	add.w	r3, r2, #111	@ 0x6f
1000c9a8:	326e      	adds	r2, #110	@ 0x6e
1000c9aa:	00db      	lsls	r3, r3, #3
1000c9ac:	e738      	b.n	1000c820 <_malloc_r+0x310>
1000c9ae:	f5b3 7faa 	cmp.w	r3, #340	@ 0x154
1000c9b2:	d82b      	bhi.n	1000ca0c <_malloc_r+0x4fc>
1000c9b4:	0beb      	lsrs	r3, r5, #15
1000c9b6:	f103 0078 	add.w	r0, r3, #120	@ 0x78
1000c9ba:	f103 0e77 	add.w	lr, r3, #119	@ 0x77
1000c9be:	00c3      	lsls	r3, r0, #3
1000c9c0:	e5ec      	b.n	1000c59c <_malloc_r+0x8c>
1000c9c2:	f8db 1004 	ldr.w	r1, [fp, #4]
1000c9c6:	f102 3cff 	add.w	ip, r2, #4294967295	@ 0xffffffff
1000c9ca:	4441      	add	r1, r8
1000c9cc:	f8cb 1004 	str.w	r1, [fp, #4]
1000c9d0:	e6a1      	b.n	1000c716 <_malloc_r+0x206>
1000c9d2:	ea10 0f0c 	tst.w	r0, ip
1000c9d6:	f47f ae9e 	bne.w	1000c716 <_malloc_r+0x206>
1000c9da:	44c8      	add	r8, r9
1000c9dc:	f8d6 a008 	ldr.w	sl, [r6, #8]
1000c9e0:	f048 0001 	orr.w	r0, r8, #1
1000c9e4:	f8ca 0004 	str.w	r0, [sl, #4]
1000c9e8:	e6e0      	b.n	1000c7ac <_malloc_r+0x29c>
1000c9ea:	f8c6 a408 	str.w	sl, [r6, #1032]	@ 0x408
1000c9ee:	e69e      	b.n	1000c72e <_malloc_r+0x21e>
1000c9f0:	2301      	movs	r3, #1
1000c9f2:	f8ca 3004 	str.w	r3, [sl, #4]
1000c9f6:	e78f      	b.n	1000c918 <_malloc_r+0x408>
1000c9f8:	f5b2 7faa 	cmp.w	r2, #340	@ 0x154
1000c9fc:	d823      	bhi.n	1000ca46 <_malloc_r+0x536>
1000c9fe:	ea4f 32dc 	mov.w	r2, ip, lsr #15
1000ca02:	f102 0378 	add.w	r3, r2, #120	@ 0x78
1000ca06:	3277      	adds	r2, #119	@ 0x77
1000ca08:	00db      	lsls	r3, r3, #3
1000ca0a:	e709      	b.n	1000c820 <_malloc_r+0x310>
1000ca0c:	f240 5254 	movw	r2, #1364	@ 0x554
1000ca10:	4293      	cmp	r3, r2
1000ca12:	d823      	bhi.n	1000ca5c <_malloc_r+0x54c>
1000ca14:	0cab      	lsrs	r3, r5, #18
1000ca16:	f103 007d 	add.w	r0, r3, #125	@ 0x7d
1000ca1a:	f103 0e7c 	add.w	lr, r3, #124	@ 0x7c
1000ca1e:	00c3      	lsls	r3, r0, #3
1000ca20:	e5bc      	b.n	1000c59c <_malloc_r+0x8c>
1000ca22:	9b00      	ldr	r3, [sp, #0]
1000ca24:	2100      	movs	r1, #0
1000ca26:	f1a3 0208 	sub.w	r2, r3, #8
1000ca2a:	4490      	add	r8, r2
1000ca2c:	eba8 080a 	sub.w	r8, r8, sl
1000ca30:	e698      	b.n	1000c764 <_malloc_r+0x254>
1000ca32:	f104 0108 	add.w	r1, r4, #8
1000ca36:	4638      	mov	r0, r7
1000ca38:	f000 f88e 	bl	1000cb58 <_free_r>
1000ca3c:	f8db 1004 	ldr.w	r1, [fp, #4]
1000ca40:	f8d6 a008 	ldr.w	sl, [r6, #8]
1000ca44:	e6b0      	b.n	1000c7a8 <_malloc_r+0x298>
1000ca46:	f240 5354 	movw	r3, #1364	@ 0x554
1000ca4a:	429a      	cmp	r2, r3
1000ca4c:	d80c      	bhi.n	1000ca68 <_malloc_r+0x558>
1000ca4e:	ea4f 429c 	mov.w	r2, ip, lsr #18
1000ca52:	f102 037d 	add.w	r3, r2, #125	@ 0x7d
1000ca56:	327c      	adds	r2, #124	@ 0x7c
1000ca58:	00db      	lsls	r3, r3, #3
1000ca5a:	e6e1      	b.n	1000c820 <_malloc_r+0x310>
1000ca5c:	f44f 737e 	mov.w	r3, #1016	@ 0x3f8
1000ca60:	207f      	movs	r0, #127	@ 0x7f
1000ca62:	f04f 0e7e 	mov.w	lr, #126	@ 0x7e
1000ca66:	e599      	b.n	1000c59c <_malloc_r+0x8c>
1000ca68:	f44f 737e 	mov.w	r3, #1016	@ 0x3f8
1000ca6c:	227e      	movs	r2, #126	@ 0x7e
1000ca6e:	e6d7      	b.n	1000c820 <_malloc_r+0x310>
1000ca70:	6873      	ldr	r3, [r6, #4]
1000ca72:	e769      	b.n	1000c948 <_malloc_r+0x438>
1000ca74:	08e8      	lsrs	r0, r5, #3
1000ca76:	f105 0308 	add.w	r3, r5, #8
1000ca7a:	e559      	b.n	1000c530 <_malloc_r+0x20>

1000ca7c <_sbrk_r>:
1000ca7c:	b538      	push	{r3, r4, r5, lr}
1000ca7e:	2200      	movs	r2, #0
1000ca80:	4d06      	ldr	r5, [pc, #24]	@ (1000ca9c <_sbrk_r+0x20>)
1000ca82:	4604      	mov	r4, r0
1000ca84:	4608      	mov	r0, r1
1000ca86:	602a      	str	r2, [r5, #0]
1000ca88:	f7f6 ffa2 	bl	100039d0 <_sbrk>
1000ca8c:	1c43      	adds	r3, r0, #1
1000ca8e:	d000      	beq.n	1000ca92 <_sbrk_r+0x16>
1000ca90:	bd38      	pop	{r3, r4, r5, pc}
1000ca92:	682b      	ldr	r3, [r5, #0]
1000ca94:	2b00      	cmp	r3, #0
1000ca96:	d0fb      	beq.n	1000ca90 <_sbrk_r+0x14>
1000ca98:	6023      	str	r3, [r4, #0]
1000ca9a:	bd38      	pop	{r3, r4, r5, pc}
1000ca9c:	20001eac 	.word	0x20001eac

1000caa0 <_malloc_trim_r>:
1000caa0:	e92d 43f8 	stmdb	sp!, {r3, r4, r5, r6, r7, r8, r9, lr}
1000caa4:	4606      	mov	r6, r0
1000caa6:	f8df 80ac 	ldr.w	r8, [pc, #172]	@ 1000cb54 <_malloc_trim_r+0xb4>
1000caaa:	2008      	movs	r0, #8
1000caac:	4689      	mov	r9, r1
1000caae:	f000 f95b 	bl	1000cd68 <sysconf>
1000cab2:	4605      	mov	r5, r0
1000cab4:	4630      	mov	r0, r6
1000cab6:	f000 f953 	bl	1000cd60 <__malloc_lock>
1000caba:	f8d8 3008 	ldr.w	r3, [r8, #8]
1000cabe:	685f      	ldr	r7, [r3, #4]
1000cac0:	f027 0703 	bic.w	r7, r7, #3
1000cac4:	f1a7 0411 	sub.w	r4, r7, #17
1000cac8:	eba4 0409 	sub.w	r4, r4, r9
1000cacc:	442c      	add	r4, r5
1000cace:	fbb4 f4f5 	udiv	r4, r4, r5
1000cad2:	3c01      	subs	r4, #1
1000cad4:	fb05 f404 	mul.w	r4, r5, r4
1000cad8:	42a5      	cmp	r5, r4
1000cada:	dc08      	bgt.n	1000caee <_malloc_trim_r+0x4e>
1000cadc:	2100      	movs	r1, #0
1000cade:	4630      	mov	r0, r6
1000cae0:	f7ff ffcc 	bl	1000ca7c <_sbrk_r>
1000cae4:	f8d8 3008 	ldr.w	r3, [r8, #8]
1000cae8:	443b      	add	r3, r7
1000caea:	4298      	cmp	r0, r3
1000caec:	d005      	beq.n	1000cafa <_malloc_trim_r+0x5a>
1000caee:	4630      	mov	r0, r6
1000caf0:	f000 f938 	bl	1000cd64 <__malloc_unlock>
1000caf4:	2000      	movs	r0, #0
1000caf6:	e8bd 83f8 	ldmia.w	sp!, {r3, r4, r5, r6, r7, r8, r9, pc}
1000cafa:	4261      	negs	r1, r4
1000cafc:	4630      	mov	r0, r6
1000cafe:	f7ff ffbd 	bl	1000ca7c <_sbrk_r>
1000cb02:	3001      	adds	r0, #1
1000cb04:	d00f      	beq.n	1000cb26 <_malloc_trim_r+0x86>
1000cb06:	1b3f      	subs	r7, r7, r4
1000cb08:	4a10      	ldr	r2, [pc, #64]	@ (1000cb4c <_malloc_trim_r+0xac>)
1000cb0a:	f8d8 3008 	ldr.w	r3, [r8, #8]
1000cb0e:	4630      	mov	r0, r6
1000cb10:	f047 0701 	orr.w	r7, r7, #1
1000cb14:	605f      	str	r7, [r3, #4]
1000cb16:	6813      	ldr	r3, [r2, #0]
1000cb18:	1b1b      	subs	r3, r3, r4
1000cb1a:	6013      	str	r3, [r2, #0]
1000cb1c:	f000 f922 	bl	1000cd64 <__malloc_unlock>
1000cb20:	2001      	movs	r0, #1
1000cb22:	e8bd 83f8 	ldmia.w	sp!, {r3, r4, r5, r6, r7, r8, r9, pc}
1000cb26:	2100      	movs	r1, #0
1000cb28:	4630      	mov	r0, r6
1000cb2a:	f7ff ffa7 	bl	1000ca7c <_sbrk_r>
1000cb2e:	f8d8 2008 	ldr.w	r2, [r8, #8]
1000cb32:	1a83      	subs	r3, r0, r2
1000cb34:	2b0f      	cmp	r3, #15
1000cb36:	ddda      	ble.n	1000caee <_malloc_trim_r+0x4e>
1000cb38:	f043 0301 	orr.w	r3, r3, #1
1000cb3c:	4903      	ldr	r1, [pc, #12]	@ (1000cb4c <_malloc_trim_r+0xac>)
1000cb3e:	6053      	str	r3, [r2, #4]
1000cb40:	4b03      	ldr	r3, [pc, #12]	@ (1000cb50 <_malloc_trim_r+0xb0>)
1000cb42:	681b      	ldr	r3, [r3, #0]
1000cb44:	1ac0      	subs	r0, r0, r3
1000cb46:	6008      	str	r0, [r1, #0]
1000cb48:	e7d1      	b.n	1000caee <_malloc_trim_r+0x4e>
1000cb4a:	bf00      	nop
1000cb4c:	20001e7c 	.word	0x20001e7c
1000cb50:	20001b40 	.word	0x20001b40
1000cb54:	20001738 	.word	0x20001738

1000cb58 <_free_r>:
1000cb58:	2900      	cmp	r1, #0
1000cb5a:	d05a      	beq.n	1000cc12 <_free_r+0xba>
1000cb5c:	b5f8      	push	{r3, r4, r5, r6, r7, lr}
1000cb5e:	460c      	mov	r4, r1
1000cb60:	4607      	mov	r7, r0
1000cb62:	f000 f8fd 	bl	1000cd60 <__malloc_lock>
1000cb66:	4d73      	ldr	r5, [pc, #460]	@ (1000cd34 <_free_r+0x1dc>)
1000cb68:	f854 cc04 	ldr.w	ip, [r4, #-4]
1000cb6c:	f1a4 0208 	sub.w	r2, r4, #8
1000cb70:	68a8      	ldr	r0, [r5, #8]
1000cb72:	f02c 0301 	bic.w	r3, ip, #1
1000cb76:	f00c 0e01 	and.w	lr, ip, #1
1000cb7a:	18d1      	adds	r1, r2, r3
1000cb7c:	684e      	ldr	r6, [r1, #4]
1000cb7e:	4288      	cmp	r0, r1
1000cb80:	f026 0603 	bic.w	r6, r6, #3
1000cb84:	d07c      	beq.n	1000cc80 <_free_r+0x128>
1000cb86:	1988      	adds	r0, r1, r6
1000cb88:	604e      	str	r6, [r1, #4]
1000cb8a:	6840      	ldr	r0, [r0, #4]
1000cb8c:	f000 0001 	and.w	r0, r0, #1
1000cb90:	f1be 0f00 	cmp.w	lr, #0
1000cb94:	d12e      	bne.n	1000cbf4 <_free_r+0x9c>
1000cb96:	f854 4c08 	ldr.w	r4, [r4, #-8]
1000cb9a:	f105 0c08 	add.w	ip, r5, #8
1000cb9e:	1b12      	subs	r2, r2, r4
1000cba0:	4423      	add	r3, r4
1000cba2:	6894      	ldr	r4, [r2, #8]
1000cba4:	4564      	cmp	r4, ip
1000cba6:	d060      	beq.n	1000cc6a <_free_r+0x112>
1000cba8:	f8d2 e00c 	ldr.w	lr, [r2, #12]
1000cbac:	f8c4 e00c 	str.w	lr, [r4, #12]
1000cbb0:	f8ce 4008 	str.w	r4, [lr, #8]
1000cbb4:	2800      	cmp	r0, #0
1000cbb6:	d07d      	beq.n	1000ccb4 <_free_r+0x15c>
1000cbb8:	f043 0001 	orr.w	r0, r3, #1
1000cbbc:	6050      	str	r0, [r2, #4]
1000cbbe:	600b      	str	r3, [r1, #0]
1000cbc0:	f5b3 7f00 	cmp.w	r3, #512	@ 0x200
1000cbc4:	d22e      	bcs.n	1000cc24 <_free_r+0xcc>
1000cbc6:	0958      	lsrs	r0, r3, #5
1000cbc8:	08d9      	lsrs	r1, r3, #3
1000cbca:	2301      	movs	r3, #1
1000cbcc:	4083      	lsls	r3, r0
1000cbce:	6868      	ldr	r0, [r5, #4]
1000cbd0:	3101      	adds	r1, #1
1000cbd2:	4303      	orrs	r3, r0
1000cbd4:	f855 0031 	ldr.w	r0, [r5, r1, lsl #3]
1000cbd8:	606b      	str	r3, [r5, #4]
1000cbda:	eb05 03c1 	add.w	r3, r5, r1, lsl #3
1000cbde:	3b08      	subs	r3, #8
1000cbe0:	e9c2 0302 	strd	r0, r3, [r2, #8]
1000cbe4:	f845 2031 	str.w	r2, [r5, r1, lsl #3]
1000cbe8:	60c2      	str	r2, [r0, #12]
1000cbea:	4638      	mov	r0, r7
1000cbec:	e8bd 40f8 	ldmia.w	sp!, {r3, r4, r5, r6, r7, lr}
1000cbf0:	f000 b8b8 	b.w	1000cd64 <__malloc_unlock>
1000cbf4:	b970      	cbnz	r0, 1000cc14 <_free_r+0xbc>
1000cbf6:	4433      	add	r3, r6
1000cbf8:	f105 0c08 	add.w	ip, r5, #8
1000cbfc:	6888      	ldr	r0, [r1, #8]
1000cbfe:	f043 0401 	orr.w	r4, r3, #1
1000cc02:	4560      	cmp	r0, ip
1000cc04:	d06e      	beq.n	1000cce4 <_free_r+0x18c>
1000cc06:	68c9      	ldr	r1, [r1, #12]
1000cc08:	60c1      	str	r1, [r0, #12]
1000cc0a:	6088      	str	r0, [r1, #8]
1000cc0c:	6054      	str	r4, [r2, #4]
1000cc0e:	50d3      	str	r3, [r2, r3]
1000cc10:	e7d6      	b.n	1000cbc0 <_free_r+0x68>
1000cc12:	4770      	bx	lr
1000cc14:	f04c 0101 	orr.w	r1, ip, #1
1000cc18:	f5b3 7f00 	cmp.w	r3, #512	@ 0x200
1000cc1c:	f844 1c04 	str.w	r1, [r4, #-4]
1000cc20:	50d3      	str	r3, [r2, r3]
1000cc22:	d3d0      	bcc.n	1000cbc6 <_free_r+0x6e>
1000cc24:	f5b3 6f20 	cmp.w	r3, #2560	@ 0xa00
1000cc28:	ea4f 2153 	mov.w	r1, r3, lsr #9
1000cc2c:	d244      	bcs.n	1000ccb8 <_free_r+0x160>
1000cc2e:	0999      	lsrs	r1, r3, #6
1000cc30:	f101 0039 	add.w	r0, r1, #57	@ 0x39
1000cc34:	f101 0438 	add.w	r4, r1, #56	@ 0x38
1000cc38:	00c1      	lsls	r1, r0, #3
1000cc3a:	1868      	adds	r0, r5, r1
1000cc3c:	5869      	ldr	r1, [r5, r1]
1000cc3e:	3808      	subs	r0, #8
1000cc40:	4288      	cmp	r0, r1
1000cc42:	d103      	bne.n	1000cc4c <_free_r+0xf4>
1000cc44:	e055      	b.n	1000ccf2 <_free_r+0x19a>
1000cc46:	6889      	ldr	r1, [r1, #8]
1000cc48:	4288      	cmp	r0, r1
1000cc4a:	d004      	beq.n	1000cc56 <_free_r+0xfe>
1000cc4c:	684c      	ldr	r4, [r1, #4]
1000cc4e:	f024 0403 	bic.w	r4, r4, #3
1000cc52:	429c      	cmp	r4, r3
1000cc54:	d8f7      	bhi.n	1000cc46 <_free_r+0xee>
1000cc56:	68c8      	ldr	r0, [r1, #12]
1000cc58:	e9c2 1002 	strd	r1, r0, [r2, #8]
1000cc5c:	6082      	str	r2, [r0, #8]
1000cc5e:	4638      	mov	r0, r7
1000cc60:	60ca      	str	r2, [r1, #12]
1000cc62:	e8bd 40f8 	ldmia.w	sp!, {r3, r4, r5, r6, r7, lr}
1000cc66:	f000 b87d 	b.w	1000cd64 <__malloc_unlock>
1000cc6a:	bb80      	cbnz	r0, 1000ccce <_free_r+0x176>
1000cc6c:	441e      	add	r6, r3
1000cc6e:	e9d1 1302 	ldrd	r1, r3, [r1, #8]
1000cc72:	60cb      	str	r3, [r1, #12]
1000cc74:	6099      	str	r1, [r3, #8]
1000cc76:	f046 0301 	orr.w	r3, r6, #1
1000cc7a:	6053      	str	r3, [r2, #4]
1000cc7c:	5196      	str	r6, [r2, r6]
1000cc7e:	e7b4      	b.n	1000cbea <_free_r+0x92>
1000cc80:	441e      	add	r6, r3
1000cc82:	f1be 0f00 	cmp.w	lr, #0
1000cc86:	d107      	bne.n	1000cc98 <_free_r+0x140>
1000cc88:	f854 3c08 	ldr.w	r3, [r4, #-8]
1000cc8c:	1ad2      	subs	r2, r2, r3
1000cc8e:	441e      	add	r6, r3
1000cc90:	e9d2 1302 	ldrd	r1, r3, [r2, #8]
1000cc94:	60cb      	str	r3, [r1, #12]
1000cc96:	6099      	str	r1, [r3, #8]
1000cc98:	f046 0301 	orr.w	r3, r6, #1
1000cc9c:	6053      	str	r3, [r2, #4]
1000cc9e:	4b26      	ldr	r3, [pc, #152]	@ (1000cd38 <_free_r+0x1e0>)
1000cca0:	60aa      	str	r2, [r5, #8]
1000cca2:	681b      	ldr	r3, [r3, #0]
1000cca4:	42b3      	cmp	r3, r6
1000cca6:	d8a0      	bhi.n	1000cbea <_free_r+0x92>
1000cca8:	4b24      	ldr	r3, [pc, #144]	@ (1000cd3c <_free_r+0x1e4>)
1000ccaa:	4638      	mov	r0, r7
1000ccac:	6819      	ldr	r1, [r3, #0]
1000ccae:	f7ff fef7 	bl	1000caa0 <_malloc_trim_r>
1000ccb2:	e79a      	b.n	1000cbea <_free_r+0x92>
1000ccb4:	4433      	add	r3, r6
1000ccb6:	e7a1      	b.n	1000cbfc <_free_r+0xa4>
1000ccb8:	2914      	cmp	r1, #20
1000ccba:	d90d      	bls.n	1000ccd8 <_free_r+0x180>
1000ccbc:	2954      	cmp	r1, #84	@ 0x54
1000ccbe:	d81f      	bhi.n	1000cd00 <_free_r+0x1a8>
1000ccc0:	0b19      	lsrs	r1, r3, #12
1000ccc2:	f101 006f 	add.w	r0, r1, #111	@ 0x6f
1000ccc6:	f101 046e 	add.w	r4, r1, #110	@ 0x6e
1000ccca:	00c1      	lsls	r1, r0, #3
1000cccc:	e7b5      	b.n	1000cc3a <_free_r+0xe2>
1000ccce:	f043 0001 	orr.w	r0, r3, #1
1000ccd2:	6050      	str	r0, [r2, #4]
1000ccd4:	600b      	str	r3, [r1, #0]
1000ccd6:	e788      	b.n	1000cbea <_free_r+0x92>
1000ccd8:	f101 005c 	add.w	r0, r1, #92	@ 0x5c
1000ccdc:	f101 045b 	add.w	r4, r1, #91	@ 0x5b
1000cce0:	00c1      	lsls	r1, r0, #3
1000cce2:	e7aa      	b.n	1000cc3a <_free_r+0xe2>
1000cce4:	e9c5 2204 	strd	r2, r2, [r5, #16]
1000cce8:	e9c2 cc02 	strd	ip, ip, [r2, #8]
1000ccec:	6054      	str	r4, [r2, #4]
1000ccee:	50d3      	str	r3, [r2, r3]
1000ccf0:	e77b      	b.n	1000cbea <_free_r+0x92>
1000ccf2:	10a4      	asrs	r4, r4, #2
1000ccf4:	2301      	movs	r3, #1
1000ccf6:	40a3      	lsls	r3, r4
1000ccf8:	686c      	ldr	r4, [r5, #4]
1000ccfa:	4323      	orrs	r3, r4
1000ccfc:	606b      	str	r3, [r5, #4]
1000ccfe:	e7ab      	b.n	1000cc58 <_free_r+0x100>
1000cd00:	f5b1 7faa 	cmp.w	r1, #340	@ 0x154
1000cd04:	d806      	bhi.n	1000cd14 <_free_r+0x1bc>
1000cd06:	0bd9      	lsrs	r1, r3, #15
1000cd08:	f101 0078 	add.w	r0, r1, #120	@ 0x78
1000cd0c:	f101 0477 	add.w	r4, r1, #119	@ 0x77
1000cd10:	00c1      	lsls	r1, r0, #3
1000cd12:	e792      	b.n	1000cc3a <_free_r+0xe2>
1000cd14:	f240 5054 	movw	r0, #1364	@ 0x554
1000cd18:	4281      	cmp	r1, r0
1000cd1a:	d806      	bhi.n	1000cd2a <_free_r+0x1d2>
1000cd1c:	0c99      	lsrs	r1, r3, #18
1000cd1e:	f101 007d 	add.w	r0, r1, #125	@ 0x7d
1000cd22:	f101 047c 	add.w	r4, r1, #124	@ 0x7c
1000cd26:	00c1      	lsls	r1, r0, #3
1000cd28:	e787      	b.n	1000cc3a <_free_r+0xe2>
1000cd2a:	f44f 717e 	mov.w	r1, #1016	@ 0x3f8
1000cd2e:	247e      	movs	r4, #126	@ 0x7e
1000cd30:	e783      	b.n	1000cc3a <_free_r+0xe2>
1000cd32:	bf00      	nop
1000cd34:	20001738 	.word	0x20001738
1000cd38:	20001b44 	.word	0x20001b44
1000cd3c:	20001e78 	.word	0x20001e78

1000cd40 <malloc>:
1000cd40:	4b02      	ldr	r3, [pc, #8]	@ (1000cd4c <malloc+0xc>)
1000cd42:	4601      	mov	r1, r0
1000cd44:	6818      	ldr	r0, [r3, #0]
1000cd46:	f7ff bbe3 	b.w	1000c510 <_malloc_r>
1000cd4a:	bf00      	nop
1000cd4c:	20001b48 	.word	0x20001b48

1000cd50 <free>:
1000cd50:	4b02      	ldr	r3, [pc, #8]	@ (1000cd5c <free+0xc>)
1000cd52:	4601      	mov	r1, r0
1000cd54:	6818      	ldr	r0, [r3, #0]
1000cd56:	f7ff beff 	b.w	1000cb58 <_free_r>
1000cd5a:	bf00      	nop
1000cd5c:	20001b48 	.word	0x20001b48

1000cd60 <__malloc_lock>:
1000cd60:	4770      	bx	lr
1000cd62:	bf00      	nop

1000cd64 <__malloc_unlock>:
1000cd64:	4770      	bx	lr
1000cd66:	bf00      	nop

1000cd68 <sysconf>:
1000cd68:	2808      	cmp	r0, #8
1000cd6a:	d102      	bne.n	1000cd72 <sysconf+0xa>
1000cd6c:	f44f 5080 	mov.w	r0, #4096	@ 0x1000
1000cd70:	4770      	bx	lr
1000cd72:	b508      	push	{r3, lr}
1000cd74:	f000 f806 	bl	1000cd84 <__errno>
1000cd78:	2216      	movs	r2, #22
1000cd7a:	4603      	mov	r3, r0
1000cd7c:	f04f 30ff 	mov.w	r0, #4294967295	@ 0xffffffff
1000cd80:	601a      	str	r2, [r3, #0]
1000cd82:	bd08      	pop	{r3, pc}

1000cd84 <__errno>:
1000cd84:	4b01      	ldr	r3, [pc, #4]	@ (1000cd8c <__errno+0x8>)
1000cd86:	6818      	ldr	r0, [r3, #0]
1000cd88:	4770      	bx	lr
1000cd8a:	bf00      	nop
1000cd8c:	20001b48 	.word	0x20001b48

1000cd90 <__flash_range_program_veneer>:
1000cd90:	f85f f000 	ldr.w	pc, [pc]	@ 1000cd94 <__flash_range_program_veneer+0x4>
1000cd94:	20000465 	.word	0x20000465

1000cd98 <___hw_endpoint_buffer_control_update32_veneer>:
1000cd98:	f85f f000 	ldr.w	pc, [pc]	@ 1000cd9c <___hw_endpoint_buffer_control_update32_veneer+0x4>
1000cd9c:	20000d5d 	.word	0x20000d5d

1000cda0 <__e15_is_bulkin_ep_veneer>:
1000cda0:	f85f f000 	ldr.w	pc, [pc]	@ 1000cda4 <__e15_is_bulkin_ep_veneer+0x4>
1000cda4:	20000d01 	.word	0x20000d01

1000cda8 <__memcmp_veneer>:
1000cda8:	f85f f000 	ldr.w	pc, [pc]	@ 1000cdac <__memcmp_veneer+0x4>
1000cdac:	200014ed 	.word	0x200014ed

1000cdb0 <__hw_endpoint_start_next_buffer_veneer>:
1000cdb0:	f85f f000 	ldr.w	pc, [pc]	@ 1000cdb4 <__hw_endpoint_start_next_buffer_veneer+0x4>
1000cdb4:	20000da1 	.word	0x20000da1

1000cdb8 <__memcpy_veneer>:
1000cdb8:	f85f f000 	ldr.w	pc, [pc]	@ 1000cdbc <__memcpy_veneer+0x4>
1000cdbc:	20001401 	.word	0x20001401

1000cdc0 <__mutex_try_enter_veneer>:
1000cdc0:	f85f f000 	ldr.w	pc, [pc]	@ 1000cdc4 <__mutex_try_enter_veneer+0x4>
1000cdc4:	20000111 	.word	0x20000111

1000cdc8 <____popcountsi2_veneer>:
1000cdc8:	f85f f000 	ldr.w	pc, [pc]	@ 1000cdcc <____popcountsi2_veneer+0x4>
1000cdcc:	20001089 	.word	0x20001089

1000cdd0 <__mutex_enter_timeout_ms_veneer>:
1000cdd0:	f85f f000 	ldr.w	pc, [pc]	@ 1000cdd4 <__mutex_enter_timeout_ms_veneer+0x4>
1000cdd4:	2000022d 	.word	0x2000022d

1000cdd8 <__reset_non_control_endpoints_veneer>:
1000cdd8:	f85f f000 	ldr.w	pc, [pc]	@ 1000cddc <__reset_non_control_endpoints_veneer+0x4>
1000cddc:	2000053d 	.word	0x2000053d

1000cde0 <__mutex_try_enter_block_until_veneer>:
1000cde0:	f85f f000 	ldr.w	pc, [pc]	@ 1000cde4 <__mutex_try_enter_block_until_veneer+0x4>
1000cde4:	200001f5 	.word	0x200001f5

1000cde8 <__memset_veneer>:
1000cde8:	f85f f000 	ldr.w	pc, [pc]	@ 1000cdec <__memset_veneer+0x4>
1000cdec:	20001549 	.word	0x20001549

1000cdf0 <__mutex_exit_veneer>:
1000cdf0:	f85f f000 	ldr.w	pc, [pc]	@ 1000cdf4 <__mutex_exit_veneer+0x4>
1000cdf4:	20000265 	.word	0x20000265

1000cdf8 <____aeabi_uldivmod_veneer>:
1000cdf8:	f85f f000 	ldr.w	pc, [pc]	@ 1000cdfc <____aeabi_uldivmod_veneer+0x4>
1000cdfc:	20001059 	.word	0x20001059

1000ce00 <__flash_range_erase_veneer>:
1000ce00:	f85f f000 	ldr.w	pc, [pc]	@ 1000ce04 <__flash_range_erase_veneer+0x4>
1000ce04:	200003b9 	.word	0x200003b9

1000ce08 <__e15_is_critical_frame_period_veneer>:
1000ce08:	f85f f000 	ldr.w	pc, [pc]	@ 1000ce0c <__e15_is_critical_frame_period_veneer+0x4>
1000ce0c:	20000d29 	.word	0x20000d29

1000ce10 <__pre_init_runtime_init_bootrom_reset>:
1000ce10:	10001e75                                u...

1000ce14 <__pre_init_runtime_init_early_resets>:
1000ce14:	10001de9                                ....

1000ce18 <__pre_init_runtime_init_usb_power_down>:
1000ce18:	10001e1d                                ....

1000ce1c <__pre_init_runtime_init_clocks>:
1000ce1c:	10001f05                                ....

1000ce20 <__pre_init_runtime_init_post_clock_resets>:
1000ce20:	10001e55                                U...

1000ce24 <__pre_init_runtime_init_boot_locks_reset>:
1000ce24:	10001d6d                                m...

1000ce28 <__pre_init_runtime_init_spin_locks_reset>:
1000ce28:	10001e9d                                ....

1000ce2c <__pre_init_runtime_init_bootrom_locking_enable>:
1000ce2c:	10001d59                                Y...

1000ce30 <__pre_init_runtime_init_mutex>:
1000ce30:	10001179                                y...

1000ce34 <__pre_init_runtime_init_install_ram_vector_table>:
1000ce34:	10001ea1                                ....

1000ce38 <__pre_init_runtime_init_default_alarm_pool>:
1000ce38:	10001549                                I...

1000ce3c <__pre_init_first_per_core_initializer>:
1000ce3c:	10001db9                                ....

1000ce40 <__pre_init_runtime_init_per_core_bootrom_reset>:
1000ce40:	10001e89                                ....

1000ce44 <__pre_init_runtime_init_per_core_enable_coprocessors>:
1000ce44:	10001e39                                9...

1000ce48 <__pre_init_spinlock_set_extexclall>:
1000ce48:	10000d6d                                m...

1000ce4c <__pre_init_runtime_init_per_core_irq_priorities>:
1000ce4c:	10000d95                                ....

1000ce50 <__init_array_start>:
1000ce50:	10004289 	.word	0x10004289

Disassembly of section .data:

20000110 <mutex_try_enter>:
20000110:	4603      	mov	r3, r0
20000112:	b500      	push	{lr}
20000114:	6802      	ldr	r2, [r0, #0]
20000116:	f3ef 8c10 	mrs	ip, PRIMASK
2000011a:	b672      	cpsid	i
2000011c:	e8d2 efcf 	ldaexb	lr, [r2]
20000120:	2001      	movs	r0, #1
20000122:	f1be 0f00 	cmp.w	lr, #0
20000126:	d1f9      	bne.n	2000011c <mutex_try_enter+0xc>
20000128:	e8c2 0f4e 	strexb	lr, r0, [r2]
2000012c:	f1be 0f00 	cmp.w	lr, #0
20000130:	d1f4      	bne.n	2000011c <mutex_try_enter+0xc>
20000132:	f3bf 8f5f 	dmb	sy
20000136:	f993 2004 	ldrsb.w	r2, [r3, #4]
2000013a:	2a00      	cmp	r2, #0
2000013c:	db0a      	blt.n	20000154 <mutex_try_enter+0x44>
2000013e:	b101      	cbz	r1, 20000142 <mutex_try_enter+0x32>
20000140:	600a      	str	r2, [r1, #0]
20000142:	2000      	movs	r0, #0
20000144:	2200      	movs	r2, #0
20000146:	681b      	ldr	r3, [r3, #0]
20000148:	e8c3 2f8f 	stlb	r2, [r3]
2000014c:	f38c 8810 	msr	PRIMASK, ip
20000150:	f85d fb04 	ldr.w	pc, [sp], #4
20000154:	f04f 4250 	mov.w	r2, #3489660928	@ 0xd0000000
20000158:	6812      	ldr	r2, [r2, #0]
2000015a:	2001      	movs	r0, #1
2000015c:	711a      	strb	r2, [r3, #4]
2000015e:	e7f1      	b.n	20000144 <mutex_try_enter+0x34>

20000160 <mutex_enter_block_until>:
20000160:	f04f 4150 	mov.w	r1, #3489660928	@ 0xd0000000
20000164:	e92d 43f8 	stmdb	sp!, {r3, r4, r5, r6, r7, r8, r9, lr}
20000168:	2700      	movs	r7, #0
2000016a:	4604      	mov	r4, r0
2000016c:	4616      	mov	r6, r2
2000016e:	461d      	mov	r5, r3
20000170:	f8df 907c 	ldr.w	r9, [pc, #124]	@ 200001f0 <mutex_enter_block_until+0x90>
20000174:	f8d1 8000 	ldr.w	r8, [r1]
20000178:	6821      	ldr	r1, [r4, #0]
2000017a:	f3ef 8310 	mrs	r3, PRIMASK
2000017e:	b672      	cpsid	i
20000180:	e8d1 0fcf 	ldaexb	r0, [r1]
20000184:	2201      	movs	r2, #1
20000186:	2800      	cmp	r0, #0
20000188:	d1fa      	bne.n	20000180 <mutex_enter_block_until+0x20>
2000018a:	e8c1 2f40 	strexb	r0, r2, [r1]
2000018e:	2800      	cmp	r0, #0
20000190:	d1f6      	bne.n	20000180 <mutex_enter_block_until+0x20>
20000192:	f3bf 8f5f 	dmb	sy
20000196:	f994 1004 	ldrsb.w	r1, [r4, #4]
2000019a:	6822      	ldr	r2, [r4, #0]
2000019c:	2900      	cmp	r1, #0
2000019e:	db1c      	blt.n	200001da <mutex_enter_block_until+0x7a>
200001a0:	f899 c000 	ldrb.w	ip, [r9]
200001a4:	fa5f fc8c 	uxtb.w	ip, ip
200001a8:	e8c2 7f8f 	stlb	r7, [r2]
200001ac:	f383 8810 	msr	PRIMASK, r3
200001b0:	f899 3000 	ldrb.w	r3, [r9]
200001b4:	4563      	cmp	r3, ip
200001b6:	d008      	beq.n	200001ca <mutex_enter_block_until+0x6a>
200001b8:	4630      	mov	r0, r6
200001ba:	4629      	mov	r1, r5
200001bc:	f001 fa24 	bl	20001608 <__best_effort_wfe_or_timeout_veneer>
200001c0:	2800      	cmp	r0, #0
200001c2:	d0d9      	beq.n	20000178 <mutex_enter_block_until+0x18>
200001c4:	2000      	movs	r0, #0
200001c6:	e8bd 83f8 	ldmia.w	sp!, {r3, r4, r5, r6, r7, r8, r9, pc}
200001ca:	bf20      	wfe
200001cc:	4630      	mov	r0, r6
200001ce:	4629      	mov	r1, r5
200001d0:	f001 fa1a 	bl	20001608 <__best_effort_wfe_or_timeout_veneer>
200001d4:	2800      	cmp	r0, #0
200001d6:	d0cf      	beq.n	20000178 <mutex_enter_block_until+0x18>
200001d8:	e7f4      	b.n	200001c4 <mutex_enter_block_until+0x64>
200001da:	2100      	movs	r1, #0
200001dc:	f884 8004 	strb.w	r8, [r4, #4]
200001e0:	e8c2 1f8f 	stlb	r1, [r2]
200001e4:	f383 8810 	msr	PRIMASK, r3
200001e8:	2001      	movs	r0, #1
200001ea:	e8bd 83f8 	ldmia.w	sp!, {r3, r4, r5, r6, r7, r8, r9, pc}
200001ee:	bf00      	nop
200001f0:	200028ab 	.word	0x200028ab

200001f4 <mutex_try_enter_block_until>:
200001f4:	b570      	push	{r4, r5, r6, lr}
200001f6:	b082      	sub	sp, #8
200001f8:	a901      	add	r1, sp, #4
200001fa:	4606      	mov	r6, r0
200001fc:	4615      	mov	r5, r2
200001fe:	461c      	mov	r4, r3
20000200:	f7ff ff86 	bl	20000110 <mutex_try_enter>
20000204:	b938      	cbnz	r0, 20000216 <mutex_try_enter_block_until+0x22>
20000206:	f04f 4350 	mov.w	r3, #3489660928	@ 0xd0000000
2000020a:	f99d 2004 	ldrsb.w	r2, [sp, #4]
2000020e:	f993 3000 	ldrsb.w	r3, [r3]
20000212:	429a      	cmp	r2, r3
20000214:	d101      	bne.n	2000021a <mutex_try_enter_block_until+0x26>
20000216:	b002      	add	sp, #8
20000218:	bd70      	pop	{r4, r5, r6, pc}
2000021a:	462a      	mov	r2, r5
2000021c:	4623      	mov	r3, r4
2000021e:	4630      	mov	r0, r6
20000220:	b002      	add	sp, #8
20000222:	e8bd 4070 	ldmia.w	sp!, {r4, r5, r6, lr}
20000226:	f7ff bf9b 	b.w	20000160 <mutex_enter_block_until>
2000022a:	bf00      	nop

2000022c <mutex_enter_timeout_ms>:
2000022c:	b570      	push	{r4, r5, r6, lr}
2000022e:	4605      	mov	r5, r0
20000230:	460c      	mov	r4, r1
20000232:	f001 f9d9 	bl	200015e8 <__time_us_64_veneer>
20000236:	4602      	mov	r2, r0
20000238:	460b      	mov	r3, r1
2000023a:	f44f 707a 	mov.w	r0, #1000	@ 0x3e8
2000023e:	f04f 3eff 	mov.w	lr, #4294967295	@ 0xffffffff
20000242:	f06f 4c00 	mvn.w	ip, #2147483648	@ 0x80000000
20000246:	fbe4 2300 	umlal	r2, r3, r4, r0
2000024a:	4596      	cmp	lr, r2
2000024c:	eb7c 0103 	sbcs.w	r1, ip, r3
20000250:	bf38      	it	cc
20000252:	4672      	movcc	r2, lr
20000254:	4628      	mov	r0, r5
20000256:	e8bd 4070 	ldmia.w	sp!, {r4, r5, r6, lr}
2000025a:	bf38      	it	cc
2000025c:	4663      	movcc	r3, ip
2000025e:	f7ff bf7f 	b.w	20000160 <mutex_enter_block_until>
20000262:	bf00      	nop

20000264 <mutex_exit>:
20000264:	6803      	ldr	r3, [r0, #0]
20000266:	f3ef 8110 	mrs	r1, PRIMASK
2000026a:	b672      	cpsid	i
2000026c:	e8d3 cfcf 	ldaexb	ip, [r3]
20000270:	2201      	movs	r2, #1
20000272:	f1bc 0f00 	cmp.w	ip, #0
20000276:	d1f9      	bne.n	2000026c <mutex_exit+0x8>
20000278:	e8c3 2f4c 	strexb	ip, r2, [r3]
2000027c:	f1bc 0f00 	cmp.w	ip, #0
20000280:	d1f4      	bne.n	2000026c <mutex_exit+0x8>
20000282:	f3bf 8f5f 	dmb	sy
20000286:	f04f 0cff 	mov.w	ip, #255	@ 0xff
2000028a:	4a07      	ldr	r2, [pc, #28]	@ (200002a8 <mutex_exit+0x44>)
2000028c:	f880 c004 	strb.w	ip, [r0, #4]
20000290:	7813      	ldrb	r3, [r2, #0]
20000292:	3301      	adds	r3, #1
20000294:	b2db      	uxtb	r3, r3
20000296:	7013      	strb	r3, [r2, #0]
20000298:	2300      	movs	r3, #0
2000029a:	6802      	ldr	r2, [r0, #0]
2000029c:	e8c2 3f8f 	stlb	r3, [r2]
200002a0:	f381 8810 	msr	PRIMASK, r1
200002a4:	bf40      	sev
200002a6:	4770      	bx	lr
200002a8:	200028ab 	.word	0x200028ab

200002ac <flash_init_boot2_copyout>:
200002ac:	b410      	push	{r4}
200002ae:	4c0a      	ldr	r4, [pc, #40]	@ (200002d8 <flash_init_boot2_copyout+0x2c>)
200002b0:	7823      	ldrb	r3, [r4, #0]
200002b2:	b96b      	cbnz	r3, 200002d0 <flash_init_boot2_copyout+0x24>
200002b4:	4b09      	ldr	r3, [pc, #36]	@ (200002dc <flash_init_boot2_copyout+0x30>)
200002b6:	f1c3 4180 	rsb	r1, r3, #1073741824	@ 0x40000000
200002ba:	f503 7080 	add.w	r0, r3, #256	@ 0x100
200002be:	f501 2160 	add.w	r1, r1, #917504	@ 0xe0000
200002c2:	58ca      	ldr	r2, [r1, r3]
200002c4:	f843 2f04 	str.w	r2, [r3, #4]!
200002c8:	4283      	cmp	r3, r0
200002ca:	d1fa      	bne.n	200002c2 <flash_init_boot2_copyout+0x16>
200002cc:	2301      	movs	r3, #1
200002ce:	7023      	strb	r3, [r4, #0]
200002d0:	f85d 4b04 	ldr.w	r4, [sp], #4
200002d4:	4770      	bx	lr
200002d6:	bf00      	nop
200002d8:	200028a8 	.word	0x200028a8
200002dc:	200022d4 	.word	0x200022d4

200002e0 <flash_enable_xip_via_boot2>:
200002e0:	4b00      	ldr	r3, [pc, #0]	@ (200002e4 <flash_enable_xip_via_boot2+0x4>)
200002e2:	4718      	bx	r3
200002e4:	200022d9 	.word	0x200022d9

200002e8 <flash_rp2350_save_qmi_cs1>:
200002e8:	4b03      	ldr	r3, [pc, #12]	@ (200002f8 <flash_rp2350_save_qmi_cs1+0x10>)
200002ea:	6a1a      	ldr	r2, [r3, #32]
200002ec:	6002      	str	r2, [r0, #0]
200002ee:	6a9a      	ldr	r2, [r3, #40]	@ 0x28
200002f0:	6042      	str	r2, [r0, #4]
200002f2:	6a5b      	ldr	r3, [r3, #36]	@ 0x24
200002f4:	6083      	str	r3, [r0, #8]
200002f6:	4770      	bx	lr
200002f8:	400d0000 	.word	0x400d0000

200002fc <flash_devinfo_ptr>:
200002fc:	b508      	push	{r3, lr}
200002fe:	2300      	movs	r3, #0
20000300:	2140      	movs	r1, #64	@ 0x40
20000302:	8adb      	ldrh	r3, [r3, #22]
20000304:	f244 4046 	movw	r0, #17478	@ 0x4446
20000308:	4798      	blx	r3
2000030a:	6800      	ldr	r0, [r0, #0]
2000030c:	bd08      	pop	{r3, pc}
2000030e:	bf00      	nop

20000310 <flash_save_hardware_state>:
20000310:	b510      	push	{r4, lr}
20000312:	4604      	mov	r4, r0
20000314:	f000 f90a 	bl	2000052c <xip_cache_clean_all>
20000318:	4b08      	ldr	r3, [pc, #32]	@ (2000033c <flash_save_hardware_state+0x2c>)
2000031a:	4620      	mov	r0, r4
2000031c:	685a      	ldr	r2, [r3, #4]
2000031e:	60e2      	str	r2, [r4, #12]
20000320:	689a      	ldr	r2, [r3, #8]
20000322:	6122      	str	r2, [r4, #16]
20000324:	68da      	ldr	r2, [r3, #12]
20000326:	6162      	str	r2, [r4, #20]
20000328:	691a      	ldr	r2, [r3, #16]
2000032a:	61a2      	str	r2, [r4, #24]
2000032c:	695a      	ldr	r2, [r3, #20]
2000032e:	61e2      	str	r2, [r4, #28]
20000330:	699b      	ldr	r3, [r3, #24]
20000332:	6223      	str	r3, [r4, #32]
20000334:	e8bd 4010 	ldmia.w	sp!, {r4, lr}
20000338:	f7ff bfd6 	b.w	200002e8 <flash_rp2350_save_qmi_cs1>
2000033c:	40040000 	.word	0x40040000

20000340 <flash_devinfo_get_cs_size>:
20000340:	b510      	push	{r4, lr}
20000342:	4604      	mov	r4, r0
20000344:	f7ff ffda 	bl	200002fc <flash_devinfo_ptr>
20000348:	b11c      	cbz	r4, 20000352 <flash_devinfo_get_cs_size+0x12>
2000034a:	8800      	ldrh	r0, [r0, #0]
2000034c:	f3c0 3003 	ubfx	r0, r0, #12, #4
20000350:	bd10      	pop	{r4, pc}
20000352:	200a      	movs	r0, #10
20000354:	bd10      	pop	{r4, pc}
20000356:	bf00      	nop

20000358 <flash_rp2350_restore_qmi_cs1>:
20000358:	4b0c      	ldr	r3, [pc, #48]	@ (2000038c <flash_rp2350_restore_qmi_cs1+0x34>)
2000035a:	681b      	ldr	r3, [r3, #0]
2000035c:	b103      	cbz	r3, 20000360 <flash_rp2350_restore_qmi_cs1+0x8>
2000035e:	4718      	bx	r3
20000360:	b510      	push	{r4, lr}
20000362:	4604      	mov	r4, r0
20000364:	2001      	movs	r0, #1
20000366:	f7ff ffeb 	bl	20000340 <flash_devinfo_get_cs_size>
2000036a:	b938      	cbnz	r0, 2000037c <flash_rp2350_restore_qmi_cs1+0x24>
2000036c:	6822      	ldr	r2, [r4, #0]
2000036e:	4b08      	ldr	r3, [pc, #32]	@ (20000390 <flash_rp2350_restore_qmi_cs1+0x38>)
20000370:	621a      	str	r2, [r3, #32]
20000372:	6862      	ldr	r2, [r4, #4]
20000374:	629a      	str	r2, [r3, #40]	@ 0x28
20000376:	68a2      	ldr	r2, [r4, #8]
20000378:	625a      	str	r2, [r3, #36]	@ 0x24
2000037a:	bd10      	pop	{r4, pc}
2000037c:	f44f 5180 	mov.w	r1, #4096	@ 0x1000
20000380:	f24a 0202 	movw	r2, #40962	@ 0xa002
20000384:	4b02      	ldr	r3, [pc, #8]	@ (20000390 <flash_rp2350_restore_qmi_cs1+0x38>)
20000386:	62d9      	str	r1, [r3, #44]	@ 0x2c
20000388:	631a      	str	r2, [r3, #48]	@ 0x30
2000038a:	bd10      	pop	{r4, pc}
2000038c:	2000287c 	.word	0x2000287c
20000390:	400d0000 	.word	0x400d0000

20000394 <flash_restore_hardware_state>:
20000394:	68c1      	ldr	r1, [r0, #12]
20000396:	4a07      	ldr	r2, [pc, #28]	@ (200003b4 <flash_restore_hardware_state+0x20>)
20000398:	6051      	str	r1, [r2, #4]
2000039a:	6901      	ldr	r1, [r0, #16]
2000039c:	6091      	str	r1, [r2, #8]
2000039e:	6941      	ldr	r1, [r0, #20]
200003a0:	60d1      	str	r1, [r2, #12]
200003a2:	6981      	ldr	r1, [r0, #24]
200003a4:	6111      	str	r1, [r2, #16]
200003a6:	69c1      	ldr	r1, [r0, #28]
200003a8:	6151      	str	r1, [r2, #20]
200003aa:	6a03      	ldr	r3, [r0, #32]
200003ac:	6193      	str	r3, [r2, #24]
200003ae:	f7ff bfd3 	b.w	20000358 <flash_rp2350_restore_qmi_cs1>
200003b2:	bf00      	nop
200003b4:	40040000 	.word	0x40040000

200003b8 <flash_range_erase>:
200003b8:	e92d 43f0 	stmdb	sp!, {r4, r5, r6, r7, r8, r9, lr}
200003bc:	1843      	adds	r3, r0, r1
200003be:	f5b3 0f80 	cmp.w	r3, #4194304	@ 0x400000
200003c2:	b08b      	sub	sp, #44	@ 0x2c
200003c4:	d84b      	bhi.n	2000045e <flash_range_erase+0xa6>
200003c6:	2300      	movs	r3, #0
200003c8:	4604      	mov	r4, r0
200003ca:	460d      	mov	r5, r1
200003cc:	8ada      	ldrh	r2, [r3, #22]
200003ce:	2300      	movs	r3, #0
200003d0:	e843 f300 	tt	r3, r3
200003d4:	025e      	lsls	r6, r3, #9
200003d6:	bf54      	ite	pl
200003d8:	2110      	movpl	r1, #16
200003da:	2104      	movmi	r1, #4
200003dc:	f244 6049 	movw	r0, #17993	@ 0x4649
200003e0:	4790      	blx	r2
200003e2:	2300      	movs	r3, #0
200003e4:	4681      	mov	r9, r0
200003e6:	8ada      	ldrh	r2, [r3, #22]
200003e8:	2300      	movs	r3, #0
200003ea:	e843 f300 	tt	r3, r3
200003ee:	0258      	lsls	r0, r3, #9
200003f0:	bf54      	ite	pl
200003f2:	2110      	movpl	r1, #16
200003f4:	2104      	movmi	r1, #4
200003f6:	f645 0045 	movw	r0, #22597	@ 0x5845
200003fa:	4790      	blx	r2
200003fc:	2300      	movs	r3, #0
200003fe:	4680      	mov	r8, r0
20000400:	8ada      	ldrh	r2, [r3, #22]
20000402:	2300      	movs	r3, #0
20000404:	e843 f300 	tt	r3, r3
20000408:	0259      	lsls	r1, r3, #9
2000040a:	bf54      	ite	pl
2000040c:	2110      	movpl	r1, #16
2000040e:	2104      	movmi	r1, #4
20000410:	f244 5052 	movw	r0, #17746	@ 0x4552
20000414:	4790      	blx	r2
20000416:	2300      	movs	r3, #0
20000418:	4607      	mov	r7, r0
2000041a:	8ada      	ldrh	r2, [r3, #22]
2000041c:	2300      	movs	r3, #0
2000041e:	e843 f300 	tt	r3, r3
20000422:	025b      	lsls	r3, r3, #9
20000424:	bf54      	ite	pl
20000426:	2110      	movpl	r1, #16
20000428:	2104      	movmi	r1, #4
2000042a:	f244 3046 	movw	r0, #17222	@ 0x4346
2000042e:	4790      	blx	r2
20000430:	4606      	mov	r6, r0
20000432:	f7ff ff3b 	bl	200002ac <flash_init_boot2_copyout>
20000436:	a801      	add	r0, sp, #4
20000438:	f7ff ff6a 	bl	20000310 <flash_save_hardware_state>
2000043c:	47c8      	blx	r9
2000043e:	47c0      	blx	r8
20000440:	23d8      	movs	r3, #216	@ 0xd8
20000442:	f44f 3280 	mov.w	r2, #65536	@ 0x10000
20000446:	4629      	mov	r1, r5
20000448:	4620      	mov	r0, r4
2000044a:	47b8      	blx	r7
2000044c:	47b0      	blx	r6
2000044e:	f7ff ff47 	bl	200002e0 <flash_enable_xip_via_boot2>
20000452:	a801      	add	r0, sp, #4
20000454:	f7ff ff9e 	bl	20000394 <flash_restore_hardware_state>
20000458:	b00b      	add	sp, #44	@ 0x2c
2000045a:	e8bd 83f0 	ldmia.w	sp!, {r4, r5, r6, r7, r8, r9, pc}
2000045e:	f001 f8c7 	bl	200015f0 <__hard_assertion_failure_veneer>
20000462:	bf00      	nop

20000464 <flash_range_program>:
20000464:	e92d 47f0 	stmdb	sp!, {r4, r5, r6, r7, r8, r9, sl, lr}
20000468:	1883      	adds	r3, r0, r2
2000046a:	f5b3 0f80 	cmp.w	r3, #4194304	@ 0x400000
2000046e:	b08a      	sub	sp, #40	@ 0x28
20000470:	d84a      	bhi.n	20000508 <flash_range_program+0xa4>
20000472:	2300      	movs	r3, #0
20000474:	4615      	mov	r5, r2
20000476:	4604      	mov	r4, r0
20000478:	460e      	mov	r6, r1
2000047a:	8ada      	ldrh	r2, [r3, #22]
2000047c:	2300      	movs	r3, #0
2000047e:	e843 f300 	tt	r3, r3
20000482:	025f      	lsls	r7, r3, #9
20000484:	bf54      	ite	pl
20000486:	2110      	movpl	r1, #16
20000488:	2104      	movmi	r1, #4
2000048a:	f244 6049 	movw	r0, #17993	@ 0x4649
2000048e:	4790      	blx	r2
20000490:	2300      	movs	r3, #0
20000492:	4682      	mov	sl, r0
20000494:	8ada      	ldrh	r2, [r3, #22]
20000496:	2300      	movs	r3, #0
20000498:	e843 f300 	tt	r3, r3
2000049c:	0258      	lsls	r0, r3, #9
2000049e:	bf54      	ite	pl
200004a0:	2110      	movpl	r1, #16
200004a2:	2104      	movmi	r1, #4
200004a4:	f645 0045 	movw	r0, #22597	@ 0x5845
200004a8:	4790      	blx	r2
200004aa:	2300      	movs	r3, #0
200004ac:	4681      	mov	r9, r0
200004ae:	8ada      	ldrh	r2, [r3, #22]
200004b0:	2300      	movs	r3, #0
200004b2:	e843 f300 	tt	r3, r3
200004b6:	0259      	lsls	r1, r3, #9
200004b8:	bf54      	ite	pl
200004ba:	2110      	movpl	r1, #16
200004bc:	2104      	movmi	r1, #4
200004be:	f245 0052 	movw	r0, #20562	@ 0x5052
200004c2:	4790      	blx	r2
200004c4:	2300      	movs	r3, #0
200004c6:	4680      	mov	r8, r0
200004c8:	8ada      	ldrh	r2, [r3, #22]
200004ca:	2300      	movs	r3, #0
200004cc:	e843 f300 	tt	r3, r3
200004d0:	025b      	lsls	r3, r3, #9
200004d2:	bf54      	ite	pl
200004d4:	2110      	movpl	r1, #16
200004d6:	2104      	movmi	r1, #4
200004d8:	f244 3046 	movw	r0, #17222	@ 0x4346
200004dc:	4790      	blx	r2
200004de:	4607      	mov	r7, r0
200004e0:	f7ff fee4 	bl	200002ac <flash_init_boot2_copyout>
200004e4:	a801      	add	r0, sp, #4
200004e6:	f7ff ff13 	bl	20000310 <flash_save_hardware_state>
200004ea:	47d0      	blx	sl
200004ec:	47c8      	blx	r9
200004ee:	462a      	mov	r2, r5
200004f0:	4631      	mov	r1, r6
200004f2:	4620      	mov	r0, r4
200004f4:	47c0      	blx	r8
200004f6:	47b8      	blx	r7
200004f8:	f7ff fef2 	bl	200002e0 <flash_enable_xip_via_boot2>
200004fc:	a801      	add	r0, sp, #4
200004fe:	f7ff ff49 	bl	20000394 <flash_restore_hardware_state>
20000502:	b00a      	add	sp, #40	@ 0x28
20000504:	e8bd 87f0 	ldmia.w	sp!, {r4, r5, r6, r7, r8, r9, sl, pc}
20000508:	f001 f872 	bl	200015f0 <__hard_assertion_failure_veneer>

2000050c <xip_cache_maintain>:
2000050c:	4401      	add	r1, r0
2000050e:	4288      	cmp	r0, r1
20000510:	d206      	bcs.n	20000520 <xip_cache_maintain+0x14>
20000512:	2300      	movs	r3, #0
20000514:	f102 52c0 	add.w	r2, r2, #402653184	@ 0x18000000
20000518:	5413      	strb	r3, [r2, r0]
2000051a:	3008      	adds	r0, #8
2000051c:	4281      	cmp	r1, r0
2000051e:	d8fb      	bhi.n	20000518 <xip_cache_maintain+0xc>
20000520:	f3bf 8f4f 	dsb	sy
20000524:	f3bf 8f6f 	isb	sy
20000528:	4770      	bx	lr
2000052a:	bf00      	nop

2000052c <xip_cache_clean_all>:
2000052c:	2201      	movs	r2, #1
2000052e:	f44f 4180 	mov.w	r1, #16384	@ 0x4000
20000532:	4801      	ldr	r0, [pc, #4]	@ (20000538 <xip_cache_clean_all+0xc>)
20000534:	f7ff bfea 	b.w	2000050c <xip_cache_maintain>
20000538:	03ffc000 	.word	0x03ffc000

2000053c <reset_non_control_endpoints>:
2000053c:	2100      	movs	r1, #0
2000053e:	b508      	push	{r3, lr}
20000540:	4b13      	ldr	r3, [pc, #76]	@ (20000590 <reset_non_control_endpoints+0x54>)
20000542:	f44f 7270 	mov.w	r2, #960	@ 0x3c0
20000546:	6099      	str	r1, [r3, #8]
20000548:	4812      	ldr	r0, [pc, #72]	@ (20000594 <reset_non_control_endpoints+0x58>)
2000054a:	60d9      	str	r1, [r3, #12]
2000054c:	6119      	str	r1, [r3, #16]
2000054e:	6159      	str	r1, [r3, #20]
20000550:	6199      	str	r1, [r3, #24]
20000552:	61d9      	str	r1, [r3, #28]
20000554:	6219      	str	r1, [r3, #32]
20000556:	6259      	str	r1, [r3, #36]	@ 0x24
20000558:	6299      	str	r1, [r3, #40]	@ 0x28
2000055a:	62d9      	str	r1, [r3, #44]	@ 0x2c
2000055c:	6319      	str	r1, [r3, #48]	@ 0x30
2000055e:	6359      	str	r1, [r3, #52]	@ 0x34
20000560:	6399      	str	r1, [r3, #56]	@ 0x38
20000562:	63d9      	str	r1, [r3, #60]	@ 0x3c
20000564:	6419      	str	r1, [r3, #64]	@ 0x40
20000566:	6459      	str	r1, [r3, #68]	@ 0x44
20000568:	6499      	str	r1, [r3, #72]	@ 0x48
2000056a:	64d9      	str	r1, [r3, #76]	@ 0x4c
2000056c:	6519      	str	r1, [r3, #80]	@ 0x50
2000056e:	6559      	str	r1, [r3, #84]	@ 0x54
20000570:	6599      	str	r1, [r3, #88]	@ 0x58
20000572:	65d9      	str	r1, [r3, #92]	@ 0x5c
20000574:	6619      	str	r1, [r3, #96]	@ 0x60
20000576:	6659      	str	r1, [r3, #100]	@ 0x64
20000578:	6699      	str	r1, [r3, #104]	@ 0x68
2000057a:	66d9      	str	r1, [r3, #108]	@ 0x6c
2000057c:	6719      	str	r1, [r3, #112]	@ 0x70
2000057e:	6759      	str	r1, [r3, #116]	@ 0x74
20000580:	6799      	str	r1, [r3, #120]	@ 0x78
20000582:	67d9      	str	r1, [r3, #124]	@ 0x7c
20000584:	f000 ffe0 	bl	20001548 <memset>
20000588:	4b03      	ldr	r3, [pc, #12]	@ (20000598 <reset_non_control_endpoints+0x5c>)
2000058a:	4a04      	ldr	r2, [pc, #16]	@ (2000059c <reset_non_control_endpoints+0x60>)
2000058c:	601a      	str	r2, [r3, #0]
2000058e:	bd08      	pop	{r3, pc}
20000590:	50100000 	.word	0x50100000
20000594:	20002488 	.word	0x20002488
20000598:	20002850 	.word	0x20002850
2000059c:	50100180 	.word	0x50100180

200005a0 <hw_handle_buff_status>:
200005a0:	e92d 4ff0 	stmdb	sp!, {r4, r5, r6, r7, r8, r9, sl, fp, lr}
200005a4:	4b1f      	ldr	r3, [pc, #124]	@ (20000624 <hw_handle_buff_status+0x84>)
200005a6:	b085      	sub	sp, #20
200005a8:	f8d3 a058 	ldr.w	sl, [r3, #88]	@ 0x58
200005ac:	f1ba 0f00 	cmp.w	sl, #0
200005b0:	d022      	beq.n	200005f8 <hw_handle_buff_status+0x58>
200005b2:	2400      	movs	r4, #0
200005b4:	2501      	movs	r5, #1
200005b6:	f44f 69e0 	mov.w	r9, #1792	@ 0x700
200005ba:	f8df 8070 	ldr.w	r8, [pc, #112]	@ 2000062c <hw_handle_buff_status+0x8c>
200005be:	4f1a      	ldr	r7, [pc, #104]	@ (20000628 <hw_handle_buff_status+0x88>)
200005c0:	e001      	b.n	200005c6 <hw_handle_buff_status+0x26>
200005c2:	2c20      	cmp	r4, #32
200005c4:	d018      	beq.n	200005f8 <hw_handle_buff_status+0x58>
200005c6:	ea0a 0205 	and.w	r2, sl, r5
200005ca:	1c61      	adds	r1, r4, #1
200005cc:	4623      	mov	r3, r4
200005ce:	46ab      	mov	fp, r5
200005d0:	b2cc      	uxtb	r4, r1
200005d2:	006d      	lsls	r5, r5, #1
200005d4:	2a00      	cmp	r2, #0
200005d6:	d0f4      	beq.n	200005c2 <hw_handle_buff_status+0x22>
200005d8:	f004 0201 	and.w	r2, r4, #1
200005dc:	f003 06fe 	and.w	r6, r3, #254	@ 0xfe
200005e0:	4416      	add	r6, r2
200005e2:	eb07 1646 	add.w	r6, r7, r6, lsl #5
200005e6:	4630      	mov	r0, r6
200005e8:	f8c8 b058 	str.w	fp, [r8, #88]	@ 0x58
200005ec:	f000 fc0a 	bl	20000e04 <hw_endpoint_xfer_continue>
200005f0:	b928      	cbnz	r0, 200005fe <hw_handle_buff_status+0x5e>
200005f2:	ea3a 0a0b 	bics.w	sl, sl, fp
200005f6:	d1e4      	bne.n	200005c2 <hw_handle_buff_status+0x22>
200005f8:	b005      	add	sp, #20
200005fa:	e8bd 8ff0 	ldmia.w	sp!, {r4, r5, r6, r7, r8, r9, sl, fp, pc}
200005fe:	2300      	movs	r3, #0
20000600:	f88d 3009 	strb.w	r3, [sp, #9]
20000604:	78b3      	ldrb	r3, [r6, #2]
20000606:	a801      	add	r0, sp, #4
20000608:	f88d 3008 	strb.w	r3, [sp, #8]
2000060c:	8af3      	ldrh	r3, [r6, #22]
2000060e:	2101      	movs	r1, #1
20000610:	f8ad 9004 	strh.w	r9, [sp, #4]
20000614:	9303      	str	r3, [sp, #12]
20000616:	f000 fc13 	bl	20000e40 <dcd_event_handler>
2000061a:	4630      	mov	r0, r6
2000061c:	f000 fb98 	bl	20000d50 <hw_endpoint_reset_transfer>
20000620:	e7e7      	b.n	200005f2 <hw_handle_buff_status+0x52>
20000622:	bf00      	nop
20000624:	50110000 	.word	0x50110000
20000628:	20002448 	.word	0x20002448
2000062c:	50113000 	.word	0x50113000

20000630 <dcd_rp2040_irq>:
20000630:	b5f0      	push	{r4, r5, r6, r7, lr}
20000632:	4bbb      	ldr	r3, [pc, #748]	@ (20000920 <dcd_rp2040_irq+0x2f0>)
20000634:	b085      	sub	sp, #20
20000636:	f8d3 5098 	ldr.w	r5, [r3, #152]	@ 0x98
2000063a:	f415 3600 	ands.w	r6, r5, #131072	@ 0x20000
2000063e:	d074      	beq.n	2000072a <dcd_rp2040_irq+0xfa>
20000640:	4bb8      	ldr	r3, [pc, #736]	@ (20000924 <dcd_rp2040_irq+0x2f4>)
20000642:	4cb9      	ldr	r4, [pc, #740]	@ (20000928 <dcd_rp2040_irq+0x2f8>)
20000644:	6a99      	ldr	r1, [r3, #40]	@ 0x28
20000646:	f894 303b 	ldrb.w	r3, [r4, #59]	@ 0x3b
2000064a:	4ab8      	ldr	r2, [pc, #736]	@ (2000092c <dcd_rp2040_irq+0x2fc>)
2000064c:	2b02      	cmp	r3, #2
2000064e:	6011      	str	r1, [r2, #0]
20000650:	f000 80d4 	beq.w	200007fc <dcd_rp2040_irq+0x1cc>
20000654:	2600      	movs	r6, #0
20000656:	f894 307b 	ldrb.w	r3, [r4, #123]	@ 0x7b
2000065a:	2b02      	cmp	r3, #2
2000065c:	f000 813b 	beq.w	200008d6 <dcd_rp2040_irq+0x2a6>
20000660:	f894 30bb 	ldrb.w	r3, [r4, #187]	@ 0xbb
20000664:	2b02      	cmp	r3, #2
20000666:	f000 817d 	beq.w	20000964 <dcd_rp2040_irq+0x334>
2000066a:	f894 30fb 	ldrb.w	r3, [r4, #251]	@ 0xfb
2000066e:	2b02      	cmp	r3, #2
20000670:	f000 816c 	beq.w	2000094c <dcd_rp2040_irq+0x31c>
20000674:	f894 313b 	ldrb.w	r3, [r4, #315]	@ 0x13b
20000678:	2b02      	cmp	r3, #2
2000067a:	f000 8144 	beq.w	20000906 <dcd_rp2040_irq+0x2d6>
2000067e:	f894 317b 	ldrb.w	r3, [r4, #379]	@ 0x17b
20000682:	2b02      	cmp	r3, #2
20000684:	f000 8133 	beq.w	200008ee <dcd_rp2040_irq+0x2be>
20000688:	f894 31bb 	ldrb.w	r3, [r4, #443]	@ 0x1bb
2000068c:	2b02      	cmp	r3, #2
2000068e:	f000 81b6 	beq.w	200009fe <dcd_rp2040_irq+0x3ce>
20000692:	f894 31fb 	ldrb.w	r3, [r4, #507]	@ 0x1fb
20000696:	2b02      	cmp	r3, #2
20000698:	f000 81a6 	beq.w	200009e8 <dcd_rp2040_irq+0x3b8>
2000069c:	f894 323b 	ldrb.w	r3, [r4, #571]	@ 0x23b
200006a0:	2b02      	cmp	r3, #2
200006a2:	f000 8196 	beq.w	200009d2 <dcd_rp2040_irq+0x3a2>
200006a6:	f894 327b 	ldrb.w	r3, [r4, #635]	@ 0x27b
200006aa:	2b02      	cmp	r3, #2
200006ac:	f000 8186 	beq.w	200009bc <dcd_rp2040_irq+0x38c>
200006b0:	f894 32bb 	ldrb.w	r3, [r4, #699]	@ 0x2bb
200006b4:	2b02      	cmp	r3, #2
200006b6:	f000 8176 	beq.w	200009a6 <dcd_rp2040_irq+0x376>
200006ba:	f894 32fb 	ldrb.w	r3, [r4, #763]	@ 0x2fb
200006be:	2b02      	cmp	r3, #2
200006c0:	f000 8166 	beq.w	20000990 <dcd_rp2040_irq+0x360>
200006c4:	f894 333b 	ldrb.w	r3, [r4, #827]	@ 0x33b
200006c8:	2b02      	cmp	r3, #2
200006ca:	f000 8156 	beq.w	2000097a <dcd_rp2040_irq+0x34a>
200006ce:	f894 337b 	ldrb.w	r3, [r4, #891]	@ 0x37b
200006d2:	2b02      	cmp	r3, #2
200006d4:	f000 80a4 	beq.w	20000820 <dcd_rp2040_irq+0x1f0>
200006d8:	f894 33bb 	ldrb.w	r3, [r4, #955]	@ 0x3bb
200006dc:	2b02      	cmp	r3, #2
200006de:	f000 8199 	beq.w	20000a14 <dcd_rp2040_irq+0x3e4>
200006e2:	f894 33fb 	ldrb.w	r3, [r4, #1019]	@ 0x3fb
200006e6:	2b02      	cmp	r3, #2
200006e8:	f000 80b4 	beq.w	20000854 <dcd_rp2040_irq+0x224>
200006ec:	b93e      	cbnz	r6, 200006fe <dcd_rp2040_irq+0xce>
200006ee:	4b90      	ldr	r3, [pc, #576]	@ (20000930 <dcd_rp2040_irq+0x300>)
200006f0:	781b      	ldrb	r3, [r3, #0]
200006f2:	b923      	cbnz	r3, 200006fe <dcd_rp2040_irq+0xce>
200006f4:	f44f 3200 	mov.w	r2, #131072	@ 0x20000
200006f8:	4b8e      	ldr	r3, [pc, #568]	@ (20000934 <dcd_rp2040_irq+0x304>)
200006fa:	f8c3 2090 	str.w	r2, [r3, #144]	@ 0x90
200006fe:	f44f 7240 	mov.w	r2, #768	@ 0x300
20000702:	4b87      	ldr	r3, [pc, #540]	@ (20000920 <dcd_rp2040_irq+0x2f0>)
20000704:	2101      	movs	r1, #1
20000706:	6c9b      	ldr	r3, [r3, #72]	@ 0x48
20000708:	a801      	add	r0, sp, #4
2000070a:	f3c3 030a 	ubfx	r3, r3, #0, #11
2000070e:	f8ad 2004 	strh.w	r2, [sp, #4]
20000712:	9302      	str	r3, [sp, #8]
20000714:	f000 fb94 	bl	20000e40 <dcd_event_handler>
20000718:	06ea      	lsls	r2, r5, #27
2000071a:	f44f 3600 	mov.w	r6, #131072	@ 0x20000
2000071e:	4c86      	ldr	r4, [pc, #536]	@ (20000938 <dcd_rp2040_irq+0x308>)
20000720:	d507      	bpl.n	20000732 <dcd_rp2040_irq+0x102>
20000722:	f7ff ff3d 	bl	200005a0 <hw_handle_buff_status>
20000726:	4626      	mov	r6, r4
20000728:	e003      	b.n	20000732 <dcd_rp2040_irq+0x102>
2000072a:	06ea      	lsls	r2, r5, #27
2000072c:	f04f 0410 	mov.w	r4, #16
20000730:	d4f7      	bmi.n	20000722 <dcd_rp2040_irq+0xf2>
20000732:	03eb      	lsls	r3, r5, #15
20000734:	d522      	bpl.n	2000077c <dcd_rp2040_irq+0x14c>
20000736:	4c7c      	ldr	r4, [pc, #496]	@ (20000928 <dcd_rp2040_irq+0x2f8>)
20000738:	f446 3680 	orr.w	r6, r6, #65536	@ 0x10000
2000073c:	7ea3      	ldrb	r3, [r4, #26]
2000073e:	2b00      	cmp	r3, #0
20000740:	f040 8099 	bne.w	20000876 <dcd_rp2040_irq+0x246>
20000744:	2301      	movs	r3, #1
20000746:	f894 203a 	ldrb.w	r2, [r4, #58]	@ 0x3a
2000074a:	70e3      	strb	r3, [r4, #3]
2000074c:	2a00      	cmp	r2, #0
2000074e:	f040 80ad 	bne.w	200008ac <dcd_rp2040_irq+0x27c>
20000752:	2301      	movs	r3, #1
20000754:	f44f 61c0 	mov.w	r1, #1536	@ 0x600
20000758:	4a78      	ldr	r2, [pc, #480]	@ (2000093c <dcd_rp2040_irq+0x30c>)
2000075a:	f884 3023 	strb.w	r3, [r4, #35]	@ 0x23
2000075e:	f8ad 1004 	strh.w	r1, [sp, #4]
20000762:	e892 0003 	ldmia.w	r2, {r0, r1}
20000766:	aa04      	add	r2, sp, #16
20000768:	e902 0003 	stmdb	r2, {r0, r1}
2000076c:	4619      	mov	r1, r3
2000076e:	a801      	add	r0, sp, #4
20000770:	f000 fb66 	bl	20000e40 <dcd_event_handler>
20000774:	f44f 3200 	mov.w	r2, #131072	@ 0x20000
20000778:	4b6e      	ldr	r3, [pc, #440]	@ (20000934 <dcd_rp2040_irq+0x304>)
2000077a:	651a      	str	r2, [r3, #80]	@ 0x50
2000077c:	04e9      	lsls	r1, r5, #19
2000077e:	d408      	bmi.n	20000792 <dcd_rp2040_irq+0x162>
20000780:	046a      	lsls	r2, r5, #17
20000782:	d41d      	bmi.n	200007c0 <dcd_rp2040_irq+0x190>
20000784:	042b      	lsls	r3, r5, #16
20000786:	d42a      	bmi.n	200007de <dcd_rp2040_irq+0x1ae>
20000788:	42ae      	cmp	r6, r5
2000078a:	f040 81c5 	bne.w	20000b18 <dcd_rp2040_irq+0x4e8>
2000078e:	b005      	add	sp, #20
20000790:	bdf0      	pop	{r4, r5, r6, r7, pc}
20000792:	2400      	movs	r4, #0
20000794:	4b62      	ldr	r3, [pc, #392]	@ (20000920 <dcd_rp2040_irq+0x2f0>)
20000796:	f446 5680 	orr.w	r6, r6, #4096	@ 0x1000
2000079a:	601c      	str	r4, [r3, #0]
2000079c:	f7ff fece 	bl	2000053c <reset_non_control_endpoints>
200007a0:	f44f 7380 	mov.w	r3, #256	@ 0x100
200007a4:	2101      	movs	r1, #1
200007a6:	a801      	add	r0, sp, #4
200007a8:	f8ad 3004 	strh.w	r3, [sp, #4]
200007ac:	f88d 4008 	strb.w	r4, [sp, #8]
200007b0:	f000 fb46 	bl	20000e40 <dcd_event_handler>
200007b4:	f44f 2200 	mov.w	r2, #524288	@ 0x80000
200007b8:	4b5e      	ldr	r3, [pc, #376]	@ (20000934 <dcd_rp2040_irq+0x304>)
200007ba:	651a      	str	r2, [r3, #80]	@ 0x50
200007bc:	046a      	lsls	r2, r5, #17
200007be:	d5e1      	bpl.n	20000784 <dcd_rp2040_irq+0x154>
200007c0:	f44f 6380 	mov.w	r3, #1024	@ 0x400
200007c4:	2101      	movs	r1, #1
200007c6:	a801      	add	r0, sp, #4
200007c8:	f8ad 3004 	strh.w	r3, [sp, #4]
200007cc:	f000 fb38 	bl	20000e40 <dcd_event_handler>
200007d0:	2210      	movs	r2, #16
200007d2:	4b58      	ldr	r3, [pc, #352]	@ (20000934 <dcd_rp2040_irq+0x304>)
200007d4:	f446 4680 	orr.w	r6, r6, #16384	@ 0x4000
200007d8:	651a      	str	r2, [r3, #80]	@ 0x50
200007da:	042b      	lsls	r3, r5, #16
200007dc:	d5d4      	bpl.n	20000788 <dcd_rp2040_irq+0x158>
200007de:	f44f 63a0 	mov.w	r3, #1280	@ 0x500
200007e2:	2101      	movs	r1, #1
200007e4:	a801      	add	r0, sp, #4
200007e6:	f8ad 3004 	strh.w	r3, [sp, #4]
200007ea:	f000 fb29 	bl	20000e40 <dcd_event_handler>
200007ee:	f44f 6200 	mov.w	r2, #2048	@ 0x800
200007f2:	4b50      	ldr	r3, [pc, #320]	@ (20000934 <dcd_rp2040_irq+0x304>)
200007f4:	f446 4600 	orr.w	r6, r6, #32768	@ 0x8000
200007f8:	651a      	str	r2, [r3, #80]	@ 0x50
200007fa:	e7c5      	b.n	20000788 <dcd_rp2040_irq+0x158>
200007fc:	f894 603a 	ldrb.w	r6, [r4, #58]	@ 0x3a
20000800:	2e00      	cmp	r6, #0
20000802:	f43f af28 	beq.w	20000656 <dcd_rp2040_irq+0x26>
20000806:	f894 303c 	ldrb.w	r3, [r4, #60]	@ 0x3c
2000080a:	2b00      	cmp	r3, #0
2000080c:	f43f af23 	beq.w	20000656 <dcd_rp2040_irq+0x26>
20000810:	2300      	movs	r3, #0
20000812:	f104 0020 	add.w	r0, r4, #32
20000816:	f884 303c 	strb.w	r3, [r4, #60]	@ 0x3c
2000081a:	f000 fac1 	bl	20000da0 <hw_endpoint_start_next_buffer>
2000081e:	e71a      	b.n	20000656 <dcd_rp2040_irq+0x26>
20000820:	f894 737a 	ldrb.w	r7, [r4, #890]	@ 0x37a
20000824:	2f00      	cmp	r7, #0
20000826:	f43f af57 	beq.w	200006d8 <dcd_rp2040_irq+0xa8>
2000082a:	f894 337c 	ldrb.w	r3, [r4, #892]	@ 0x37c
2000082e:	2b00      	cmp	r3, #0
20000830:	f040 8164 	bne.w	20000afc <dcd_rp2040_irq+0x4cc>
20000834:	f894 33bb 	ldrb.w	r3, [r4, #955]	@ 0x3bb
20000838:	2b02      	cmp	r3, #2
2000083a:	f040 80f4 	bne.w	20000a26 <dcd_rp2040_irq+0x3f6>
2000083e:	f894 33ba 	ldrb.w	r3, [r4, #954]	@ 0x3ba
20000842:	2b00      	cmp	r3, #0
20000844:	f040 80eb 	bne.w	20000a1e <dcd_rp2040_irq+0x3ee>
20000848:	f894 33fb 	ldrb.w	r3, [r4, #1019]	@ 0x3fb
2000084c:	2b02      	cmp	r3, #2
2000084e:	f47f af56 	bne.w	200006fe <dcd_rp2040_irq+0xce>
20000852:	463e      	mov	r6, r7
20000854:	f894 33fa 	ldrb.w	r3, [r4, #1018]	@ 0x3fa
20000858:	2b00      	cmp	r3, #0
2000085a:	f43f af47 	beq.w	200006ec <dcd_rp2040_irq+0xbc>
2000085e:	f894 33fc 	ldrb.w	r3, [r4, #1020]	@ 0x3fc
20000862:	2b00      	cmp	r3, #0
20000864:	f43f af4b 	beq.w	200006fe <dcd_rp2040_irq+0xce>
20000868:	2300      	movs	r3, #0
2000086a:	4835      	ldr	r0, [pc, #212]	@ (20000940 <dcd_rp2040_irq+0x310>)
2000086c:	f884 33fc 	strb.w	r3, [r4, #1020]	@ 0x3fc
20000870:	f000 fa96 	bl	20000da0 <hw_endpoint_start_next_buffer>
20000874:	e743      	b.n	200006fe <dcd_rp2040_irq+0xce>
20000876:	2102      	movs	r1, #2
20000878:	4b32      	ldr	r3, [pc, #200]	@ (20000944 <dcd_rp2040_irq+0x314>)
2000087a:	4a29      	ldr	r2, [pc, #164]	@ (20000920 <dcd_rp2040_irq+0x2f0>)
2000087c:	6619      	str	r1, [r3, #96]	@ 0x60
2000087e:	6e53      	ldr	r3, [r2, #100]	@ 0x64
20000880:	079f      	lsls	r7, r3, #30
20000882:	d5fc      	bpl.n	2000087e <dcd_rp2040_irq+0x24e>
20000884:	f44f 5240 	mov.w	r2, #12288	@ 0x3000
20000888:	2100      	movs	r1, #0
2000088a:	4827      	ldr	r0, [pc, #156]	@ (20000928 <dcd_rp2040_irq+0x2f8>)
2000088c:	f000 fa66 	bl	20000d5c <_hw_endpoint_buffer_control_update32>
20000890:	4825      	ldr	r0, [pc, #148]	@ (20000928 <dcd_rp2040_irq+0x2f8>)
20000892:	f000 fa5d 	bl	20000d50 <hw_endpoint_reset_transfer>
20000896:	2202      	movs	r2, #2
20000898:	4b26      	ldr	r3, [pc, #152]	@ (20000934 <dcd_rp2040_irq+0x304>)
2000089a:	665a      	str	r2, [r3, #100]	@ 0x64
2000089c:	661a      	str	r2, [r3, #96]	@ 0x60
2000089e:	2301      	movs	r3, #1
200008a0:	f894 203a 	ldrb.w	r2, [r4, #58]	@ 0x3a
200008a4:	70e3      	strb	r3, [r4, #3]
200008a6:	2a00      	cmp	r2, #0
200008a8:	f43f af53 	beq.w	20000752 <dcd_rp2040_irq+0x122>
200008ac:	4a25      	ldr	r2, [pc, #148]	@ (20000944 <dcd_rp2040_irq+0x314>)
200008ae:	6613      	str	r3, [r2, #96]	@ 0x60
200008b0:	f5a2 5200 	sub.w	r2, r2, #8192	@ 0x2000
200008b4:	6e53      	ldr	r3, [r2, #100]	@ 0x64
200008b6:	07d8      	lsls	r0, r3, #31
200008b8:	d5fc      	bpl.n	200008b4 <dcd_rp2040_irq+0x284>
200008ba:	f44f 5240 	mov.w	r2, #12288	@ 0x3000
200008be:	2100      	movs	r1, #0
200008c0:	4821      	ldr	r0, [pc, #132]	@ (20000948 <dcd_rp2040_irq+0x318>)
200008c2:	f000 fa4b 	bl	20000d5c <_hw_endpoint_buffer_control_update32>
200008c6:	4820      	ldr	r0, [pc, #128]	@ (20000948 <dcd_rp2040_irq+0x318>)
200008c8:	f000 fa42 	bl	20000d50 <hw_endpoint_reset_transfer>
200008cc:	2201      	movs	r2, #1
200008ce:	4b19      	ldr	r3, [pc, #100]	@ (20000934 <dcd_rp2040_irq+0x304>)
200008d0:	665a      	str	r2, [r3, #100]	@ 0x64
200008d2:	661a      	str	r2, [r3, #96]	@ 0x60
200008d4:	e73d      	b.n	20000752 <dcd_rp2040_irq+0x122>
200008d6:	f894 707a 	ldrb.w	r7, [r4, #122]	@ 0x7a
200008da:	2f00      	cmp	r7, #0
200008dc:	f43f aec0 	beq.w	20000660 <dcd_rp2040_irq+0x30>
200008e0:	f894 307c 	ldrb.w	r3, [r4, #124]	@ 0x7c
200008e4:	2b00      	cmp	r3, #0
200008e6:	f040 8101 	bne.w	20000aec <dcd_rp2040_irq+0x4bc>
200008ea:	463e      	mov	r6, r7
200008ec:	e6b8      	b.n	20000660 <dcd_rp2040_irq+0x30>
200008ee:	f894 717a 	ldrb.w	r7, [r4, #378]	@ 0x17a
200008f2:	2f00      	cmp	r7, #0
200008f4:	f43f aec8 	beq.w	20000688 <dcd_rp2040_irq+0x58>
200008f8:	f894 317c 	ldrb.w	r3, [r4, #380]	@ 0x17c
200008fc:	2b00      	cmp	r3, #0
200008fe:	f040 80ed 	bne.w	20000adc <dcd_rp2040_irq+0x4ac>
20000902:	463e      	mov	r6, r7
20000904:	e6c0      	b.n	20000688 <dcd_rp2040_irq+0x58>
20000906:	f894 713a 	ldrb.w	r7, [r4, #314]	@ 0x13a
2000090a:	2f00      	cmp	r7, #0
2000090c:	f43f aeb7 	beq.w	2000067e <dcd_rp2040_irq+0x4e>
20000910:	f894 313c 	ldrb.w	r3, [r4, #316]	@ 0x13c
20000914:	2b00      	cmp	r3, #0
20000916:	f040 80d9 	bne.w	20000acc <dcd_rp2040_irq+0x49c>
2000091a:	463e      	mov	r6, r7
2000091c:	e6af      	b.n	2000067e <dcd_rp2040_irq+0x4e>
2000091e:	bf00      	nop
20000920:	50110000 	.word	0x50110000
20000924:	400b0000 	.word	0x400b0000
20000928:	20002448 	.word	0x20002448
2000092c:	2000243c 	.word	0x2000243c
20000930:	200028a6 	.word	0x200028a6
20000934:	50113000 	.word	0x50113000
20000938:	00020010 	.word	0x00020010
2000093c:	50100000 	.word	0x50100000
20000940:	20002828 	.word	0x20002828
20000944:	50112000 	.word	0x50112000
20000948:	20002468 	.word	0x20002468
2000094c:	f894 70fa 	ldrb.w	r7, [r4, #250]	@ 0xfa
20000950:	2f00      	cmp	r7, #0
20000952:	f43f ae8f 	beq.w	20000674 <dcd_rp2040_irq+0x44>
20000956:	f894 30fc 	ldrb.w	r3, [r4, #252]	@ 0xfc
2000095a:	2b00      	cmp	r3, #0
2000095c:	f040 808e 	bne.w	20000a7c <dcd_rp2040_irq+0x44c>
20000960:	463e      	mov	r6, r7
20000962:	e687      	b.n	20000674 <dcd_rp2040_irq+0x44>
20000964:	f894 70ba 	ldrb.w	r7, [r4, #186]	@ 0xba
20000968:	2f00      	cmp	r7, #0
2000096a:	f43f ae7e 	beq.w	2000066a <dcd_rp2040_irq+0x3a>
2000096e:	f894 30bc 	ldrb.w	r3, [r4, #188]	@ 0xbc
20000972:	2b00      	cmp	r3, #0
20000974:	d17a      	bne.n	20000a6c <dcd_rp2040_irq+0x43c>
20000976:	463e      	mov	r6, r7
20000978:	e677      	b.n	2000066a <dcd_rp2040_irq+0x3a>
2000097a:	f894 733a 	ldrb.w	r7, [r4, #826]	@ 0x33a
2000097e:	2f00      	cmp	r7, #0
20000980:	f43f aea5 	beq.w	200006ce <dcd_rp2040_irq+0x9e>
20000984:	f894 333c 	ldrb.w	r3, [r4, #828]	@ 0x33c
20000988:	2b00      	cmp	r3, #0
2000098a:	d157      	bne.n	20000a3c <dcd_rp2040_irq+0x40c>
2000098c:	463e      	mov	r6, r7
2000098e:	e69e      	b.n	200006ce <dcd_rp2040_irq+0x9e>
20000990:	f894 72fa 	ldrb.w	r7, [r4, #762]	@ 0x2fa
20000994:	2f00      	cmp	r7, #0
20000996:	f43f ae95 	beq.w	200006c4 <dcd_rp2040_irq+0x94>
2000099a:	f894 32fc 	ldrb.w	r3, [r4, #764]	@ 0x2fc
2000099e:	2b00      	cmp	r3, #0
200009a0:	d15c      	bne.n	20000a5c <dcd_rp2040_irq+0x42c>
200009a2:	463e      	mov	r6, r7
200009a4:	e68e      	b.n	200006c4 <dcd_rp2040_irq+0x94>
200009a6:	f894 72ba 	ldrb.w	r7, [r4, #698]	@ 0x2ba
200009aa:	2f00      	cmp	r7, #0
200009ac:	f43f ae85 	beq.w	200006ba <dcd_rp2040_irq+0x8a>
200009b0:	f894 32bc 	ldrb.w	r3, [r4, #700]	@ 0x2bc
200009b4:	2b00      	cmp	r3, #0
200009b6:	d149      	bne.n	20000a4c <dcd_rp2040_irq+0x41c>
200009b8:	463e      	mov	r6, r7
200009ba:	e67e      	b.n	200006ba <dcd_rp2040_irq+0x8a>
200009bc:	f894 727a 	ldrb.w	r7, [r4, #634]	@ 0x27a
200009c0:	2f00      	cmp	r7, #0
200009c2:	f43f ae75 	beq.w	200006b0 <dcd_rp2040_irq+0x80>
200009c6:	f894 327c 	ldrb.w	r3, [r4, #636]	@ 0x27c
200009ca:	2b00      	cmp	r3, #0
200009cc:	d176      	bne.n	20000abc <dcd_rp2040_irq+0x48c>
200009ce:	463e      	mov	r6, r7
200009d0:	e66e      	b.n	200006b0 <dcd_rp2040_irq+0x80>
200009d2:	f894 723a 	ldrb.w	r7, [r4, #570]	@ 0x23a
200009d6:	2f00      	cmp	r7, #0
200009d8:	f43f ae65 	beq.w	200006a6 <dcd_rp2040_irq+0x76>
200009dc:	f894 323c 	ldrb.w	r3, [r4, #572]	@ 0x23c
200009e0:	2b00      	cmp	r3, #0
200009e2:	d163      	bne.n	20000aac <dcd_rp2040_irq+0x47c>
200009e4:	463e      	mov	r6, r7
200009e6:	e65e      	b.n	200006a6 <dcd_rp2040_irq+0x76>
200009e8:	f894 71fa 	ldrb.w	r7, [r4, #506]	@ 0x1fa
200009ec:	2f00      	cmp	r7, #0
200009ee:	f43f ae55 	beq.w	2000069c <dcd_rp2040_irq+0x6c>
200009f2:	f894 31fc 	ldrb.w	r3, [r4, #508]	@ 0x1fc
200009f6:	2b00      	cmp	r3, #0
200009f8:	d150      	bne.n	20000a9c <dcd_rp2040_irq+0x46c>
200009fa:	463e      	mov	r6, r7
200009fc:	e64e      	b.n	2000069c <dcd_rp2040_irq+0x6c>
200009fe:	f894 71ba 	ldrb.w	r7, [r4, #442]	@ 0x1ba
20000a02:	2f00      	cmp	r7, #0
20000a04:	f43f ae45 	beq.w	20000692 <dcd_rp2040_irq+0x62>
20000a08:	f894 31bc 	ldrb.w	r3, [r4, #444]	@ 0x1bc
20000a0c:	2b00      	cmp	r3, #0
20000a0e:	d13d      	bne.n	20000a8c <dcd_rp2040_irq+0x45c>
20000a10:	463e      	mov	r6, r7
20000a12:	e63e      	b.n	20000692 <dcd_rp2040_irq+0x62>
20000a14:	f894 33ba 	ldrb.w	r3, [r4, #954]	@ 0x3ba
20000a18:	2b00      	cmp	r3, #0
20000a1a:	f43f ae62 	beq.w	200006e2 <dcd_rp2040_irq+0xb2>
20000a1e:	f894 33bc 	ldrb.w	r3, [r4, #956]	@ 0x3bc
20000a22:	2b00      	cmp	r3, #0
20000a24:	d171      	bne.n	20000b0a <dcd_rp2040_irq+0x4da>
20000a26:	f894 33fb 	ldrb.w	r3, [r4, #1019]	@ 0x3fb
20000a2a:	2b02      	cmp	r3, #2
20000a2c:	f47f ae67 	bne.w	200006fe <dcd_rp2040_irq+0xce>
20000a30:	f894 33fa 	ldrb.w	r3, [r4, #1018]	@ 0x3fa
20000a34:	2b00      	cmp	r3, #0
20000a36:	f43f ae62 	beq.w	200006fe <dcd_rp2040_irq+0xce>
20000a3a:	e710      	b.n	2000085e <dcd_rp2040_irq+0x22e>
20000a3c:	2300      	movs	r3, #0
20000a3e:	4839      	ldr	r0, [pc, #228]	@ (20000b24 <dcd_rp2040_irq+0x4f4>)
20000a40:	f884 333c 	strb.w	r3, [r4, #828]	@ 0x33c
20000a44:	463e      	mov	r6, r7
20000a46:	f000 f9ab 	bl	20000da0 <hw_endpoint_start_next_buffer>
20000a4a:	e640      	b.n	200006ce <dcd_rp2040_irq+0x9e>
20000a4c:	2300      	movs	r3, #0
20000a4e:	4836      	ldr	r0, [pc, #216]	@ (20000b28 <dcd_rp2040_irq+0x4f8>)
20000a50:	f884 32bc 	strb.w	r3, [r4, #700]	@ 0x2bc
20000a54:	463e      	mov	r6, r7
20000a56:	f000 f9a3 	bl	20000da0 <hw_endpoint_start_next_buffer>
20000a5a:	e62e      	b.n	200006ba <dcd_rp2040_irq+0x8a>
20000a5c:	2300      	movs	r3, #0
20000a5e:	4833      	ldr	r0, [pc, #204]	@ (20000b2c <dcd_rp2040_irq+0x4fc>)
20000a60:	f884 32fc 	strb.w	r3, [r4, #764]	@ 0x2fc
20000a64:	463e      	mov	r6, r7
20000a66:	f000 f99b 	bl	20000da0 <hw_endpoint_start_next_buffer>
20000a6a:	e62b      	b.n	200006c4 <dcd_rp2040_irq+0x94>
20000a6c:	2300      	movs	r3, #0
20000a6e:	4830      	ldr	r0, [pc, #192]	@ (20000b30 <dcd_rp2040_irq+0x500>)
20000a70:	f884 30bc 	strb.w	r3, [r4, #188]	@ 0xbc
20000a74:	463e      	mov	r6, r7
20000a76:	f000 f993 	bl	20000da0 <hw_endpoint_start_next_buffer>
20000a7a:	e5f6      	b.n	2000066a <dcd_rp2040_irq+0x3a>
20000a7c:	2300      	movs	r3, #0
20000a7e:	482d      	ldr	r0, [pc, #180]	@ (20000b34 <dcd_rp2040_irq+0x504>)
20000a80:	f884 30fc 	strb.w	r3, [r4, #252]	@ 0xfc
20000a84:	463e      	mov	r6, r7
20000a86:	f000 f98b 	bl	20000da0 <hw_endpoint_start_next_buffer>
20000a8a:	e5f3      	b.n	20000674 <dcd_rp2040_irq+0x44>
20000a8c:	2300      	movs	r3, #0
20000a8e:	482a      	ldr	r0, [pc, #168]	@ (20000b38 <dcd_rp2040_irq+0x508>)
20000a90:	f884 31bc 	strb.w	r3, [r4, #444]	@ 0x1bc
20000a94:	463e      	mov	r6, r7
20000a96:	f000 f983 	bl	20000da0 <hw_endpoint_start_next_buffer>
20000a9a:	e5fa      	b.n	20000692 <dcd_rp2040_irq+0x62>
20000a9c:	2300      	movs	r3, #0
20000a9e:	4827      	ldr	r0, [pc, #156]	@ (20000b3c <dcd_rp2040_irq+0x50c>)
20000aa0:	f884 31fc 	strb.w	r3, [r4, #508]	@ 0x1fc
20000aa4:	463e      	mov	r6, r7
20000aa6:	f000 f97b 	bl	20000da0 <hw_endpoint_start_next_buffer>
20000aaa:	e5f7      	b.n	2000069c <dcd_rp2040_irq+0x6c>
20000aac:	2300      	movs	r3, #0
20000aae:	4824      	ldr	r0, [pc, #144]	@ (20000b40 <dcd_rp2040_irq+0x510>)
20000ab0:	f884 323c 	strb.w	r3, [r4, #572]	@ 0x23c
20000ab4:	463e      	mov	r6, r7
20000ab6:	f000 f973 	bl	20000da0 <hw_endpoint_start_next_buffer>
20000aba:	e5f4      	b.n	200006a6 <dcd_rp2040_irq+0x76>
20000abc:	2300      	movs	r3, #0
20000abe:	4821      	ldr	r0, [pc, #132]	@ (20000b44 <dcd_rp2040_irq+0x514>)
20000ac0:	f884 327c 	strb.w	r3, [r4, #636]	@ 0x27c
20000ac4:	463e      	mov	r6, r7
20000ac6:	f000 f96b 	bl	20000da0 <hw_endpoint_start_next_buffer>
20000aca:	e5f1      	b.n	200006b0 <dcd_rp2040_irq+0x80>
20000acc:	2300      	movs	r3, #0
20000ace:	481e      	ldr	r0, [pc, #120]	@ (20000b48 <dcd_rp2040_irq+0x518>)
20000ad0:	f884 313c 	strb.w	r3, [r4, #316]	@ 0x13c
20000ad4:	463e      	mov	r6, r7
20000ad6:	f000 f963 	bl	20000da0 <hw_endpoint_start_next_buffer>
20000ada:	e5d0      	b.n	2000067e <dcd_rp2040_irq+0x4e>
20000adc:	2300      	movs	r3, #0
20000ade:	481b      	ldr	r0, [pc, #108]	@ (20000b4c <dcd_rp2040_irq+0x51c>)
20000ae0:	f884 317c 	strb.w	r3, [r4, #380]	@ 0x17c
20000ae4:	463e      	mov	r6, r7
20000ae6:	f000 f95b 	bl	20000da0 <hw_endpoint_start_next_buffer>
20000aea:	e5cd      	b.n	20000688 <dcd_rp2040_irq+0x58>
20000aec:	2300      	movs	r3, #0
20000aee:	4818      	ldr	r0, [pc, #96]	@ (20000b50 <dcd_rp2040_irq+0x520>)
20000af0:	f884 307c 	strb.w	r3, [r4, #124]	@ 0x7c
20000af4:	463e      	mov	r6, r7
20000af6:	f000 f953 	bl	20000da0 <hw_endpoint_start_next_buffer>
20000afa:	e5b1      	b.n	20000660 <dcd_rp2040_irq+0x30>
20000afc:	2300      	movs	r3, #0
20000afe:	4815      	ldr	r0, [pc, #84]	@ (20000b54 <dcd_rp2040_irq+0x524>)
20000b00:	f884 337c 	strb.w	r3, [r4, #892]	@ 0x37c
20000b04:	f000 f94c 	bl	20000da0 <hw_endpoint_start_next_buffer>
20000b08:	e694      	b.n	20000834 <dcd_rp2040_irq+0x204>
20000b0a:	2300      	movs	r3, #0
20000b0c:	4812      	ldr	r0, [pc, #72]	@ (20000b58 <dcd_rp2040_irq+0x528>)
20000b0e:	f884 33bc 	strb.w	r3, [r4, #956]	@ 0x3bc
20000b12:	f000 f945 	bl	20000da0 <hw_endpoint_start_next_buffer>
20000b16:	e786      	b.n	20000a26 <dcd_rp2040_irq+0x3f6>
20000b18:	4810      	ldr	r0, [pc, #64]	@ (20000b5c <dcd_rp2040_irq+0x52c>)
20000b1a:	ea86 0105 	eor.w	r1, r6, r5
20000b1e:	f000 fd6f 	bl	20001600 <__panic_veneer>
20000b22:	bf00      	nop
20000b24:	20002768 	.word	0x20002768
20000b28:	200026e8 	.word	0x200026e8
20000b2c:	20002728 	.word	0x20002728
20000b30:	200024e8 	.word	0x200024e8
20000b34:	20002528 	.word	0x20002528
20000b38:	200025e8 	.word	0x200025e8
20000b3c:	20002628 	.word	0x20002628
20000b40:	20002668 	.word	0x20002668
20000b44:	200026a8 	.word	0x200026a8
20000b48:	20002568 	.word	0x20002568
20000b4c:	200025a8 	.word	0x200025a8
20000b50:	200024a8 	.word	0x200024a8
20000b54:	200027a8 	.word	0x200027a8
20000b58:	200027e8 	.word	0x200027e8
20000b5c:	1000d24c 	.word	0x1000d24c

20000b60 <prepare_ep_buffer>:
20000b60:	e92d 47f0 	stmdb	sp!, {r4, r5, r6, r7, r8, r9, sl, lr}
20000b64:	8a84      	ldrh	r4, [r0, #20]
20000b66:	8b05      	ldrh	r5, [r0, #24]
20000b68:	78c2      	ldrb	r2, [r0, #3]
20000b6a:	42a5      	cmp	r5, r4
20000b6c:	bf28      	it	cs
20000b6e:	4625      	movcs	r5, r4
20000b70:	1e17      	subs	r7, r2, #0
20000b72:	bf18      	it	ne
20000b74:	2701      	movne	r7, #1
20000b76:	1b64      	subs	r4, r4, r5
20000b78:	7846      	ldrb	r6, [r0, #1]
20000b7a:	f082 0201 	eor.w	r2, r2, #1
20000b7e:	b2a4      	uxth	r4, r4
20000b80:	4603      	mov	r3, r0
20000b82:	70c2      	strb	r2, [r0, #3]
20000b84:	8284      	strh	r4, [r0, #20]
20000b86:	f445 6080 	orr.w	r0, r5, #1024	@ 0x400
20000b8a:	ea40 3047 	orr.w	r0, r0, r7, lsl #13
20000b8e:	bba6      	cbnz	r6, 20000bfa <prepare_ep_buffer+0x9a>
20000b90:	e9d3 2603 	ldrd	r2, r6, [r3, #12]
20000b94:	1e6f      	subs	r7, r5, #1
20000b96:	eb02 1e81 	add.w	lr, r2, r1, lsl #6
20000b9a:	b355      	cbz	r5, 20000bf2 <prepare_ep_buffer+0x92>
20000b9c:	2f05      	cmp	r7, #5
20000b9e:	bf98      	it	ls
20000ba0:	1c72      	addls	r2, r6, #1
20000ba2:	d931      	bls.n	20000c08 <prepare_ep_buffer+0xa8>
20000ba4:	eb02 1c81 	add.w	ip, r2, r1, lsl #6
20000ba8:	1c72      	adds	r2, r6, #1
20000baa:	ebac 0402 	sub.w	r4, ip, r2
20000bae:	2c02      	cmp	r4, #2
20000bb0:	d92a      	bls.n	20000c08 <prepare_ep_buffer+0xa8>
20000bb2:	4632      	mov	r2, r6
20000bb4:	ea4f 0995 	mov.w	r9, r5, lsr #2
20000bb8:	ea4f 0a89 	mov.w	sl, r9, lsl #2
20000bbc:	eb06 0889 	add.w	r8, r6, r9, lsl #2
20000bc0:	f852 4b04 	ldr.w	r4, [r2], #4
20000bc4:	4542      	cmp	r2, r8
20000bc6:	f84c 4b04 	str.w	r4, [ip], #4
20000bca:	d1f9      	bne.n	20000bc0 <prepare_ep_buffer+0x60>
20000bcc:	4555      	cmp	r5, sl
20000bce:	eba7 070a 	sub.w	r7, r7, sl
20000bd2:	eb0e 040a 	add.w	r4, lr, sl
20000bd6:	d00a      	beq.n	20000bee <prepare_ep_buffer+0x8e>
20000bd8:	f816 6029 	ldrb.w	r6, [r6, r9, lsl #2]
20000bdc:	f80e 6029 	strb.w	r6, [lr, r9, lsl #2]
20000be0:	b12f      	cbz	r7, 20000bee <prepare_ep_buffer+0x8e>
20000be2:	7856      	ldrb	r6, [r2, #1]
20000be4:	2f01      	cmp	r7, #1
20000be6:	7066      	strb	r6, [r4, #1]
20000be8:	d001      	beq.n	20000bee <prepare_ep_buffer+0x8e>
20000bea:	7892      	ldrb	r2, [r2, #2]
20000bec:	70a2      	strb	r2, [r4, #2]
20000bee:	691e      	ldr	r6, [r3, #16]
20000bf0:	8a9c      	ldrh	r4, [r3, #20]
20000bf2:	442e      	add	r6, r5
20000bf4:	611e      	str	r6, [r3, #16]
20000bf6:	f440 4000 	orr.w	r0, r0, #32768	@ 0x8000
20000bfa:	b90c      	cbnz	r4, 20000c00 <prepare_ep_buffer+0xa0>
20000bfc:	f440 4080 	orr.w	r0, r0, #16384	@ 0x4000
20000c00:	b101      	cbz	r1, 20000c04 <prepare_ep_buffer+0xa4>
20000c02:	0400      	lsls	r0, r0, #16
20000c04:	e8bd 87f0 	ldmia.w	sp!, {r4, r5, r6, r7, r8, r9, sl, pc}
20000c08:	f10e 3eff 	add.w	lr, lr, #4294967295	@ 0xffffffff
20000c0c:	442e      	add	r6, r5
20000c0e:	e000      	b.n	20000c12 <prepare_ep_buffer+0xb2>
20000c10:	3201      	adds	r2, #1
20000c12:	f812 4c01 	ldrb.w	r4, [r2, #-1]
20000c16:	42b2      	cmp	r2, r6
20000c18:	f80e 4f01 	strb.w	r4, [lr, #1]!
20000c1c:	d1f8      	bne.n	20000c10 <prepare_ep_buffer+0xb0>
20000c1e:	e7e6      	b.n	20000bee <prepare_ep_buffer+0x8e>

20000c20 <sync_ep_buffer>:
20000c20:	6883      	ldr	r3, [r0, #8]
20000c22:	4602      	mov	r2, r0
20000c24:	6818      	ldr	r0, [r3, #0]
20000c26:	b101      	cbz	r1, 20000c2a <sync_ep_buffer+0xa>
20000c28:	0c00      	lsrs	r0, r0, #16
20000c2a:	7853      	ldrb	r3, [r2, #1]
20000c2c:	f3c0 0009 	ubfx	r0, r0, #0, #10
20000c30:	2b00      	cmp	r3, #0
20000c32:	d03c      	beq.n	20000cae <sync_ep_buffer+0x8e>
20000c34:	e92d 41f0 	stmdb	sp!, {r4, r5, r6, r7, r8, lr}
20000c38:	e9d2 3403 	ldrd	r3, r4, [r2, #12]
20000c3c:	1e46      	subs	r6, r0, #1
20000c3e:	eb03 1e81 	add.w	lr, r3, r1, lsl #6
20000c42:	b340      	cbz	r0, 20000c96 <sync_ep_buffer+0x76>
20000c44:	2e05      	cmp	r6, #5
20000c46:	d93b      	bls.n	20000cc0 <sync_ep_buffer+0xa0>
20000c48:	0189      	lsls	r1, r1, #6
20000c4a:	1c4d      	adds	r5, r1, #1
20000c4c:	441d      	add	r5, r3
20000c4e:	1b65      	subs	r5, r4, r5
20000c50:	2d02      	cmp	r5, #2
20000c52:	d935      	bls.n	20000cc0 <sync_ep_buffer+0xa0>
20000c54:	4673      	mov	r3, lr
20000c56:	4621      	mov	r1, r4
20000c58:	f400 777f 	and.w	r7, r0, #1020	@ 0x3fc
20000c5c:	ea4f 0890 	mov.w	r8, r0, lsr #2
20000c60:	18fd      	adds	r5, r7, r3
20000c62:	f853 cb04 	ldr.w	ip, [r3], #4
20000c66:	42ab      	cmp	r3, r5
20000c68:	f841 cb04 	str.w	ip, [r1], #4
20000c6c:	d1f9      	bne.n	20000c62 <sync_ep_buffer+0x42>
20000c6e:	42b8      	cmp	r0, r7
20000c70:	eba6 0607 	sub.w	r6, r6, r7
20000c74:	eb04 0307 	add.w	r3, r4, r7
20000c78:	eb0e 0107 	add.w	r1, lr, r7
20000c7c:	d00a      	beq.n	20000c94 <sync_ep_buffer+0x74>
20000c7e:	f81e 5028 	ldrb.w	r5, [lr, r8, lsl #2]
20000c82:	f804 5028 	strb.w	r5, [r4, r8, lsl #2]
20000c86:	b12e      	cbz	r6, 20000c94 <sync_ep_buffer+0x74>
20000c88:	784c      	ldrb	r4, [r1, #1]
20000c8a:	2e01      	cmp	r6, #1
20000c8c:	705c      	strb	r4, [r3, #1]
20000c8e:	d001      	beq.n	20000c94 <sync_ep_buffer+0x74>
20000c90:	7889      	ldrb	r1, [r1, #2]
20000c92:	7099      	strb	r1, [r3, #2]
20000c94:	6914      	ldr	r4, [r2, #16]
20000c96:	8ad3      	ldrh	r3, [r2, #22]
20000c98:	4404      	add	r4, r0
20000c9a:	4403      	add	r3, r0
20000c9c:	82d3      	strh	r3, [r2, #22]
20000c9e:	8b13      	ldrh	r3, [r2, #24]
20000ca0:	6114      	str	r4, [r2, #16]
20000ca2:	4283      	cmp	r3, r0
20000ca4:	bf84      	itt	hi
20000ca6:	2300      	movhi	r3, #0
20000ca8:	8293      	strhhi	r3, [r2, #20]
20000caa:	e8bd 81f0 	ldmia.w	sp!, {r4, r5, r6, r7, r8, pc}
20000cae:	8ad3      	ldrh	r3, [r2, #22]
20000cb0:	4403      	add	r3, r0
20000cb2:	82d3      	strh	r3, [r2, #22]
20000cb4:	8b13      	ldrh	r3, [r2, #24]
20000cb6:	4283      	cmp	r3, r0
20000cb8:	bf84      	itt	hi
20000cba:	2300      	movhi	r3, #0
20000cbc:	8293      	strhhi	r3, [r2, #20]
20000cbe:	4770      	bx	lr
20000cc0:	3c01      	subs	r4, #1
20000cc2:	eb0e 0100 	add.w	r1, lr, r0
20000cc6:	f81e 3b01 	ldrb.w	r3, [lr], #1
20000cca:	4571      	cmp	r1, lr
20000ccc:	f804 3f01 	strb.w	r3, [r4, #1]!
20000cd0:	d1f9      	bne.n	20000cc6 <sync_ep_buffer+0xa6>
20000cd2:	e7df      	b.n	20000c94 <sync_ep_buffer+0x74>

20000cd4 <_hw_endpoint_xfer_sync>:
20000cd4:	b510      	push	{r4, lr}
20000cd6:	4604      	mov	r4, r0
20000cd8:	6883      	ldr	r3, [r0, #8]
20000cda:	2100      	movs	r1, #0
20000cdc:	681b      	ldr	r3, [r3, #0]
20000cde:	f7ff ff9f 	bl	20000c20 <sync_ep_buffer>
20000ce2:	6863      	ldr	r3, [r4, #4]
20000ce4:	681b      	ldr	r3, [r3, #0]
20000ce6:	005b      	lsls	r3, r3, #1
20000ce8:	d502      	bpl.n	20000cf0 <_hw_endpoint_xfer_sync+0x1c>
20000cea:	8b23      	ldrh	r3, [r4, #24]
20000cec:	4283      	cmp	r3, r0
20000cee:	d000      	beq.n	20000cf2 <_hw_endpoint_xfer_sync+0x1e>
20000cf0:	bd10      	pop	{r4, pc}
20000cf2:	4620      	mov	r0, r4
20000cf4:	e8bd 4010 	ldmia.w	sp!, {r4, lr}
20000cf8:	2101      	movs	r1, #1
20000cfa:	f7ff bf91 	b.w	20000c20 <sync_ep_buffer>
20000cfe:	bf00      	nop

20000d00 <e15_is_bulkin_ep>:
20000d00:	4b08      	ldr	r3, [pc, #32]	@ (20000d24 <e15_is_bulkin_ep+0x24>)
20000d02:	6c1b      	ldr	r3, [r3, #64]	@ 0x40
20000d04:	f013 0302 	ands.w	r3, r3, #2
20000d08:	d102      	bne.n	20000d10 <e15_is_bulkin_ep+0x10>
20000d0a:	7882      	ldrb	r2, [r0, #2]
20000d0c:	09d2      	lsrs	r2, r2, #7
20000d0e:	d101      	bne.n	20000d14 <e15_is_bulkin_ep+0x14>
20000d10:	2000      	movs	r0, #0
20000d12:	4770      	bx	lr
20000d14:	7ec0      	ldrb	r0, [r0, #27]
20000d16:	f1a0 0002 	sub.w	r0, r0, #2
20000d1a:	fab0 f080 	clz	r0, r0
20000d1e:	0940      	lsrs	r0, r0, #5
20000d20:	4770      	bx	lr
20000d22:	bf00      	nop
20000d24:	50110000 	.word	0x50110000

20000d28 <e15_is_critical_frame_period>:
20000d28:	b508      	push	{r3, lr}
20000d2a:	f7ff ffe9 	bl	20000d00 <e15_is_bulkin_ep>
20000d2e:	b150      	cbz	r0, 20000d46 <e15_is_critical_frame_period+0x1e>
20000d30:	4a05      	ldr	r2, [pc, #20]	@ (20000d48 <e15_is_critical_frame_period+0x20>)
20000d32:	4b06      	ldr	r3, [pc, #24]	@ (20000d4c <e15_is_critical_frame_period+0x24>)
20000d34:	6a90      	ldr	r0, [r2, #40]	@ 0x28
20000d36:	681b      	ldr	r3, [r3, #0]
20000d38:	f5a0 7048 	sub.w	r0, r0, #800	@ 0x320
20000d3c:	1ac0      	subs	r0, r0, r3
20000d3e:	28c6      	cmp	r0, #198	@ 0xc6
20000d40:	bf8c      	ite	hi
20000d42:	2000      	movhi	r0, #0
20000d44:	2001      	movls	r0, #1
20000d46:	bd08      	pop	{r3, pc}
20000d48:	400b0000 	.word	0x400b0000
20000d4c:	2000243c 	.word	0x2000243c

20000d50 <hw_endpoint_reset_transfer>:
20000d50:	2300      	movs	r3, #0
20000d52:	e9c0 3304 	strd	r3, r3, [r0, #16]
20000d56:	7683      	strb	r3, [r0, #26]
20000d58:	4770      	bx	lr
20000d5a:	bf00      	nop

20000d5c <_hw_endpoint_buffer_control_update32>:
20000d5c:	b510      	push	{r4, lr}
20000d5e:	6883      	ldr	r3, [r0, #8]
20000d60:	b109      	cbz	r1, 20000d66 <_hw_endpoint_buffer_control_update32+0xa>
20000d62:	681c      	ldr	r4, [r3, #0]
20000d64:	4021      	ands	r1, r4
20000d66:	b182      	cbz	r2, 20000d8a <_hw_endpoint_buffer_control_update32+0x2e>
20000d68:	4311      	orrs	r1, r2
20000d6a:	0552      	lsls	r2, r2, #21
20000d6c:	d50d      	bpl.n	20000d8a <_hw_endpoint_buffer_control_update32+0x2e>
20000d6e:	681a      	ldr	r2, [r3, #0]
20000d70:	0554      	lsls	r4, r2, #21
20000d72:	d40c      	bmi.n	20000d8e <_hw_endpoint_buffer_control_update32+0x32>
20000d74:	4a08      	ldr	r2, [pc, #32]	@ (20000d98 <_hw_endpoint_buffer_control_update32+0x3c>)
20000d76:	f421 6480 	bic.w	r4, r1, #1024	@ 0x400
20000d7a:	601c      	str	r4, [r3, #0]
20000d7c:	6c12      	ldr	r2, [r2, #64]	@ 0x40
20000d7e:	0792      	lsls	r2, r2, #30
20000d80:	d403      	bmi.n	20000d8a <_hw_endpoint_buffer_control_update32+0x2e>
20000d82:	230c      	movs	r3, #12
20000d84:	3b03      	subs	r3, #3
20000d86:	d2fd      	bcs.n	20000d84 <_hw_endpoint_buffer_control_update32+0x28>
20000d88:	6883      	ldr	r3, [r0, #8]
20000d8a:	6019      	str	r1, [r3, #0]
20000d8c:	bd10      	pop	{r4, pc}
20000d8e:	7881      	ldrb	r1, [r0, #2]
20000d90:	4802      	ldr	r0, [pc, #8]	@ (20000d9c <_hw_endpoint_buffer_control_update32+0x40>)
20000d92:	f000 fc35 	bl	20001600 <__panic_veneer>
20000d96:	bf00      	nop
20000d98:	50110000 	.word	0x50110000
20000d9c:	1000d260 	.word	0x1000d260

20000da0 <hw_endpoint_start_next_buffer>:
20000da0:	b530      	push	{r4, r5, lr}
20000da2:	6843      	ldr	r3, [r0, #4]
20000da4:	2100      	movs	r1, #0
20000da6:	b083      	sub	sp, #12
20000da8:	4604      	mov	r4, r0
20000daa:	681d      	ldr	r5, [r3, #0]
20000dac:	f7ff fed8 	bl	20000b60 <prepare_ep_buffer>
20000db0:	4b13      	ldr	r3, [pc, #76]	@ (20000e00 <hw_endpoint_start_next_buffer+0x60>)
20000db2:	f440 5280 	orr.w	r2, r0, #4096	@ 0x1000
20000db6:	6c19      	ldr	r1, [r3, #64]	@ 0x40
20000db8:	78a3      	ldrb	r3, [r4, #2]
20000dba:	0789      	lsls	r1, r1, #30
20000dbc:	d50e      	bpl.n	20000ddc <hw_endpoint_start_next_buffer+0x3c>
20000dbe:	065b      	lsls	r3, r3, #25
20000dc0:	d00e      	beq.n	20000de0 <hw_endpoint_start_next_buffer+0x40>
20000dc2:	f025 45a0 	bic.w	r5, r5, #1342177280	@ 0x50000000
20000dc6:	f045 5500 	orr.w	r5, r5, #536870912	@ 0x20000000
20000dca:	2100      	movs	r1, #0
20000dcc:	4620      	mov	r0, r4
20000dce:	6863      	ldr	r3, [r4, #4]
20000dd0:	601d      	str	r5, [r3, #0]
20000dd2:	b003      	add	sp, #12
20000dd4:	e8bd 4030 	ldmia.w	sp!, {r4, r5, lr}
20000dd8:	f7ff bfc0 	b.w	20000d5c <_hw_endpoint_buffer_control_update32>
20000ddc:	09db      	lsrs	r3, r3, #7
20000dde:	d0f0      	beq.n	20000dc2 <hw_endpoint_start_next_buffer+0x22>
20000de0:	8aa3      	ldrh	r3, [r4, #20]
20000de2:	2b00      	cmp	r3, #0
20000de4:	d0ed      	beq.n	20000dc2 <hw_endpoint_start_next_buffer+0x22>
20000de6:	2101      	movs	r1, #1
20000de8:	4620      	mov	r0, r4
20000dea:	9201      	str	r2, [sp, #4]
20000dec:	f7ff feb8 	bl	20000b60 <prepare_ep_buffer>
20000df0:	9a01      	ldr	r2, [sp, #4]
20000df2:	f025 5500 	bic.w	r5, r5, #536870912	@ 0x20000000
20000df6:	4302      	orrs	r2, r0
20000df8:	f045 45a0 	orr.w	r5, r5, #1342177280	@ 0x50000000
20000dfc:	e7e5      	b.n	20000dca <hw_endpoint_start_next_buffer+0x2a>
20000dfe:	bf00      	nop
20000e00:	50110000 	.word	0x50110000

20000e04 <hw_endpoint_xfer_continue>:
20000e04:	b538      	push	{r3, r4, r5, lr}
20000e06:	7e85      	ldrb	r5, [r0, #26]
20000e08:	4604      	mov	r4, r0
20000e0a:	b195      	cbz	r5, 20000e32 <hw_endpoint_xfer_continue+0x2e>
20000e0c:	f7ff ff62 	bl	20000cd4 <_hw_endpoint_xfer_sync>
20000e10:	8aa3      	ldrh	r3, [r4, #20]
20000e12:	b90b      	cbnz	r3, 20000e18 <hw_endpoint_xfer_continue+0x14>
20000e14:	4628      	mov	r0, r5
20000e16:	bd38      	pop	{r3, r4, r5, pc}
20000e18:	4620      	mov	r0, r4
20000e1a:	f7ff ff85 	bl	20000d28 <e15_is_critical_frame_period>
20000e1e:	b120      	cbz	r0, 20000e2a <hw_endpoint_xfer_continue+0x26>
20000e20:	2301      	movs	r3, #1
20000e22:	7723      	strb	r3, [r4, #28]
20000e24:	2500      	movs	r5, #0
20000e26:	4628      	mov	r0, r5
20000e28:	bd38      	pop	{r3, r4, r5, pc}
20000e2a:	4620      	mov	r0, r4
20000e2c:	f7ff ffb8 	bl	20000da0 <hw_endpoint_start_next_buffer>
20000e30:	e7f8      	b.n	20000e24 <hw_endpoint_xfer_continue+0x20>
20000e32:	7881      	ldrb	r1, [r0, #2]
20000e34:	4801      	ldr	r0, [pc, #4]	@ (20000e3c <hw_endpoint_xfer_continue+0x38>)
20000e36:	f000 fbe3 	bl	20001600 <__panic_veneer>
20000e3a:	bf00      	nop
20000e3c:	1000d280 	.word	0x1000d280

20000e40 <dcd_event_handler>:
20000e40:	e92d 43f0 	stmdb	sp!, {r4, r5, r6, r7, r8, r9, lr}
20000e44:	7843      	ldrb	r3, [r0, #1]
20000e46:	4604      	mov	r4, r0
20000e48:	3b02      	subs	r3, #2
20000e4a:	460d      	mov	r5, r1
20000e4c:	b085      	sub	sp, #20
20000e4e:	2b04      	cmp	r3, #4
20000e50:	d813      	bhi.n	20000e7a <dcd_event_handler+0x3a>
20000e52:	e8df f003 	tbb	[pc, r3]
20000e56:	4803      	.short	0x4803
20000e58:	7067      	.short	0x7067
20000e5a:	42          	.byte	0x42
20000e5b:	00          	.byte	0x00
20000e5c:	2100      	movs	r1, #0
20000e5e:	4b78      	ldr	r3, [pc, #480]	@ (20001040 <dcd_event_handler+0x200>)
20000e60:	781a      	ldrb	r2, [r3, #0]
20000e62:	f022 0201 	bic.w	r2, r2, #1
20000e66:	701a      	strb	r2, [r3, #0]
20000e68:	781a      	ldrb	r2, [r3, #0]
20000e6a:	f022 0202 	bic.w	r2, r2, #2
20000e6e:	701a      	strb	r2, [r3, #0]
20000e70:	7059      	strb	r1, [r3, #1]
20000e72:	781a      	ldrb	r2, [r3, #0]
20000e74:	f361 0282 	bfi	r2, r1, #2, #1
20000e78:	701a      	strb	r2, [r3, #0]
20000e7a:	4b72      	ldr	r3, [pc, #456]	@ (20001044 <dcd_event_handler+0x204>)
20000e7c:	681e      	ldr	r6, [r3, #0]
20000e7e:	6973      	ldr	r3, [r6, #20]
20000e80:	f3ef 8210 	mrs	r2, PRIMASK
20000e84:	b672      	cpsid	i
20000e86:	e8d3 0fcf 	ldaexb	r0, [r3]
20000e8a:	2101      	movs	r1, #1
20000e8c:	2800      	cmp	r0, #0
20000e8e:	d1fa      	bne.n	20000e86 <dcd_event_handler+0x46>
20000e90:	e8c3 1f40 	strexb	r0, r1, [r3]
20000e94:	2800      	cmp	r0, #0
20000e96:	d1f6      	bne.n	20000e86 <dcd_event_handler+0x46>
20000e98:	f3bf 8f5f 	dmb	sy
20000e9c:	61b2      	str	r2, [r6, #24]
20000e9e:	4621      	mov	r1, r4
20000ea0:	4630      	mov	r0, r6
20000ea2:	f000 fbb5 	bl	20001610 <__tu_fifo_write_veneer>
20000ea6:	2300      	movs	r3, #0
20000ea8:	6972      	ldr	r2, [r6, #20]
20000eaa:	e8c2 3f8f 	stlb	r3, [r2]
20000eae:	69b3      	ldr	r3, [r6, #24]
20000eb0:	f383 8810 	msr	PRIMASK, r3
20000eb4:	b948      	cbnz	r0, 20000eca <dcd_event_handler+0x8a>
20000eb6:	f04f 23e0 	mov.w	r3, #3758153728	@ 0xe000e000
20000eba:	f8d3 3df0 	ldr.w	r3, [r3, #3568]	@ 0xdf0
20000ebe:	07db      	lsls	r3, r3, #31
20000ec0:	d508      	bpl.n	20000ed4 <dcd_event_handler+0x94>
20000ec2:	be00      	bkpt	0x0000
20000ec4:	b005      	add	sp, #20
20000ec6:	e8bd 83f0 	ldmia.w	sp!, {r4, r5, r6, r7, r8, r9, pc}
20000eca:	462a      	mov	r2, r5
20000ecc:	7861      	ldrb	r1, [r4, #1]
20000ece:	7820      	ldrb	r0, [r4, #0]
20000ed0:	f000 fb92 	bl	200015f8 <__tud_event_hook_cb_veneer>
20000ed4:	b005      	add	sp, #20
20000ed6:	e8bd 83f0 	ldmia.w	sp!, {r4, r5, r6, r7, r8, r9, pc}
20000eda:	4a5b      	ldr	r2, [pc, #364]	@ (20001048 <dcd_event_handler+0x208>)
20000edc:	7813      	ldrb	r3, [r2, #0]
20000ede:	3301      	adds	r3, #1
20000ee0:	b2db      	uxtb	r3, r3
20000ee2:	7013      	strb	r3, [r2, #0]
20000ee4:	e7c9      	b.n	20000e7a <dcd_event_handler+0x3a>
20000ee6:	f04f 0900 	mov.w	r9, #0
20000eea:	4e58      	ldr	r6, [pc, #352]	@ (2000104c <dcd_event_handler+0x20c>)
20000eec:	464b      	mov	r3, r9
20000eee:	7831      	ldrb	r1, [r6, #0]
20000ef0:	f8df 8160 	ldr.w	r8, [pc, #352]	@ 20001054 <dcd_event_handler+0x214>
20000ef4:	4f56      	ldr	r7, [pc, #344]	@ (20001050 <dcd_event_handler+0x210>)
20000ef6:	e00f      	b.n	20000f18 <dcd_event_handler+0xd8>
20000ef8:	683a      	ldr	r2, [r7, #0]
20000efa:	eb12 1343 	adds.w	r3, r2, r3, lsl #5
20000efe:	d005      	beq.n	20000f0c <dcd_event_handler+0xcc>
20000f00:	69db      	ldr	r3, [r3, #28]
20000f02:	b11b      	cbz	r3, 20000f0c <dcd_event_handler+0xcc>
20000f04:	6861      	ldr	r1, [r4, #4]
20000f06:	7820      	ldrb	r0, [r4, #0]
20000f08:	4798      	blx	r3
20000f0a:	7831      	ldrb	r1, [r6, #0]
20000f0c:	f109 0901 	add.w	r9, r9, #1
20000f10:	fa5f f389 	uxtb.w	r3, r9
20000f14:	428b      	cmp	r3, r1
20000f16:	d817      	bhi.n	20000f48 <dcd_event_handler+0x108>
20000f18:	4299      	cmp	r1, r3
20000f1a:	d8ed      	bhi.n	20000ef8 <dcd_event_handler+0xb8>
20000f1c:	1a5b      	subs	r3, r3, r1
20000f1e:	eb08 1343 	add.w	r3, r8, r3, lsl #5
20000f22:	e7ed      	b.n	20000f00 <dcd_event_handler+0xc0>
20000f24:	4b46      	ldr	r3, [pc, #280]	@ (20001040 <dcd_event_handler+0x200>)
20000f26:	781a      	ldrb	r2, [r3, #0]
20000f28:	07d7      	lsls	r7, r2, #31
20000f2a:	d5d3      	bpl.n	20000ed4 <dcd_event_handler+0x94>
20000f2c:	781a      	ldrb	r2, [r3, #0]
20000f2e:	f042 0204 	orr.w	r2, r2, #4
20000f32:	701a      	strb	r2, [r3, #0]
20000f34:	e7a1      	b.n	20000e7a <dcd_event_handler+0x3a>
20000f36:	4b42      	ldr	r3, [pc, #264]	@ (20001040 <dcd_event_handler+0x200>)
20000f38:	781a      	ldrb	r2, [r3, #0]
20000f3a:	07d6      	lsls	r6, r2, #31
20000f3c:	d5ca      	bpl.n	20000ed4 <dcd_event_handler+0x94>
20000f3e:	781a      	ldrb	r2, [r3, #0]
20000f40:	f022 0204 	bic.w	r2, r2, #4
20000f44:	701a      	strb	r2, [r3, #0]
20000f46:	e798      	b.n	20000e7a <dcd_event_handler+0x3a>
20000f48:	4e3d      	ldr	r6, [pc, #244]	@ (20001040 <dcd_event_handler+0x200>)
20000f4a:	7833      	ldrb	r3, [r6, #0]
20000f4c:	0758      	lsls	r0, r3, #29
20000f4e:	d437      	bmi.n	20000fc0 <dcd_event_handler+0x180>
20000f50:	78f3      	ldrb	r3, [r6, #3]
20000f52:	07da      	lsls	r2, r3, #31
20000f54:	d5be      	bpl.n	20000ed4 <dcd_event_handler+0x94>
20000f56:	2303      	movs	r3, #3
20000f58:	2700      	movs	r7, #0
20000f5a:	4a3a      	ldr	r2, [pc, #232]	@ (20001044 <dcd_event_handler+0x204>)
20000f5c:	7821      	ldrb	r1, [r4, #0]
20000f5e:	6816      	ldr	r6, [r2, #0]
20000f60:	6862      	ldr	r2, [r4, #4]
20000f62:	f88d 1004 	strb.w	r1, [sp, #4]
20000f66:	f88d 3005 	strb.w	r3, [sp, #5]
20000f6a:	6973      	ldr	r3, [r6, #20]
20000f6c:	f8cd 7006 	str.w	r7, [sp, #6]
20000f70:	f8cd 700a 	str.w	r7, [sp, #10]
20000f74:	f8ad 700e 	strh.w	r7, [sp, #14]
20000f78:	9202      	str	r2, [sp, #8]
20000f7a:	f3ef 8210 	mrs	r2, PRIMASK
20000f7e:	b672      	cpsid	i
20000f80:	e8d3 0fcf 	ldaexb	r0, [r3]
20000f84:	2101      	movs	r1, #1
20000f86:	2800      	cmp	r0, #0
20000f88:	d1fa      	bne.n	20000f80 <dcd_event_handler+0x140>
20000f8a:	e8c3 1f40 	strexb	r0, r1, [r3]
20000f8e:	2800      	cmp	r0, #0
20000f90:	d1f6      	bne.n	20000f80 <dcd_event_handler+0x140>
20000f92:	f3bf 8f5f 	dmb	sy
20000f96:	4630      	mov	r0, r6
20000f98:	61b2      	str	r2, [r6, #24]
20000f9a:	a901      	add	r1, sp, #4
20000f9c:	f000 fb38 	bl	20001610 <__tu_fifo_write_veneer>
20000fa0:	6973      	ldr	r3, [r6, #20]
20000fa2:	e8c3 7f8f 	stlb	r7, [r3]
20000fa6:	69b3      	ldr	r3, [r6, #24]
20000fa8:	f383 8810 	msr	PRIMASK, r3
20000fac:	2800      	cmp	r0, #0
20000fae:	d082      	beq.n	20000eb6 <dcd_event_handler+0x76>
20000fb0:	462a      	mov	r2, r5
20000fb2:	f89d 1005 	ldrb.w	r1, [sp, #5]
20000fb6:	f89d 0004 	ldrb.w	r0, [sp, #4]
20000fba:	f000 fb1d 	bl	200015f8 <__tud_event_hook_cb_veneer>
20000fbe:	e789      	b.n	20000ed4 <dcd_event_handler+0x94>
20000fc0:	7833      	ldrb	r3, [r6, #0]
20000fc2:	f04f 0800 	mov.w	r8, #0
20000fc6:	f023 0304 	bic.w	r3, r3, #4
20000fca:	7033      	strb	r3, [r6, #0]
20000fcc:	2305      	movs	r3, #5
20000fce:	4a1d      	ldr	r2, [pc, #116]	@ (20001044 <dcd_event_handler+0x204>)
20000fd0:	f88d 3005 	strb.w	r3, [sp, #5]
20000fd4:	6817      	ldr	r7, [r2, #0]
20000fd6:	7822      	ldrb	r2, [r4, #0]
20000fd8:	f8ad 800e 	strh.w	r8, [sp, #14]
20000fdc:	f88d 2004 	strb.w	r2, [sp, #4]
20000fe0:	697b      	ldr	r3, [r7, #20]
20000fe2:	f8cd 8006 	str.w	r8, [sp, #6]
20000fe6:	f8cd 800a 	str.w	r8, [sp, #10]
20000fea:	f3ef 8210 	mrs	r2, PRIMASK
20000fee:	b672      	cpsid	i
20000ff0:	e8d3 0fcf 	ldaexb	r0, [r3]
20000ff4:	2101      	movs	r1, #1
20000ff6:	2800      	cmp	r0, #0
20000ff8:	d1fa      	bne.n	20000ff0 <dcd_event_handler+0x1b0>
20000ffa:	e8c3 1f40 	strexb	r0, r1, [r3]
20000ffe:	2800      	cmp	r0, #0
20001000:	d1f6      	bne.n	20000ff0 <dcd_event_handler+0x1b0>
20001002:	f3bf 8f5f 	dmb	sy
20001006:	4638      	mov	r0, r7
20001008:	61ba      	str	r2, [r7, #24]
2000100a:	a901      	add	r1, sp, #4
2000100c:	f000 fb00 	bl	20001610 <__tu_fifo_write_veneer>
20001010:	697b      	ldr	r3, [r7, #20]
20001012:	e8c3 8f8f 	stlb	r8, [r3]
20001016:	69bb      	ldr	r3, [r7, #24]
20001018:	f383 8810 	msr	PRIMASK, r3
2000101c:	b938      	cbnz	r0, 2000102e <dcd_event_handler+0x1ee>
2000101e:	f04f 23e0 	mov.w	r3, #3758153728	@ 0xe000e000
20001022:	f8d3 3df0 	ldr.w	r3, [r3, #3568]	@ 0xdf0
20001026:	07d9      	lsls	r1, r3, #31
20001028:	d592      	bpl.n	20000f50 <dcd_event_handler+0x110>
2000102a:	be00      	bkpt	0x0000
2000102c:	e790      	b.n	20000f50 <dcd_event_handler+0x110>
2000102e:	462a      	mov	r2, r5
20001030:	f89d 1005 	ldrb.w	r1, [sp, #5]
20001034:	f89d 0004 	ldrb.w	r0, [sp, #4]
20001038:	f000 fade 	bl	200015f8 <__tud_event_hook_cb_veneer>
2000103c:	e788      	b.n	20000f50 <dcd_event_handler+0x110>
2000103e:	bf00      	nop
20001040:	200021bc 	.word	0x200021bc
20001044:	20002214 	.word	0x20002214
20001048:	200028a7 	.word	0x200028a7
2000104c:	200028a5 	.word	0x200028a5
20001050:	20001fec 	.word	0x20001fec
20001054:	1000d774 	.word	0x1000d774

20001058 <__aeabi_uldivmod>:
20001058:	b953      	cbnz	r3, 20001070 <__aeabi_uldivmod+0x18>
2000105a:	b94a      	cbnz	r2, 20001070 <__aeabi_uldivmod+0x18>
2000105c:	2900      	cmp	r1, #0
2000105e:	bf08      	it	eq
20001060:	2800      	cmpeq	r0, #0
20001062:	bf1c      	itt	ne
20001064:	f04f 31ff 	movne.w	r1, #4294967295	@ 0xffffffff
20001068:	f04f 30ff 	movne.w	r0, #4294967295	@ 0xffffffff
2000106c:	f000 b9c6 	b.w	200013fc <__aeabi_idiv0>
20001070:	f1ad 0c08 	sub.w	ip, sp, #8
20001074:	e96d ce04 	strd	ip, lr, [sp, #-16]!
20001078:	f000 f81a 	bl	200010b0 <__udivmoddi4>
2000107c:	f8dd e004 	ldr.w	lr, [sp, #4]
20001080:	e9dd 2302 	ldrd	r2, r3, [sp, #8]
20001084:	b004      	add	sp, #16
20001086:	4770      	bx	lr

20001088 <__popcountsi2>:
20001088:	0843      	lsrs	r3, r0, #1
2000108a:	f003 3355 	and.w	r3, r3, #1431655765	@ 0x55555555
2000108e:	1ac0      	subs	r0, r0, r3
20001090:	0883      	lsrs	r3, r0, #2
20001092:	f000 3033 	and.w	r0, r0, #858993459	@ 0x33333333
20001096:	f003 3333 	and.w	r3, r3, #858993459	@ 0x33333333
2000109a:	4418      	add	r0, r3
2000109c:	eb00 1010 	add.w	r0, r0, r0, lsr #4
200010a0:	f000 300f 	and.w	r0, r0, #252645135	@ 0xf0f0f0f
200010a4:	eb00 2000 	add.w	r0, r0, r0, lsl #8
200010a8:	eb00 4000 	add.w	r0, r0, r0, lsl #16
200010ac:	0e00      	lsrs	r0, r0, #24
200010ae:	4770      	bx	lr

200010b0 <__udivmoddi4>:
200010b0:	e92d 4ff0 	stmdb	sp!, {r4, r5, r6, r7, r8, r9, sl, fp, lr}
200010b4:	468c      	mov	ip, r1
200010b6:	9e09      	ldr	r6, [sp, #36]	@ 0x24
200010b8:	4604      	mov	r4, r0
200010ba:	460f      	mov	r7, r1
200010bc:	2b00      	cmp	r3, #0
200010be:	d148      	bne.n	20001152 <__udivmoddi4+0xa2>
200010c0:	428a      	cmp	r2, r1
200010c2:	4615      	mov	r5, r2
200010c4:	d95e      	bls.n	20001184 <__udivmoddi4+0xd4>
200010c6:	fab2 f382 	clz	r3, r2
200010ca:	b13b      	cbz	r3, 200010dc <__udivmoddi4+0x2c>
200010cc:	f1c3 0220 	rsb	r2, r3, #32
200010d0:	409f      	lsls	r7, r3
200010d2:	409d      	lsls	r5, r3
200010d4:	409c      	lsls	r4, r3
200010d6:	fa20 f202 	lsr.w	r2, r0, r2
200010da:	4317      	orrs	r7, r2
200010dc:	ea4f 4e15 	mov.w	lr, r5, lsr #16
200010e0:	fa1f fc85 	uxth.w	ip, r5
200010e4:	0c22      	lsrs	r2, r4, #16
200010e6:	fbb7 f1fe 	udiv	r1, r7, lr
200010ea:	fb0e 7711 	mls	r7, lr, r1, r7
200010ee:	fb01 f00c 	mul.w	r0, r1, ip
200010f2:	ea42 4207 	orr.w	r2, r2, r7, lsl #16
200010f6:	4290      	cmp	r0, r2
200010f8:	d907      	bls.n	2000110a <__udivmoddi4+0x5a>
200010fa:	18aa      	adds	r2, r5, r2
200010fc:	f101 37ff 	add.w	r7, r1, #4294967295	@ 0xffffffff
20001100:	d202      	bcs.n	20001108 <__udivmoddi4+0x58>
20001102:	4290      	cmp	r0, r2
20001104:	f200 8158 	bhi.w	200013b8 <__udivmoddi4+0x308>
20001108:	4639      	mov	r1, r7
2000110a:	1a12      	subs	r2, r2, r0
2000110c:	b2a4      	uxth	r4, r4
2000110e:	fbb2 f0fe 	udiv	r0, r2, lr
20001112:	fb0e 2210 	mls	r2, lr, r0, r2
20001116:	fb00 fc0c 	mul.w	ip, r0, ip
2000111a:	ea44 4402 	orr.w	r4, r4, r2, lsl #16
2000111e:	45a4      	cmp	ip, r4
20001120:	d90b      	bls.n	2000113a <__udivmoddi4+0x8a>
20001122:	192c      	adds	r4, r5, r4
20001124:	f100 32ff 	add.w	r2, r0, #4294967295	@ 0xffffffff
20001128:	bf2c      	ite	cs
2000112a:	2701      	movcs	r7, #1
2000112c:	2700      	movcc	r7, #0
2000112e:	45a4      	cmp	ip, r4
20001130:	d902      	bls.n	20001138 <__udivmoddi4+0x88>
20001132:	2f00      	cmp	r7, #0
20001134:	f000 8143 	beq.w	200013be <__udivmoddi4+0x30e>
20001138:	4610      	mov	r0, r2
2000113a:	ea40 4001 	orr.w	r0, r0, r1, lsl #16
2000113e:	eba4 040c 	sub.w	r4, r4, ip
20001142:	2100      	movs	r1, #0
20001144:	b11e      	cbz	r6, 2000114e <__udivmoddi4+0x9e>
20001146:	40dc      	lsrs	r4, r3
20001148:	2300      	movs	r3, #0
2000114a:	e9c6 4300 	strd	r4, r3, [r6]
2000114e:	e8bd 8ff0 	ldmia.w	sp!, {r4, r5, r6, r7, r8, r9, sl, fp, pc}
20001152:	428b      	cmp	r3, r1
20001154:	d906      	bls.n	20001164 <__udivmoddi4+0xb4>
20001156:	b10e      	cbz	r6, 2000115c <__udivmoddi4+0xac>
20001158:	e9c6 0100 	strd	r0, r1, [r6]
2000115c:	2100      	movs	r1, #0
2000115e:	4608      	mov	r0, r1
20001160:	e8bd 8ff0 	ldmia.w	sp!, {r4, r5, r6, r7, r8, r9, sl, fp, pc}
20001164:	fab3 f183 	clz	r1, r3
20001168:	2900      	cmp	r1, #0
2000116a:	d151      	bne.n	20001210 <__udivmoddi4+0x160>
2000116c:	4563      	cmp	r3, ip
2000116e:	f0c0 8116 	bcc.w	2000139e <__udivmoddi4+0x2ee>
20001172:	4282      	cmp	r2, r0
20001174:	f240 8113 	bls.w	2000139e <__udivmoddi4+0x2ee>
20001178:	4608      	mov	r0, r1
2000117a:	2e00      	cmp	r6, #0
2000117c:	d0e7      	beq.n	2000114e <__udivmoddi4+0x9e>
2000117e:	e9c6 4700 	strd	r4, r7, [r6]
20001182:	e7e4      	b.n	2000114e <__udivmoddi4+0x9e>
20001184:	2a00      	cmp	r2, #0
20001186:	f000 80af 	beq.w	200012e8 <__udivmoddi4+0x238>
2000118a:	fab2 f382 	clz	r3, r2
2000118e:	2b00      	cmp	r3, #0
20001190:	f040 80c2 	bne.w	20001318 <__udivmoddi4+0x268>
20001194:	1a8a      	subs	r2, r1, r2
20001196:	ea4f 4e15 	mov.w	lr, r5, lsr #16
2000119a:	b2af      	uxth	r7, r5
2000119c:	2101      	movs	r1, #1
2000119e:	0c20      	lsrs	r0, r4, #16
200011a0:	fbb2 fcfe 	udiv	ip, r2, lr
200011a4:	fb0e 221c 	mls	r2, lr, ip, r2
200011a8:	ea40 4202 	orr.w	r2, r0, r2, lsl #16
200011ac:	fb07 f00c 	mul.w	r0, r7, ip
200011b0:	4290      	cmp	r0, r2
200011b2:	d90e      	bls.n	200011d2 <__udivmoddi4+0x122>
200011b4:	18aa      	adds	r2, r5, r2
200011b6:	f10c 38ff 	add.w	r8, ip, #4294967295	@ 0xffffffff
200011ba:	bf2c      	ite	cs
200011bc:	f04f 0901 	movcs.w	r9, #1
200011c0:	f04f 0900 	movcc.w	r9, #0
200011c4:	4290      	cmp	r0, r2
200011c6:	d903      	bls.n	200011d0 <__udivmoddi4+0x120>
200011c8:	f1b9 0f00 	cmp.w	r9, #0
200011cc:	f000 80f0 	beq.w	200013b0 <__udivmoddi4+0x300>
200011d0:	46c4      	mov	ip, r8
200011d2:	1a12      	subs	r2, r2, r0
200011d4:	b2a4      	uxth	r4, r4
200011d6:	fbb2 f0fe 	udiv	r0, r2, lr
200011da:	fb0e 2210 	mls	r2, lr, r0, r2
200011de:	fb00 f707 	mul.w	r7, r0, r7
200011e2:	ea44 4402 	orr.w	r4, r4, r2, lsl #16
200011e6:	42a7      	cmp	r7, r4
200011e8:	d90e      	bls.n	20001208 <__udivmoddi4+0x158>
200011ea:	192c      	adds	r4, r5, r4
200011ec:	f100 32ff 	add.w	r2, r0, #4294967295	@ 0xffffffff
200011f0:	bf2c      	ite	cs
200011f2:	f04f 0e01 	movcs.w	lr, #1
200011f6:	f04f 0e00 	movcc.w	lr, #0
200011fa:	42a7      	cmp	r7, r4
200011fc:	d903      	bls.n	20001206 <__udivmoddi4+0x156>
200011fe:	f1be 0f00 	cmp.w	lr, #0
20001202:	f000 80d2 	beq.w	200013aa <__udivmoddi4+0x2fa>
20001206:	4610      	mov	r0, r2
20001208:	1be4      	subs	r4, r4, r7
2000120a:	ea40 400c 	orr.w	r0, r0, ip, lsl #16
2000120e:	e799      	b.n	20001144 <__udivmoddi4+0x94>
20001210:	f1c1 0520 	rsb	r5, r1, #32
20001214:	408b      	lsls	r3, r1
20001216:	fa0c f401 	lsl.w	r4, ip, r1
2000121a:	fa00 f901 	lsl.w	r9, r0, r1
2000121e:	fa22 f705 	lsr.w	r7, r2, r5
20001222:	fa2c fc05 	lsr.w	ip, ip, r5
20001226:	408a      	lsls	r2, r1
20001228:	431f      	orrs	r7, r3
2000122a:	fa20 f305 	lsr.w	r3, r0, r5
2000122e:	0c38      	lsrs	r0, r7, #16
20001230:	4323      	orrs	r3, r4
20001232:	fa1f fe87 	uxth.w	lr, r7
20001236:	0c1c      	lsrs	r4, r3, #16
20001238:	fbbc f8f0 	udiv	r8, ip, r0
2000123c:	fb00 cc18 	mls	ip, r0, r8, ip
20001240:	ea44 440c 	orr.w	r4, r4, ip, lsl #16
20001244:	fb08 fc0e 	mul.w	ip, r8, lr
20001248:	45a4      	cmp	ip, r4
2000124a:	d90e      	bls.n	2000126a <__udivmoddi4+0x1ba>
2000124c:	193c      	adds	r4, r7, r4
2000124e:	f108 3aff 	add.w	sl, r8, #4294967295	@ 0xffffffff
20001252:	bf2c      	ite	cs
20001254:	f04f 0b01 	movcs.w	fp, #1
20001258:	f04f 0b00 	movcc.w	fp, #0
2000125c:	45a4      	cmp	ip, r4
2000125e:	d903      	bls.n	20001268 <__udivmoddi4+0x1b8>
20001260:	f1bb 0f00 	cmp.w	fp, #0
20001264:	f000 80b8 	beq.w	200013d8 <__udivmoddi4+0x328>
20001268:	46d0      	mov	r8, sl
2000126a:	eba4 040c 	sub.w	r4, r4, ip
2000126e:	fa1f fc83 	uxth.w	ip, r3
20001272:	fbb4 f3f0 	udiv	r3, r4, r0
20001276:	fb00 4413 	mls	r4, r0, r3, r4
2000127a:	fb03 fe0e 	mul.w	lr, r3, lr
2000127e:	ea4c 4404 	orr.w	r4, ip, r4, lsl #16
20001282:	45a6      	cmp	lr, r4
20001284:	d90e      	bls.n	200012a4 <__udivmoddi4+0x1f4>
20001286:	193c      	adds	r4, r7, r4
20001288:	f103 30ff 	add.w	r0, r3, #4294967295	@ 0xffffffff
2000128c:	bf2c      	ite	cs
2000128e:	f04f 0c01 	movcs.w	ip, #1
20001292:	f04f 0c00 	movcc.w	ip, #0
20001296:	45a6      	cmp	lr, r4
20001298:	d903      	bls.n	200012a2 <__udivmoddi4+0x1f2>
2000129a:	f1bc 0f00 	cmp.w	ip, #0
2000129e:	f000 809f 	beq.w	200013e0 <__udivmoddi4+0x330>
200012a2:	4603      	mov	r3, r0
200012a4:	ea43 4008 	orr.w	r0, r3, r8, lsl #16
200012a8:	eba4 040e 	sub.w	r4, r4, lr
200012ac:	fba0 ec02 	umull	lr, ip, r0, r2
200012b0:	4564      	cmp	r4, ip
200012b2:	4673      	mov	r3, lr
200012b4:	46e0      	mov	r8, ip
200012b6:	d302      	bcc.n	200012be <__udivmoddi4+0x20e>
200012b8:	d107      	bne.n	200012ca <__udivmoddi4+0x21a>
200012ba:	45f1      	cmp	r9, lr
200012bc:	d205      	bcs.n	200012ca <__udivmoddi4+0x21a>
200012be:	ebbe 0302 	subs.w	r3, lr, r2
200012c2:	eb6c 0c07 	sbc.w	ip, ip, r7
200012c6:	3801      	subs	r0, #1
200012c8:	46e0      	mov	r8, ip
200012ca:	b15e      	cbz	r6, 200012e4 <__udivmoddi4+0x234>
200012cc:	ebb9 0203 	subs.w	r2, r9, r3
200012d0:	eb64 0408 	sbc.w	r4, r4, r8
200012d4:	fa04 f505 	lsl.w	r5, r4, r5
200012d8:	fa22 f301 	lsr.w	r3, r2, r1
200012dc:	40cc      	lsrs	r4, r1
200012de:	431d      	orrs	r5, r3
200012e0:	e9c6 5400 	strd	r5, r4, [r6]
200012e4:	2100      	movs	r1, #0
200012e6:	e732      	b.n	2000114e <__udivmoddi4+0x9e>
200012e8:	0842      	lsrs	r2, r0, #1
200012ea:	462f      	mov	r7, r5
200012ec:	084b      	lsrs	r3, r1, #1
200012ee:	46ac      	mov	ip, r5
200012f0:	ea42 72c1 	orr.w	r2, r2, r1, lsl #31
200012f4:	46ae      	mov	lr, r5
200012f6:	07c4      	lsls	r4, r0, #31
200012f8:	0c11      	lsrs	r1, r2, #16
200012fa:	b292      	uxth	r2, r2
200012fc:	ea41 4103 	orr.w	r1, r1, r3, lsl #16
20001300:	ea42 4201 	orr.w	r2, r2, r1, lsl #16
20001304:	fbb1 f1f5 	udiv	r1, r1, r5
20001308:	fbb3 f0f5 	udiv	r0, r3, r5
2000130c:	231f      	movs	r3, #31
2000130e:	eba2 020c 	sub.w	r2, r2, ip
20001312:	ea41 4100 	orr.w	r1, r1, r0, lsl #16
20001316:	e742      	b.n	2000119e <__udivmoddi4+0xee>
20001318:	409d      	lsls	r5, r3
2000131a:	f1c3 0220 	rsb	r2, r3, #32
2000131e:	4099      	lsls	r1, r3
20001320:	409c      	lsls	r4, r3
20001322:	fa2c fc02 	lsr.w	ip, ip, r2
20001326:	ea4f 4e15 	mov.w	lr, r5, lsr #16
2000132a:	fa20 f202 	lsr.w	r2, r0, r2
2000132e:	b2af      	uxth	r7, r5
20001330:	fbbc f8fe 	udiv	r8, ip, lr
20001334:	430a      	orrs	r2, r1
20001336:	fb0e cc18 	mls	ip, lr, r8, ip
2000133a:	0c11      	lsrs	r1, r2, #16
2000133c:	ea41 410c 	orr.w	r1, r1, ip, lsl #16
20001340:	fb08 fc07 	mul.w	ip, r8, r7
20001344:	458c      	cmp	ip, r1
20001346:	d950      	bls.n	200013ea <__udivmoddi4+0x33a>
20001348:	1869      	adds	r1, r5, r1
2000134a:	f108 30ff 	add.w	r0, r8, #4294967295	@ 0xffffffff
2000134e:	bf2c      	ite	cs
20001350:	f04f 0901 	movcs.w	r9, #1
20001354:	f04f 0900 	movcc.w	r9, #0
20001358:	458c      	cmp	ip, r1
2000135a:	d902      	bls.n	20001362 <__udivmoddi4+0x2b2>
2000135c:	f1b9 0f00 	cmp.w	r9, #0
20001360:	d030      	beq.n	200013c4 <__udivmoddi4+0x314>
20001362:	eba1 010c 	sub.w	r1, r1, ip
20001366:	fbb1 f8fe 	udiv	r8, r1, lr
2000136a:	fb08 fc07 	mul.w	ip, r8, r7
2000136e:	fb0e 1118 	mls	r1, lr, r8, r1
20001372:	b292      	uxth	r2, r2
20001374:	ea42 4201 	orr.w	r2, r2, r1, lsl #16
20001378:	4562      	cmp	r2, ip
2000137a:	d234      	bcs.n	200013e6 <__udivmoddi4+0x336>
2000137c:	18aa      	adds	r2, r5, r2
2000137e:	f108 31ff 	add.w	r1, r8, #4294967295	@ 0xffffffff
20001382:	bf2c      	ite	cs
20001384:	f04f 0901 	movcs.w	r9, #1
20001388:	f04f 0900 	movcc.w	r9, #0
2000138c:	4562      	cmp	r2, ip
2000138e:	d2be      	bcs.n	2000130e <__udivmoddi4+0x25e>
20001390:	f1b9 0f00 	cmp.w	r9, #0
20001394:	d1bb      	bne.n	2000130e <__udivmoddi4+0x25e>
20001396:	f1a8 0102 	sub.w	r1, r8, #2
2000139a:	442a      	add	r2, r5
2000139c:	e7b7      	b.n	2000130e <__udivmoddi4+0x25e>
2000139e:	1a84      	subs	r4, r0, r2
200013a0:	eb6c 0203 	sbc.w	r2, ip, r3
200013a4:	2001      	movs	r0, #1
200013a6:	4617      	mov	r7, r2
200013a8:	e6e7      	b.n	2000117a <__udivmoddi4+0xca>
200013aa:	442c      	add	r4, r5
200013ac:	3802      	subs	r0, #2
200013ae:	e72b      	b.n	20001208 <__udivmoddi4+0x158>
200013b0:	f1ac 0c02 	sub.w	ip, ip, #2
200013b4:	442a      	add	r2, r5
200013b6:	e70c      	b.n	200011d2 <__udivmoddi4+0x122>
200013b8:	3902      	subs	r1, #2
200013ba:	442a      	add	r2, r5
200013bc:	e6a5      	b.n	2000110a <__udivmoddi4+0x5a>
200013be:	442c      	add	r4, r5
200013c0:	3802      	subs	r0, #2
200013c2:	e6ba      	b.n	2000113a <__udivmoddi4+0x8a>
200013c4:	eba5 0c0c 	sub.w	ip, r5, ip
200013c8:	f1a8 0002 	sub.w	r0, r8, #2
200013cc:	4461      	add	r1, ip
200013ce:	fbb1 f8fe 	udiv	r8, r1, lr
200013d2:	fb08 fc07 	mul.w	ip, r8, r7
200013d6:	e7ca      	b.n	2000136e <__udivmoddi4+0x2be>
200013d8:	f1a8 0802 	sub.w	r8, r8, #2
200013dc:	443c      	add	r4, r7
200013de:	e744      	b.n	2000126a <__udivmoddi4+0x1ba>
200013e0:	3b02      	subs	r3, #2
200013e2:	443c      	add	r4, r7
200013e4:	e75e      	b.n	200012a4 <__udivmoddi4+0x1f4>
200013e6:	4641      	mov	r1, r8
200013e8:	e791      	b.n	2000130e <__udivmoddi4+0x25e>
200013ea:	eba1 010c 	sub.w	r1, r1, ip
200013ee:	4640      	mov	r0, r8
200013f0:	fbb1 f8fe 	udiv	r8, r1, lr
200013f4:	fb08 fc07 	mul.w	ip, r8, r7
200013f8:	e7b9      	b.n	2000136e <__udivmoddi4+0x2be>
200013fa:	bf00      	nop

200013fc <__aeabi_idiv0>:
200013fc:	4770      	bx	lr
200013fe:	bf00      	nop

20001400 <memcpy>:
20001400:	4684      	mov	ip, r0
20001402:	ea41 0300 	orr.w	r3, r1, r0
20001406:	f013 0303 	ands.w	r3, r3, #3
2000140a:	d149      	bne.n	200014a0 <memcpy+0xa0>
2000140c:	3a40      	subs	r2, #64	@ 0x40
2000140e:	d323      	bcc.n	20001458 <memcpy+0x58>
20001410:	680b      	ldr	r3, [r1, #0]
20001412:	6003      	str	r3, [r0, #0]
20001414:	684b      	ldr	r3, [r1, #4]
20001416:	6043      	str	r3, [r0, #4]
20001418:	688b      	ldr	r3, [r1, #8]
2000141a:	6083      	str	r3, [r0, #8]
2000141c:	68cb      	ldr	r3, [r1, #12]
2000141e:	60c3      	str	r3, [r0, #12]
20001420:	690b      	ldr	r3, [r1, #16]
20001422:	6103      	str	r3, [r0, #16]
20001424:	694b      	ldr	r3, [r1, #20]
20001426:	6143      	str	r3, [r0, #20]
20001428:	698b      	ldr	r3, [r1, #24]
2000142a:	6183      	str	r3, [r0, #24]
2000142c:	69cb      	ldr	r3, [r1, #28]
2000142e:	61c3      	str	r3, [r0, #28]
20001430:	6a0b      	ldr	r3, [r1, #32]
20001432:	6203      	str	r3, [r0, #32]
20001434:	6a4b      	ldr	r3, [r1, #36]	@ 0x24
20001436:	6243      	str	r3, [r0, #36]	@ 0x24
20001438:	6a8b      	ldr	r3, [r1, #40]	@ 0x28
2000143a:	6283      	str	r3, [r0, #40]	@ 0x28
2000143c:	6acb      	ldr	r3, [r1, #44]	@ 0x2c
2000143e:	62c3      	str	r3, [r0, #44]	@ 0x2c
20001440:	6b0b      	ldr	r3, [r1, #48]	@ 0x30
20001442:	6303      	str	r3, [r0, #48]	@ 0x30
20001444:	6b4b      	ldr	r3, [r1, #52]	@ 0x34
20001446:	6343      	str	r3, [r0, #52]	@ 0x34
20001448:	6b8b      	ldr	r3, [r1, #56]	@ 0x38
2000144a:	6383      	str	r3, [r0, #56]	@ 0x38
2000144c:	6bcb      	ldr	r3, [r1, #60]	@ 0x3c
2000144e:	63c3      	str	r3, [r0, #60]	@ 0x3c
20001450:	3040      	adds	r0, #64	@ 0x40
20001452:	3140      	adds	r1, #64	@ 0x40
20001454:	3a40      	subs	r2, #64	@ 0x40
20001456:	d2db      	bcs.n	20001410 <memcpy+0x10>
20001458:	3230      	adds	r2, #48	@ 0x30
2000145a:	d30b      	bcc.n	20001474 <memcpy+0x74>
2000145c:	680b      	ldr	r3, [r1, #0]
2000145e:	6003      	str	r3, [r0, #0]
20001460:	684b      	ldr	r3, [r1, #4]
20001462:	6043      	str	r3, [r0, #4]
20001464:	688b      	ldr	r3, [r1, #8]
20001466:	6083      	str	r3, [r0, #8]
20001468:	68cb      	ldr	r3, [r1, #12]
2000146a:	60c3      	str	r3, [r0, #12]
2000146c:	3010      	adds	r0, #16
2000146e:	3110      	adds	r1, #16
20001470:	3a10      	subs	r2, #16
20001472:	d2f3      	bcs.n	2000145c <memcpy+0x5c>
20001474:	320c      	adds	r2, #12
20001476:	d305      	bcc.n	20001484 <memcpy+0x84>
20001478:	f851 3b04 	ldr.w	r3, [r1], #4
2000147c:	f840 3b04 	str.w	r3, [r0], #4
20001480:	3a04      	subs	r2, #4
20001482:	d2f9      	bcs.n	20001478 <memcpy+0x78>
20001484:	3204      	adds	r2, #4
20001486:	d008      	beq.n	2000149a <memcpy+0x9a>
20001488:	07d2      	lsls	r2, r2, #31
2000148a:	bf1c      	itt	ne
2000148c:	f811 3b01 	ldrbne.w	r3, [r1], #1
20001490:	f800 3b01 	strbne.w	r3, [r0], #1
20001494:	d301      	bcc.n	2000149a <memcpy+0x9a>
20001496:	880b      	ldrh	r3, [r1, #0]
20001498:	8003      	strh	r3, [r0, #0]
2000149a:	4660      	mov	r0, ip
2000149c:	4770      	bx	lr
2000149e:	bf00      	nop
200014a0:	2a08      	cmp	r2, #8
200014a2:	d313      	bcc.n	200014cc <memcpy+0xcc>
200014a4:	078b      	lsls	r3, r1, #30
200014a6:	d0b1      	beq.n	2000140c <memcpy+0xc>
200014a8:	f010 0303 	ands.w	r3, r0, #3
200014ac:	d0ae      	beq.n	2000140c <memcpy+0xc>
200014ae:	f1c3 0304 	rsb	r3, r3, #4
200014b2:	1ad2      	subs	r2, r2, r3
200014b4:	07db      	lsls	r3, r3, #31
200014b6:	bf1c      	itt	ne
200014b8:	f811 3b01 	ldrbne.w	r3, [r1], #1
200014bc:	f800 3b01 	strbne.w	r3, [r0], #1
200014c0:	d3a4      	bcc.n	2000140c <memcpy+0xc>
200014c2:	f831 3b02 	ldrh.w	r3, [r1], #2
200014c6:	f820 3b02 	strh.w	r3, [r0], #2
200014ca:	e79f      	b.n	2000140c <memcpy+0xc>
200014cc:	3a04      	subs	r2, #4
200014ce:	d3d9      	bcc.n	20001484 <memcpy+0x84>
200014d0:	3a01      	subs	r2, #1
200014d2:	f811 3b01 	ldrb.w	r3, [r1], #1
200014d6:	f800 3b01 	strb.w	r3, [r0], #1
200014da:	d2f9      	bcs.n	200014d0 <memcpy+0xd0>
200014dc:	780b      	ldrb	r3, [r1, #0]
200014de:	7003      	strb	r3, [r0, #0]
200014e0:	784b      	ldrb	r3, [r1, #1]
200014e2:	7043      	strb	r3, [r0, #1]
200014e4:	788b      	ldrb	r3, [r1, #2]
200014e6:	7083      	strb	r3, [r0, #2]
200014e8:	4660      	mov	r0, ip
200014ea:	4770      	bx	lr

200014ec <memcmp>:
200014ec:	2a03      	cmp	r2, #3
200014ee:	b430      	push	{r4, r5}
200014f0:	d912      	bls.n	20001518 <memcmp+0x2c>
200014f2:	ea41 0400 	orr.w	r4, r1, r0
200014f6:	4684      	mov	ip, r0
200014f8:	460b      	mov	r3, r1
200014fa:	07a4      	lsls	r4, r4, #30
200014fc:	d121      	bne.n	20001542 <memcmp+0x56>
200014fe:	4619      	mov	r1, r3
20001500:	4660      	mov	r0, ip
20001502:	f853 4b04 	ldr.w	r4, [r3], #4
20001506:	f85c 5b04 	ldr.w	r5, [ip], #4
2000150a:	42a5      	cmp	r5, r4
2000150c:	d119      	bne.n	20001542 <memcmp+0x56>
2000150e:	3a04      	subs	r2, #4
20001510:	2a03      	cmp	r2, #3
20001512:	d8f4      	bhi.n	200014fe <memcmp+0x12>
20001514:	4660      	mov	r0, ip
20001516:	4619      	mov	r1, r3
20001518:	1e54      	subs	r4, r2, #1
2000151a:	b17a      	cbz	r2, 2000153c <memcmp+0x50>
2000151c:	1e43      	subs	r3, r0, #1
2000151e:	3901      	subs	r1, #1
20001520:	1902      	adds	r2, r0, r4
20001522:	e001      	b.n	20001528 <memcmp+0x3c>
20001524:	429a      	cmp	r2, r3
20001526:	d009      	beq.n	2000153c <memcmp+0x50>
20001528:	f813 0f01 	ldrb.w	r0, [r3, #1]!
2000152c:	f811 cf01 	ldrb.w	ip, [r1, #1]!
20001530:	4560      	cmp	r0, ip
20001532:	d0f7      	beq.n	20001524 <memcmp+0x38>
20001534:	eba0 000c 	sub.w	r0, r0, ip
20001538:	bc30      	pop	{r4, r5}
2000153a:	4770      	bx	lr
2000153c:	2000      	movs	r0, #0
2000153e:	bc30      	pop	{r4, r5}
20001540:	4770      	bx	lr
20001542:	1e54      	subs	r4, r2, #1
20001544:	e7ea      	b.n	2000151c <memcmp+0x30>
20001546:	bf00      	nop

20001548 <memset>:
20001548:	0783      	lsls	r3, r0, #30
2000154a:	b530      	push	{r4, r5, lr}
2000154c:	d046      	beq.n	200015dc <memset+0x94>
2000154e:	1884      	adds	r4, r0, r2
20001550:	4684      	mov	ip, r0
20001552:	e004      	b.n	2000155e <memset+0x16>
20001554:	f803 1b01 	strb.w	r1, [r3], #1
20001558:	079d      	lsls	r5, r3, #30
2000155a:	d004      	beq.n	20001566 <memset+0x1e>
2000155c:	469c      	mov	ip, r3
2000155e:	45a4      	cmp	ip, r4
20001560:	4663      	mov	r3, ip
20001562:	d1f7      	bne.n	20001554 <memset+0xc>
20001564:	bd30      	pop	{r4, r5, pc}
20001566:	3a01      	subs	r2, #1
20001568:	4402      	add	r2, r0
2000156a:	eba2 020c 	sub.w	r2, r2, ip
2000156e:	2a03      	cmp	r2, #3
20001570:	d929      	bls.n	200015c6 <memset+0x7e>
20001572:	b2cc      	uxtb	r4, r1
20001574:	2a0f      	cmp	r2, #15
20001576:	eb04 2404 	add.w	r4, r4, r4, lsl #8
2000157a:	eb04 4404 	add.w	r4, r4, r4, lsl #16
2000157e:	d92f      	bls.n	200015e0 <memset+0x98>
20001580:	f1a2 0c10 	sub.w	ip, r2, #16
20001584:	f103 0510 	add.w	r5, r3, #16
20001588:	f02c 0c0f 	bic.w	ip, ip, #15
2000158c:	44ac      	add	ip, r5
2000158e:	e9c3 4400 	strd	r4, r4, [r3]
20001592:	e9c3 4402 	strd	r4, r4, [r3, #8]
20001596:	3310      	adds	r3, #16
20001598:	4563      	cmp	r3, ip
2000159a:	d1f8      	bne.n	2000158e <memset+0x46>
2000159c:	f012 0f0c 	tst.w	r2, #12
200015a0:	f002 0e0f 	and.w	lr, r2, #15
200015a4:	d018      	beq.n	200015d8 <memset+0x90>
200015a6:	f02e 0c03 	bic.w	ip, lr, #3
200015aa:	f1ae 0504 	sub.w	r5, lr, #4
200015ae:	461a      	mov	r2, r3
200015b0:	449c      	add	ip, r3
200015b2:	f842 4b04 	str.w	r4, [r2], #4
200015b6:	4562      	cmp	r2, ip
200015b8:	d1fb      	bne.n	200015b2 <memset+0x6a>
200015ba:	f025 0403 	bic.w	r4, r5, #3
200015be:	3304      	adds	r3, #4
200015c0:	f00e 0203 	and.w	r2, lr, #3
200015c4:	4423      	add	r3, r4
200015c6:	2a00      	cmp	r2, #0
200015c8:	d0cc      	beq.n	20001564 <memset+0x1c>
200015ca:	b2c9      	uxtb	r1, r1
200015cc:	441a      	add	r2, r3
200015ce:	f803 1b01 	strb.w	r1, [r3], #1
200015d2:	4293      	cmp	r3, r2
200015d4:	d1fb      	bne.n	200015ce <memset+0x86>
200015d6:	bd30      	pop	{r4, r5, pc}
200015d8:	4672      	mov	r2, lr
200015da:	e7f4      	b.n	200015c6 <memset+0x7e>
200015dc:	4603      	mov	r3, r0
200015de:	e7c6      	b.n	2000156e <memset+0x26>
200015e0:	4696      	mov	lr, r2
200015e2:	e7e0      	b.n	200015a6 <memset+0x5e>
200015e4:	0000      	movs	r0, r0
	...

200015e8 <__time_us_64_veneer>:
200015e8:	f85f f000 	ldr.w	pc, [pc]	@ 200015ec <__time_us_64_veneer+0x4>
200015ec:	10001a89 	.word	0x10001a89

200015f0 <__hard_assertion_failure_veneer>:
200015f0:	f85f f000 	ldr.w	pc, [pc]	@ 200015f4 <__hard_assertion_failure_veneer+0x4>
200015f4:	10001dbd 	.word	0x10001dbd

200015f8 <__tud_event_hook_cb_veneer>:
200015f8:	f85f f000 	ldr.w	pc, [pc]	@ 200015fc <__tud_event_hook_cb_veneer+0x4>
200015fc:	10004881 	.word	0x10004881

20001600 <__panic_veneer>:
20001600:	f85f f000 	ldr.w	pc, [pc]	@ 20001604 <__panic_veneer+0x4>
20001604:	10000c2d 	.word	0x10000c2d

20001608 <__best_effort_wfe_or_timeout_veneer>:
20001608:	f85f f000 	ldr.w	pc, [pc]	@ 2000160c <__best_effort_wfe_or_timeout_veneer+0x4>
2000160c:	1000196d 	.word	0x1000196d

20001610 <__tu_fifo_write_veneer>:
20001610:	f85f f000 	ldr.w	pc, [pc]	@ 20001614 <__tu_fifo_write_veneer+0x4>
20001614:	10005e21 	.word	0x10005e21

20001618 <striped_spin_lock_num>:
20001618:	00000010                                ....

2000161c <irq_handler_chain_slots>:
2000161c:	00000000 	.word	0x00000000
20001620:	00010000 	.word	0x00010000
	...
2000162c:	00020000 	.word	0x00020000
	...
20001638:	00030000 	.word	0x00030000
	...
20001644:	00040000 	.word	0x00040000
	...
20001650:	00050000 	.word	0x00050000
	...
2000165c:	00ff0000 	.word	0x00ff0000
20001660:	00000000 	.word	0x00000000

20001664 <irq_handler_chain_first_slot>:
20001664:	b501      	push	{r0, lr}
20001666:	6848      	ldr	r0, [r1, #4]
20001668:	3101      	adds	r1, #1
2000166a:	468e      	mov	lr, r1
2000166c:	4700      	bx	r0

2000166e <irq_handler_chain_remove_tail>:
2000166e:	4670      	mov	r0, lr
20001670:	3809      	subs	r0, #9
20001672:	4901      	ldr	r1, [pc, #4]	@ (20001678 <irq_handler_chain_remove_tail+0xa>)
20001674:	4788      	blx	r1
20001676:	bd01      	pop	{r0, pc}
20001678:	10001071 	.word	0x10001071
2000167c:	00000000 	.word	0x00000000

20001680 <last_added.0>:
20001680:	ffffffff 7fffffff                       ........

20001688 <default_alarm_pool>:
	...
2000169c:	20001c78                                x.. 

200016a0 <stdio_usb>:
200016a0:	10003f55 10003f01 10003e79 10003de9     U?...?..y>...=..
200016b0:	00000000 00000100                       ........

200016b8 <_usbd_qdef>:
200016b8:	20002218 000c0010 00000000 00000000     .". ............
	...

200016d4 <_usbd_rhport>:
200016d4:	000000ff                                ....

200016d8 <i2c1_inst>:
200016d8:	40098000 00000000                       ...@....

200016e0 <i2c0_inst>:
200016e0:	40090000 00000000                       ...@....

200016e8 <FS_BASE>:
200016e8:	003c0000                                ..<.

200016ec <pico_cfg>:
200016ec:	00000000 1000c46d 1000c43d 1000c411     ....m...=.......
200016fc:	00000001 00000100 00001000 00000040     ............@...
2000170c:	000001f4 00000400 00000020 00000000     ........ .......
	...

20001738 <__malloc_av_>:
	...
20001740:	20001738 20001738 20001740 20001740     8.. 8.. @.. @.. 
20001750:	20001748 20001748 20001750 20001750     H.. H.. P.. P.. 
20001760:	20001758 20001758 20001760 20001760     X.. X.. `.. `.. 
20001770:	20001768 20001768 20001770 20001770     h.. h.. p.. p.. 
20001780:	20001778 20001778 20001780 20001780     x.. x.. ... ... 
20001790:	20001788 20001788 20001790 20001790     ... ... ... ... 
200017a0:	20001798 20001798 200017a0 200017a0     ... ... ... ... 
200017b0:	200017a8 200017a8 200017b0 200017b0     ... ... ... ... 
200017c0:	200017b8 200017b8 200017c0 200017c0     ... ... ... ... 
200017d0:	200017c8 200017c8 200017d0 200017d0     ... ... ... ... 
200017e0:	200017d8 200017d8 200017e0 200017e0     ... ... ... ... 
200017f0:	200017e8 200017e8 200017f0 200017f0     ... ... ... ... 
20001800:	200017f8 200017f8 20001800 20001800     ... ... ... ... 
20001810:	20001808 20001808 20001810 20001810     ... ... ... ... 
20001820:	20001818 20001818 20001820 20001820     ... ...  ..  .. 
20001830:	20001828 20001828 20001830 20001830     (.. (.. 0.. 0.. 
20001840:	20001838 20001838 20001840 20001840     8.. 8.. @.. @.. 
20001850:	20001848 20001848 20001850 20001850     H.. H.. P.. P.. 
20001860:	20001858 20001858 20001860 20001860     X.. X.. `.. `.. 
20001870:	20001868 20001868 20001870 20001870     h.. h.. p.. p.. 
20001880:	20001878 20001878 20001880 20001880     x.. x.. ... ... 
20001890:	20001888 20001888 20001890 20001890     ... ... ... ... 
200018a0:	20001898 20001898 200018a0 200018a0     ... ... ... ... 
200018b0:	200018a8 200018a8 200018b0 200018b0     ... ... ... ... 
200018c0:	200018b8 200018b8 200018c0 200018c0     ... ... ... ... 
200018d0:	200018c8 200018c8 200018d0 200018d0     ... ... ... ... 
200018e0:	200018d8 200018d8 200018e0 200018e0     ... ... ... ... 
200018f0:	200018e8 200018e8 200018f0 200018f0     ... ... ... ... 
20001900:	200018f8 200018f8 20001900 20001900     ... ... ... ... 
20001910:	20001908 20001908 20001910 20001910     ... ... ... ... 
20001920:	20001918 20001918 20001920 20001920     ... ...  ..  .. 
20001930:	20001928 20001928 20001930 20001930     (.. (.. 0.. 0.. 
20001940:	20001938 20001938 20001940 20001940     8.. 8.. @.. @.. 
20001950:	20001948 20001948 20001950 20001950     H.. H.. P.. P.. 
20001960:	20001958 20001958 20001960 20001960     X.. X.. `.. `.. 
20001970:	20001968 20001968 20001970 20001970     h.. h.. p.. p.. 
20001980:	20001978 20001978 20001980 20001980     x.. x.. ... ... 
20001990:	20001988 20001988 20001990 20001990     ... ... ... ... 
200019a0:	20001998 20001998 200019a0 200019a0     ... ... ... ... 
200019b0:	200019a8 200019a8 200019b0 200019b0     ... ... ... ... 
200019c0:	200019b8 200019b8 200019c0 200019c0     ... ... ... ... 
200019d0:	200019c8 200019c8 200019d0 200019d0     ... ... ... ... 
200019e0:	200019d8 200019d8 200019e0 200019e0     ... ... ... ... 
200019f0:	200019e8 200019e8 200019f0 200019f0     ... ... ... ... 
20001a00:	200019f8 200019f8 20001a00 20001a00     ... ... ... ... 
20001a10:	20001a08 20001a08 20001a10 20001a10     ... ... ... ... 
20001a20:	20001a18 20001a18 20001a20 20001a20     ... ...  ..  .. 
20001a30:	20001a28 20001a28 20001a30 20001a30     (.. (.. 0.. 0.. 
20001a40:	20001a38 20001a38 20001a40 20001a40     8.. 8.. @.. @.. 
20001a50:	20001a48 20001a48 20001a50 20001a50     H.. H.. P.. P.. 
20001a60:	20001a58 20001a58 20001a60 20001a60     X.. X.. `.. `.. 
20001a70:	20001a68 20001a68 20001a70 20001a70     h.. h.. p.. p.. 
20001a80:	20001a78 20001a78 20001a80 20001a80     x.. x.. ... ... 
20001a90:	20001a88 20001a88 20001a90 20001a90     ... ... ... ... 
20001aa0:	20001a98 20001a98 20001aa0 20001aa0     ... ... ... ... 
20001ab0:	20001aa8 20001aa8 20001ab0 20001ab0     ... ... ... ... 
20001ac0:	20001ab8 20001ab8 20001ac0 20001ac0     ... ... ... ... 
20001ad0:	20001ac8 20001ac8 20001ad0 20001ad0     ... ... ... ... 
20001ae0:	20001ad8 20001ad8 20001ae0 20001ae0     ... ... ... ... 
20001af0:	20001ae8 20001ae8 20001af0 20001af0     ... ... ... ... 
20001b00:	20001af8 20001af8 20001b00 20001b00     ... ... ... ... 
20001b10:	20001b08 20001b08 20001b10 20001b10     ... ... ... ... 
20001b20:	20001b18 20001b18 20001b20 20001b20     ... ...  ..  .. 
20001b30:	20001b28 20001b28 20001b30 20001b30     (.. (.. 0.. 0.. 

20001b40 <__malloc_sbrk_base>:
20001b40:	ffffffff                                ....

20001b44 <__malloc_trim_threshold>:
20001b44:	00020000                                ....

20001b48 <_impure_ptr>:
20001b48:	20001b50 00000000                       P.. ....

20001b50 <_impure_data>:
20001b50:	00000000 20001eb0 20001f18 20001f80     ....... ... ... 
	...
20001be8:	00000001 00000000 abcd330e e66d1234     .........3..4.m.
20001bf8:	0005deec 0000000b 00000000 00000000     ................
	...

20001c70 <print_mutex>:
	...
